city,date,Target,co,no,no2,o3,so2,pm2_5,pm10,nh3
Ahmedabad,30-11-2020,5,520.71,2.38,16.28,130.18,47.68,65.96,72.13,8.36
Ahmedabad,01-12-2020,5,1682.28,7.71,54.84,0.73,21.7,120.95,154.53,27.36
Ahmedabad,02-12-2020,5,1815.8,16.54,49.35,0.17,23.84,133.47,172.63,28.12
Ahmedabad,03-12-2020,5,2296.45,41.57,40.1,0,35.76,150.37,202.15,36.48
Ahmedabad,04-12-2020,5,2189.64,23.92,58.95,0.02,28.13,160.79,205.8,40.53
Ahmedabad,05-12-2020,5,3845.22,57.22,137.09,0,110.63,249.51,322.46,178.34
Ahmedabad,06-12-2020,5,2883.91,27.94,98.71,0.02,84.88,232.03,281.96,96.26
Ahmedabad,07-12-2020,5,1628.88,19.89,40.1,0.02,21.22,106.27,143.12,31.67
Ahmedabad,08-12-2020,5,1735.69,9.28,59.63,0.59,25.99,122.37,163.42,43.06
Ahmedabad,09-12-2020,5,2857.21,34.87,69.92,0,46.25,213.63,276.18,58.77
Ahmedabad,10-12-2020,5,1762.39,6.48,67.17,1.54,28.61,145.72,184.11,38
Ahmedabad,11-12-2020,5,540.73,0,16.79,91.55,21.46,84.27,89.55,3.17
Ahmedabad,12-12-2020,5,1695.63,11.96,40.44,0.2,19.31,129.55,154,9.63
Ahmedabad,13-12-2020,5,3845.22,84.04,54.15,0,53.88,294.44,372,61.81
Ahmedabad,14-12-2020,5,1388.55,2.68,61.01,8.76,16.69,103.12,121.52,19.25
Ahmedabad,15-12-2020,5,2323.15,39.79,46.61,0,22.89,154.42,203.12,24.07
Ahmedabad,16-12-2020,5,807.76,0,28.79,53.64,18.84,82.19,92.38,14.31
Ahmedabad,17-12-2020,5,640.87,0,14.74,72.96,14.19,75.38,85.11,12.16
Ahmedabad,18-12-2020,5,727.65,0,17.82,66.52,14.42,86.72,99.66,14.31
Ahmedabad,19-12-2020,5,654.22,0,14.74,76.53,13.47,79.28,89.38,12.41
Ahmedabad,20-12-2020,4,520.71,0,14.05,59.37,10.49,39.45,47.61,12.29
Ahmedabad,21-12-2020,5,620.84,0,17.31,42.56,10.73,55.16,65.83,13.81
Ahmedabad,22-12-2020,5,961.3,0.41,30.5,13.95,15.14,77.91,96.79,18.75
Ahmedabad,23-12-2020,5,1522.06,16.54,35.64,0.12,17.41,117.6,148.87,23.81
Ahmedabad,24-12-2020,5,2510.07,46.49,45.93,0,23.84,167.85,223.14,37.49
Ahmedabad,25-12-2020,5,1148.22,3.13,38.73,4.78,14.42,108.53,133.88,20.01
Ahmedabad,26-12-2020,5,854.49,0.03,24.68,26.46,14.42,94.91,111.12,16.21
Ahmedabad,27-12-2020,5,3070.83,43.36,127.49,0,82.02,239.23,296.21,143.89
Ahmedabad,28-12-2020,5,574.11,0,21.76,71.53,19.31,68.91,139.67,11.78
Ahmedabad,29-12-2020,5,1041.41,3.13,38.39,4.07,16.93,62.63,101.28,21.53
Ahmedabad,30-12-2020,4,607.49,0,13.88,97.28,17.88,49.41,58.4,11.53
Ahmedabad,31-12-2020,5,527.38,0,11.31,105.86,17.64,56.5,66.35,10.01
Ahmedabad,01-01-2021,5,774.38,0,18.85,57.94,14.42,106.42,121.51,14.95
Ahmedabad,02-01-2021,5,767.71,0,20.05,70.81,16.21,115.08,125.53,13.93
Ahmedabad,03-01-2021,5,667.57,0,16.79,85.12,15.74,94.08,106.82,12.03
Ahmedabad,04-01-2021,5,1081.47,0,22.62,55.08,13.71,192.22,209.49,14.57
Ahmedabad,05-01-2021,5,907.9,0,15.59,89.41,14.9,175.22,188.13,11.27
Ahmedabad,06-01-2021,5,921.25,0,21.08,69.38,14.9,137.8,149.89,12.54
Ahmedabad,07-01-2021,5,1094.82,0.64,39.76,18.42,14.78,79.58,97.67,17.23
Ahmedabad,08-01-2021,5,1388.55,1.43,45.24,6.53,15.74,106.43,130.2,9.37
Ahmedabad,09-01-2021,5,781.06,0,20.22,77.25,16.21,78.96,86.3,11.78
Ahmedabad,10-01-2021,5,934.6,0.29,22.28,13.05,9.42,96.97,113.29,7.54
Ahmedabad,11-01-2021,5,1041.41,0.06,30.5,20.92,12.4,104,116.47,13.17
Ahmedabad,12-01-2021,5,1575.47,10.17,42.5,0.24,16.93,146.97,176.57,19.76
Ahmedabad,13-01-2021,5,847.82,0,20.39,45.78,11.8,81.59,94.46,10.89
Ahmedabad,14-01-2021,4,720.98,0,22.62,41.84,13.95,43.46,56.14,15.07
Ahmedabad,15-01-2021,5,787.74,0.02,25.02,33.26,14.07,52.78,67.53,17.48
Ahmedabad,16-01-2021,5,4806.52,101.03,50.04,0,43.87,358.79,417.06,37.49
Ahmedabad,17-01-2021,5,3284.45,43.36,71.29,0,81.06,270.12,309.3,87.14
Ahmedabad,18-01-2021,5,2349.85,31.29,42.16,0,28.85,235.98,266.38,28.63
Ahmedabad,19-01-2021,5,2243.04,33.08,49.35,0,30.52,163.96,194.51,28.63
Ahmedabad,20-01-2021,5,1295.09,1.06,46.61,12.7,19.79,137.93,154.6,20.77
Ahmedabad,21-01-2021,5,5607.61,98.35,67.17,0,39.58,501.41,559.03,44.58
Ahmedabad,22-01-2021,5,2403.26,23.92,52.09,0.03,27.9,244.17,284.97,35.97
Ahmedabad,23-01-2021,5,6942.75,157.36,66.49,0,64.85,622.81,676.86,40.03
Ahmedabad,24-01-2021,5,747.68,0,28.79,40.77,16.93,88.43,180.04,14.95
Ahmedabad,25-01-2021,5,1441.96,2.85,38.04,5.1,14.31,208.68,294.44,22.8
Ahmedabad,26-01-2021,5,947.95,0,26.05,40.77,16.45,94.93,116.25,18.75
Ahmedabad,27-01-2021,4,587.46,0,15.25,80.11,14.19,43.32,52.99,13.05
Ahmedabad,28-01-2021,5,560.76,0,14.4,69.38,16.93,63.5,69.82,12.29
Ahmedabad,29-01-2021,5,947.95,0.26,32.56,16.99,16.69,73.87,95.71,20.27
Ahmedabad,30-01-2021,5,654.22,0,16.97,75.1,15.5,68.13,79.23,12.92
Ahmedabad,31-01-2021,5,727.65,0,18.17,56.51,13.47,72.04,82.69,14.31
Ahmedabad,01-02-2021,5,627.52,0,17.65,44.35,11.09,50.74,60.58,14.44
Ahmedabad,02-02-2021,5,988.01,0.01,27.76,34.33,15.74,80.34,98.41,19.76
Ahmedabad,03-02-2021,5,4058.84,75.1,83.63,0,71.53,307.74,398.93,73.97
Ahmedabad,04-02-2021,5,1922.61,15.87,67.17,0.21,44.82,130.47,165.91,32.42
Ahmedabad,05-02-2021,5,700.95,0,26.05,72.96,23.84,73.43,99.2,14.31
Ahmedabad,06-02-2021,5,988.01,0,28.45,47.92,19.31,103.86,132.49,19
Ahmedabad,07-02-2021,5,547.41,0,10.88,101.57,12.52,54.39,64.46,10.51
Ahmedabad,08-02-2021,5,660.9,0,17.14,72.24,14.9,54.15,65.48,15.2
Ahmedabad,09-02-2021,5,1268.39,0.47,38.39,13.59,23.13,102.51,125.59,22.55
Ahmedabad,10-02-2021,5,2990.72,49.62,42.84,0,39.1,220.16,270.9,39.01
Ahmedabad,11-02-2021,5,3685,68.84,62.38,0,77.25,246.55,305.64,58.77
Ahmedabad,12-02-2021,5,1468.66,0.55,43.53,12.88,24.56,137.96,164.71,21.03
Ahmedabad,13-02-2021,5,2002.72,21.68,45.93,0.02,28.61,183.93,221.95,29.39
Ahmedabad,14-02-2021,5,3257.75,48.73,61.01,0,60.08,250.17,298.21,48.13
Ahmedabad,15-02-2021,5,1735.69,8.83,60.32,1.61,36.72,120.04,150.86,34.45
Ahmedabad,16-02-2021,5,1268.39,7.38,43.18,0.78,24.8,83.25,106.08,22.29
Ahmedabad,17-02-2021,5,2082.82,34.87,52.09,0,37.19,131.73,167.22,32.93
Ahmedabad,18-02-2021,5,2803.8,39.79,52.78,0,50.55,210.15,263.38,46.61
Ahmedabad,19-02-2021,5,1108.17,0.01,32.9,34.33,20.5,88.39,107.45,19
Ahmedabad,20-02-2021,5,841.14,0,23.65,50.78,19.07,83.82,99.8,16.09
Ahmedabad,21-02-2021,5,1401.9,0.62,39.41,10.46,26.46,118.52,142.03,24.57
Ahmedabad,22-02-2021,5,1054.76,0.05,29.47,24.32,21.94,101.01,117.72,18.49
Ahmedabad,23-02-2021,5,3685,61.69,64.43,0,89.65,276.32,331.34,76
Ahmedabad,24-02-2021,5,2082.82,19.22,58.26,0.03,45.78,149.35,177.03,30.4
Ahmedabad,25-02-2021,5,1895.9,13.75,62.38,2.55,43.39,116.1,139.68,39.52
Ahmedabad,26-02-2021,5,1869.2,24.36,40.1,0.03,35.29,97.24,123.38,23.05
Ahmedabad,27-02-2021,5,540.73,0,17.82,65.8,13.95,59.19,92.73,7.66
Ahmedabad,28-02-2021,4,527.38,0,14.74,46.49,11.21,33.71,48,9.63
Ahmedabad,01-03-2021,5,1081.47,0.71,41.81,8.32,23.84,75.66,139.51,19.76
Ahmedabad,02-03-2021,4,587.46,0,20.05,56.51,16.45,31.76,48.85,12.79
Ahmedabad,03-03-2021,4,640.87,0,25.36,65.09,17.88,28.49,40.61,13.55
Ahmedabad,04-03-2021,4,841.14,0,32.22,41.13,23.6,44.32,60.06,16.72
Ahmedabad,05-03-2021,5,1789.09,21.01,56.21,0.02,39.58,115.94,210.72,30.65
Ahmedabad,06-03-2021,5,2029.42,19.89,54.15,0,38.15,120.93,221.08,25.59
Ahmedabad,07-03-2021,5,1001.36,2.1,37.36,10.01,19.79,70.56,136.7,16.97
Ahmedabad,08-03-2021,5,647.54,0.01,20.74,30.4,12.99,55.85,104.59,12.79
Ahmedabad,09-03-2021,5,1268.39,7.1,36.67,3.58,26.7,79.86,124,17.48
Ahmedabad,10-03-2021,4,754.36,0.02,32.22,30.4,20.03,45.22,90.79,12.54
Ahmedabad,11-03-2021,5,1789.09,20.34,53.47,0.01,42.44,91.26,135.72,31.41
Ahmedabad,12-03-2021,4,500.68,0,15.08,60.08,14.07,43.47,69.07,9.63
Ahmedabad,13-03-2021,5,727.65,0,32.22,37.91,21.7,79.27,186.15,13.81
Ahmedabad,14-03-2021,5,3204.35,47.83,97.33,0,100.14,199.62,291.91,103.35
Ahmedabad,15-03-2021,4,594.14,0,22.96,55.79,14.78,48.7,72.98,12.16
Ahmedabad,16-03-2021,5,921.25,0.05,37.7,25.75,24.56,83.77,142.59,16.97
Ahmedabad,17-03-2021,5,654.22,0,24.33,43.27,18.84,70.44,132.68,14.06
Ahmedabad,18-03-2021,5,520.71,0,19.19,52.93,15.5,50.2,93.32,11.02
Ahmedabad,19-03-2021,5,1295.09,6.04,45.24,0.66,31.95,79.22,126.95,20.77
Ahmedabad,20-03-2021,5,1682.28,18.33,43.87,0.04,35.29,114.48,217.52,24.07
Ahmedabad,21-03-2021,5,2536.77,35.76,52.09,0,59.61,180.69,265.41,47.12
Ahmedabad,22-03-2021,5,801.09,0,28.79,39.34,18.12,69.17,109.39,14.31
Ahmedabad,23-03-2021,5,1869.2,23.47,38.39,0.01,42.44,124.21,178.2,23.56
Ahmedabad,24-03-2021,5,2243.04,36.66,39.76,0,53.41,140.04,204.78,29.13
Ahmedabad,25-03-2021,4,417.23,0,16.45,73.67,15.97,26.99,56.35,9.63
Ahmedabad,26-03-2021,4,867.84,0.33,35.64,23.25,23.6,46.69,88.18,18.75
Ahmedabad,27-03-2021,5,1602.17,2.49,71.29,3.62,37.67,84.08,129.21,22.04
Ahmedabad,28-03-2021,5,1228.33,0.12,43.18,15.38,32.42,82.43,128.21,21.28
Ahmedabad,29-03-2021,4,447.27,0,11.31,86.55,12.64,49.67,94.91,7.85
Ahmedabad,30-03-2021,5,453.95,0,13.02,77.96,13.11,51.54,84.63,8.04
Ahmedabad,31-03-2021,4,494,0,17.14,38.62,12.28,46.16,94.68,10.13
Ahmedabad,01-04-2021,5,988.01,0.23,33.24,15.38,17.41,98.45,231.17,14.82
Ahmedabad,02-04-2021,5,1094.82,0.02,37.01,25.75,27.42,58.37,93.45,18.24
Ahmedabad,03-04-2021,5,660.9,0.01,24.33,35.76,14.42,74.87,128.05,12.16
Ahmedabad,04-04-2021,5,407.22,0,11.31,50.07,9.18,54.69,92.85,8.23
Ahmedabad,05-04-2021,5,407.22,0,11.65,55.08,10.01,51.19,88.68,7.16
Ahmedabad,06-04-2021,5,520.71,0,15.08,58.65,13.95,50.43,84.96,9.5
Ahmedabad,07-04-2021,5,407.22,0,10.2,67.23,10.97,59.96,124.65,5.57
Ahmedabad,08-04-2021,5,961.3,0.03,33.59,23.6,25.27,73.38,145.26,15.96
Ahmedabad,09-04-2021,5,1201.63,1.17,41.81,7.42,28.37,69.59,115.67,20.27
Ahmedabad,10-04-2021,4,821.11,0,28.79,45.78,23.6,45.29,74.04,15.71
Ahmedabad,11-04-2021,5,1348.5,3.58,40.44,2.06,32.42,76.82,108.67,22.04
Ahmedabad,12-04-2021,4,527.38,0,14.91,54.36,12.76,32.09,53.13,11.15
Ahmedabad,13-04-2021,4,540.73,0,15.25,79.39,14.42,36.26,60.32,8.87
Ahmedabad,14-04-2021,4,627.52,0,22.62,49.35,18.6,28.21,42.82,13.55
Ahmedabad,15-04-2021,5,1134.87,0.07,35.99,19.67,31.47,65.28,84.02,18.24
Ahmedabad,16-04-2021,4,447.27,0,13.02,70.1,14.07,35.44,58.45,6.78
Ahmedabad,17-04-2021,4,377.18,0,8.14,61.51,9.3,37.64,80.04,4.31
Ahmedabad,18-04-2021,5,1148.22,5.03,35.99,1.59,26.7,69.27,121.21,18.24
Ahmedabad,19-04-2021,4,514.03,0,15.77,52.21,13.23,41.94,80.05,10.77
Ahmedabad,20-04-2021,4,594.14,0,20.39,40.05,15.97,47.88,94.11,10.51
Ahmedabad,21-04-2021,5,1041.41,2.18,35.64,5.19,24.8,63.84,113.11,18.24
Ahmedabad,22-04-2021,5,2109.53,28.61,40.1,0.01,50.55,119.25,209.22,27.61
Ahmedabad,23-04-2021,5,527.38,0,17.48,58.65,14.78,53.41,153.04,8.99
Ahmedabad,24-04-2021,4,393.87,0,11.65,66.52,11.56,39.55,97.89,6.84
Ahmedabad,25-04-2021,5,2536.77,41.13,45.24,0,50.55,160.07,343.14,32.93
Ahmedabad,26-04-2021,5,1628.88,0.98,54.84,16.27,40.05,108.97,182.82,18.75
Ahmedabad,27-04-2021,5,520.71,0,14.05,67.23,14.54,55.23,104.72,9.25
Ahmedabad,28-04-2021,5,674.25,0,20.56,39.34,17.88,55.56,95.79,12.54
Ahmedabad,29-04-2021,5,500.68,0,12.51,74.39,13.47,52.71,78.38,7.66
Ahmedabad,30-04-2021,5,627.52,0,17.65,60.8,18.6,53.29,77.27,10.51
Ahmedabad,01-05-2021,4,494,0,14.57,67.95,14.42,47.97,68.5,8.11
Ahmedabad,02-05-2021,5,594.14,0,17.65,68.67,26.23,52.19,71.19,9.63
Ahmedabad,03-05-2021,5,907.9,0,31.53,48.64,23.13,66.89,98.83,15.07
Ahmedabad,04-05-2021,4,337.12,0,7.97,62.94,9.3,26.23,40.75,4.37
Ahmedabad,05-05-2021,4,527.38,0,16.28,45.06,14.42,41.63,68.42,10.26
Ahmedabad,06-05-2021,4,540.73,0,16.79,37.55,14.42,34.98,68.91,8.99
Ahmedabad,07-05-2021,4,547.41,0,17.14,49.35,14.78,42.98,76.89,10.01
Ahmedabad,08-05-2021,4,614.17,0,22.96,43.99,14.42,35.09,69.83,10.01
Ahmedabad,09-05-2021,4,423.91,0,9.25,60.08,9.18,32.67,79.66,5.83
Ahmedabad,10-05-2021,4,440.6,0,10.71,45.78,9.89,27.55,61.14,7.73
Ahmedabad,11-05-2021,4,380.52,0,9.77,51.5,10.97,26.09,59.8,5.51
Ahmedabad,12-05-2021,4,380.52,0,10.37,50.78,10.37,37.48,79.84,5.32
Ahmedabad,13-05-2021,4,370.5,0,10.63,43.99,10.73,33.58,87.44,5.57
Ahmedabad,14-05-2021,4,413.9,0.01,16.97,27.18,19.31,33.1,79.83,6.4
Ahmedabad,15-05-2021,4,520.71,0,16.28,44.35,14.66,34.11,80.22,9.75
Ahmedabad,16-05-2021,5,620.84,0,22.28,31.47,18.12,42.81,119.9,12.41
Ahmedabad,17-05-2021,2,373.84,0,7.45,50.78,12.28,17.26,23.72,7.79
Ahmedabad,18-05-2021,1,377.18,0,6.94,60.8,8.58,9.44,10.29,1.87
Ahmedabad,19-05-2021,2,383.85,0,4.11,61.51,3.01,15.12,15.39,0.67
Ahmedabad,20-05-2021,4,507.36,0,13.2,53.64,10.13,27.03,44.68,8.87
Ahmedabad,21-05-2021,5,487.33,0.01,15.77,30.4,13.23,60.17,130.39,3.36
Ahmedabad,22-05-2021,5,367.17,0,14.05,41.13,16.93,49.5,112.6,2.66
Ahmedabad,23-05-2021,5,340.46,0,11.48,44.7,15.5,47.64,111.29,2.63
Ahmedabad,24-05-2021,4,387.19,0,11.82,30.4,12.99,28.42,66.47,2.95
Ahmedabad,25-05-2021,4,473.98,0,13.02,57.22,10.37,29.58,60.32,4.43
Ahmedabad,26-05-2021,4,390.53,0,11.48,51.5,10.01,28.57,70.08,5.51
Ahmedabad,27-05-2021,4,353.81,0.01,19.54,29.33,24.8,25.08,64.38,3.39
Ahmedabad,28-05-2021,4,360.49,0.07,18.85,17.88,22.89,21.66,67.56,4.24
Ahmedabad,29-05-2021,4,313.76,0.02,16.11,22.89,22.41,21.7,70.18,3.96
Ahmedabad,30-05-2021,4,307.08,0.01,13.37,23.96,16.45,18.87,56.27,4.12
Ahmedabad,31-05-2021,4,317.1,0,9.43,43.63,9.66,25.7,86.79,5.07
Ahmedabad,01-06-2021,4,383.85,0,13.54,51.5,13.23,32.91,95.29,6.59
Ahmedabad,02-06-2021,4,283.72,0,11.31,39.7,13.35,21.51,72.49,3.55
Ahmedabad,03-06-2021,4,297.07,0,13.54,36.12,17.88,19.43,55.11,4.12
Ahmedabad,04-06-2021,4,313.76,0,13.88,33.26,16.21,19,52.39,4.5
Ahmedabad,05-06-2021,3,287.06,0.03,14.05,22.53,16.69,14.3,38.8,3.58
Ahmedabad,06-06-2021,3,253.68,0.01,13.02,28.61,19.31,18.09,42.06,2.25
Ahmedabad,07-06-2021,2,297.07,0.01,13.37,27.54,16.45,14.97,27.12,4.12
Ahmedabad,08-06-2021,2,333.79,0,15.59,32.9,18.12,11.72,18.8,4.75
Ahmedabad,09-06-2021,2,263.69,0,8.4,43.27,11.68,11.64,24.33,2.66
Ahmedabad,10-06-2021,2,280.38,0.01,9.43,29.33,12.28,15.67,25.12,3.07
Ahmedabad,11-06-2021,1,257.02,0.02,6.94,23.6,7.45,8.04,10.9,2.53
Ahmedabad,12-06-2021,2,277.04,0.01,10.11,27.18,9.78,11.49,17.3,3.01
Ahmedabad,13-06-2021,3,243.66,0,5.36,31.47,7.15,16.22,37.13,1.9
Ahmedabad,14-06-2021,3,313.76,0,9.68,32.54,11.33,22.35,48.15,4.05
Ahmedabad,15-06-2021,4,353.81,0,12.85,33.62,13.23,25.48,63.02,5.32
Ahmedabad,16-06-2021,3,283.72,0,10.97,32.9,12.52,20.3,48.28,3.07
Ahmedabad,17-06-2021,3,300.41,0.02,14.74,23.96,18.36,23.13,43.5,3.26
Ahmedabad,18-06-2021,2,297.07,0.17,20.22,14.13,29.8,19.31,22.3,1.76
Ahmedabad,19-06-2021,2,433.92,0.24,21.76,11.98,22.41,18.76,21.27,2.31
Ahmedabad,20-06-2021,2,460.63,0.13,15.77,13.23,15.97,17.49,19.15,2.85
Ahmedabad,21-06-2021,2,507.36,1.73,15.77,2.55,11.44,18.33,23.07,3.29
Ahmedabad,22-06-2021,5,1268.39,14.75,27.76,0.03,20.98,73.26,108.07,7.28
Ahmedabad,23-06-2021,4,580.79,0.52,22.28,7.78,18.6,34.01,47.93,4.24
Ahmedabad,24-06-2021,3,473.98,0.07,18.51,17.88,17.64,22.59,29.13,3.2
Ahmedabad,25-06-2021,2,377.18,0.08,16.45,16.81,13.95,11.15,14.85,3.2
Ahmedabad,26-06-2021,4,460.63,0.31,19.54,10.28,17.41,25.85,39.99,4.24
Ahmedabad,27-06-2021,2,413.9,0.1,13.37,15.56,11.09,19.88,32.81,4.94
Ahmedabad,28-06-2021,2,357.15,0,13.71,33.62,13.47,15.66,30.45,4.75
Ahmedabad,29-06-2021,3,387.19,0.02,14.74,21.82,12.76,17.66,38.49,3.74
Ahmedabad,30-06-2021,2,373.84,0,15.77,36.12,16.69,17.94,27.89,3.8
Ahmedabad,01-07-2021,2,440.6,0.05,15.59,19.67,14.31,16.41,29.06,5.45
Ahmedabad,02-07-2021,4,273.71,0.01,7.8,27.18,7.99,16.18,50.37,3.26
Ahmedabad,03-07-2021,3,263.69,0.02,9.25,22.71,9.54,19.53,47.44,3.01
Ahmedabad,04-07-2021,4,313.76,0,10.2,30.4,8.82,26.41,83.2,5.13
Ahmedabad,05-07-2021,3,320.44,0.19,17.48,12.52,21.94,20.54,45.11,3.96
Ahmedabad,06-07-2021,3,370.5,0.05,16.28,20.03,19.79,22.61,34.55,4.62
Ahmedabad,07-07-2021,2,367.17,0.02,15.08,24.32,18.36,18,28.36,5
Ahmedabad,08-07-2021,2,327.11,0.01,10.28,28.61,10.97,11.85,23.95,4.56
Ahmedabad,09-07-2021,3,290.39,0.01,7.71,27.18,10.01,15.37,39.62,2.57
Ahmedabad,10-07-2021,3,343.8,0.07,16.28,18.24,18.84,23.4,42.48,4.5
Ahmedabad,11-07-2021,2,283.72,0,7.28,34.69,9.42,18.31,26.57,2.44
Ahmedabad,12-07-2021,4,534.06,6.54,27.08,0.22,46.73,26.16,29.6,3.33
Ahmedabad,13-07-2021,5,1214.98,17.66,29.82,0,22.65,54.41,70.55,6.27
Ahmedabad,14-07-2021,2,330.45,0.63,21.42,6.62,30.99,16.12,20.91,2.72
Ahmedabad,15-07-2021,3,433.92,4.64,25.36,0.5,36.24,21.56,27.55,3.64
Ahmedabad,16-07-2021,5,587.46,0.34,34.62,9.74,39.1,52.73,58.96,2.28
Ahmedabad,17-07-2021,5,514.03,0.82,47.3,5.01,74.39,50.83,58.85,1.95
Ahmedabad,18-07-2021,2,320.44,0.01,11.31,27.9,11.09,15.27,17.37,2.69
Ahmedabad,19-07-2021,2,267.03,0,5.06,36.48,6.02,13.99,25.13,1.74
Ahmedabad,20-07-2021,2,283.72,0.03,8.05,23.25,8.46,12.72,17.57,2.72
Ahmedabad,21-07-2021,2,263.69,0.02,7.03,25.75,7.33,13.72,24.35,2.44
Ahmedabad,22-07-2021,4,280.38,0.03,8.65,22.89,8.7,26.03,63.72,1.87
Ahmedabad,23-07-2021,4,317.1,0.02,10.11,25.75,10.61,31.35,81.99,2.79
Ahmedabad,24-07-2021,4,347.14,0.03,12.68,21.99,11.8,31.37,70.36,3.01
Ahmedabad,25-07-2021,3,317.1,0.05,6.94,18.95,6.8,20.47,29.21,1.73
Ahmedabad,26-07-2021,1,290.39,0.02,9.08,24.68,5.36,7.65,8.11,0.91
Ahmedabad,27-07-2021,3,307.08,0.07,10.11,18.24,9.54,21.25,24.5,2.41
Ahmedabad,28-07-2021,4,280.38,0.08,8.23,17.7,8.11,26.79,52.83,1.96
Ahmedabad,29-07-2021,4,263.69,0.01,6.86,28.97,6.97,21.95,72.14,2.06
Ahmedabad,30-07-2021,4,263.69,0.02,6.26,26.46,6.44,22.44,68,1.71
Ahmedabad,31-07-2021,4,273.71,0.03,6.6,22.35,6.38,22.76,63.58,2.09
Ahmedabad,01-08-2021,3,253.68,0.02,5.74,23.6,5.54,19.93,47.27,1.79
Ahmedabad,02-08-2021,3,253.68,0.01,5.44,30.4,5.54,20.35,35.69,1.77
Ahmedabad,03-08-2021,2,283.72,0.02,7.54,27.54,7.87,17.92,33.72,2.15
Ahmedabad,04-08-2021,3,333.79,0.09,10.63,17.17,10.13,23.38,38.21,3.26
Ahmedabad,05-08-2021,4,340.46,0.04,11.82,21.64,10.97,25.87,52.11,3.14
Ahmedabad,06-08-2021,4,480.65,0.18,18.17,13.95,13.95,26.44,45.49,4.81
Ahmedabad,07-08-2021,4,720.98,5.59,21.76,0.64,15.97,36.15,58.67,6.4
Ahmedabad,08-08-2021,4,547.41,0.99,23.65,5.1,17.17,32.86,50.75,3.71
Ahmedabad,09-08-2021,3,280.38,0.2,13.71,12.16,18.36,22.75,40.91,2.44
Ahmedabad,10-08-2021,2,373.84,0.04,14.22,21.82,14.31,17.84,27.61,3.96
Ahmedabad,11-08-2021,2,383.85,0.05,17.31,19.85,15.74,14.23,19.08,4.05
Ahmedabad,12-08-2021,3,440.6,0.02,15.94,23.96,14.9,20.48,31.28,5.19
Ahmedabad,13-08-2021,2,393.87,0.01,14.05,27.18,13.23,19.24,25.98,4.81
Ahmedabad,14-08-2021,3,473.98,0.03,17.48,23.96,13.35,21.11,29.22,5.19
Ahmedabad,15-08-2021,2,410.56,0.02,13.2,24.32,10.73,17.34,25.95,4.37
Ahmedabad,16-08-2021,2,337.12,0.04,16.79,20.56,18.6,19.94,31.58,4.02
Ahmedabad,17-08-2021,3,397.21,0.05,17.82,20.56,18.12,22.38,34.98,4.31
Ahmedabad,18-08-2021,2,387.19,0.01,16.45,29.68,16.21,18.18,25.56,5.38
Ahmedabad,19-08-2021,2,370.5,0.02,14.05,23.96,11.56,12.88,17.71,3.99
Ahmedabad,20-08-2021,2,327.11,0.11,14.4,15.38,12.76,13.66,17.93,3.67
Ahmedabad,21-08-2021,2,333.79,0.11,14.91,14.66,12.04,14.9,23.57,3.01
Ahmedabad,22-08-2021,4,841.14,12.96,27.42,0.01,31.47,45.54,51.23,2.95
Ahmedabad,23-08-2021,1,350.48,0.11,13.71,14.66,12.28,9.52,12.59,2.47
Ahmedabad,24-08-2021,2,383.85,0.03,16.45,22.89,17.17,17.1,24.02,3.04
Ahmedabad,25-08-2021,2,343.8,0.01,14.05,27.9,11.68,13.94,18.15,4.24
Ahmedabad,26-08-2021,3,514.03,0.83,19.36,5.99,13.11,20.18,29.01,6.02
Ahmedabad,27-08-2021,2,433.92,0.23,15.25,12.34,12.88,14.9,23.23,6.21
Ahmedabad,28-08-2021,2,300.41,0.19,15.77,12.7,18.6,15.92,29.7,3.26
Ahmedabad,29-08-2021,2,263.69,0.05,15.42,18.95,21.94,17.45,23.92,2.28
Ahmedabad,30-08-2021,3,403.88,0.01,12.34,26.82,11.68,23.55,34.74,6.46
Ahmedabad,31-08-2021,3,627.52,0.75,21.59,9.12,14.9,23.01,28.63,4.24
Ahmedabad,01-09-2021,5,1708.98,25.93,39.76,0,57.7,97.21,107.75,7.47
Ahmedabad,02-09-2021,5,1281.74,23.69,32.56,0,58.65,72.54,81.04,5.38
Ahmedabad,03-09-2021,2,310.42,0.29,21.94,10.82,36.24,13.76,18.72,1.46
Ahmedabad,04-09-2021,2,290.39,0.12,20.91,15.38,31.95,10.92,14.79,1.84
Ahmedabad,05-09-2021,2,433.92,0.21,15.25,11.36,11.68,15.25,19.09,3.48
Ahmedabad,06-09-2021,2,433.92,0.07,15.25,17.88,12.4,16.92,21.66,3.77
Ahmedabad,07-09-2021,4,714.3,3.91,24.33,1.7,16.21,29.79,38.2,4.81
Ahmedabad,08-09-2021,4,1001.36,7.6,31.19,0.17,18.12,42.65,56.31,5.89
Ahmedabad,09-09-2021,5,1148.22,15.65,48.67,0,90.6,76.97,82.1,2.28
Ahmedabad,10-09-2021,2,467.3,0.82,15.42,5.68,13.47,12.94,15.73,3.48
Ahmedabad,11-09-2021,2,407.22,0.25,19.02,11,12.28,14.29,16.21,2.22
Ahmedabad,12-09-2021,2,527.38,0.32,15.94,9.21,13.83,16.1,18.59,3.33
Ahmedabad,13-09-2021,2,487.33,0.28,13.2,9.74,12.88,17.64,18.92,2.72
Ahmedabad,14-09-2021,5,1842.5,20.56,32.56,0,25.99,104.13,116.89,8.04
Ahmedabad,15-09-2021,5,1108.17,8.61,35.3,0.07,28.37,68.97,76.19,4.69
Ahmedabad,16-09-2021,2,330.45,0.01,18.85,27.54,23.13,12.83,17.06,2.06
Ahmedabad,17-09-2021,2,367.17,0.43,18.68,9.39,19.07,15.6,19.32,2.82
Ahmedabad,18-09-2021,2,453.95,6.31,20.05,0.18,32.9,17.47,23.89,3.71
Ahmedabad,19-09-2021,2,403.88,0.06,12.85,17.7,8.94,15,18.3,2.95
Ahmedabad,20-09-2021,2,547.41,0.27,16.62,10.73,12.04,18.8,22.34,3.52
Ahmedabad,21-09-2021,2,514.03,0.54,18.85,7.87,14.54,19.5,23.13,3.04
Ahmedabad,22-09-2021,3,620.84,6.2,15.08,0.44,15.14,20.55,24.2,3.9
Ahmedabad,23-09-2021,3,587.46,2.12,19.71,3,15.97,20.15,23.11,3.77
Ahmedabad,24-09-2021,4,727.65,9.72,17.82,0.06,17.88,28.62,35.71,4.75
Ahmedabad,25-09-2021,4,741.01,7.49,22.96,0.31,19.07,31.75,45.34,4.69
Ahmedabad,26-09-2021,5,1668.93,37.55,15.42,0,17.64,81.22,102.48,6.78
Ahmedabad,27-09-2021,5,1188.28,18.55,17.31,0.01,15.97,52,61.49,5.83
Ahmedabad,28-09-2021,5,4379.27,123.38,22.62,0,37.67,263.05,309.26,23.05
Ahmedabad,29-09-2021,4,881.2,0,18.51,41.84,16.21,41.24,43.1,2.6
Ahmedabad,30-09-2021,2,427.25,0.23,22.62,11.62,25.75,12.26,13.67,0.93
Ahmedabad,01-10-2021,4,507.36,7.26,25.02,0.02,39.1,30.85,40.05,2.15
Ahmedabad,02-10-2021,5,1428.6,7.49,35.99,0.78,18.6,147.3,176.64,6.27
Ahmedabad,03-10-2021,5,1535.42,31.29,18.68,0,16.93,71.7,88.18,7.66
Ahmedabad,04-10-2021,5,1482.01,23.02,20.22,0.01,14.19,67.41,79.97,5.45
Ahmedabad,05-10-2021,5,3578.19,88.51,22.28,0,41.96,207.31,251.55,29.39
Ahmedabad,06-10-2021,5,1468.66,21.68,33.24,0,18.84,56.05,74.36,7.16
Ahmedabad,07-10-2021,5,4432.68,116.23,27.08,0,37.67,260.04,321.44,23.31
Ahmedabad,08-10-2021,5,6942.75,171.66,39.07,0,45.3,488.78,543.48,18.49
Ahmedabad,09-10-2021,5,881.2,0,22.28,32.54,14.54,75.01,84.63,4.37
Ahmedabad,10-10-2021,4,894.55,0.34,20.56,8.94,11.33,47.74,55.74,4.31
Ahmedabad,11-10-2021,5,2937.32,60.8,21.94,0,22.89,186.8,212.58,13.05
Ahmedabad,12-10-2021,5,1321.79,12.41,31.19,0.1,19.07,83.94,102.76,6.33
Ahmedabad,13-10-2021,5,7049.56,164.51,57.58,0,146.87,470.63,538.28,125.65
Ahmedabad,14-10-2021,5,3471.37,50.52,84.31,0,52.93,252.68,291,39.01
Ahmedabad,15-10-2021,5,3417.97,80.47,50.72,0,78.2,224.08,330.76,103.35
Ahmedabad,16-10-2021,5,3337.86,73.31,62.38,0,82.02,196.66,283.63,118.55
Ahmedabad,17-10-2021,5,2563.48,48.28,54.15,0,23.84,162.72,227.78,39.52
Ahmedabad,18-10-2021,5,2189.64,28.61,33.24,0,23.13,182.08,213.73,14.44
Ahmedabad,19-10-2021,5,801.09,0.04,27.76,31.11,17.64,60.11,86.44,12.67
Ahmedabad,20-10-2021,5,1922.61,24.59,40.1,0,21.22,143.58,239.68,21.53
Ahmedabad,21-10-2021,5,3685,69.74,58.26,0,41.96,232.35,327.36,43.06
Ahmedabad,22-10-2021,5,9826.66,214.58,150.8,0,204.09,696.79,773.86,168.2
Ahmedabad,23-10-2021,4,607.49,0,22.28,49.35,15.97,28.86,39.43,10.13
Ahmedabad,24-10-2021,2,353.81,0,11.31,57.94,10.73,14.61,25.22,5.7
Ahmedabad,25-10-2021,5,974.66,4.81,31.19,1.41,17.64,55.22,88.47,14.06
Ahmedabad,26-10-2021,5,3017.43,51.41,67.17,0,35.76,203.14,254.09,29.89
Ahmedabad,27-10-2021,5,1201.63,2.46,39.41,3.09,20.98,68.52,108.16,22.04
Ahmedabad,28-10-2021,5,1148.22,3.02,36.33,2.73,20.74,85.08,115.65,21.03
Ahmedabad,29-10-2021,5,1121.52,3.13,33.59,2.39,22.17,86.7,124.36,20.52
Ahmedabad,30-10-2021,5,2216.34,38,41.13,0,26.46,149.82,225.24,31.92
Ahmedabad,31-10-2021,5,1201.63,1.59,39.76,9.03,14.9,87.93,119.68,20.52
Ahmedabad,01-11-2021,5,2590.18,37.1,58.95,0,30.99,169.15,222.54,46.61
Ahmedabad,02-11-2021,5,1081.47,0.01,31.53,33.97,18.84,85.25,114.13,20.27
Ahmedabad,03-11-2021,5,687.6,0,18.85,60.8,14.19,50.89,65.39,14.95
Ahmedabad,04-11-2021,5,1054.76,0.13,34.96,19.67,20.5,70.13,95.09,20.77
Ahmedabad,05-11-2021,5,814.44,0,25.36,42.2,17.4,68.07,89.45,17.23
Ahmedabad,06-11-2021,5,847.82,0,26.39,37.19,15.97,71.85,92.14,17.73
Ahmedabad,07-11-2021,5,594.14,0,11.14,107.29,12.64,88,98.29,10.26
Ahmedabad,08-11-2021,5,640.87,0,12.51,85.12,10.85,93.76,104.72,12.16
Ahmedabad,09-11-2021,5,727.65,0,16.45,80.11,13.71,93.06,120.74,12.54
Ahmedabad,10-11-2021,5,700.95,0,16.79,85.83,15.5,90.66,118.33,13.93
Ahmedabad,11-11-2021,5,1068.12,0.01,34.27,34.33,18.84,93.96,126.74,18.75
Ahmedabad,12-11-2021,5,767.71,0,20.91,61.51,13.95,93.84,122.79,15.07
Ahmedabad,13-11-2021,5,761.03,0,18.68,67.23,13.71,99.08,120.77,14.44
Ahmedabad,14-11-2021,5,821.11,0,9.17,125.89,14.07,86.18,97.11,13.05
Ahmedabad,15-11-2021,5,1241.68,0,32.9,62.23,18.6,108.95,125.84,18.49
Ahmedabad,16-11-2021,5,821.11,0,12.34,110.15,15.5,78.45,89.06,14.44
Ahmedabad,17-11-2021,5,761.03,0,10.54,121.59,15.14,74.61,82.42,12.16
Ahmedabad,18-11-2021,5,707.63,0,10.45,107.29,15.5,112,119.7,9.12
Ahmedabad,19-11-2021,5,821.11,0,14.57,55.07,15.97,95.42,98.62,3.26
Ahmedabad,20-11-2021,5,794.41,0,14.22,67.23,16.45,90.54,97.25,9.63
Ahmedabad,21-11-2021,5,694.27,0,8.91,84.4,9.89,111.07,117.41,8.11
Ahmedabad,22-11-2021,5,654.22,0,10.54,81.54,11.32,135.91,144.8,8.04
Ahmedabad,23-11-2021,5,1255.04,0.02,40.78,25.39,18.6,176.2,197.18,12.79
Ahmedabad,24-11-2021,5,1522.06,0.37,54.15,12.7,20.74,126.55,146.96,21.28
Ahmedabad,25-11-2021,5,1708.98,0.68,58.95,10.73,23.6,119.67,145.14,22.8
Ahmedabad,26-11-2021,5,1335.14,0.06,47.3,23.6,16.69,95.53,120.56,17.48
Ahmedabad,27-11-2021,5,1628.88,18.55,38.73,0.02,19.31,134.95,173.78,25.59
Ahmedabad,28-11-2021,5,1094.82,0.41,31.19,10.1,12.87,112.51,140.66,24.07
Ahmedabad,29-11-2021,5,647.54,0,16.79,52.21,12.4,61.97,74.6,13.3
Ahmedabad,30-11-2021,5,500.68,0,11.82,75.1,11.92,58.76,69.23,10.77
Ahmedabad,01-12-2021,5,500.68,0,10.97,83.68,12.87,77.81,86.87,8.11
Ahmedabad,02-12-2021,5,640.87,0,9.17,77.25,10.01,109.07,110.85,2.66
Ahmedabad,03-12-2021,5,514.03,0,12.85,67.95,13.11,58.47,64.22,7.92
Ahmedabad,04-12-2021,5,567.44,0,10.97,72.96,11.56,90.78,97.24,8.36
Ahmedabad,05-12-2021,5,1068.12,0.1,27.08,18.24,11.21,170.19,190.98,7.79
Ahmedabad,06-12-2021,5,1081.47,0.41,34.96,10.91,12.64,136.58,154.15,9.12
Ahmedabad,07-12-2021,5,1108.17,0.91,30.85,17.88,12.52,150.84,172.99,13.05
Ahmedabad,08-12-2021,5,741,0,15.25,65.09,13.11,73.9,84.08,11.78
Ahmedabad,09-12-2021,5,841.14,0.01,23.99,31.47,13.59,75.99,92.8,16.47
Ahmedabad,10-12-2021,5,867.84,0.01,25.36,34.69,13.59,83.13,100.91,17.23
Ahmedabad,11-12-2021,5,934.6,0.11,30.5,18.78,13.47,86.95,108.24,18.49
Ahmedabad,12-12-2021,5,700.95,0,16.62,48.64,10.25,75.12,87.3,14.19
Ahmedabad,13-12-2021,5,707.63,0,18.68,55.07,11.56,79.25,92.89,13.93
Ahmedabad,14-12-2021,5,741,0,26.39,61.51,17.17,55.39,63.75,13.55
Ahmedabad,15-12-2021,5,854.49,0,30.16,45.78,16.45,78.14,90.96,16.09
Ahmedabad,16-12-2021,5,754.36,0,25.7,65.09,15.97,86.03,95.15,13.55
Ahmedabad,17-12-2021,5,741,0,22.28,78.68,19.07,93.19,102.78,12.41
Ahmedabad,18-12-2021,5,654.22,0,9.08,114.44,13.59,105.51,111.93,8.61
Ahmedabad,19-12-2021,4,500.68,0,8.05,110.15,13.83,49.99,54.54,8.74
Ahmedabad,20-12-2021,4,480.65,0,11.82,68.66,11.09,28.96,35.52,11.91
Ahmedabad,21-12-2021,5,934.6,0.02,27.76,34.33,17.64,75.84,94.29,18.49
Ahmedabad,22-12-2021,5,1895.9,13.19,56.21,0.35,19.07,146.89,176.52,24.57
Ahmedabad,23-12-2021,5,3124.24,39.79,84.31,0,23.13,208.95,242.71,29.39
Ahmedabad,24-12-2021,5,1789.09,7.04,65.8,0.98,18.6,128.55,159.5,11.91
Ahmedabad,25-12-2021,5,1441.96,11.51,55.52,0.47,15.26,100.48,134.15,6.52
Ahmedabad,26-12-2021,5,2109.53,16.54,59.63,0.12,16.93,186.58,238.32,15.2
Ahmedabad,27-12-2021,5,1602.17,2.18,52.78,5.14,17.4,172.19,210.87,19
Ahmedabad,28-12-2021,5,1321.79,0.04,37.7,25.39,18.12,164.7,196.92,17.73
Ahmedabad,29-12-2021,5,807.76,0.01,22.28,35.76,12.52,52.26,63.73,6.33
Ahmedabad,30-12-2021,4,614.17,0,11.82,80.11,10.73,41.54,47.82,10.13
Ahmedabad,31-12-2021,4,453.95,0,9.25,80.11,10.85,45.7,50.55,8.04
Ahmedabad,01-01-2022,4,520.71,0,10.45,68.66,10.61,42.05,48.01,9.12
Ahmedabad,02-01-2022,5,814.44,0.01,18.34,31.47,8.7,92.2,106.72,6.59
Ahmedabad,03-01-2022,5,754.36,0,15.77,47.92,9.66,103.5,115.67,9.88
Ahmedabad,04-01-2022,5,974.66,0,23.31,38.62,12.76,105.05,123.61,11.27
Ahmedabad,05-01-2022,5,1455.31,0.43,40.78,14.84,17.64,131.77,159.91,16.97
Ahmedabad,06-01-2022,4,660.9,0,23.99,45.06,18.84,41.78,46.99,4.94
Ahmedabad,07-01-2022,5,3257.75,76,50.04,0,33.38,240.45,287.95,16.21
Ahmedabad,08-01-2022,5,2990.72,58.11,29.82,0,25.99,177.74,194.29,11.65
Ahmedabad,09-01-2022,4,841.14,0.01,26.73,33.62,9.89,47.83,54.75,9.37
Ahmedabad,10-01-2022,4,707.63,0.01,25.7,36.84,11.32,30.44,36.97,12.79
Ahmedabad,11-01-2022,4,727.65,0,18.51,47.92,11.21,38.66,50.43,14.31
Ahmedabad,12-01-2022,4,794.41,0,25.7,42.92,14.78,45.47,55.96,14.19
Ahmedabad,13-01-2022,5,1174.93,1.22,38.73,9.92,12.99,79.1,101.48,15.71
Ahmedabad,14-01-2022,5,834.47,0,27.08,40.41,12.52,51.48,66.61,16.21
Ahmedabad,15-01-2022,5,947.95,0.01,29.82,37.19,13.35,78.99,95.99,16.72
Ahmedabad,16-01-2022,5,574.11,0,12.17,67.95,10.37,55.73,63.89,12.29
Ahmedabad,17-01-2022,5,667.57,0,14.74,51.5,9.3,71.22,81.6,13.55
Ahmedabad,18-01-2022,5,1401.9,0.18,45.93,16.99,15.97,126.59,148.74,13.55
Ahmedabad,19-01-2022,5,1922.61,9.16,60.32,0.66,19.55,169.21,192.39,13.93
Ahmedabad,20-01-2022,5,6301.88,110.86,122.01,0,123.98,595.31,648.62,105.38
Ahmedabad,21-01-2022,5,1922.61,34.42,31.87,0,21.7,127.41,168.42,15.83
Ahmedabad,22-01-2022,4,460.62,0,13.19,50.07,8.58,37.23,80.49,4.18
Ahmedabad,23-01-2022,5,300.41,0,5.74,117.3,7.75,61.99,230.85,3.29
Ahmedabad,24-01-2022,5,1708.98,14.75,39.76,0.39,27.42,103.77,125.89,31.41
Ahmedabad,25-01-2022,5,1815.8,10.73,69.23,1.74,20.98,107.1,126.83,21.28
Ahmedabad,26-01-2022,5,2429.96,32.63,65.12,0.01,20.03,159.3,198.42,23.56
Ahmedabad,27-01-2022,5,1842.5,18.1,47.3,0.19,18.6,133.14,167.68,26.09
Ahmedabad,28-01-2022,4,747.68,0,22.62,48.64,13.71,40.63,54.17,15.58
Ahmedabad,29-01-2022,5,934.6,0.46,31.53,15.56,14.31,59.94,79.15,18.49
Ahmedabad,30-01-2022,5,2109.53,25.48,51.41,0.02,16.21,153.63,189.07,28.63
Ahmedabad,31-01-2022,5,2136.23,28.16,60.32,0,28.85,144.05,173.91,39.52
Ahmedabad,01-02-2022,5,5126.95,101.92,49.35,0,38.15,365.92,419.71,35.46
Ahmedabad,02-02-2022,5,4005.43,82.25,84.31,0,77.25,269.95,364.99,79.04
Ahmedabad,03-02-2022,5,814.44,0.11,32.56,30.76,13.47,71.1,100.68,13.3
Ahmedabad,04-02-2022,5,1081.47,0.05,41.81,28.25,23.6,65.51,107.78,19.25
Ahmedabad,05-02-2022,5,7370,144.84,154.91,0,198.36,582.15,644.73,149.97
Ahmedabad,06-02-2022,5,1121.52,0,31.19,77.96,38.62,138.09,169.12,26.85
Ahmedabad,07-02-2022,5,1428.6,0,46.61,87.26,32.9,179.62,201.89,16.72
Ahmedabad,08-02-2022,5,1976.01,21.23,57.58,0.04,25.03,124.74,167.02,26.6
Ahmedabad,09-02-2022,5,5554.2,108.18,97.33,0,79.15,389.28,496.12,84.1
Ahmedabad,10-02-2022,4,741,0,28.79,52.93,18.36,49.45,60.41,14.19
Ahmedabad,11-02-2022,5,1188.28,0.56,37.7,12.7,18.12,85.96,114.72,22.55
Ahmedabad,12-02-2022,5,1201.63,1.54,40.1,8.23,20.74,75.7,102.16,22.29
Ahmedabad,13-02-2022,5,881.2,0.04,27.08,25.75,16.45,69.57,85.9,17.99
Ahmedabad,14-02-2022,5,934.6,0,30.16,60.8,17.88,71.09,88.42,18.49
Ahmedabad,15-02-2022,5,1041.41,0.01,39.07,35.76,23.13,77.84,91.18,19
Ahmedabad,16-02-2022,5,1976.01,10.73,69.23,0.94,31.47,152.84,180.64,26.6
Ahmedabad,17-02-2022,5,1895.9,27.49,41.13,0.02,30.28,120.38,161.36,30.15
Ahmedabad,18-02-2022,5,761.03,0,22.28,57.94,18.12,61.47,79.1,17.23
Ahmedabad,19-02-2022,5,1041.41,0,37.01,36.48,20.5,80.09,99.85,19.25
Ahmedabad,20-02-2022,4,547.41,0,21.25,72.24,15.74,36.11,47.9,11.65
Ahmedabad,21-02-2022,5,754.36,0,19.71,60.8,21.46,73.97,100.03,14.69
Ahmedabad,22-02-2022,4,734.33,0.12,29.13,23.96,16.69,38.79,57.71,13.55
Ahmedabad,23-02-2022,5,1041.41,1.17,39.41,9.92,22.65,55.28,76.55,18.24
Ahmedabad,24-02-2022,5,1949.31,16.99,70.6,0.14,30.99,102.63,148.71,25.08
Ahmedabad,25-02-2022,5,3017.43,44.7,86.37,0,58.65,175.05,228.56,49.14
Ahmedabad,26-02-2022,5,2910.61,28.16,89.11,0.01,66.76,205.5,255.37,55.22
Ahmedabad,27-02-2022,5,1562.12,15.42,46.61,0.1,27.66,88.69,126.22,26.09
Ahmedabad,28-02-2022,5,674.25,0,22.62,77.25,18.84,66.11,88.82,13.68
Ahmedabad,01-03-2022,5,2429.96,31.74,54.15,0,35.29,174.68,231.02,31.92
Ahmedabad,02-03-2022,5,2349.85,30.85,56.89,0,39.1,159.58,217.92,43.57
Ahmedabad,03-03-2022,4,647.54,0,23.31,66.52,18.12,42.94,61.85,12.79
Ahmedabad,04-03-2022,4,587.46,0,19.19,79.39,16.69,33.2,44.88,10.39
Ahmedabad,05-03-2022,4,974.66,0.01,37.7,35.76,20.27,42.86,61.07,16.97
Ahmedabad,06-03-2022,5,1335.14,2.15,39.76,4.38,25.51,74.41,98.43,23.56
Ahmedabad,07-03-2022,5,1268.39,0,45.24,36.12,29.8,73.04,94.33,20.01
Ahmedabad,08-03-2022,5,761.03,0,25.7,85.12,21.46,51.91,63.07,13.05
Ahmedabad,09-03-2022,5,5767.82,108.18,80.2,0,143.05,418.65,497.62,106.39
Ahmedabad,10-03-2022,5,814.44,0,19.02,74.39,20.27,79.41,90.96,13.05
Ahmedabad,11-03-2022,5,1041.41,0,37.01,41.84,23.84,64.99,95.29,16.21
Ahmedabad,12-03-2022,5,921.25,0,28.1,37.55,21.22,65.2,96.73,16.72
Ahmedabad,13-03-2022,5,2216.34,13.86,54.84,0.1,48.64,120.92,162.3,36.48
Ahmedabad,14-03-2022,5,2643.59,33.08,86.37,0,70.57,140.35,194.68,79.04
Ahmedabad,15-03-2022,5,1762.39,16.54,53.47,0.13,41.01,105.32,149.36,25.59
Ahmedabad,16-03-2022,5,647.54,0,23.31,55.79,17.64,50.34,81.35,13.05
Ahmedabad,17-03-2022,4,814.44,0.02,33.59,24.32,18.84,49.21,75.19,14.82
Ahmedabad,18-03-2022,5,1054.76,0.63,50.04,12.52,22.89,55.69,77.59,15.71
Ahmedabad,19-03-2022,4,600.81,0,20.22,61.51,13.95,41.8,61.24,9.5
Ahmedabad,20-03-2022,4,794.41,0,23.99,48.64,17.64,44,57.22,11.4
Ahmedabad,21-03-2022,5,2056.12,35.32,32.9,0,44.82,114.67,161.58,24.57
Ahmedabad,22-03-2022,3,473.98,0,16.11,59.37,13.35,23.55,39.19,9.75
Ahmedabad,23-03-2022,3,380.52,0,11.82,77.25,11.32,20.55,35.29,7.03
Ahmedabad,24-03-2022,5,1789.09,24.59,51.41,0,37.19,92.41,153.24,25.59
Ahmedabad,25-03-2022,4,774.38,0.01,29.82,40.05,19.31,46.66,60.82,11.27
Ahmedabad,26-03-2022,5,2162.93,25.26,43.18,0.01,39.58,126.1,182.76,24.83
Ahmedabad,27-03-2022,5,1895.9,30.4,32.56,0,41.48,103.94,146.13,27.87
Ahmedabad,28-03-2022,5,2136.23,34.87,47.98,0,47.21,114.31,162.88,30.15
Ahmedabad,29-03-2022,4,487.33,0,12.34,69.38,12.16,49.1,78.6,7.92
Ahmedabad,30-03-2022,5,367.16,0,10.02,72.24,11.68,54.33,115.12,5.38
Ahmedabad,31-03-2022,5,1081.47,0.99,40.78,16.45,24.08,61.34,99.76,16.97
Ahmedabad,01-04-2022,5,660.9,0,23.65,51.5,15.74,61.45,138.09,10.64
Ahmedabad,02-04-2022,5,520.71,0,16.11,81.54,15.5,75.67,131.11,7.79
Ahmedabad,03-04-2022,5,480.65,0,13.88,45.06,11.32,83.77,146.3,9.37
Ahmedabad,04-04-2022,5,2616.88,29.5,65.12,0,63.9,151.42,208.66,47.62
Ahmedabad,05-04-2022,5,1588.82,10.51,58.26,0.49,38.15,86.16,116.62,23.05
Ahmedabad,06-04-2022,4,574.11,0,18.34,65.8,14.31,40.79,54.83,11.53
Ahmedabad,07-04-2022,4,774.38,0,29.82,39.34,21.46,39.11,57.5,15.71
Ahmedabad,08-04-2022,5,1842.5,26.38,49.35,0.01,46.73,92.61,123.07,35.97
Ahmedabad,09-04-2022,4,423.91,0,11.14,77.96,10.49,32.5,54.75,6.59
Ahmedabad,10-04-2022,4,814.44,0.45,30.5,20.38,19.55,42.14,57.14,13.68
Ahmedabad,11-04-2022,4,403.88,0,10.37,51.5,12.52,34.16,58.06,6.52
Ahmedabad,12-04-2022,5,594.14,0,18.34,58.65,15.74,58.69,99.52,10.89
Ahmedabad,13-04-2022,5,627.52,0,23.31,53.64,18.12,55.28,101.97,10.26
Ahmedabad,14-04-2022,5,587.46,0,20.39,58.65,15.5,55.43,109.5,8.61
Ahmedabad,15-04-2022,4,614.17,0,21.76,52.93,16.93,49.94,84.37,10.39
Ahmedabad,16-04-2022,5,540.73,0,17.65,35.05,12.28,50.61,95.17,9.75
Ahmedabad,17-04-2022,4,377.18,0,10.71,52.21,8.23,40.71,84.67,7.16
Ahmedabad,18-04-2022,4,380.52,0,10.37,56.51,9.18,40.32,80.6,6.97
Ahmedabad,19-04-2022,4,594.14,0,21.08,49.35,13.59,41.21,70.34,10.01
Ahmedabad,20-04-2022,5,1201.63,2.74,45.93,9.57,29.33,65.62,100,16.72
Ahmedabad,21-04-2022,4,487.33,0,16.45,87.98,15.74,35.74,43.64,7.79
Ahmedabad,22-04-2022,5,847.82,0.01,32.56,25.75,24.8,52.53,102.17,16.21
Ahmedabad,23-04-2022,5,1308.44,10.28,47.98,3.53,31.47,61.87,108.29,19.76
Ahmedabad,24-04-2022,4,647.54,0,23.31,33.97,16.93,30.87,67.25,12.92
Ahmedabad,25-04-2022,5,1735.69,14.31,40.78,0.11,44.82,80.25,114.3,24.57
Ahmedabad,26-04-2022,4,380.52,0,10.02,72.96,10.85,24.68,65.75,6.71
Ahmedabad,27-04-2022,5,1375.2,9.28,39.07,0.46,35.76,67.31,107.38,22.8
Ahmedabad,28-04-2022,4,447.27,0,12.85,70.1,11.8,27.77,51.4,7.92
Ahmedabad,29-04-2022,5,1214.98,7.26,38.04,0.61,32.42,54.39,80.97,22.29
Ahmedabad,30-04-2022,4,343.8,0,8.05,75.1,9.18,32.05,58.02,4.12
Ahmedabad,01-05-2022,4,390.53,0,10.37,44.7,8.58,32.27,63.25,7.09
Ahmedabad,02-05-2022,4,350.48,0,9.34,36.48,8.34,32.1,55.83,5.7
Ahmedabad,03-05-2022,5,554.08,0,17.65,46.49,14.9,44.19,115.41,9.5
Ahmedabad,04-05-2022,5,534.06,0,15.94,38.27,15.14,40.96,101.24,8.87
Ahmedabad,05-05-2022,5,494,0,15.42,32.54,13.95,42.25,126.23,9.5
Ahmedabad,06-05-2022,5,640.87,0,22.62,49.35,15.5,59.85,188.68,8.87
Ahmedabad,07-05-2022,5,620.84,0,20.56,43.63,16.69,59.92,146.22,11.53
Ahmedabad,08-05-2022,5,350.48,0,8.91,65.8,8.23,50.07,138.61,5.26
Ahmedabad,09-05-2022,4,367.16,0,8.31,70.81,9.18,35.21,80.83,5.83
Ahmedabad,10-05-2022,4,350.48,0,8.31,70.81,9.3,31.96,72.41,5.38
Ahmedabad,11-05-2022,4,287.06,0,6.17,78.68,7.51,30.58,70.64,3.55
Ahmedabad,12-05-2022,4,290.39,0,6.34,82.25,7.75,34.61,95.21,3.99
Ahmedabad,13-05-2022,5,343.8,0,10.88,48.64,9.78,48.44,124.01,5.95
Ahmedabad,14-05-2022,5,320.43,0,12,36.84,13.95,112.92,289.67,3.99
Ahmedabad,15-05-2022,5,393.87,0,11.82,31.47,9.42,47.89,109.63,7.09
Ahmedabad,16-05-2022,5,283.72,0,6.6,72.96,9.66,89.43,222.3,3.42
Ahmedabad,17-05-2022,5,433.92,0,14.05,49.35,12.64,98.43,261.5,8.23
Ahmedabad,18-05-2022,5,320.43,0,12.34,69.38,15.5,149.29,409.29,3.17
Ahmedabad,19-05-2022,5,350.48,0,10.37,46.49,10.37,156.55,399.91,5.64
Ahmedabad,20-05-2022,5,400.54,0,12.68,67.95,11.92,92.24,205.94,6.78
Ahmedabad,21-05-2022,5,460.62,0,15.25,47.92,12.52,58.44,120.44,8.23
Ahmedabad,22-05-2022,5,257.02,0,5.65,55.07,7.33,51.47,132.53,2.37
Ahmedabad,23-05-2022,5,257.02,0,6.34,59.37,8.34,37.7,107.12,2.31
Ahmedabad,24-05-2022,5,307.08,0,9.25,43.63,10.85,35.27,137.56,4.02
Ahmedabad,25-05-2022,4,347.14,0,14.05,33.97,15.97,24.39,67.53,5.38
Ahmedabad,26-05-2022,4,337.12,0,13.19,40.05,14.42,25.99,74.89,5.32
Ahmedabad,27-05-2022,4,333.79,0,11.65,41.48,13.47,18.35,53.73,4.75
Ahmedabad,28-05-2022,4,370.5,0,13.71,49.35,16.21,20.05,63.88,5.45
Ahmedabad,29-05-2022,5,253.68,0,6.68,49.35,8.82,22.38,100.64,2.47
Ahmedabad,30-05-2022,5,333.79,0,10.28,52.93,10.97,31.29,133.15,5.13
Ahmedabad,31-05-2022,4,377.18,0,12.51,30.76,13.23,18.99,61.56,6.33
Ahmedabad,01-06-2022,4,340.46,0,9.94,43.99,9.3,18.79,58.51,5.07
Ahmedabad,02-06-2022,4,333.79,0,10.62,45.78,10.01,20.32,57.81,5.64
Ahmedabad,03-06-2022,3,300.41,0,9,56.51,10.25,14.18,49.36,4.31
Ahmedabad,04-06-2022,5,270.37,0,7.71,60.08,9.78,24.29,108.8,3.1
Ahmedabad,05-06-2022,4,337.12,0,9.77,44.7,8.34,21,62.33,6.27
Ahmedabad,06-06-2022,3,347.14,0,10.71,46.49,9.3,18.91,49.93,7.28
Ahmedabad,07-06-2022,4,363.83,0.03,14.22,21.46,15.26,16.87,50.32,6.02
Ahmedabad,08-06-2022,1,297.07,0,9.51,57.94,14.19,9.87,15.22,3.51
Ahmedabad,09-06-2022,2,367.16,0,12.51,43.99,13.95,10.45,17.77,5.32
Ahmedabad,10-06-2022,2,320.43,0.06,12.85,18.78,14.07,8.5,20.16,4.12
Ahmedabad,11-06-2022,2,310.42,0.02,13.02,25.39,13.95,10.07,25.96,4.37
Ahmedabad,12-06-2022,1,273.7,0.05,10.62,18.24,14.19,5.82,12.21,2.6
Ahmedabad,13-06-2022,1,303.75,0.31,17.65,9.92,26.7,7.48,11.48,2.41
Ahmedabad,14-06-2022,2,330.45,0.75,21.08,6.35,31.47,10.32,17.91,3.77
Ahmedabad,15-06-2022,1,280.38,0.17,16.79,13.05,25.03,7.51,15.58,2.88
Ahmedabad,16-06-2022,1,350.48,0.02,17.99,23.25,21.46,8.31,11.45,4.18
Ahmedabad,17-06-2022,2,317.1,0.2,17.65,12.34,22.65,11.6,18.49,3.7
Ahmedabad,18-06-2022,2,290.39,0.31,16.45,9.57,22.89,10.44,20.01,2.94
Ahmedabad,19-06-2022,1,263.69,0.13,13.02,13.05,19.07,9.43,17.87,2.31
Ahmedabad,20-06-2022,1,280.38,0.09,11.31,15.56,12.87,5.53,7.95,3.23
Ahmedabad,21-06-2022,2,327.11,0.11,15.94,15.2,18.12,11.95,16.56,4.02
Ahmedabad,22-06-2022,2,273.7,0.02,13.19,24.32,19.07,13.45,22.42,1.99
Ahmedabad,23-06-2022,3,427.25,1.1,44.55,4.78,69.62,21.86,26.16,2.88
Ahmedabad,24-06-2022,3,380.52,0,15.94,35.41,19.07,24.08,39.24,4.43
Ahmedabad,25-06-2022,4,423.91,0,21.59,34.69,23.13,33.56,38.95,1.49
Ahmedabad,26-06-2022,4,383.85,0,7.54,113.01,10.85,39.51,42.67,1.8
Ahmedabad,27-06-2022,2,337.12,0,10.97,47.92,14.42,17.77,22.59,1.23
Ahmedabad,28-06-2022,2,327.11,0.22,18.85,11.98,27.89,11.28,13.4,1.8
Ahmedabad,29-06-2022,1,347.14,0.02,16.45,22.71,19.31,8.13,11.35,4.69
Ahmedabad,30-06-2022,1,280.38,0.05,11.82,18.78,15.02,9.35,11.49,3.2
Ahmedabad,01-07-2022,1,310.42,0.07,14.91,16.99,18.36,6.6,7.98,2.94
Ahmedabad,02-07-2022,1,290.39,0.05,10.71,18.95,11.68,6.21,7.82,2.18
Ahmedabad,03-07-2022,2,373.84,0.1,15.59,15.38,14.66,11.71,14.75,2.53
Ahmedabad,04-07-2022,3,660.9,3.58,25.02,0.84,24.32,24.97,30.36,4.94
Ahmedabad,05-07-2022,1,363.83,0.19,17.31,13.23,17.4,9.59,11.27,2.31
Ahmedabad,06-07-2022,2,413.89,0.31,16.79,9.83,15.74,12.34,14,2.6
Ahmedabad,07-07-2022,2,387.19,0.47,22.28,8.31,25.99,15.63,20.63,3.58
Ahmedabad,08-07-2022,1,283.72,0.09,10.54,16.99,9.42,5.5,6.26,1.44
Ahmedabad,09-07-2022,2,287.06,0.09,11.65,16.99,9.78,11.9,13.35,1.41
Ahmedabad,10-07-2022,2,283.72,0.02,7.03,24.68,7.33,12.01,13.26,1.8
Ahmedabad,11-07-2022,2,303.75,0.05,10.62,19.85,9.89,14.78,15.8,1.71
Ahmedabad,12-07-2022,1,297.07,0.03,8.31,23.6,8.82,7.46,8.17,1.68
Ahmedabad,13-07-2022,2,293.73,0.01,13.02,27.89,11.09,11.4,13.9,1.76
Ahmedabad,14-07-2022,3,500.68,0.03,18.68,22.71,18.36,21.77,24.2,3.39
Ahmedabad,15-07-2022,4,614.17,11.51,36.33,0.05,41.48,43.8,54.07,3.26
Ahmedabad,16-07-2022,3,280.38,0.08,17.31,17.34,32.42,20.51,24.99,1.41
Ahmedabad,17-07-2022,2,267.03,0.06,12.17,17.34,22.41,11.83,14.64,1.12
Ahmedabad,18-07-2022,2,433.92,0.31,14.57,9.66,10.01,15.25,19.21,3.7
Ahmedabad,19-07-2022,2,287.06,0.04,11.65,20.92,11.32,14.45,15.48,1.11
Ahmedabad,20-07-2022,2,310.42,0.09,9.68,17.34,9.3,13.35,14.29,1.66
Ahmedabad,22-07-2022,3,380.52,0.22,13.02,15.38,15.02,21.4,40.02,3.8
Ahmedabad,23-07-2022,2,460.62,0.29,17.99,10.64,15.5,16.03,19.19,3.07
Ahmedabad,24-07-2022,2,333.79,0.07,10.88,16.99,10.01,11.91,13.06,1.82
Ahmedabad,25-07-2022,2,333.79,0.34,12,9.21,10.61,12.9,14.64,2.18
Ahmedabad,26-07-2022,3,594.14,3.21,19.02,1.45,15.14,23.93,28.89,3.93
Ahmedabad,27-07-2022,4,694.27,5.76,21.08,0.43,16.45,30.68,39.22,4.62
Ahmedabad,28-07-2022,2,467.3,0.21,17.31,12.52,12.87,18.67,23.41,3.48
Ahmedabad,29-07-2022,4,600.81,0.3,23.31,15.2,19.07,28.54,35.05,4.62
Ahmedabad,30-07-2022,4,574.11,0.77,22.28,10.55,15.5,26.66,35.47,5.13
Ahmedabad,31-07-2022,3,514.03,0.04,16.45,20.74,11.8,21.48,27.66,3.51
Ahmedabad,01-08-2022,2,460.62,0.09,16.28,16.45,12.87,18.79,24.34,3.89
Ahmedabad,02-08-2022,4,567.44,0.03,18.68,22.71,16.21,25.09,30.14,5
Ahmedabad,03-08-2022,2,467.3,0.05,19.36,19.85,17.17,19.12,22.77,3.07
Ahmedabad,04-08-2022,5,1655.58,39.34,21.76,0,20.5,86.06,101.42,5.26
Ahmedabad,05-08-2022,5,1789.09,37.55,20.22,0,30.52,86.77,97.1,10.77
Ahmedabad,06-08-2022,2,587.46,5.03,19.36,0.6,19.07,19.01,22.79,3.7
Ahmedabad,07-08-2022,2,487.33,0.11,16.45,14.48,11.92,18.32,23.53,3.7
Ahmedabad,08-08-2022,5,767.71,13.08,31.87,0.02,47.68,52.85,60.15,5.07
Ahmedabad,09-08-2022,5,1388.55,42.47,50.04,0,87.74,115.16,122.53,4.88
Ahmedabad,10-08-2022,5,827.79,18.33,40.44,0,79.15,61.9,66.77,2.09
Ahmedabad,11-08-2022,4,534.06,6.2,32.22,0.09,34.81,36.23,44.58,2.44
Ahmedabad,12-08-2022,2,303.75,0.28,18.68,10.91,29.56,11.47,13.28,1.25
Ahmedabad,13-08-2022,2,303.75,0.23,12.51,11.27,11.44,10.33,12.47,2.15
Ahmedabad,14-08-2022,2,260.35,0.01,8.91,26.11,8.46,18.14,29.34,2.37
Ahmedabad,15-08-2022,2,397.21,0.17,14.05,13.23,9.78,15.17,19.22,3.17
Ahmedabad,16-08-2022,2,440.6,0.73,17.65,6.44,13.47,14.72,18.33,3.48
Ahmedabad,17-08-2022,1,300.41,0.25,10.88,11,9.66,7.04,7.95,1.58
Ahmedabad,18-08-2022,2,267.03,0.18,12.68,13.05,14.54,15.98,20.56,1.93
Ahmedabad,19-08-2022,2,377.18,0.18,15.77,13.41,12.87,14.9,18.43,2.94
Ahmedabad,20-08-2022,3,594.14,1.54,21.42,3.4,18.12,24.84,29.68,4.12
Ahmedabad,21-08-2022,2,360.49,0.25,11.82,10.55,10.73,15.09,18.71,2.94
Ahmedabad,22-08-2022,2,353.81,0.05,12.68,19.85,13.47,18.9,22.72,2.79
Ahmedabad,23-08-2022,3,260.35,0.06,7.37,19.49,7.87,16.22,37.14,1.6
Ahmedabad,24-08-2022,2,333.79,0.13,12.34,15.38,12.16,13.7,26.89,2.34
Ahmedabad,25-08-2022,2,467.3,1.66,16.45,3.35,11.92,18.36,26.61,3.83
Ahmedabad,26-08-2022,3,554.08,0.59,20.39,7.6,15.02,24.17,32.58,3.99
Ahmedabad,27-08-2022,5,1214.98,19.67,22.96,0.02,15.26,67.71,86.17,4.81
Ahmedabad,28-08-2022,5,1174.93,15.2,23.31,0.15,14.54,55.15,70.87,6.27
Ahmedabad,29-08-2022,4,694.27,2.88,21.93,2.06,11.44,30.16,41.96,4.94
Ahmedabad,30-08-2022,5,4325.87,104.61,24.33,0,32.42,279.99,326.77,14.95
Ahmedabad,31-08-2022,5,3471.37,74.21,46.61,0,35.29,325.98,366.02,11.02
Ahmedabad,01-09-2022,5,1255.04,10.73,34.62,0.4,15.74,62.24,78.71,4.18
Ahmedabad,02-09-2022,5,1815.8,41.57,31.19,0,28.37,116.76,145.06,7.54
Ahmedabad,03-09-2022,5,6034.85,182.39,31.87,0,43.39,376.69,431.38,17.23
Ahmedabad,04-09-2022,2,480.65,0.06,16.28,20.74,9.78,18.93,27.2,4.69
Ahmedabad,05-09-2022,2,473.98,0.01,14.91,28.97,11.56,17.71,28.08,5.26
Ahmedabad,06-09-2022,4,687.6,0.42,25.36,11.8,16.69,29.1,41.44,6.84
Ahmedabad,07-09-2022,5,1401.9,23.25,30.16,0.01,24.32,80.91,120.51,8.49
Ahmedabad,08-09-2022,5,1535.42,19.22,43.18,0.03,19.79,72.68,99.48,14.19
Ahmedabad,09-09-2022,5,1562.12,19.22,30.16,0.01,24.56,87.91,109.23,9.75
Ahmedabad,10-09-2022,4,814.44,0.01,28.79,39.34,36.72,46.54,49.79,0.82
Ahmedabad,11-09-2022,5,1241.68,0,29.47,38.27,19.31,77.18,85.3,6.9
Ahmedabad,12-09-2022,5,3417.97,52.75,44.55,0,37.19,213.64,240.43,14.19
Ahmedabad,13-09-2022,5,1001.36,2.35,41.13,3.26,30.28,68.24,71.3,2.75
Ahmedabad,14-09-2022,5,1789.09,35.76,25.02,0,38.15,96.23,108.94,8.49
Ahmedabad,15-09-2022,4,587.46,0.55,19.71,7.78,19.31,26.2,28.75,3.04
Ahmedabad,16-09-2022,3,417.23,0,12.34,33.97,13.35,24.7,26.21,2.22
Ahmedabad,17-09-2022,3,600.81,0.25,20.05,11.62,12.64,21.4,30.78,3.93
Ahmedabad,18-09-2022,3,390.53,0.16,12.51,13.77,11.21,20.78,30.92,2.94
Ahmedabad,19-09-2022,5,1121.52,16.32,20.56,0.01,15.26,52.92,77.76,6.84
Ahmedabad,20-09-2022,2,440.6,0.08,14.91,17.52,13.23,15.41,25.49,5.07
Ahmedabad,21-09-2022,2,487.33,0.07,16.79,19.85,12.52,17.4,26.96,5.13
Ahmedabad,22-09-2022,2,447.27,0.01,15.08,27.54,11.92,14.51,22.2,6.52
Ahmedabad,23-09-2022,1,287.06,0,8.57,43.99,8.94,6.58,10.37,3.61
Ahmedabad,24-09-2022,1,317.1,0,10.37,37.91,10.97,9.04,14.2,3.96
Ahmedabad,25-09-2022,2,453.95,0.01,15.77,26.82,9.66,17.07,27.05,4.81
Ahmedabad,26-09-2022,2,397.21,0.02,13.19,24.32,11.56,15.73,23.83,3.29
Ahmedabad,27-09-2022,4,700.95,1.45,26.05,4.2,15.97,34.38,49.82,4.94
Ahmedabad,28-09-2022,4,761.03,4.58,23.99,1.15,16.69,34.32,53.39,9.12
Ahmedabad,29-09-2022,5,1815.8,36.66,27.76,0,31.95,105.82,129.64,8.74
Ahmedabad,30-09-2022,5,6088.26,153.78,52.09,0,61.99,419.11,460.87,23.05
Ahmedabad,01-10-2022,5,2216.34,46.49,33.59,0,25.51,110.27,149.42,22.8
Ahmedabad,02-10-2022,1,337.12,0.01,10.37,25.75,8.7,7.75,12.06,6.27
Ahmedabad,03-10-2022,4,594.14,0.04,20.73,28.25,11.09,26.73,37.27,5.83
Ahmedabad,04-10-2022,5,3044.13,68.84,28.79,0,32.42,158.89,191.8,28.37
Ahmedabad,05-10-2022,4,787.73,0.02,33.93,24.32,16.69,34.47,52.5,15.33
Ahmedabad,06-10-2022,5,907.9,0.04,39.07,21.28,18.84,50.34,90.29,16.97
Ahmedabad,07-10-2022,5,4753.11,91.2,62.38,0,57.7,328.58,394.99,44.58
Ahmedabad,08-10-2022,4,1161.58,0,15.59,33.62,16.21,36.34,39.07,2.75
Ahmedabad,09-10-2022,5,1308.44,7.15,39.07,1.18,18.12,86.84,104.13,2.98
Ahmedabad,10-10-2022,3,433.92,0.25,16.96,11.35,14.19,20.2,31.11,3.58
Ahmedabad,11-10-2022,5,1361.85,24.14,24.68,0,20.74,73.3,101.22,6.52
Ahmedabad,12-10-2022,5,3177.64,58.11,36.33,0,27.18,235.61,309.76,13.3
Ahmedabad,13-10-2022,5,1922.61,23.25,32.56,0.01,22.41,130.45,178.17,22.8
Ahmedabad,14-10-2022,5,1895.9,18.78,39.76,0.05,21.93,122.54,160.76,26.09
Ahmedabad,15-10-2022,5,1895.9,19.45,38.73,0.05,23.6,135.99,185.42,24.57
Ahmedabad,16-10-2022,5,1615.52,10.95,38.73,0.34,22.17,122.06,165.9,25.84
Ahmedabad,17-10-2022,5,720.98,0,19.02,43.99,13.47,68.53,85.33,14.69
Ahmedabad,18-10-2022,5,1762.39,22.13,31.53,0.02,25.03,128.23,163.02,26.09
Ahmedabad,19-10-2022,5,2723.69,49.62,29.82,0,34.33,183.61,236.71,31.92
Ahmedabad,20-10-2022,5,3845.21,58.11,67.17,0,71.53,264.26,322.36,72.96
Ahmedabad,21-10-2022,5,1028.06,0.61,31.87,12.52,15.97,81.84,104.16,17.73
Ahmedabad,22-10-2022,4,433.92,0,11.31,69.38,10.61,31.23,39.31,10.51
Ahmedabad,23-10-2022,5,1388.55,19.45,23.65,0.01,20.98,87.76,122.21,22.8
Ahmedabad,24-10-2022,5,2029.42,28.61,47.3,0,29.09,126.3,171.29,31.16
Ahmedabad,25-10-2022,5,3685,54.09,83.63,0,61.04,235.08,296.07,49.14
Ahmedabad,26-10-2022,5,3898.62,69.74,51.41,0,52.93,263.97,339.25,31.66
Ahmedabad,27-10-2022,5,3017.43,32.63,86.37,0,76.29,223.28,320.3,68.9
Ahmedabad,28-10-2022,5,6729.13,92.98,156.28,0,93.46,593.55,661.1,51.17
Ahmedabad,29-10-2022,5,3124.24,51.41,69.92,0,34.33,209.9,290.17,40.53
Ahmedabad,30-10-2022,5,3177.64,51.41,70.6,0,72.48,227.67,297.44,93.22
Ahmedabad,31-10-2022,5,1762.39,14.19,52.09,0.14,33.86,137.2,197.64,57.76
Ahmedabad,01-11-2022,5,747.68,0,19.54,61.51,15.02,77.03,110.2,15.33
Ahmedabad,02-11-2022,5,2136.23,17.88,56.21,0.31,22.65,181.11,232.41,27.61
Ahmedabad,03-11-2022,5,1548.77,0.78,55.52,11.62,25.27,124.47,163.43,22.04
Ahmedabad,04-11-2022,5,2776,39.25,72.5,0,33.38,183.5,243,22.04
Ahmedabad,05-11-2022,5,2776,36.13,78.75,0,30.25,190.5,263,40.02
Ahmedabad,06-11-2022,5,2376.56,38.44,53.47,0,32.42,156.87,211.95,40.02
Ahmedabad,07-11-2022,5,5928.04,125.17,86.37,0,103,425.72,487.09,77.01
Ahmedabad,08-11-2022,5,3017.43,50.96,54.84,0,50.54,220.04,297.44,48.13
Ahmedabad,09-11-2022,5,6195.07,109.08,78.83,0,88.69,516.42,597.76,45.09
Ahmedabad,10-11-2022,5,2109.53,17.43,65.8,0.17,35.76,184.43,236.1,35.46
Ahmedabad,11-11-2022,5,1348.5,0.34,50.72,16.99,24.08,87.2,116.94,18.49
Ahmedabad,12-11-2022,5,1335.14,5.09,49.35,2.86,20.03,117.13,147.01,20.27
Ahmedabad,13-11-2022,5,1401.9,14.08,38.04,0.19,18.84,95.35,129.7,26.85
Ahmedabad,14-11-2022,5,1428.6,12.29,36.33,0.24,18.84,96.56,132.66,23.81
Ahmedabad,15-11-2022,5,2376.56,30.4,54.84,0.01,31.47,143.99,194.39,36.98
Ahmedabad,16-11-2022,5,2723.69,45.15,47.98,0,31.95,170.6,224.22,35.97
Ahmedabad,17-11-2022,5,1081.47,0.04,42.16,23.6,18.84,82.48,121.58,17.99
Ahmedabad,18-11-2022,5,1482.01,9.16,49.35,1.01,23.6,89.31,131.98,22.29
Ahmedabad,19-11-2022,5,1922.61,28.61,39.41,0.01,29.8,121.74,167.42,26.85
Ahmedabad,20-11-2022,5,2189.64,34.42,46.61,0,33.86,138.95,192.75,45.09
Ahmedabad,21-11-2022,5,2056.12,39.34,33.59,0,27.18,134.52,196.26,38
Ahmedabad,22-11-2022,5,2323.15,36.21,47.98,0,28.61,153.81,212.43,40.53
Ahmedabad,23-11-2022,5,2323.15,25.26,68.55,0.05,43.39,164.27,217.11,56.24
Ahmedabad,24-11-2022,5,1468.66,4.19,46.61,2.84,23.13,125.55,165.29,27.36
Ahmedabad,25-11-2022,5,1482.01,9.5,44.55,0.95,21.93,116.25,152.93,23.31
Ahmedabad,26-11-2022,5,687.6,0,21.25,56.51,19.79,52.94,68.57,15.83
Ahmedabad,27-11-2022,5,1762.39,23.69,45.24,0.02,22.41,116.94,156.44,36.48
Ahmedabad,28-11-2022,5,1548.77,12.63,47.3,0.26,20.27,110.57,144.99,34.45
Ahmedabad,29-11-2022,5,2643.59,30.85,82.94,0.01,35.29,169.05,209.86,44.08
Ahmedabad,30-11-2022,5,1148.22,1.15,36.67,8.85,20.98,95.7,120.55,22.04
Ahmedabad,01-12-2022,5,821.11,0,24.68,49.35,16.93,90.85,107.66,16.72
Ahmedabad,02-12-2022,5,907.9,0.02,26.73,31.47,17.17,102.14,122.65,17.99
Ahmedabad,03-12-2022,5,1014.71,0,33.24,56.51,19.55,103.97,122.65,17.23
Ahmedabad,04-12-2022,5,1241.68,1.37,48.67,10.82,15.74,97.42,116.51,17.99
Ahmedabad,05-12-2022,5,1308.44,3.21,47.3,3.22,19.79,107.93,128.12,20.27
Ahmedabad,06-12-2022,5,1068.12,0.02,35.64,27.18,18.84,114.93,135.52,18.75
Ahmedabad,07-12-2022,5,1094.82,0,34.96,38.62,17.4,122.89,138.62,15.33
Ahmedabad,08-12-2022,5,867.84,0,25.02,44.35,16.69,100.51,116.81,16.47
Ahmedabad,09-12-2022,5,774.38,0,24.33,42.56,17.4,61.83,79,16.21
Ahmedabad,11-12-2022,5,574.11,0,8.74,88.69,24.08,96.66,104.55,11.4
Ahmedabad,12-12-2022,5,1268.39,0.02,38.73,25.03,17.4,149.84,170.51,20.27
Ahmedabad,13-12-2022,5,1068.12,0,33.93,31.11,18.36,131.79,150.74,16.72
Ahmedabad,14-12-2022,4,447.27,0,9.42,73.67,13.23,35.46,40.09,8.36
Ahmedabad,15-12-2022,4,767.71,0.02,21.08,27.18,14.54,42.58,56.86,15.45
Ahmedabad,16-12-2022,5,1201.63,0.36,41.81,11.27,18.6,65.2,85.47,17.73
Ahmedabad,17-12-2022,5,867.84,0,29.82,46.49,18.12,67.43,82.3,14.82
Ahmedabad,18-12-2022,5,1041.41,0.11,38.39,16.27,16.93,56.58,72.47,17.23
Ahmedabad,19-12-2022,5,1976.01,26.38,52.78,0,28.13,148.65,190.39,46.1
Ahmedabad,20-12-2022,5,3177.64,72.42,48.67,0,40.53,203.46,263.73,45.09
Ahmedabad,21-12-2022,5,1441.96,11.29,56.89,0.26,29.56,88.62,111.3,21.79
Ahmedabad,22-12-2022,5,1188.28,3.05,60.32,3.71,24.32,73.44,97.68,17.99
Ahmedabad,23-12-2022,5,747.68,0,30.16,50.07,19.79,66.35,79.46,14.82
Ahmedabad,24-12-2022,5,801.09,0,25.02,71.53,18.6,98.93,121.64,14.95
Ahmedabad,25-12-2022,5,1482.01,5.09,52.09,1.27,18.6,140.47,167.85,22.29
Ahmedabad,26-12-2022,5,680.92,0,15.08,68.66,17.88,98.91,107.29,14.69
Ahmedabad,27-12-2022,5,1388.55,5.92,49.35,1.17,22.65,125.47,153.91,22.8
Ahmedabad,28-12-2022,5,2056.12,33.53,40.44,0,22.17,163.69,210.54,29.89
Ahmedabad,29-12-2022,5,1161.58,0.01,30.5,37.19,20.27,135.76,157.63,19.76
Ahmedabad,30-12-2022,5,1134.87,0.01,41.81,35.05,24.08,112.64,135.59,18.49
Ahmedabad,31-12-2022,5,854.49,0,34.62,37.91,16.93,76.89,111.74,15.45
Ahmedabad,01-01-2023,5,1535.42,16.76,47.3,0.02,17.88,107.17,141.36,26.09
Ahmedabad,02-01-2023,5,1842.5,24.14,35.3,0.01,19.07,163.21,203.9,30.65
Ahmedabad,03-01-2023,5,2002.72,28.61,34.62,0.01,25.51,186.03,228.58,29.64
Ahmedabad,04-01-2023,4,614.17,0,15.94,72.96,18.84,71.87,83.63,13.05
Ahmedabad,05-01-2023,5,560.76,0,9.17,128.75,21.93,86.01,93.2,7.79
Ahmedabad,06-01-2023,3,433.92,0,9.34,80.82,12.64,40.87,45.89,9.88
Ahmedabad,07-01-2023,4,500.68,0,11.31,73.67,10.97,52.39,59.81,10.77
Ahmedabad,08-01-2023,4,827.79,0.03,22.62,25.75,11.8,73.64,87.33,15.2
Ahmedabad,09-01-2023,5,1468.66,10.39,40.44,0.58,17.17,118.26,143,20.52
Ahmedabad,10-01-2023,5,2483.37,42.92,39.07,0,42.92,156.8,195.98,34.45
Ahmedabad,11-01-2023,5,1869.2,19,47.3,0.04,26.23,118.6,150.43,24.57
Ahmedabad,12-01-2023,4,654.22,0,21.08,47.21,15.14,58.92,101.91,12.03
Ahmedabad,13-01-2023,4,961.3,0.01,34.62,36.84,22.89,60.84,113.85,16.21
Ahmedabad,14-01-2023,5,814.44,0,30.5,52.21,19.07,76.15,103.52,13.93
Ahmedabad,15-01-2023,3,787.73,0.01,32.22,35.05,17.17,44.83,63.35,16.47
Ahmedabad,16-01-2023,5,1522.06,9.83,52.78,0.35,20.74,118.97,150.18,23.31
Ahmedabad,17-01-2023,5,1628.88,15.65,39.41,0.11,25.99,121.36,158.47,26.35
Ahmedabad,18-01-2023,5,1628.88,21.01,39.07,0.04,25.75,109.65,151.48,26.85
Ahmedabad,19-01-2023,4,947.95,0.05,30.85,26.46,20.03,67.91,87.02,19.76
Ahmedabad,20-01-2023,5,2082.82,31.74,42.16,0.01,23.6,153.46,199.99,31.66
Ahmedabad,21-01-2023,4,600.81,0,20.91,83.68,16.93,61.73,81.46,12.79
Ahmedabad,22-01-2023,4,473.98,0,12.34,94.41,12.16,52.28,68.1,9.25
Ahmedabad,23-01-2023,4,660.9,0,18.85,67.95,13.47,70.02,87.15,13.3
Ahmedabad,24-01-2023,5,747.68,0,17.99,76.53,15.5,102.17,119.53,13.43
Ahmedabad,25-01-2023,5,667.57,0,16.45,94.41,19.31,92.09,111.67,10.39
Ahmedabad,26-01-2023,3,594.14,0,19.36,81.54,19.31,48.51,70.64,11.27
Ahmedabad,27-01-2023,4,634.19,0,17.31,70.1,15.74,68.46,83.79,13.93
Ahmedabad,28-01-2023,5,594.14,0,9.34,115.87,15.14,75.18,82.68,9.63
Ahmedabad,29-01-2023,4,794.41,0,20.39,53.64,18.36,73.89,86.22,5.38
Ahmedabad,30-01-2023,5,4913.33,66.16,102.82,0,127.79,475.1,515,84.1
Ahmedabad,31-01-2023,4,787.73,0,28.45,55.07,17.17,65.14,91.71,13.55
Ahmedabad,01-02-2023,3,527.38,0,9.68,90.84,10.73,37.34,45.19,8.04
Ahmedabad,02-02-2023,4,554.08,0,13.02,86.55,12.64,51.62,63.55,12.03
Ahmedabad,03-02-2023,5,1121.52,0.23,34.62,18.06,19.55,83.75,110.48,21.28
Ahmedabad,04-02-2023,5,1201.63,0.08,37.01,23.25,24.32,116.36,144.48,20.27
Ahmedabad,05-02-2023,5,1762.39,32.63,27.42,0,23.37,131.62,176.68,35.46
Ahmedabad,06-02-2023,5,2616.88,41.13,63.75,0,27.89,201.75,243.79,32.93
Ahmedabad,07-02-2023,4,1255.04,1.72,54.84,6.79,19.31,73.31,121.23,16.09
Ahmedabad,08-02-2023,5,1735.69,8.94,55.52,0.47,26.46,133.23,197.27,26.09
Ahmedabad,09-02-2023,5,2830.51,61.69,47.98,0,52.45,181.86,278.97,76
Ahmedabad,10-02-2023,5,5340.58,47.83,106.93,0,91.55,418.6,456.76,38.5
Ahmedabad,11-02-2023,3,634.19,0.03,24.68,32.54,14.07,45.96,83.73,10.51
Ahmedabad,12-02-2023,4,854.49,0.01,33.24,35.05,14.78,63.18,99.86,16.47
Ahmedabad,13-02-2023,3,453.95,0,13.37,72.24,14.19,30.96,54.76,11.65
Ahmedabad,14-02-2023,5,1375.2,2.04,54.15,5.68,26.23,85.7,118.95,24.83
Ahmedabad,15-02-2023,5,1735.69,19.22,45.93,0.06,27.42,104.39,143.72,28.88
Ahmedabad,16-02-2023,5,1735.69,15.42,52.78,0.08,27.89,107.92,154.63,26.6
Ahmedabad,17-02-2023,5,1562.12,1.03,61.01,8.31,27.66,110.22,145.8,22.55
Ahmedabad,18-02-2023,5,1682.28,16.99,47.98,0.04,28.37,115.33,163.67,27.61
Ahmedabad,19-02-2023,5,2082.82,37.55,40.1,0,49.59,158.49,225.05,63.84
Ahmedabad,20-02-2023,5,1375.2,0.02,50.04,26.11,27.89,151.65,186.02,22.29
Ahmedabad,21-02-2023,4,1174.93,2.04,41.13,6.26,27.66,63.85,80.2,19.25
Ahmedabad,22-02-2023,5,1482.01,14.31,40.44,0.47,30.52,94.94,133.22,21.03
Ahmedabad,23-02-2023,4,1241.68,4.41,43.18,2.75,23.84,73.46,116.08,19
Ahmedabad,25-02-2023,5,2269.74,26.82,45.24,0.01,68.66,153.54,186.64,56.74
Ahmedabad,26-02-2023,3,627.52,0,25.02,63.66,15.5,43.83,68.26,12.29
Ahmedabad,27-02-2023,3,700.95,0,28.45,48.64,16.69,44.69,66.74,14.95
Ahmedabad,28-02-2023,5,1214.98,0.1,57.58,31.83,28.61,97.09,124.09,20.52
Ahmedabad,01-03-2023,5,1121.52,0,45.24,53.64,33.86,101.95,125.42,19
Ahmedabad,02-03-2023,4,841.14,0,33.59,43.99,20.74,67.51,94.5,15.33
Ahmedabad,03-03-2023,5,1949.31,14.53,67.86,0.13,42.92,127.02,171.18,28.37
Ahmedabad,04-03-2023,5,2376.56,21.9,74.03,0.03,51.5,149.09,176.75,24.07
Ahmedabad,05-03-2023,5,580.79,0,10.97,52.21,13.83,75.51,84.15,14.69
Ahmedabad,06-03-2023,5,827.79,0,22.62,41.13,19.07,76.49,95.73,14.57
Ahmedabad,07-03-2023,5,1241.68,0.1,37.01,18.6,30.28,97,123.41,19.51
Ahmedabad,08-03-2023,3,614.17,0,14.05,60.08,15.14,47.24,58.84,12.41
Ahmedabad,09-03-2023,3,480.65,0,9.08,81.54,12.76,28.6,38.2,8.36
Ahmedabad,10-03-2023,3,821.11,0.01,30.16,32.19,19.79,39.63,65.06,16.72
Ahmedabad,11-03-2023,3,767.71,0,24.33,36.48,18.12,39.29,61.25,16.72
Ahmedabad,12-03-2023,3,761.03,0,21.93,41.84,19.79,47.44,64.36,16.72
Ahmedabad,13-03-2023,4,881.2,0,27.76,38.98,19.55,61.05,81.31,17.23
Ahmedabad,14-03-2023,5,1815.8,0.91,59.63,7.51,42.44,115.38,140.56,25.33
Ahmedabad,15-03-2023,4,947.95,0,32.22,46.49,25.27,64.9,88.22,16.97
Ahmedabad,16-03-2023,5,827.79,0,23.99,60.8,24.8,88.39,122.72,12.03
Ahmedabad,17-03-2023,4,921.25,0,26.73,54.36,23.37,74.92,86.51,13.17
Ahmedabad,18-03-2023,5,1602.17,1.41,57.58,5.72,31.95,114.47,144.25,20.77
Ahmedabad,19-03-2023,5,1508.71,1.01,43.87,6.88,22.65,111.09,148.22,18.75
Ahmedabad,20-03-2023,5,3017.43,18.78,85,0.12,31.47,264.29,299.42,13.05
Ahmedabad,21-03-2023,5,1949.31,19.45,38.39,0.05,34.33,104.41,134.56,27.61
Ahmedabad,22-03-2023,2,487.33,0,14.05,48.64,12.4,23.29,33.76,7.85
Ahmedabad,23-03-2023,3,1068.12,3.16,33.93,2.37,22.65,44.51,65.08,17.73
Ahmedabad,24-03-2023,1,400.54,0,13.71,37.91,13.11,9.17,14.18,6.59
Ahmedabad,25-03-2023,2,340.46,0,10.11,97.27,11.68,13.38,31.66,4.75
Ahmedabad,26-03-2023,5,3017.43,36.66,63.75,0,55.31,167.55,211.36,37.49
Ahmedabad,27-03-2023,3,847.82,0.02,29.82,26.11,19.79,39.94,67.37,17.23
Ahmedabad,28-03-2023,4,1388.55,0.92,52.09,9.75,38.15,71.6,103.06,22.55
Ahmedabad,29-03-2023,5,5554.2,99.24,108.3,0,165.94,331.88,422.04,149.97
Ahmedabad,30-03-2023,3,660.9,0,22.28,55.79,22.17,40.32,81.66,12.41
Ahmedabad,31-03-2023,5,3845.21,78.68,43.53,0,51.02,242.02,283.2,37.49
Ahmedabad,01-04-2023,2,587.46,0,20.05,34.69,13.11,23.35,39.25,10.64
Ahmedabad,02-04-2023,3,1028.06,1.68,37.01,11.09,18.84,48.62,76.91,15.58
Ahmedabad,03-04-2023,2,460.62,0,13.02,50.07,11.09,19.21,32.07,9.12
Ahmedabad,04-04-2023,3,327.11,0,8.74,84.4,10.25,27.3,82.5,4.12
Ahmedabad,05-04-2023,4,1562.12,14.98,46.61,0.14,29.8,74.5,117.74,24.83
Ahmedabad,06-04-2023,4,1188.28,3.91,41.47,5.72,25.03,61.76,126.65,16.97
Ahmedabad,07-04-2023,3,827.79,0,35.64,34.69,25.27,32.33,53.95,16.47
Ahmedabad,08-04-2023,4,1134.87,1.93,47.3,4.96,32.9,72.88,136.85,18.75
Ahmedabad,09-04-2023,4,867.84,0,28.45,50.78,21.22,68.48,99.88,13.81
Ahmedabad,10-04-2023,5,1642.23,8.38,51.41,0.3,37.19,94.28,147.42,23.31
Ahmedabad,11-04-2023,5,1976.01,15.42,48.67,0.06,47.68,115.87,162.66,24.83
Ahmedabad,12-04-2023,2,487.33,0,16.45,49.35,15.02,24.65,45.3,8.74
Ahmedabad,13-04-2023,5,1642.23,14.98,44.55,0.06,44.35,78.54,114.22,26.35
Ahmedabad,14-04-2023,4,974.66,0.35,35.99,17.34,24.8,61.99,94.62,16.09
Ahmedabad,15-04-2023,4,1201.63,10.84,39.41,0.56,28.61,59.63,87.93,17.99
Ahmedabad,16-04-2023,2,347.14,0,10.11,65.8,13.47,21.67,33.91,5.57
Ahmedabad,17-04-2023,3,620.84,0.02,21.42,30.4,15.74,35.13,59.46,13.05
Ahmedabad,18-04-2023,4,1281.74,0.58,42.16,8.49,37.67,58.23,86.8,18.49
Ahmedabad,19-04-2023,5,2750.4,54.09,36.33,0,68.66,132.41,186.54,51.17
Ahmedabad,20-04-2023,2,343.8,0,9.17,54.36,10.13,12.72,29.04,5.07
Ahmedabad,21-04-2023,3,423.91,0,13.02,70.81,13.23,22.65,58.38,6.46
Ahmedabad,22-04-2023,3,400.54,0,12,75.82,11.8,27.44,66.62,6.59
Ahmedabad,23-04-2023,3,460.62,0,14.22,52.93,11.09,23.9,52.77,9.75
Ahmedabad,24-04-2023,5,1602.17,7.71,50.72,0.51,40.53,78.39,114.58,25.33
Ahmedabad,25-04-2023,2,574.11,0,19.88,92.98,19.07,24.81,35.36,12.03
Ahmedabad,26-04-2023,5,4005.43,44.7,82.25,0,103,238.97,286.67,61.81
Ahmedabad,27-04-2023,3,814.44,0.1,29.13,22.53,19.31,48.43,71.98,14.31
Ahmedabad,28-04-2023,2,467.3,0,15.08,52.93,15.02,22.77,36.34,8.23
Ahmedabad,29-04-2023,1,427.25,0,15.42,37.55,18.36,8.86,13.72,6.97
Ahmedabad,30-04-2023,3,854.49,0.07,25.36,17.17,18.12,31.16,39.25,13.93
Ahmedabad,01-05-2023,4,1174.93,5.25,29.82,0.88,18.36,50.26,63.83,15.45
Ahmedabad,02-05-2023,2,453.95,0,15.08,45.06,15.5,13.02,18.66,7.47
Ahmedabad,03-05-2023,4,1468.66,6.15,71.29,0.33,60.56,72.93,89.48,18.49
Ahmedabad,04-05-2023,5,1976.01,2.63,69.23,2.5,47.68,126.96,163.14,25.59
Ahmedabad,05-05-2023,2,494,0,12.34,56.51,14.66,24.98,39.02,7.16
Ahmedabad,06-05-2023,3,734.33,0,21.76,32.54,16.93,47.46,67.3,11.53
Ahmedabad,07-05-2023,3,547.41,0,18.16,55.79,21.46,33.87,47.98,8.49
Ahmedabad,08-05-2023,3,453.95,0,10.97,52.93,10.25,29.69,46.59,7.92
Ahmedabad,09-05-2023,3,734.33,0.01,23.65,26.46,17.88,36.15,57.43,13.81
Ahmedabad,10-05-2023,3,961.3,0.03,41.13,19.67,27.18,43.55,89.74,18.24
Ahmedabad,11-05-2023,5,2243.04,34.87,53.47,0,53.88,102.27,162.56,29.89
Ahmedabad,12-05-2023,4,1255.04,4.64,47.3,1.68,31.47,52.66,89.24,19.76
Ahmedabad,13-05-2023,2,567.44,0,18.85,46.49,12.4,22.29,35.64,8.61
Ahmedabad,14-05-2023,2,297.07,0,7.2,50.07,7.75,11.82,30.75,4.69
Ahmedabad,15-05-2023,3,327.11,0,6.08,45.78,7.27,15.86,64.5,2.85
Ahmedabad,16-05-2023,2,303.75,0,8.23,37.19,10.85,11.01,36.75,3.32
Ahmedabad,17-05-2023,2,327.11,0,6.94,50.07,8.82,13.26,48.3,2.82
Ahmedabad,18-05-2023,2,327.11,0,8.23,42.56,9.42,10.89,29.67,3.89
Ahmedabad,19-05-2023,3,340.46,0,9.94,36.12,11.21,16.13,63.05,4.88
Ahmedabad,20-05-2023,3,440.6,0,14.74,38.27,10.97,21.32,57.88,8.74
Ahmedabad,21-05-2023,3,350.48,0,10.28,42.92,9.78,18.87,53.68,6.71
Ahmedabad,22-05-2023,3,313.76,0,7.97,45.06,8.58,16.86,65.63,4.88
Ahmedabad,23-05-2023,3,390.53,0,12.34,38.27,13.35,18.04,68.64,6.46
Ahmedabad,24-05-2023,3,307.08,0,8.74,45.06,9.89,18.49,73.56,3.86
Ahmedabad,25-05-2023,3,283.72,0,6.51,42.92,7.63,12.62,63.86,2.66
Aizawl,30-11-2020,1,213.62,0.04,0.31,64.37,0.69,4.93,5.5,0.82
Aizawl,01-12-2020,3,447.27,0.04,23.99,4.34,4.53,20.23,26.4,13.68
Aizawl,02-12-2020,2,387.19,0.52,18.68,1.33,2.77,18.55,23.94,7.73
Aizawl,03-12-2020,3,433.92,0.64,22.96,1.74,4.47,23.22,28.52,13.43
Aizawl,04-12-2020,4,480.65,1.36,25.02,0.91,4.29,37.69,43.85,13.3
Aizawl,05-12-2020,4,480.65,0.01,27.08,7.96,4.89,45.32,51.84,14.06
Aizawl,06-12-2020,4,400.54,0,16.11,20.74,4.29,45.57,50.81,12.67
Aizawl,07-12-2020,5,453.95,0,15.25,31.11,4.53,81.22,87.45,11.4
Aizawl,08-12-2020,5,440.6,0.01,11.82,11.44,3.73,109.42,117.55,7.92
Aizawl,09-12-2020,5,507.36,0,14.05,16.27,4.53,111.06,118.87,10.26
Aizawl,10-12-2020,5,363.83,0.03,8.74,7.96,2.33,83.59,90.47,5.95
Aizawl,11-12-2020,5,467.3,0.45,17.48,2.21,4.11,81.93,89.48,11.02
Aizawl,12-12-2020,5,407.22,0.27,13.2,3.22,3.46,68.71,75.87,8.87
Aizawl,13-12-2020,5,343.8,0.01,8.4,8.05,2.62,53.82,57.33,7.92
Aizawl,14-12-2020,5,383.85,0.03,9.94,6.08,1.43,66.61,72.06,5.51
Aizawl,15-12-2020,5,353.81,0.23,10.45,2.95,2.06,59.65,65.96,5.95
Aizawl,16-12-2020,4,387.19,0.69,15.25,1.77,1.48,37.73,43.6,4.5
Aizawl,17-12-2020,4,363.83,0.06,9.94,5.41,2.33,37.57,43.48,5.89
Aizawl,18-12-2020,4,447.27,0.01,13.71,12.34,3.76,37.41,42.84,8.04
Aizawl,19-12-2020,4,407.22,0.09,15.77,5.41,3.82,38.37,44.27,9.75
Aizawl,20-12-2020,4,313.76,0.22,12,2.41,2.18,30.99,36.09,7.16
Aizawl,21-12-2020,2,390.53,0,20.22,13.41,3.52,18.8,23.77,13.17
Aizawl,22-12-2020,4,507.36,1.82,25.02,0.49,4.89,30.98,36.75,14.69
Aizawl,23-12-2020,4,554.09,0.62,27.76,1.45,5.19,36.66,42.49,15.33
Aizawl,24-12-2020,4,473.98,0.95,16.97,1.04,3.93,38.76,44.97,10.89
Aizawl,25-12-2020,4,433.92,3.47,14.22,0.36,3.55,31.48,37.61,9.63
Aizawl,26-12-2020,4,350.48,3.74,9,0.27,2.18,29.66,35.89,5.57
Aizawl,27-12-2020,4,320.44,0.08,10.71,4.11,1.73,38.78,44.07,6.27
Aizawl,28-12-2020,4,360.49,0.07,15.77,4.34,2.86,29.2,34.28,10.39
Aizawl,29-12-2020,4,410.56,2.91,17.48,0.34,3.79,25.04,31.54,11.15
Aizawl,30-12-2020,4,320.44,1.26,10.8,1.04,1.45,29.49,36.12,3.77
Aizawl,31-12-2020,4,494,0.36,28.45,2.1,5.25,28.44,35.05,15.07
Aizawl,01-01-2021,3,447.27,1.01,24.68,0.82,4.35,22.32,27.82,12.92
Aizawl,02-01-2021,4,494,2.63,23.31,0.31,4.53,31.95,37.72,13.68
Aizawl,03-01-2021,4,427.25,0.02,19.54,5.63,3.16,32.33,37.13,12.67
Aizawl,04-01-2021,3,373.84,0.27,18.17,2.03,3.04,23.26,27.87,11.78
Aizawl,05-01-2021,3,380.52,2.21,12.85,0.31,4.05,24.06,30.15,9.75
Aizawl,06-01-2021,4,390.53,0.33,16.97,2.3,3.13,25.07,30.9,8.87
Aizawl,07-01-2021,4,440.6,0.04,19.54,5.59,4.83,27.46,33.37,12.79
Aizawl,08-01-2021,5,447.27,0,19.19,15.2,4.71,52.29,57.84,11.65
Aizawl,09-01-2021,4,403.88,0.1,17.99,4.56,3.31,46.39,52.29,9.5
Aizawl,10-01-2021,4,287.06,0.05,6.34,3.76,1.13,39,44.04,3.96
Aizawl,11-01-2021,5,317.1,0.05,3.94,4.6,0.54,105.23,111.59,0.78
Aizawl,12-01-2021,5,634.19,0,23.65,19.85,5.84,111.54,118.32,13.43
Aizawl,13-01-2021,5,397.21,0.02,9.85,7.78,1.34,55.97,62.09,3.2
Aizawl,14-01-2021,5,433.92,0,13.02,19.49,3.93,55.18,61.77,8.87
Aizawl,15-01-2021,5,433.92,0.02,12.34,10.55,3.61,80.61,88.5,7.85
Aizawl,16-01-2021,5,567.44,0,21.59,30.04,6.74,80.56,88.28,13.81
Aizawl,17-01-2021,5,377.18,0,8.31,17.7,2.77,81.41,88.02,7.03
Aizawl,18-01-2021,5,433.92,0.01,12.68,11.62,3.93,71.43,77.87,11.4
Aizawl,19-01-2021,5,343.8,0.11,8.23,3.22,1.16,55.28,61.74,2.09
Aizawl,20-01-2021,5,333.79,0.19,5.36,3.58,0.4,68.66,74.11,0.46
Aizawl,21-01-2021,5,403.88,0,2.53,43.27,1.12,105.97,107.76,0.23
Aizawl,22-01-2021,5,547.41,0,19.02,14.48,3.99,98.85,106.33,10.39
Aizawl,23-01-2021,5,507.36,0,16.79,13.23,4.41,76.56,83.67,11.02
Aizawl,24-01-2021,5,403.88,0.01,10.28,10.82,3.28,67.82,73.81,9.63
Aizawl,25-01-2021,5,373.84,0,10.11,12.7,2.83,61.08,67.21,8.36
Aizawl,26-01-2021,5,460.63,0,18.17,21.1,4.83,56.78,68.94,12.29
Aizawl,27-01-2021,4,327.11,0.02,8.57,9.3,1.58,46.39,60.09,3.99
Aizawl,28-01-2021,4,310.42,0.07,7.88,8.94,2.09,45.87,52.49,6.71
Aizawl,29-01-2021,4,417.23,0.22,16.79,2.95,3.55,49.76,58.87,9.75
Aizawl,30-01-2021,4,423.91,0.13,17.31,2.77,2.18,36.22,42.96,4.62
Aizawl,31-01-2021,5,360.49,0.02,5.83,6.62,1.59,64.03,69.58,4.12
Aizawl,01-02-2021,5,427.25,0,11.65,12.88,3.4,65.39,72.13,9.37
Aizawl,02-02-2021,5,387.19,0.1,8.05,3.31,0.94,72.37,80.22,2.15
Aizawl,03-02-2021,5,380.52,0.07,9.08,5.14,1.27,76.4,83.94,3.17
Aizawl,04-02-2021,5,540.73,0,22.28,13.41,5.19,64.87,72.89,14.31
Aizawl,05-02-2021,4,534.06,0,25.02,14.13,5.19,47.02,54.34,14.69
Aizawl,06-02-2021,4,500.68,0.01,27.08,9.03,4.71,34.22,40.77,14.82
Aizawl,07-02-2021,4,323.77,0,7.37,13.77,2.15,32.43,37.65,6.4
Aizawl,08-02-2021,4,263.69,0.07,5.27,3.71,0.63,36.11,40.64,1.74
Aizawl,09-02-2021,4,337.12,0.06,8.48,6.88,1.88,29.86,35.9,4.75
Aizawl,10-02-2021,4,500.68,0,17.48,18.42,4.89,42.4,49.3,12.79
Aizawl,11-02-2021,4,433.92,0.06,16.45,4.6,3.01,36.5,43.74,9.12
Aizawl,12-02-2021,5,453.95,0,10.11,16.81,3.49,99.84,109.11,6.46
Aizawl,13-02-2021,5,540.73,0,17.82,26.11,5.9,101.75,111.37,12.67
Aizawl,14-02-2021,5,393.87,0,7.54,16.09,2.3,89.36,97.38,6.78
Aizawl,15-02-2021,5,340.46,0.01,7.11,10.64,1.68,50.4,57,5.32
Aizawl,16-02-2021,5,494,0,13.02,27.54,4.11,80.91,89.38,10.89
Aizawl,17-02-2021,5,467.3,0,14.4,20.21,3.73,67.27,75.03,10.01
Aizawl,18-02-2021,5,500.68,0,21.42,29.33,5.19,58.05,65.3,13.43
Aizawl,19-02-2021,4,467.3,0,19.71,13.59,4.77,48.96,55.98,12.03
Aizawl,20-02-2021,5,580.79,0,23.31,18.42,6.2,63.35,71.14,15.58
Aizawl,21-02-2021,5,427.25,0,8.4,8.58,3.13,68.55,75.69,8.74
Aizawl,22-02-2021,5,363.83,0.02,6.17,7.96,1.42,65.27,71.47,4.24
Aizawl,23-02-2021,4,377.18,0.06,7.88,4.34,1.31,47.01,53.28,4.12
Aizawl,24-02-2021,4,460.63,0,9.68,21.28,4.35,47.03,53.69,9.88
Aizawl,25-02-2021,5,427.25,0.06,5.74,4.29,0.82,123.91,133.55,1.69
Aizawl,26-02-2021,5,467.3,0.03,6.51,8.05,1.73,146.88,159.43,3.71
Aizawl,27-02-2021,5,383.85,0.03,5.74,7.15,0.86,118.1,129.19,1.47
Aizawl,28-02-2021,5,337.12,0,3.34,29.68,1.77,102.15,108.92,0.75
Aizawl,01-03-2021,5,310.42,0,3.13,18.42,0.71,70.17,77.97,1.19
Aizawl,02-03-2021,5,383.85,0.03,4.63,6.44,0.77,90.79,101.85,1.85
Aizawl,03-03-2021,5,467.3,0,16.11,8.85,4.71,69.9,92.34,11.15
Aizawl,04-03-2021,5,433.92,0.02,5.01,5.99,0.72,78.49,93.56,1.22
Aizawl,05-03-2021,5,377.18,0,3.26,35.76,1.16,68.03,78.39,1.27
Aizawl,06-03-2021,5,400.54,0,2.91,46.49,1.67,91.3,103.94,0.63
Aizawl,07-03-2021,4,330.45,0,6.17,17.52,2.68,46.34,53.91,7.03
Aizawl,08-03-2021,5,337.12,0.01,7.8,7.96,2.83,61.25,73.43,7.16
Aizawl,09-03-2021,5,487.33,0,13.37,8.14,2.56,81.85,95.25,5.76
Aizawl,10-03-2021,5,373.84,0.02,4.71,6.8,0.77,72.02,85.93,1.87
Aizawl,11-03-2021,5,507.36,0.01,11.48,5.63,3.1,81.86,95.47,7.35
Aizawl,12-03-2021,5,607.49,0,19.02,21.99,5.07,74.68,88.53,12.54
Aizawl,13-03-2021,5,383.85,0.01,7.03,5.23,1.3,76.12,101.78,3.74
Aizawl,14-03-2021,5,480.65,0,5.01,41.49,2.77,107.46,125.11,6.97
Aizawl,15-03-2021,5,534.06,0,5.91,48.64,3.73,80.34,85.82,8.87
Aizawl,16-03-2021,5,827.79,0,8.23,57.22,4.53,136.97,146.1,10.51
Aizawl,17-03-2021,5,393.87,0,6.34,18.24,2.03,79.22,94.73,4.75
Aizawl,18-03-2021,5,467.3,0,8.57,35.76,3.87,82.17,112.5,8.49
Aizawl,19-03-2021,5,427.25,0,8.74,29.33,3.93,79.1,121,8.49
Aizawl,20-03-2021,5,343.8,0,6.34,16.09,1.68,76.19,111.98,4.69
Aizawl,21-03-2021,5,540.73,0,5.48,35.76,2.27,139.15,183.63,6.97
Aizawl,22-03-2021,5,420.57,0,6.26,33.62,2.95,98.34,118.89,7.16
Aizawl,23-03-2021,5,410.56,0,6.6,22.35,2.3,73.89,90.46,5.51
Aizawl,24-03-2021,5,660.9,0,9.43,38.27,5.19,112.86,132.95,9.88
Aizawl,25-03-2021,5,520.71,0,5.48,35.41,4.77,126.61,146.76,5.7
Aizawl,26-03-2021,5,527.38,0,8.4,12.88,3.4,104.61,123.17,7.09
Aizawl,27-03-2021,5,357.15,0,9,12.88,2.65,53.75,78.72,6.08
Aizawl,28-03-2021,5,433.92,0,7.63,45.78,4.11,73.37,99.51,9.12
Aizawl,29-03-2021,5,370.5,0,8.48,19.13,3.67,51.47,78.44,10.26
Aizawl,30-03-2021,5,594.14,0.01,5.4,8.85,1.54,158.88,180.85,3.61
Aizawl,31-03-2021,5,560.76,0,2.91,52.93,0.64,98.07,114.54,0.29
Aizawl,01-04-2021,5,487.33,0,2.66,65.8,1.04,55.7,77.78,0.74
Aizawl,02-04-2021,4,367.17,0,2.91,36.48,1.48,26.98,44.51,0.42
Aizawl,03-04-2021,4,433.92,0.01,10.97,6.35,2.74,33.59,48.93,5.51
Aizawl,04-04-2021,4,290.39,0.01,4.28,11.18,1.21,32.69,47.94,3.93
Aizawl,05-04-2021,5,370.5,0,6.43,39.7,3.52,54.61,72.59,8.61
Aizawl,06-04-2021,4,520.71,0,19.54,14.84,5.13,47.56,60.21,13.17
Aizawl,07-04-2021,5,654.22,0,12.85,29.68,4.77,87.05,99.41,11.02
Aizawl,08-04-2021,5,500.68,0.01,6,6.97,0.9,105.89,118.45,2.25
Aizawl,09-04-2021,5,473.98,0.03,4.33,5.32,0.73,60.29,71.24,0.81
Aizawl,10-04-2021,5,534.06,0.04,5.44,2.95,0.72,70.22,85.05,1.06
Aizawl,11-04-2021,4,403.88,0,6.08,7.78,1.39,46.63,60.4,3.14
Aizawl,12-04-2021,5,554.09,0,12,20.92,4.53,66.17,80.01,13.3
Aizawl,13-04-2021,5,587.46,0,13.88,16.81,5.42,88.49,107.88,12.41
Aizawl,14-04-2021,5,507.36,0,8.74,10.01,1.61,72.89,87.35,3.55
Aizawl,15-04-2021,5,400.54,0.02,5.91,5.19,1.1,60.31,74.77,2.47
Aizawl,16-04-2021,5,447.27,0.08,6.17,2.1,1.3,54.8,69.07,3.1
Aizawl,17-04-2021,4,343.8,0.03,5.48,3.31,1.31,28.61,39.57,3.17
Aizawl,18-04-2021,4,487.33,0,10.97,14.13,3.31,44.92,52.91,10.13
Aizawl,19-04-2021,4,367.17,0,2.51,23.6,0.6,40.47,45.92,0.78
Aizawl,20-04-2021,3,337.12,0,2.14,28.61,0.81,21.19,26.41,0.61
Aizawl,21-04-2021,4,370.5,0.03,4.2,5.23,0.81,37.84,47.69,1.71
Aizawl,22-04-2021,5,420.57,0.03,7.63,3.76,2.27,60.85,78.47,5.57
Aizawl,23-04-2021,5,397.21,0.01,3.68,8.85,0.66,51.02,61.25,0.67
Aizawl,24-04-2021,5,370.5,0.01,4.5,9.39,0.69,57.1,72.56,1.84
Aizawl,25-04-2021,4,353.81,0,5.74,23.6,2.21,43.67,53.84,6.78
Aizawl,26-04-2021,5,383.85,0,6.26,19.31,2.56,76.36,113.4,6.9
Aizawl,27-04-2021,5,527.38,0,11.82,14.84,5.01,108.89,146.83,10.77
Aizawl,28-04-2021,5,433.92,0,7.37,8.23,1.76,65.55,97.17,4.24
Aizawl,29-04-2021,5,453.95,0.01,13.37,6.62,3.64,65.39,90.42,9.25
Aizawl,30-04-2021,5,377.18,0.08,4.16,2.57,0.6,55.07,66.18,0.79
Aizawl,01-05-2021,5,473.98,0,2.55,43.63,1.59,80.85,90.14,2.5
Aizawl,02-05-2021,5,410.56,0,4.88,3.67,0.6,85.61,94.36,1.08
Aizawl,03-05-2021,4,317.1,0,1.8,14.31,0.45,29.53,32.29,0.37
Aizawl,04-05-2021,4,433.92,0,7.71,8.85,2.8,28.52,31.96,6.14
Aizawl,05-05-2021,2,347.14,0.34,6.08,0.79,1.76,17.74,20.85,3.8
Aizawl,06-05-2021,3,527.38,0.01,17.31,2.68,3.58,24.48,29.03,10.64
Aizawl,07-05-2021,3,353.81,0.07,3.98,1.77,0.88,23.29,25.52,1.65
Aizawl,08-05-2021,3,373.84,0,3.21,7.33,0.68,20.43,24.41,0.87
Aizawl,09-05-2021,3,447.27,0,12.68,5.59,3.04,21.28,25.5,10.64
Aizawl,10-05-2021,2,313.76,0,1.56,12.16,0.38,14.47,15.98,0.55
Aizawl,11-05-2021,1,303.75,0.01,2.74,7.96,0.65,9.85,12.58,0.69
Aizawl,12-05-2021,2,323.77,0.08,2.74,0.83,0.69,16.63,19.04,1.08
Aizawl,13-05-2021,2,303.75,0.17,2.79,1.5,0.43,11.58,14.02,0.55
Aizawl,14-05-2021,1,320.44,0.46,2.4,0.37,0.66,8.65,10.9,1.27
Aizawl,15-05-2021,1,290.39,0,2.01,27.54,0.97,9.07,10.03,0.32
Aizawl,16-05-2021,2,267.03,0,1.61,12.52,0.51,12.74,15.84,0.59
Aizawl,17-05-2021,4,333.79,0.02,6.77,1.65,1.33,26.84,34.55,4.37
Aizawl,18-05-2021,2,320.44,0.04,3.68,3.17,0.7,12.75,18.53,0.86
Aizawl,19-05-2021,1,243.66,0,2.4,15.74,1.19,5.18,8.76,0.46
Aizawl,20-05-2021,1,240.33,0,2.87,10.37,1.07,3.71,5.7,0.4
Aizawl,21-05-2021,1,250.34,0,3.13,21.82,1.33,7.46,11.75,0.45
Aizawl,22-05-2021,2,307.08,0.01,3.56,7.33,0.71,10.59,14.54,0.91
Aizawl,23-05-2021,1,310.42,0.01,3.6,4.83,1.39,9.74,12.95,1.81
Aizawl,24-05-2021,1,250.34,0.04,2.49,0.76,0.5,5.58,6.39,0.51
Aizawl,25-05-2021,1,287.06,0,2.66,3.22,0.72,6.72,8.7,0.5
Aizawl,26-05-2021,1,250.34,0.1,1.97,0.86,0.35,3.36,3.88,0.48
Aizawl,27-05-2021,1,263.69,1.16,2.7,0.14,0.61,8.04,13.34,1.17
Aizawl,28-05-2021,2,370.5,0.16,6.51,1.16,2.3,18.46,24.77,5.38
Aizawl,29-05-2021,2,313.76,0,2.38,11,0.75,11.71,14.82,0.82
Aizawl,30-05-2021,1,267.03,0,1.69,13.23,0.56,9.71,12.27,0.71
Aizawl,31-05-2021,2,243.66,0,1.37,32.54,0.67,11.59,14.64,0.4
Aizawl,01-06-2021,1,253.68,0,2.04,26.11,0.63,8.04,9.94,0.52
Aizawl,02-06-2021,1,223.64,0,1.46,17.88,0.37,2.61,2.82,0.29
Aizawl,03-06-2021,1,247,0,1.54,13.77,0.41,3.56,4.22,0.34
Aizawl,04-06-2021,1,270.37,0,1.91,29.68,0.91,4.63,5.17,0.29
Aizawl,05-06-2021,1,240.33,0,2.01,14.84,0.54,2.74,3.26,0.33
Aizawl,06-06-2021,1,210.29,0,1.21,11.44,0.31,2.01,2.27,0.28
Aizawl,07-06-2021,1,216.96,0,1.69,11.27,0.49,2.26,2.44,0.22
Aizawl,08-06-2021,1,198.6,0,1.35,10.19,0.35,1.03,1.3,0.26
Aizawl,09-06-2021,1,223.64,0.03,1.97,2.35,0.48,3.85,5.47,0.52
Aizawl,10-06-2021,2,357.15,0.75,2.59,0.22,0.69,14.86,16.5,1.09
Aizawl,11-06-2021,1,267.03,0.04,1.69,1.43,0.4,5.34,6.55,0.55
Aizawl,12-06-2021,2,283.72,0.57,3.51,0.16,1.12,10.21,13.3,2.91
Aizawl,13-06-2021,1,240.33,1.29,3.17,0.03,0.48,4.44,5.01,1.47
Aizawl,14-06-2021,1,220.3,0.56,2.1,0.1,0.84,5.37,9.09,2.44
Aizawl,15-06-2021,1,230.31,0.05,2.19,3.04,0.45,3.61,5.94,0.59
Aizawl,16-06-2021,1,233.65,0,1.24,16.45,0.31,2.91,3.42,0.29
Aizawl,17-06-2021,1,247,0.02,1.74,5.68,0.38,4.45,5.77,0.45
Aizawl,18-06-2021,2,317.1,2.52,1.59,0.06,0.57,12.62,15.04,0.74
Aizawl,19-06-2021,1,247,0.72,3.81,0.69,0.34,6.03,8.83,0.36
Aizawl,20-06-2021,1,230.31,0,1.24,11.18,0.26,4.14,4.41,0.27
Aizawl,21-06-2021,1,210.29,0.01,1.22,7.24,0.29,4.04,4.84,0.37
Aizawl,22-06-2021,1,267.03,0.18,2.44,1.11,0.86,8.99,12.45,1.82
Aizawl,23-06-2021,1,247,0.02,1.8,5.19,0.47,6,7.12,0.52
Aizawl,24-06-2021,1,247,0,1.71,11.8,0.39,3.28,3.52,0.31
Aizawl,25-06-2021,1,236.99,0,1.91,10.46,0.4,1.28,1.58,0.34
Aizawl,26-06-2021,1,236.99,0.01,1.65,8.23,0.44,3.14,3.94,0.47
Aizawl,27-06-2021,1,230.31,0,1.17,11,0.37,2.13,2.51,0.37
Aizawl,28-06-2021,1,260.35,0,1.11,21.1,0.44,2.76,2.93,0.27
Aizawl,29-06-2021,1,220.3,0,1.13,17.7,0.32,2.31,2.49,0.24
Aizawl,30-06-2021,1,213.62,0,1.15,16.81,0.32,3.17,3.35,0.23
Aizawl,01-07-2021,1,206.95,0,0.98,18.06,0.28,2.32,2.45,0.21
Aizawl,02-07-2021,1,191.93,0,0.96,17.52,0.27,0.99,1.1,0.18
Aizawl,03-07-2021,1,201.94,0,1.08,15.91,0.26,1.91,2.14,0.23
Aizawl,04-07-2021,1,205.28,0,0.91,12.52,0.25,2.93,3.43,0.32
Aizawl,05-07-2021,1,200.27,0.04,1.31,2.59,0.31,2.33,3.74,0.5
Aizawl,06-07-2021,1,243.66,0,1.63,8.85,0.41,2.4,3.08,0.39
Aizawl,07-07-2021,1,240.33,0,1.67,11.44,0.4,2.23,2.59,0.32
Aizawl,08-07-2021,1,226.97,0.01,1.8,3.04,0.36,3.34,4.01,0.34
Aizawl,09-07-2021,1,253.68,0.1,2.21,1.42,0.51,5.23,6.9,0.6
Aizawl,10-07-2021,1,280.38,0.38,2.53,0.25,0.49,7.05,7.61,0.54
Aizawl,11-07-2021,1,270.37,0.22,2.01,0.4,0.47,7.52,9.13,0.71
Aizawl,12-07-2021,1,263.69,0.99,2.68,0.18,0.33,6.36,6.65,0.42
Aizawl,13-07-2021,1,263.69,0.05,1.84,1.02,0.4,4.11,4.7,0.4
Aizawl,14-07-2021,1,220.3,0.01,1.44,5.72,0.38,1.59,1.86,0.31
Aizawl,15-07-2021,1,320.44,0.27,3.13,1.52,0.62,9.73,13.58,0.61
Aizawl,16-07-2021,1,257.02,0.18,3.34,1.88,0.41,5.55,6.21,0.4
Aizawl,17-07-2021,1,247,0.08,2.14,1.42,0.51,5.3,6.33,0.59
Aizawl,18-07-2021,1,257.02,0.04,1.84,1.86,0.51,7.36,8.17,0.89
Aizawl,19-07-2021,1,230.31,0.01,1.67,3.17,0.69,3.14,3.73,0.4
Aizawl,20-07-2021,1,247,0.01,1.97,4.07,0.41,4.05,4.92,0.46
Aizawl,21-07-2021,1,260.35,0.01,1.95,4.96,0.48,5.2,6.11,0.46
Aizawl,22-07-2021,1,323.77,0.05,4.11,1.65,0.74,7,7.58,0.71
Aizawl,23-07-2021,1,303.75,2.54,4.76,0.03,1.76,9.37,11.79,4.37
Aizawl,24-07-2021,1,240.33,0.45,1.97,0.49,0.53,5.45,9.06,1.03
Aizawl,25-07-2021,1,210.29,0.01,1.24,6.62,0.3,2.62,3.62,0.38
Aizawl,26-07-2021,1,220.3,0.04,1.37,3.22,0.37,4.38,6.1,0.56
Aizawl,27-07-2021,2,310.42,0.06,2.42,1.52,0.57,10.5,11.26,0.61
Aizawl,28-07-2021,1,253.68,0.04,2.91,2.71,0.31,3.4,4.51,0.28
Aizawl,29-07-2021,1,257.02,1.59,1.56,0.05,0.53,8.25,11.39,0.96
Aizawl,30-07-2021,1,257.02,0.12,2.27,1.13,0.37,7.34,9.32,0.46
Aizawl,31-07-2021,1,243.66,0,1.25,16.27,0.34,5.22,5.86,0.31
Aizawl,01-08-2021,1,226.97,0.01,1.11,5.9,0.28,1.98,2.55,0.37
Aizawl,02-08-2021,1,226.97,0,1.04,9.12,0.23,4.66,5,0.28
Aizawl,03-08-2021,1,243.66,0.08,1.69,1.41,0.43,7.51,8.88,0.54
Aizawl,04-08-2021,1,253.68,0.08,2.61,2.26,0.72,8.74,11.71,1.54
Aizawl,05-08-2021,1,310.42,0.02,2.19,2.24,0.69,9.78,10.68,0.64
Aizawl,06-08-2021,1,303.75,0.01,1.65,5.19,0.48,7.26,7.99,0.51
Aizawl,07-08-2021,2,353.81,0,1.41,17.88,0.32,17.8,18.02,0.25
Aizawl,08-08-2021,1,220.3,0,1.04,13.59,0.26,4.41,5.03,0.32
Aizawl,09-08-2021,1,240.33,0,1.1,14.48,0.31,5.78,6.17,0.32
Aizawl,10-08-2021,1,226.97,0,1.33,19.49,0.37,3.11,3.35,0.27
Aizawl,11-08-2021,1,230.31,0,1.54,15.02,0.37,2.1,2.43,0.3
Aizawl,12-08-2021,1,220.3,0,1.61,7.42,0.38,2.28,2.56,0.31
Aizawl,13-08-2021,1,233.65,0,1.22,21.28,0.35,4.19,4.5,0.28
Aizawl,14-08-2021,1,223.64,0,1.36,16.81,0.29,1.08,1.24,0.25
Aizawl,15-08-2021,1,216.96,0.01,1.26,5.19,0.31,2.09,2.51,0.37
Aizawl,16-08-2021,1,253.68,0.07,1.74,1.59,0.41,7.38,8.27,0.56
Aizawl,17-08-2021,1,257.02,0.04,1.78,3.09,0.48,5.62,7.21,0.59
Aizawl,18-08-2021,1,205.28,0,1.22,13.59,0.32,1.39,1.7,0.27
Aizawl,19-08-2021,1,205.28,0,1.21,11.36,0.34,1.31,1.57,0.26
Aizawl,20-08-2021,1,223.64,0.1,1.97,1.43,0.5,4.15,6.31,0.61
Aizawl,21-08-2021,1,287.06,1.73,3.26,0.23,0.59,9.49,10.31,0.73
Aizawl,22-08-2021,1,203.61,0.04,1.69,1.57,0.37,3.52,4.3,0.55
Aizawl,23-08-2021,1,205.28,0,1.71,7.42,0.6,2.13,2.58,0.32
Aizawl,24-08-2021,1,193.6,0,1.37,12.52,0.38,1.38,1.72,0.28
Aizawl,25-08-2021,1,220.3,0,1.86,11,0.44,1.52,1.88,0.31
Aizawl,26-08-2021,1,220.3,0,1.69,7.15,0.36,1.74,2.21,0.34
Aizawl,27-08-2021,1,260.35,2.63,2.01,0.06,0.54,8.17,10.06,1.08
Aizawl,28-08-2021,1,277.04,0.82,2.96,0.27,0.55,8.61,9.94,0.71
Aizawl,29-08-2021,1,247,1.06,1.86,0.05,0.35,7.81,8.43,0.67
Aizawl,30-08-2021,1,250.34,0.45,1.67,0.04,0.44,6.35,6.9,0.57
Aizawl,31-08-2021,1,323.77,0.09,3.98,0.68,1,9.8,10.36,0.7
Aizawl,01-09-2021,1,290.39,0.09,1.84,0.81,0.63,8.87,9.87,0.78
Aizawl,02-09-2021,1,293.73,0.48,4.46,0.77,0.64,7.39,7.88,0.44
Aizawl,03-09-2021,1,277.04,0.28,3.6,1.03,0.55,7.16,7.69,0.42
Aizawl,04-09-2021,1,307.08,0.05,3.04,1.36,0.59,9.97,11.19,0.48
Aizawl,05-09-2021,1,283.72,0,1.76,6.97,0.56,6.43,6.67,0.34
Aizawl,06-09-2021,1,260.35,0.03,1.99,0.85,0.35,4.63,5.07,0.41
Aizawl,07-09-2021,1,320.44,0.82,4.88,0.13,2.71,9.03,11.65,6.71
Aizawl,08-09-2021,2,290.39,5.98,1.48,0.01,0.87,12.87,13.93,1.81
Aizawl,09-09-2021,1,273.71,0.01,2.38,3.84,0.73,7.04,7.86,0.52
Aizawl,10-09-2021,1,283.72,0.11,5.01,1.59,0.48,8.16,8.64,0.5
Aizawl,11-09-2021,2,343.8,10.39,0.83,0,0.73,13.12,19.58,1.25
Aizawl,12-09-2021,1,333.79,1.65,3.47,0.03,1.46,7.87,10.4,4.37
Aizawl,13-09-2021,1,250.34,0.52,1.52,0.28,0.62,5.64,6.99,1.71
Aizawl,14-09-2021,1,263.69,3.49,1.41,0.01,0.79,8.28,10.9,1.74
Aizawl,15-09-2021,1,273.71,0.71,4.2,0.26,0.41,7.56,7.99,0.54
Aizawl,16-09-2021,1,290.39,0.02,3.43,1.86,0.78,7.79,8.49,0.65
Aizawl,17-09-2021,2,347.14,7.38,3.13,0,2.56,13.31,14.27,6.21
Aizawl,18-09-2021,1,273.71,0.02,1.97,1.61,0.48,3.68,4.14,0.39
Aizawl,19-09-2021,1,240.33,2.04,2.7,0.02,1.21,6.99,8.66,3.8
Aizawl,20-09-2021,1,240.33,3.86,2.55,0.01,1.88,7.42,9.2,5.95
Aizawl,21-09-2021,1,253.68,0.03,2.57,4.38,0.46,8.43,8.76,0.38
Aizawl,22-09-2021,1,300.41,0.01,3.73,4.25,0.66,8.74,9.25,0.67
Aizawl,23-09-2021,1,283.72,3.21,3.9,0.12,0.48,9.15,9.89,0.48
Aizawl,24-09-2021,1,277.04,0.2,3.56,1.9,0.5,7.14,7.56,0.37
Aizawl,25-09-2021,1,290.39,0.03,2.87,1.16,0.45,8.25,8.6,0.37
Aizawl,26-09-2021,2,297.07,0.05,2.53,0.88,0.55,11.66,12.51,1.2
Aizawl,27-09-2021,1,260.35,5.09,1.09,0.01,1.09,9.55,14.5,2.82
Aizawl,28-09-2021,2,370.5,1.61,5.66,0.05,1.04,12.09,13.62,2.47
Aizawl,29-09-2021,2,343.8,4.02,7.11,0.02,2.5,12.53,14.03,6.08
Aizawl,30-09-2021,2,487.33,4.41,12.51,0.03,6.32,18.79,19.76,13.17
Aizawl,01-10-2021,2,400.54,7.82,5.74,0.02,3.99,17.36,22.95,9.5
Aizawl,02-10-2021,2,283.72,0.09,3.98,1.57,0.41,10.86,11.57,0.44
Aizawl,03-10-2021,1,233.65,0.05,2.27,3.76,0.29,8.81,9.19,0.42
Aizawl,04-10-2021,1,203.61,0,1.46,10.64,0.52,4.3,5.06,0.35
Aizawl,05-10-2021,1,273.71,0.48,2.36,0.58,0.55,8.96,12.76,0.74
Aizawl,06-10-2021,1,280.38,0,2.55,5.14,0.47,7.53,7.91,0.34
Aizawl,07-10-2021,2,277.04,7.38,1.03,0,0.67,13.14,14.14,1.14
Aizawl,08-10-2021,2,307.08,0.03,2.74,3.98,0.55,12.67,13.73,0.41
Aizawl,09-10-2021,2,280.38,5.25,1.3,0.04,0.41,16.11,16.67,0.54
Aizawl,10-10-2021,2,290.39,0,2.53,6.8,0.34,10.88,11.18,0.38
Aizawl,11-10-2021,4,313.76,1.61,3.47,0.19,0.53,26.73,27.37,1.09
Aizawl,12-10-2021,3,413.9,0,3.56,14.48,0.85,21.31,22.12,0.61
Aizawl,13-10-2021,2,320.44,7.6,3.47,0.02,0.89,12.98,18.63,1.84
Aizawl,14-10-2021,1,280.38,0.28,2.64,0.92,0.4,8.91,9.55,0.56
Aizawl,15-10-2021,2,363.83,3.07,7.97,0.09,1.22,16.71,18.03,3.01
Aizawl,16-10-2021,2,370.5,4.75,5.83,0.01,2.77,16.86,19.13,6.21
Aizawl,17-10-2021,1,220.3,1.77,1.54,0.09,0.39,6.91,10.43,0.77
Aizawl,18-10-2021,1,230.31,2.04,1.39,0.05,0.36,8.27,12.29,0.48
Aizawl,19-10-2021,1,263.69,3.63,1.13,0.02,0.89,8.75,9.81,2.09
Aizawl,20-10-2021,1,236.99,0.24,1.48,0.64,0.38,4.85,5.99,0.59
Aizawl,21-10-2021,1,333.79,0,1.52,7.69,0.36,5.71,6,0.3
Aizawl,22-10-2021,1,300.41,0,1.61,14.48,0.72,3.13,3.57,0.34
Aizawl,23-10-2021,4,417.23,0.02,7.88,5.68,3.19,47.57,53.47,6.59
Aizawl,24-10-2021,4,427.25,0,17.14,9.84,3.67,28.95,33.31,12.54
Aizawl,25-10-2021,3,373.84,0,12.85,7.06,3.1,21.84,25.88,10.39
Aizawl,26-10-2021,3,534.06,0.01,21.76,4.51,5.31,24.06,30.18,13.43
Aizawl,27-10-2021,2,307.08,5.92,2.1,0.03,0.56,15.31,16.08,0.86
Aizawl,28-10-2021,2,317.1,8.27,3.13,0.01,2.71,11.64,13.77,6.52
Aizawl,29-10-2021,1,273.71,9.05,1.48,0.02,0.35,9.38,9.9,0.44
Aizawl,30-10-2021,2,413.9,1.59,9.77,0.28,1.18,13.66,15.18,2.76
Aizawl,31-10-2021,2,370.5,3.3,8.65,0.11,2.92,13.43,17.86,9.75
Aizawl,01-11-2021,3,447.27,0.19,15.25,1.29,3.4,20.66,25.33,10.39
Aizawl,02-11-2021,4,337.12,4.36,6.51,0.14,1.49,49.72,57.64,4.24
Aizawl,03-11-2021,4,467.3,3.05,15.42,0.18,5.42,46.03,53.86,13.05
Aizawl,04-11-2021,5,320.43,6.48,4.03,0.04,1.37,52.64,60.33,3.64
Aizawl,05-11-2021,5,287.06,3.69,3.94,0.24,0.55,53.11,60.21,0.95
Aizawl,06-11-2021,5,293.73,1.9,4.28,0.51,1.18,60.77,68.69,2.63
Aizawl,07-11-2021,4,260.35,0.54,5.91,1.42,1.91,42.69,48.48,5.51
Aizawl,08-11-2021,3,367.16,2.93,14.05,0.16,3.07,21.24,26.08,11.53
Aizawl,09-11-2021,2,330.45,5.09,6.43,0.06,2.56,15.45,21.11,5.51
Aizawl,10-11-2021,2,323.77,6.54,5.57,0.05,2.38,14.25,19.67,4.56
Aizawl,11-11-2021,2,273.7,7.71,3.3,0.03,1.65,14.72,20.49,3.89
Aizawl,12-11-2021,2,340.46,8.83,4.46,0.02,2.95,18.54,24.77,6.4
Aizawl,13-11-2021,4,447.27,1.19,15.25,0.31,3.28,25.94,29.2,6.84
Aizawl,14-11-2021,4,320.43,0,1.54,18.78,0.66,35.43,36.37,0.51
Aizawl,15-11-2021,1,216.96,0.43,1.39,0.27,0.34,9.64,11.07,0.43
Aizawl,16-11-2021,2,307.08,0.1,2.91,4.07,0.63,11.96,12.94,0.58
Aizawl,17-11-2021,2,327.11,9.16,3.13,0.01,0.79,14.96,16.58,1.65
Aizawl,18-11-2021,2,453.95,8.61,11.65,0.04,4.41,14.75,20.46,12.41
Aizawl,19-11-2021,2,417.23,9.16,11.14,0.03,3.93,14.01,19.48,10.64
Aizawl,20-11-2021,2,397.21,8.16,9.6,0.03,4.29,17.51,23.39,10.26
Aizawl,21-11-2021,4,337.12,2.37,13.71,0.33,2.95,26.59,31.36,10.13
Aizawl,22-11-2021,4,307.08,0.01,9.6,5.19,2.68,40.76,46.01,8.23
Aizawl,23-11-2021,4,480.65,0,23.65,7.78,4.11,45.6,51.63,12.79
Aizawl,24-11-2021,4,574.11,0,29.13,19.67,4.35,33.19,38.11,12.79
Aizawl,25-11-2021,4,473.98,5.42,15.25,0.1,4.29,34.08,40.24,11.78
Aizawl,26-11-2021,4,500.68,0.02,26.73,5.59,5.07,43.83,50.36,13.81
Aizawl,27-11-2021,4,390.53,1.63,13.71,0.77,3.7,45.45,52.23,8.99
Aizawl,28-11-2021,4,327.11,1.24,12,0.6,2.92,27.8,32.56,9.37
Aizawl,29-11-2021,3,393.87,1.47,17.48,0.49,3.43,23.67,28.24,12.79
Aizawl,30-11-2021,3,383.85,3.63,11.48,0.14,3.31,23.27,29,9.25
Aizawl,01-12-2021,2,440.6,2.43,20.91,0.33,4.29,15.01,20.05,12.03
Aizawl,02-12-2021,2,500.68,4.58,22.62,0.12,4.65,15.28,20.54,14.06
Aizawl,03-12-2021,2,453.95,4.97,18.51,0.18,4.05,16.73,22.11,11.78
Aizawl,04-12-2021,2,447.27,4.58,19.88,0.14,3.55,15.76,20.71,10.89
Aizawl,05-12-2021,2,216.96,0,1.54,13.59,0.25,10.84,12.22,0.39
Aizawl,06-12-2021,2,277.04,2.93,4.07,0.12,0.54,18.67,22.81,1
Aizawl,07-12-2021,1,223.64,0.47,5.27,1.56,0.34,6.35,6.73,0.27
Aizawl,08-12-2021,4,303.75,0.04,1.61,5.68,0.54,28.66,30.99,0.81
Aizawl,09-12-2021,3,247,8.05,1.06,0.04,0.41,23.84,24.95,0.67
Aizawl,10-12-2021,2,273.7,4.3,1.74,0.07,0.88,16.76,20.06,1.98
Aizawl,11-12-2021,4,320.43,0.03,4.8,5.36,1.16,27.74,32.73,1.66
Aizawl,12-12-2021,5,327.11,0,6.94,12.7,2.44,52.24,57.03,6.08
Aizawl,13-12-2021,4,333.79,0.39,9.85,1.97,2.77,38.76,43.61,8.04
Aizawl,14-12-2021,3,473.98,3.52,24.33,0.28,4.65,22.66,28.05,13.43
Aizawl,15-12-2021,3,423.91,4.75,17.31,0.11,3.81,21.14,26.22,10.77
Aizawl,16-12-2021,3,427.25,6.59,15.77,0.09,2.98,24.67,29.83,9.37
Aizawl,17-12-2021,3,380.52,3.16,13.37,0.32,3.58,21.91,27.01,8.87
Aizawl,18-12-2021,2,350.48,4.97,9,0.14,3.22,18.59,24.15,7.98
Aizawl,19-12-2021,2,370.5,0.66,17.82,1.1,3.31,14.96,19.11,12.29
Aizawl,20-12-2021,4,360.49,2.51,9.94,0.29,3.01,30.15,34.85,9.75
Aizawl,21-12-2021,4,310.42,1.61,7.71,0.61,1.58,25.14,31.28,4.05
Aizawl,22-12-2021,4,320.43,2.26,3.86,0.24,1.51,25.54,30.17,3.58
Aizawl,23-12-2021,5,370.5,0.79,4.11,1.06,0.73,58.94,60.45,1.28
Aizawl,24-12-2021,4,514.03,0.02,20.39,8.05,5.25,47.04,53.64,13.3
Aizawl,25-12-2021,4,567.44,0.07,28.45,4.96,5.3,41.76,48.03,15.07
Aizawl,26-12-2021,4,423.91,0.27,19.36,2.06,3.99,31.47,36.33,13.55
Aizawl,27-12-2021,4,373.84,0.61,16.11,1.37,3.04,30.44,35.33,11.27
Aizawl,28-12-2021,4,433.92,0.02,20.22,8.31,4.47,36.56,43.44,11.78
Aizawl,29-12-2021,4,373.84,0.82,14.74,1.52,3.61,35.54,42.58,8.36
Aizawl,30-12-2021,3,440.6,1.03,24.33,1.12,3.87,23.1,28.5,11.65
Aizawl,31-12-2021,3,400.54,0.42,17.48,2.35,3.87,24.01,29.98,10.89
Aizawl,01-01-2022,3,433.92,0.09,19.19,4.25,3.52,24.96,30.63,7.92
Aizawl,02-01-2022,2,350.48,0.11,13.19,3.35,2.98,17.84,22.25,9.63
Aizawl,03-01-2022,3,410.56,0.04,20.91,4.74,3.4,20.47,24.88,12.67
Aizawl,04-01-2022,3,337.12,2.63,9.51,0.4,1.85,20.3,26.08,4.81
Aizawl,05-01-2022,3,407.22,1.93,15.25,0.44,4.11,21.88,27.66,10.51
Aizawl,06-01-2022,2,473.98,0.76,27.76,1.37,4.59,18.26,23.83,13.81
Aizawl,07-01-2022,2,423.91,3.52,18.51,0.31,3.93,17.04,22.68,11.65
Aizawl,08-01-2022,2,473.98,0.87,27.08,1.13,4.59,17.67,23.75,13.55
Aizawl,09-01-2022,2,387.19,0.12,15.77,3,3.43,18.41,23.05,11.4
Aizawl,10-01-2022,3,407.22,0,17.65,11,3.55,24.89,29.67,12.29
Aizawl,11-01-2022,4,393.87,0.07,18.51,4.83,3.07,30.67,36.41,9.25
Aizawl,12-01-2022,5,273.7,0.04,3.64,7.6,0.45,50.57,56.62,0.75
Aizawl,13-01-2022,3,300.41,0.36,4.03,1.21,0.61,24.13,27.88,0.88
Aizawl,14-01-2022,2,307.08,3.02,4.71,0.15,0.82,16.01,21.84,2.06
Aizawl,15-01-2022,2,440.6,0.01,15.77,9.21,4.29,19.1,23.7,9.75
Aizawl,16-01-2022,2,293.73,0.46,7.97,1.33,1.19,13.78,18.03,4.18
Aizawl,17-01-2022,2,310.42,0.1,10.45,3.8,2.41,15.49,19.63,8.23
Aizawl,18-01-2022,2,370.5,0.21,13.88,3.31,3.52,18.28,23.89,9.12
Aizawl,19-01-2022,2,494,0.03,23.99,6.08,5.13,17.9,23.34,14.95
Aizawl,20-01-2022,2,500.68,0.98,23.65,1.21,4.89,18.02,23.5,14.19
Aizawl,21-01-2022,5,380.52,0.82,4.46,1.18,0.48,52.54,58.1,0.66
Aizawl,22-01-2022,5,440.6,0.02,10.97,8.58,3.49,73.54,80.74,7.41
Aizawl,23-01-2022,5,427.25,0,15.59,15.02,3.52,52.18,58.44,11.4
Aizawl,24-01-2022,5,253.68,0.05,2.1,7.06,0.69,51.95,54.61,0.55
Aizawl,25-01-2022,5,310.42,0.5,2.91,0.94,0.92,50.5,54.32,1.69
Aizawl,26-01-2022,3,373.84,1.76,7.88,0.41,2.68,24.38,29.87,5.83
Aizawl,27-01-2022,4,303.75,0.15,3.26,2.86,0.92,35.83,38.65,1.84
Aizawl,28-01-2022,5,627.52,0.3,10.45,2.62,4.89,81.41,84.34,8.87
Aizawl,29-01-2022,5,367.16,0.16,6.08,3.58,0.94,58.03,65.56,1.99
Aizawl,30-01-2022,5,460.62,0.01,10.2,11.8,3.93,66.98,73.77,10.01
Aizawl,31-01-2022,5,423.91,0.09,12,3.44,3.4,63.91,70.86,10.13
Aizawl,01-02-2022,5,467.3,0.1,10.71,4.65,3.13,77.84,87.83,7.79
Aizawl,02-02-2022,5,373.84,0,1.78,77.25,3.07,72.99,75.58,0.02
Aizawl,03-02-2022,5,327.11,0.09,6.77,4.07,1.12,57.84,74.59,2.25
Aizawl,04-02-2022,5,527.38,0,22.96,9.75,6.68,71.26,86.48,14.44
Aizawl,05-02-2022,4,320.43,0,4.03,17.88,1.15,44.07,51.65,1.54
Aizawl,06-02-2022,2,293.73,0.01,1.84,15.2,1.06,11.34,12.04,0.92
Aizawl,07-02-2022,4,540.73,0,17.82,15.74,5.25,36.76,42.92,14.95
Aizawl,08-02-2022,5,607.49,0.4,12.51,1.83,4.89,69.04,77.46,11.02
Aizawl,09-02-2022,4,507.35,0,16.62,15.38,4.65,39.69,47.66,11.78
Aizawl,10-02-2022,4,480.65,0,19.71,23.6,3.81,45.16,62.74,9.63
Aizawl,11-02-2022,4,353.81,0.81,6.77,0.68,0.98,46.58,67.09,1.99
Aizawl,12-02-2022,5,647.54,0,22.62,15.91,7.63,83.19,93.19,16.47
Aizawl,13-02-2022,5,290.39,0.03,6.17,6.44,0.92,51.95,58.26,2.66
Aizawl,14-02-2022,4,447.27,0,16.62,11.98,3.99,34.71,39.92,13.3
Aizawl,15-02-2022,4,480.65,0.03,20.91,5.41,3.99,37.29,44.24,12.16
Aizawl,16-02-2022,4,507.35,0.04,23.31,4.38,5.54,30.71,37.98,14.31
Aizawl,17-02-2022,5,460.62,0.16,12.85,2.53,3.55,50.11,58.08,8.99
Aizawl,18-02-2022,4,393.87,0.04,10.2,6.26,2.06,47,55.57,5.7
Aizawl,19-02-2022,5,447.27,0.01,10.71,10.1,3.01,70.41,79.02,7.03
Aizawl,20-02-2022,5,373.84,0.01,6.85,9.21,0.95,56.02,62.36,4.02
Aizawl,21-02-2022,4,233.65,0.1,2.23,6.88,0.6,47.46,51.4,0.69
Aizawl,22-02-2022,5,600.81,0,19.36,16.27,6.5,58.63,68.18,14.95
Aizawl,23-02-2022,5,594.14,0,27.42,15.74,6.62,83.39,95.72,13.3
Aizawl,24-02-2022,5,467.3,0.03,14.05,4.78,2.59,71.06,82.61,7.73
Aizawl,25-02-2022,5,647.54,0,26.73,24.68,6.74,81.88,95.2,16.09
Aizawl,26-02-2022,4,560.76,0,19.88,19.31,4.95,49.25,57.98,12.41
Aizawl,27-02-2022,5,373.84,0.03,7.11,4.47,1.09,63.08,69.2,3.7
Aizawl,28-02-2022,4,357.15,0,7.2,16.99,1.7,40.7,50.45,5.26
Aizawl,01-03-2022,5,600.81,0,16.79,20.74,5.84,112.5,119.26,8.49
Aizawl,02-03-2022,5,417.23,0,8.14,14.48,2.83,94.37,102.9,5.83
Aizawl,03-03-2022,5,403.88,0,7.88,13.05,2.74,51.81,60.13,6.33
Aizawl,04-03-2022,4,433.92,0,10.45,17.52,4.29,38.91,47.04,9.12
Aizawl,05-03-2022,4,494,0,10.71,18.78,5.19,48.9,58.45,10.13
Aizawl,06-03-2022,5,540.73,0,9.34,28.25,4.53,76.38,85.74,11.02
Aizawl,07-03-2022,5,333.79,0,6.17,11.62,1.68,61.36,70.12,5.13
Aizawl,08-03-2022,4,460.62,0,12,10.73,4.29,36.76,43.64,11.27
Aizawl,09-03-2022,5,440.6,0,8.4,7.78,1.89,55.12,62,5.51
Aizawl,10-03-2022,5,627.52,0,15.25,8.31,5.6,92.5,100.46,12.16
Aizawl,11-03-2022,5,594.14,0,12,9.12,4.05,82.61,91.86,9.25
Aizawl,12-03-2022,5,427.25,0,5.48,11.09,1.83,79.41,87.95,4.62
Aizawl,13-03-2022,5,467.3,0,4.84,13.41,1.4,100.5,107.44,4.31
Aizawl,14-03-2022,5,440.6,0.01,6,2.86,1.68,95.74,103.57,4.88
Aizawl,15-03-2022,5,921.25,0,9.85,16.99,3.93,185.26,193.7,9.75
Aizawl,16-03-2022,5,714.3,0.01,6.77,4.47,1.58,181.36,191.13,4.05
Aizawl,17-03-2022,5,587.46,0,13.37,7.78,5.07,89.75,98.92,11.91
Aizawl,18-03-2022,5,427.25,0,7.8,14.48,3.81,84.78,105.71,7.28
Aizawl,19-03-2022,5,514.03,0,9.77,19.31,4.35,112.53,131.22,8.99
Aizawl,20-03-2022,5,514.03,0,7.03,10.64,2.8,113.86,125.01,8.11
Aizawl,21-03-2022,5,340.46,0.02,4.5,4.07,1,101.35,113.64,3.26
Aizawl,22-03-2022,4,410.56,0,12.51,10.73,4.17,35.03,41.21,10.51
Aizawl,23-03-2022,5,480.65,0,6.34,21.82,2.29,106.85,118.45,5.38
Aizawl,24-03-2022,5,487.33,0.01,5.14,6.79,1.07,93.08,104.02,2.75
Aizawl,25-03-2022,4,343.8,0,2.21,50.78,1.22,36.3,42.78,0.23
Aizawl,26-03-2022,2,310.42,0,2.74,28.25,1.19,13.62,18.6,0.32
Aizawl,27-03-2022,1,283.72,0,0.78,19.67,0.27,5.35,5.9,0.26
Aizawl,28-03-2022,2,303.75,0.03,1.99,2.1,0.46,19.26,22.58,0.74
Aizawl,29-03-2022,2,307.08,0.04,2.31,3.76,0.39,15.54,18.39,0.38
Aizawl,30-03-2022,2,310.42,0,1.95,16.99,0.87,18.78,21.02,0.4
Aizawl,31-03-2022,2,323.77,0.07,3.43,1.22,0.5,18.33,24.64,0.59
Aizawl,01-04-2022,2,300.41,0,2.46,24.32,1.07,10.89,14.53,0.42
Aizawl,02-04-2022,2,317.1,0,2.53,20.92,1.07,11.43,16.74,0.59
Aizawl,03-04-2022,3,343.8,0.05,9.68,1.18,1.59,21.27,28.98,5.89
Aizawl,04-04-2022,1,260.35,0,1.65,31.11,0.6,7.78,8.95,0.34
Aizawl,05-04-2022,1,267.03,0,1.69,28.61,0.51,4.91,5.76,0.35
Aizawl,06-04-2022,2,340.46,0,2.29,23.96,0.64,17.33,21.5,0.59
Aizawl,07-04-2022,3,397.21,0.12,4.63,1.15,1,21.68,29,1.85
Aizawl,08-04-2022,4,453.95,0.01,12.17,2.5,1.37,41.24,51.78,4.12
Aizawl,09-04-2022,4,407.22,0.01,4.93,5.63,0.82,34.12,42.52,2.28
Aizawl,10-04-2022,2,303.75,0.05,2.08,3,0.32,14.27,16.96,0.51
Aizawl,11-04-2022,2,283.72,0,1.71,21.82,0.41,10.22,12.15,0.42
Aizawl,12-04-2022,2,277.04,0.03,2.06,4.29,0.47,12,14.96,0.64
Aizawl,13-04-2022,2,343.8,0.01,3.43,7.51,0.6,18.84,24.72,0.55
Aizawl,14-04-2022,1,260.35,0,2.96,36.84,1.97,7.03,11.54,0.32
Aizawl,15-04-2022,1,236.99,0,1.78,30.04,0.72,4.1,8.98,0.36
Aizawl,16-04-2022,1,243.66,0,1.37,21.1,0.33,2.85,4.28,0.32
Aizawl,17-04-2022,1,253.68,0,1.31,11.44,0.24,6.49,7.99,0.26
Aizawl,18-04-2022,1,277.04,0,1.82,19.31,0.69,9.69,11.85,0.34
Aizawl,19-04-2022,2,290.39,0.03,2.18,2.46,0.37,10.93,12.32,0.39
Aizawl,20-04-2022,2,327.11,0,2.29,21.82,1.18,18.58,20.44,0.54
Aizawl,21-04-2022,1,303.75,0,1.88,10.1,0.98,4.45,4.99,0.3
Aizawl,22-04-2022,1,277.04,0,1.95,7.69,0.48,7.63,9.58,0.47
Aizawl,23-04-2022,1,257.02,0.01,2.01,6.44,0.42,3.36,5.15,0.39
Aizawl,24-04-2022,2,263.69,0,1.48,19.31,0.64,14.14,18.65,0.41
Aizawl,25-04-2022,4,307.08,0,1.71,29.33,0.97,33.93,44.91,0.35
Aizawl,26-04-2022,4,327.11,0,1.95,34.33,0.95,39.81,52.04,0.41
Aizawl,27-04-2022,4,347.14,0,2.25,21.46,0.76,34.59,44.62,0.41
Aizawl,28-04-2022,4,373.84,0.01,1.52,13.05,0.6,32.96,37.19,0.36
Aizawl,29-04-2022,4,453.95,0.01,4.67,4.52,0.85,48.22,60.7,1.22
Aizawl,30-04-2022,4,343.8,0,2.4,17.7,0.6,39.94,46.9,0.35
Aizawl,01-05-2022,4,353.81,0,1,45.42,1.07,32.54,36.25,0.28
Aizawl,02-05-2022,4,380.52,0.01,3.43,3.62,0.75,32.53,37.26,0.96
Aizawl,03-05-2022,3,410.56,0.12,7.63,0.8,3.01,21.14,27,6.9
Aizawl,04-05-2022,3,310.42,0.02,3,3.26,0.42,22.71,24.13,0.37
Aizawl,05-05-2022,2,327.11,1.3,1.67,0.09,0.52,13.84,14.99,0.8
Aizawl,06-05-2022,1,297.07,0.05,2.74,1.5,0.62,8.49,12.29,1.12
Aizawl,07-05-2022,2,320.43,1.4,2.33,0.1,0.42,11.65,13.99,0.64
Aizawl,08-05-2022,2,370.5,0.04,7.11,1.26,1.09,13.81,18.43,2.88
Aizawl,09-05-2022,2,317.1,0.01,2.74,3.17,0.63,18.81,22.93,1.54
Aizawl,10-05-2022,4,373.84,0.16,6.94,0.31,1.51,25.42,28.37,3.29
Aizawl,11-05-2022,1,303.75,0.09,2.23,1.48,0.48,7.13,10.07,0.59
Aizawl,12-05-2022,1,330.45,0,1.63,17.52,0.44,2.83,3.01,0.22
Aizawl,13-05-2022,1,253.68,0,1.21,9.12,0.32,0.94,1.13,0.25
Aizawl,14-05-2022,1,220.3,0,0.84,15.91,0.25,0.75,0.9,0.19
Aizawl,15-05-2022,1,216.96,0,0.42,26.46,0.19,0.97,1.14,0.18
Aizawl,16-05-2022,1,216.96,0.01,1.06,5.99,0.31,2.55,3.55,0.37
Aizawl,17-05-2022,1,253.68,0.03,1.88,3.8,0.52,4.45,6.19,0.55
Aizawl,18-05-2022,1,223.64,0,0.95,12.7,0.31,0.83,1.14,0.34
Aizawl,19-05-2022,1,250.34,0.06,1.88,1.63,0.49,4.64,7.14,0.54
Aizawl,20-05-2022,1,250.34,0,1.63,10.73,0.72,3.98,4.96,0.42
Aizawl,21-05-2022,1,233.65,0,2.29,5.81,0.38,2.65,3.85,0.34
Aizawl,22-05-2022,1,220.3,0,0.94,11.09,0.39,2.33,2.73,0.28
Aizawl,23-05-2022,2,250.34,0.05,1.44,1.68,0.35,13.19,15.51,0.51
Aizawl,24-05-2022,2,353.81,0.06,5.65,1.61,1.55,15.94,17.91,2.47
Aizawl,25-05-2022,2,370.5,0.01,3.04,1.99,0.71,19.44,24.24,0.75
Aizawl,26-05-2022,2,333.79,0.01,2.06,5.59,0.57,16.2,19.06,0.56
Aizawl,27-05-2022,1,270.37,0,1.56,16.09,0.41,5.05,6.08,0.37
Aizawl,28-05-2022,2,260.35,0,1.78,11.35,0.54,13.78,15.22,0.52
Aizawl,29-05-2022,2,283.72,0.01,1.59,10.55,0.41,14.96,16.84,0.6
Aizawl,30-05-2022,3,287.06,0.1,2.29,1.33,0.69,21.12,25.83,1.69
Aizawl,31-05-2022,2,303.75,0.28,1.84,0.57,0.45,12.71,14.02,0.63
Aizawl,01-06-2022,1,277.04,0.03,1.74,3.44,0.45,7.44,9.68,0.66
Aizawl,02-06-2022,1,250.34,0.02,2.16,4.16,0.5,4.46,5.75,0.61
Aizawl,03-06-2022,1,236.99,0,2.08,6.35,0.44,1.91,2.16,0.3
Aizawl,04-06-2022,1,213.62,0,1.17,14.31,0.29,0.76,1.02,0.26
Aizawl,05-06-2022,1,205.28,0,0.95,13.59,0.28,0.91,1.39,0.32
Aizawl,06-06-2022,1,230.31,0,1.34,15.38,0.37,2.24,2.78,0.34
Aizawl,07-06-2022,1,233.65,0,1.97,8.94,0.48,2.35,3.43,0.46
Aizawl,08-06-2022,1,263.69,0.01,1.97,12.7,0.78,7.06,8.6,0.56
Aizawl,09-06-2022,1,236.99,0.01,1.84,5.28,0.43,2.81,4.01,0.43
Aizawl,10-06-2022,1,220.3,0,1.01,20.38,0.29,0.78,0.97,0.23
Aizawl,11-06-2022,1,223.64,0,1.88,9.48,0.38,1.9,2.84,0.34
Aizawl,12-06-2022,1,233.65,0,1.27,16.81,0.31,5.64,6.34,0.36
Aizawl,13-06-2022,1,226.97,0,1.11,19.49,0.26,2.48,2.95,0.32
Aizawl,14-06-2022,1,230.31,0,0.96,23.25,0.31,2.32,2.61,0.33
Aizawl,15-06-2022,1,226.97,0,1.23,16.09,0.32,1.45,1.76,0.3
Aizawl,16-06-2022,1,211.95,0,1,20.21,0.31,0.94,1.21,0.27
Aizawl,17-06-2022,1,216.96,0,1,16.99,0.28,0.87,1.05,0.22
Aizawl,18-06-2022,1,195.26,0,1,14.13,0.26,0.5,0.61,0.19
Aizawl,19-06-2022,1,198.6,0,0.9,11.98,0.2,0.5,0.58,0.18
Aizawl,20-06-2022,1,210.29,0,0.92,11.98,0.29,0.55,0.69,0.24
Aizawl,21-06-2022,1,223.64,0,1.22,13.41,0.31,1.75,2.21,0.32
Aizawl,22-06-2022,1,247,0.01,1.86,4.52,0.51,2.55,2.91,0.37
Aizawl,23-06-2022,1,223.64,0,1.48,7.51,0.38,1.23,1.61,0.34
Aizawl,24-06-2022,1,226.97,0,1.65,9.83,0.39,0.98,1.4,0.32
Aizawl,25-06-2022,1,233.65,0.01,1.5,6.35,0.37,1.84,2.83,0.42
Aizawl,26-06-2022,1,223.64,0.02,1.56,3.22,0.37,2.5,3.85,0.47
Aizawl,27-06-2022,1,220.3,0,1.5,12.34,0.48,1.96,2.43,0.33
Aizawl,28-06-2022,1,243.66,0,2.78,19.85,1.3,2.11,2.41,0.24
Aizawl,29-06-2022,1,243.66,0,1.88,10.19,0.39,1.33,1.67,0.32
Aizawl,30-06-2022,1,243.66,0.01,1.84,5.81,0.42,2.17,2.73,0.36
Aizawl,01-07-2022,1,260.35,0.03,2.23,3.26,0.48,4.72,5.9,0.69
Aizawl,02-07-2022,1,270.37,0.04,2.12,2.53,0.53,6.79,9.06,0.71
Aizawl,03-07-2022,1,243.66,0.03,1.74,2.91,0.43,4.87,6.82,0.72
Aizawl,04-07-2022,1,250.34,0.04,1.71,1.94,0.45,4.88,6.13,0.71
Aizawl,05-07-2022,1,263.69,0.04,1.84,1.72,0.47,4.65,5.57,0.46
Aizawl,06-07-2022,1,303.75,1.38,1.41,0.04,0.6,9.7,10.85,0.93
Aizawl,07-07-2022,1,293.73,0.03,2.14,2.28,0.53,5.86,7.39,0.46
Aizawl,08-07-2022,1,250.34,0,1.93,12.34,0.56,2.51,3.07,0.34
Aizawl,09-07-2022,1,260.35,0.02,2.31,2.55,0.38,5.2,5.74,0.34
Aizawl,10-07-2022,1,240.33,0.01,1.78,2.86,0.39,4.39,5.57,0.51
Aizawl,11-07-2022,1,226.97,0.18,1.56,0.5,0.37,4.51,6.51,0.66
Aizawl,12-07-2022,2,343.8,1.47,6.34,0.07,3.13,11.35,12.82,7.6
Aizawl,13-07-2022,1,263.69,0.01,1.59,5.68,0.45,5.02,6.13,0.41
Aizawl,14-07-2022,1,297.07,0.2,2.08,0.99,0.59,9.2,11.52,1.01
Aizawl,15-07-2022,1,303.75,0.31,2.78,0.63,0.91,8,10.3,1.92
Aizawl,16-07-2022,1,273.7,0.02,1.93,3.67,0.42,3.4,4.52,0.46
Aizawl,17-07-2022,1,273.7,0.25,1.99,0.6,0.69,7.06,8.46,1.74
Aizawl,18-07-2022,1,220.3,0,1.08,12.87,0.35,1.53,1.79,0.33
Aizawl,19-07-2022,1,220.3,0,1.19,18.06,0.32,0.67,0.85,0.25
Aizawl,20-07-2022,1,226.97,0,1.09,25.39,0.32,0.83,1.02,0.26
Aizawl,22-07-2022,1,243.66,0.06,2.1,4.74,0.68,3.58,3.94,0.37
Aizawl,23-07-2022,1,283.72,0.01,2.12,2.77,0.5,4.43,5.23,0.43
Aizawl,24-07-2022,1,226.97,0.01,1.06,5.19,0.31,2.61,3.42,0.41
Aizawl,25-07-2022,1,226.97,0.07,1.8,1.2,0.36,3.68,4.4,0.48
Aizawl,26-07-2022,1,300.41,0.35,3.64,0.69,0.64,9.73,10.54,0.8
Aizawl,27-07-2022,2,380.52,0.65,8.83,0.27,2.41,12.79,16.52,4.18
Aizawl,28-07-2022,2,367.16,1.93,2.29,0.13,0.77,16.4,22.4,1.08
Aizawl,29-07-2022,2,363.83,0.91,5.65,0.24,1.64,11.02,11.95,2.01
Aizawl,30-07-2022,1,267.03,0,1.56,13.05,0.6,5.34,5.74,0.47
Aizawl,31-07-2022,1,220.3,0.01,1.39,5.63,0.34,2.91,3.51,0.42
Aizawl,01-08-2022,1,208.62,0.01,1.54,5.41,0.4,1.47,1.86,0.28
Aizawl,02-08-2022,1,230.31,0.36,2.1,0.43,0.48,3.97,6.46,0.6
Aizawl,03-08-2022,1,253.68,0.01,2.14,4.34,0.78,4.84,5.67,0.44
Aizawl,04-08-2022,2,290.39,4.81,1.02,0.01,0.62,11.32,12.86,1.01
Aizawl,05-08-2022,1,257.02,0,2.31,4.43,0.48,2.65,3,0.34
Aizawl,06-08-2022,1,236.99,0,1.74,4.38,0.35,1.8,2.11,0.3
Aizawl,07-08-2022,1,233.65,1.93,1.41,0.02,0.84,7.2,8.13,2.18
Aizawl,08-08-2022,1,236.99,0.09,1.48,0.56,0.39,4.62,5.63,0.53
Aizawl,09-08-2022,1,273.7,1.76,1.91,0.03,0.77,7.06,9.88,1.69
Aizawl,10-08-2022,1,260.35,0.2,2.83,0.88,0.63,5.68,8,1.31
Aizawl,11-08-2022,1,240.33,0.95,2.42,0.14,1,6.58,10.95,2.44
Aizawl,12-08-2022,1,236.99,0.06,1.93,3.17,0.47,3.33,5.48,0.61
Aizawl,13-08-2022,1,223.64,0,1.54,13.59,0.45,1.82,2.08,0.31
Aizawl,14-08-2022,1,287.06,0.69,6.34,0.12,1.27,7.82,8.6,3.23
Aizawl,15-08-2022,1,240.33,0.92,1.76,0.1,0.86,5.97,7.86,2.44
Aizawl,16-08-2022,1,230.31,0,1.44,11.09,0.47,2.75,3.65,0.47
Aizawl,17-08-2022,1,263.69,0.09,2.12,1.42,0.56,7.15,9.41,0.66
Aizawl,18-08-2022,2,270.37,1.27,2.14,0.26,0.37,10.18,10.62,0.36
Aizawl,19-08-2022,1,300.41,0.04,4.33,2.84,0.86,5.44,7.53,1.82
Aizawl,20-08-2022,1,260.35,2.74,1.44,0.06,0.53,8.23,9.32,1.01
Aizawl,21-08-2022,1,243.66,0.15,1.93,0.62,0.47,6.37,7.83,0.98
Aizawl,22-08-2022,1,240.33,0.01,1.32,4.07,0.39,3.77,4.65,0.47
Aizawl,23-08-2022,1,283.72,0,1.12,16.81,0.65,3.56,3.86,0.33
Aizawl,24-08-2022,1,273.7,1.13,1.48,0.04,0.76,8.5,11.12,1.57
Aizawl,25-08-2022,1,277.04,0.88,1.61,0.38,0.49,8.6,11.28,0.69
Aizawl,26-08-2022,2,323.77,0.59,3.13,0.31,0.7,15.17,20.97,1.14
Aizawl,27-08-2022,1,287.06,0,1.37,17.34,0.62,9.64,10.06,0.4
Aizawl,28-08-2022,1,230.31,0,1.19,9.12,0.26,3.5,3.91,0.3
Aizawl,29-08-2022,1,263.69,0.04,1.39,2.1,0.5,6.47,8.4,0.65
Aizawl,30-08-2022,1,270.37,1.16,2.87,0.44,0.46,8.48,10.82,0.54
Aizawl,31-08-2022,1,273.7,0.12,3.21,3.08,0.48,8.59,11.83,0.54
Aizawl,01-09-2022,1,283.72,0,3.51,15.56,2.06,9.61,10.05,0.24
Aizawl,02-09-2022,1,293.73,0.42,2.36,0.3,0.64,8.45,10.21,0.64
Aizawl,03-09-2022,1,257.02,0.05,2.42,1.08,0.51,8.63,10.06,0.59
Aizawl,04-09-2022,1,223.64,0,1.36,23.25,0.65,2.28,2.52,0.25
Aizawl,05-09-2022,1,206.95,0,1.39,7.87,0.34,0.95,1.28,0.34
Aizawl,06-09-2022,1,216.96,0.16,1.74,0.53,0.43,3.5,4.81,0.51
Aizawl,07-09-2022,2,300.41,5.87,2.14,0.01,0.85,11.3,11.97,1.5
Aizawl,08-09-2022,1,297.07,4.81,4.24,0.03,0.42,8.03,8.5,0.47
Aizawl,09-09-2022,2,340.46,6.59,2.46,0.01,0.64,14.55,17.43,0.99
Aizawl,10-09-2022,1,287.06,0.01,2.23,3.98,0.69,4.69,5.43,0.63
Aizawl,11-09-2022,1,260.35,0.01,1.26,3.08,0.34,3.07,3.58,0.39
Aizawl,12-09-2022,1,220.3,1.38,2.33,0.05,1.28,6.01,7.63,3.83
Aizawl,13-09-2022,1,247,1.62,1.44,0.06,0.83,7.79,10.06,1.57
Aizawl,14-09-2022,1,220.3,0.03,1.61,2.59,0.41,2.81,4.68,0.51
Aizawl,15-09-2022,1,233.65,0.01,1.74,5.9,0.42,3.03,3.98,0.44
Aizawl,16-09-2022,1,230.31,0.01,2.01,4.47,0.45,1.98,2.72,0.46
Aizawl,17-09-2022,1,226.97,0,1.97,8.31,0.51,1.9,2.58,0.42
Aizawl,18-09-2022,1,236.99,2.35,0.94,0.04,0.44,9.11,10,0.83
Aizawl,19-09-2022,1,216.96,0.02,1.93,1.56,0.38,3.37,3.88,0.45
Aizawl,20-09-2022,2,277.04,3.49,2.38,0.03,1.62,10.92,13.94,4.02
Aizawl,21-09-2022,1,263.69,1.73,2.46,0.23,0.51,9.86,12.63,0.78
Aizawl,22-09-2022,1,257.02,2.01,1.69,0.04,1.07,8.36,10.66,2.34
Aizawl,23-09-2022,1,243.66,0.01,2.74,3.31,0.54,4.09,5.35,0.44
Aizawl,24-09-2022,2,283.72,6.71,0.99,0.01,0.55,11.94,13.4,0.89
Aizawl,25-09-2022,1,257.02,0.31,2.29,0.2,0.39,8,8.47,0.42
Aizawl,26-09-2022,2,327.11,7.71,4.03,0,2.06,13,13.52,5
Aizawl,27-09-2022,1,243.66,0.01,1.99,1.79,0.4,4.91,5.38,0.38
Aizawl,28-09-2022,1,310.42,0.59,4.97,0.96,0.48,9.19,9.63,0.44
Aizawl,29-09-2022,2,447.27,5.87,5.65,0,4.05,15.86,16.71,9.25
Aizawl,30-09-2022,2,363.83,0.02,4.71,2.06,0.48,13.23,13.86,0.73
Aizawl,01-10-2022,1,280.38,0,1.33,12.16,0.48,5.58,6.04,0.4
Aizawl,02-10-2022,1,253.68,0,1.3,7.96,0.34,2.95,3.31,0.28
Aizawl,03-10-2022,1,257.02,0.1,1.5,0.4,0.42,6.33,7.21,0.63
Aizawl,04-10-2022,2,514.03,10.73,9.94,0,4.95,10.79,11.53,10.51
Aizawl,05-10-2022,1,253.68,2.65,1.11,0.03,0.63,7.95,8.96,1.14
Aizawl,06-10-2022,1,243.66,0.06,2.29,0.91,0.36,4.91,5.58,0.43
Aizawl,07-10-2022,1,257.02,0.25,3.17,0.71,0.44,7.78,8.95,0.37
Aizawl,08-10-2022,2,253.68,6.15,0.95,0.01,0.34,11.67,13.68,0.45
Aizawl,09-10-2022,2,303.75,0.02,1.88,2.68,0.54,19.44,21.02,0.7
Aizawl,10-10-2022,2,307.08,0.12,2.01,0.54,0.37,16.65,17.34,0.44
Aizawl,11-10-2022,2,277.04,4.25,0.69,0.01,0.48,11.1,12.92,0.7
Aizawl,12-10-2022,2,340.46,0.03,1.91,3.04,0.44,13.66,15.37,0.46
Aizawl,13-10-2022,2,287.06,3.05,1.27,0.03,0.92,10.35,12.54,2.01
Aizawl,14-10-2022,2,320.43,0.76,2.48,0.2,0.41,10.73,11.35,0.59
Aizawl,15-10-2022,2,387.19,0.12,2.83,2.86,0.4,16.25,16.71,0.47
Aizawl,16-10-2022,2,210.29,1.3,1.46,0.3,0.38,11.21,15.23,0.86
Aizawl,17-10-2022,2,290.39,4.92,2.83,0.01,2.26,10.3,12.46,6.46
Aizawl,18-10-2022,2,383.85,9.28,4.46,0.01,3.58,12.94,13.73,8.61
Aizawl,19-10-2022,2,433.92,8.27,8.23,0.02,3.7,15.77,16.47,8.74
Aizawl,20-10-2022,2,347.14,6.54,7.03,0.04,1.43,12.01,13.63,3.93
Aizawl,21-10-2022,2,327.11,1.06,9.34,0.87,2.98,11.95,13.84,6.9
Aizawl,22-10-2022,4,313.76,3.46,7.54,0.17,1.79,35.25,41.54,4.02
Aizawl,23-10-2022,3,196.93,0.47,2.03,0.76,0.37,23.29,26.1,0.76
Aizawl,24-10-2022,1,180.24,0.07,2.4,0.94,0.35,9.28,9.83,0.63
Aizawl,25-10-2022,1,205.28,0.31,1.39,0.45,0.29,3.8,5.31,0.27
Aizawl,26-10-2022,1,270.37,0.05,1.74,3.04,0.43,7.94,9.17,0.46
Aizawl,27-10-2022,4,367.16,0,9.42,8.58,3.93,25,27.8,8.61
Aizawl,28-10-2022,4,283.72,0.21,5.4,2.48,2.15,28.51,33.68,5
Aizawl,29-10-2022,3,453.95,0.19,21.59,2.46,4.83,23.37,29.2,12.92
Aizawl,30-10-2022,2,223.64,0.91,3.51,0.4,1.06,10.19,13.49,3.61
Aizawl,31-10-2022,2,377.18,3.69,12.51,0.11,3.49,10.9,12.58,10.13
Aizawl,01-11-2022,2,353.81,6.82,8.91,0.03,3.7,11.8,16.75,9.25
Aizawl,02-11-2022,2,393.87,0,21.93,12.34,4.35,11.89,16.53,12.03
Aizawl,03-11-2022,2,353.81,2.21,12.85,0.41,4.17,14.66,20.39,10.01
Aizawl,04-11-2022,3,311,6.87,3.6,0.05,1.52,25.12,32.25,10.01
Aizawl,05-11-2022,2,374,1.44,14.25,0.66,3.05,20.25,26.06,2.44
Aizawl,06-11-2022,2,270.37,0.17,6.94,1.11,0.82,12.04,16.12,2.44
Aizawl,07-11-2022,2,350.48,0.5,12.34,1.06,3.87,15.13,19.62,11.91
Aizawl,08-11-2022,2,417.23,0.43,17.48,1.63,5.07,18.97,24.79,12.92
Aizawl,09-11-2022,2,460.62,1.9,23.99,0.54,4.47,18.83,24.55,13.81
Aizawl,10-11-2022,2,467.3,0.02,27.08,4.43,4.95,18.85,24.47,14.19
Aizawl,11-11-2022,3,460.62,0.19,24.33,2.44,5.25,21.83,27.86,14.19
Aizawl,12-11-2022,3,397.21,2.63,16.62,0.34,3.78,23.89,30.1,10.89
Aizawl,13-11-2022,3,236.99,0.03,4.97,5.68,1.58,20.65,25.01,4.43
Aizawl,14-11-2022,3,263.69,0.14,7.37,2.95,2.15,22.19,26.85,6.4
Aizawl,15-11-2022,3,447.27,2.01,20.22,0.31,4.95,24.07,30.57,13.68
Aizawl,16-11-2022,3,460.62,3.63,20.56,0.14,4.95,23.7,29.93,14.06
Aizawl,17-11-2022,3,417.23,4.3,15.59,0.15,4.83,24.72,31,12.03
Aizawl,18-11-2022,3,397.21,0.03,19.36,4.92,3.34,24.71,31.6,8.23
Aizawl,19-11-2022,2,433.92,0.86,27.08,0.93,4.11,19.29,25.51,11.91
Aizawl,20-11-2022,2,333.79,0.06,18.34,2.91,2.89,12.82,16.86,11.02
Aizawl,21-11-2022,2,323.77,1.47,12.68,0.33,3.58,14.85,19.7,11.02
Aizawl,22-11-2022,4,407.22,3.38,11.14,0.17,4.05,26.69,33.44,10.13
Aizawl,23-11-2022,4,383.85,3.05,11.31,0.18,3.07,40.74,48.37,8.87
Aizawl,24-11-2022,4,390.53,2.77,10.88,0.3,3.64,35.61,42.83,9.25
Aizawl,25-11-2022,3,387.19,1.37,17.99,0.59,3.78,21.23,26.99,10.01
Aizawl,26-11-2022,2,360.49,1.82,15.08,0.57,3.81,16.65,22.24,10.77
Aizawl,27-11-2022,2,317.1,0.11,12.17,2.55,3.07,14.02,17.95,9.88
Aizawl,28-11-2022,2,283.72,1.93,5.83,0.17,2.62,18.03,22.7,6.65
Aizawl,29-11-2022,2,283.72,2.68,2.06,0.11,0.45,15.03,16.33,0.66
Aizawl,30-11-2022,3,403.88,1.66,8.83,0.44,3.55,23.31,24.3,7.85
Aizawl,01-12-2022,3,410.56,0.25,6.68,1.54,1.85,22.62,24.23,3.74
Aizawl,02-12-2022,4,357.15,7.82,4.97,0.04,2.53,25.18,26.21,5.13
Aizawl,03-12-2022,4,500.68,9.61,12.51,0.02,3.81,32,38.35,11.53
Aizawl,04-12-2022,3,333.79,5.87,7.45,0.04,2.06,22.24,26.84,7.79
Aizawl,05-12-2022,3,323.77,5.42,6.51,0.04,2.44,23.22,27.94,8.49
Aizawl,06-12-2022,2,407.22,10.73,7.54,0.01,4.95,15.57,21.1,11.78
Aizawl,07-12-2022,2,367.16,7.93,9.17,0.04,3.37,19.89,25.71,9.25
Aizawl,08-12-2022,2,360.49,5.31,9.85,0.11,3.78,17.26,22.56,8.87
Aizawl,09-12-2022,2,393.87,0.87,20.73,1.35,4.23,13.49,18.15,11.91
Aizawl,11-12-2022,2,200.27,0.17,3.56,3.71,0.72,13.32,15.49,2.09
Aizawl,12-12-2022,3,353.81,1.55,16.11,0.66,3.04,24.09,29.05,11.27
Aizawl,13-12-2022,4,447.27,4.64,17.14,0.15,4.17,33.56,40.18,12.03
Aizawl,14-12-2022,4,427.25,4.53,13.19,0.18,3.78,47.66,54.88,10.39
Aizawl,15-12-2022,5,433.92,2.91,12.85,0.33,4.17,55.62,63.1,10.64
Aizawl,16-12-2022,5,494,3.19,20.22,0.28,4.35,64.67,72.14,12.54
Aizawl,17-12-2022,4,410.56,2.88,20.56,0.3,3.43,34.71,41.04,10.64
Aizawl,18-12-2022,2,367.16,0.24,18.16,1.99,3.46,17.46,21.65,11.91
Aizawl,19-12-2022,2,236.99,3.27,2.61,0.15,0.31,19.17,23.03,0.45
Aizawl,20-12-2022,2,327.11,4.97,2.7,0.08,0.97,16.09,21.17,1.87
Aizawl,21-12-2022,3,534.06,5.64,20.73,0.1,5.48,21.4,27.2,15.33
Aizawl,22-12-2022,3,440.6,4.14,17.31,0.17,4.23,21.55,27.35,12.41
Aizawl,23-12-2022,3,480.65,4.19,22.62,0.29,5.19,23.57,29.19,14.44
Aizawl,24-12-2022,3,333.79,1.87,10.54,0.6,1.97,37.08,43.23,5.32
Aizawl,25-12-2022,3,293.73,0.14,10.88,3.44,2.09,26.3,30.82,7.41
Aizawl,26-12-2022,3,253.68,0.06,3.98,8.76,0.97,44.93,49.02,1.63
Aizawl,27-12-2022,5,350.48,0,3.47,20.21,1.52,120.21,126.41,0.59
Aizawl,28-12-2022,4,327.11,0.01,4.24,10.55,0.55,73.89,76.88,0.51
Aizawl,29-12-2022,5,600.81,0.01,24.68,8.4,5.48,87.38,93.77,13.43
Aizawl,30-12-2022,4,507.35,0.95,21.93,1.14,5.01,51.86,58.61,12.92
Aizawl,31-12-2022,4,427.25,0.09,14.57,5.01,4.71,60.78,68.08,10.64
Aizawl,01-01-2023,5,467.3,0.07,20.56,4.47,3.87,78.56,85.32,13.43
Aizawl,02-01-2023,3,360.49,0.02,12.51,7.96,2.95,49.75,55.08,9.75
Aizawl,03-01-2023,3,423.91,0,19.19,15.91,4.77,32.14,37.67,11.91
Aizawl,04-01-2023,3,480.65,0.59,27.08,1.45,5.07,29.17,35.17,14.44
Aizawl,05-01-2023,3,480.65,0.78,26.39,1.5,4.77,26.71,32.57,13.55
Aizawl,06-01-2023,3,367.16,5.2,9.85,0.11,3.46,26.63,32.5,8.36
Aizawl,07-01-2023,3,514.03,2.85,23.99,0.17,5.42,27.18,33.49,14.95
Aizawl,08-01-2023,2,407.22,0.09,21.93,3.13,3.67,17.73,21.9,13.43
Aizawl,09-01-2023,2,300.41,0.09,8.91,4.2,2.71,18.55,22.6,7.98
Aizawl,10-01-2023,2,397.21,2.37,16.11,0.39,3.7,23.61,29.58,10.77
Aizawl,11-01-2023,3,494,0.38,25.02,2.3,5.07,26,31.95,14.57
Aizawl,12-01-2023,3,440.6,1.96,19.02,0.61,5.01,29.83,36.27,12.54
Aizawl,13-01-2023,3,310.42,2.4,7.11,0.44,1.25,27.24,33.16,2.94
Aizawl,14-01-2023,3,413.89,0.02,15.42,6.79,3.93,43.65,49.93,9.25
Aizawl,15-01-2023,5,373.84,0.01,8.48,9.48,3.01,104.81,112.94,7.16
Aizawl,16-01-2023,5,330.45,0.01,4.5,8.05,0.98,104.22,113.3,2.41
Aizawl,17-01-2023,4,507.35,0,19.54,29.68,4.95,61.92,69.61,12.03
Aizawl,18-01-2023,5,460.62,0.01,11.82,8.85,3.07,90.06,99.85,7.09
Aizawl,19-01-2023,4,480.65,0,14.57,17.17,5.6,68.08,76.08,11.02
Aizawl,20-01-2023,3,407.22,0.24,18.68,2.91,2.32,39.52,46.1,7.54
Aizawl,21-01-2023,3,467.3,0.95,27.42,1.35,4.11,29.52,35.76,12.92
Aizawl,22-01-2023,2,353.81,0,14.74,10.46,3.67,21.05,27.17,11.27
Aizawl,23-01-2023,2,347.14,0,11.82,19.13,3.61,20,24.01,10.01
Aizawl,24-01-2023,3,433.92,0,16.96,18.78,4.71,40.49,45.84,11.15
Aizawl,25-01-2023,4,390.53,0,10.97,16.27,3.34,52.99,59.09,7.85
Aizawl,26-01-2023,4,427.25,0.01,11.82,10.73,3.87,54.45,60.92,8.87
Aizawl,27-01-2023,5,473.98,0,19.19,16.45,4.65,78.19,85.55,10.77
Aizawl,28-01-2023,4,403.88,0.03,10.37,6.62,2.29,72.77,79.91,5.76
Aizawl,29-01-2023,3,303.75,0.04,6.51,5.9,1.1,46.02,51.33,3.64
Aizawl,30-01-2023,3,407.22,0.01,19.36,7.06,3.37,31.96,37.16,12.54
Aizawl,31-01-2023,3,403.88,0.67,14.74,1.29,3.93,31.92,37.5,10.26
Aizawl,01-02-2023,3,423.91,0.53,13.02,1.72,3.99,38.9,45.16,9.88
Aizawl,02-02-2023,5,423.91,0.01,5.65,9.21,0.63,108.5,117.38,0.89
Aizawl,03-02-2023,5,367.16,0.04,7.8,6.88,1.49,79.14,86.5,3.67
Aizawl,04-02-2023,4,440.6,1.13,12,0.66,2.5,63.48,72.01,7.47
Aizawl,05-02-2023,4,460.62,0.02,10.37,5.99,3.64,73.53,81.34,10.77
Aizawl,06-02-2023,5,527.38,0.01,10.02,9.03,4.11,118.2,128.31,10.77
Aizawl,07-02-2023,5,460.62,0.23,6.77,2.91,0.89,113.63,124.89,2.44
Aizawl,08-02-2023,5,390.53,0.03,5.74,9.39,0.89,93.23,105.76,2.01
Aizawl,09-02-2023,4,380.52,0.08,7.88,4.07,1.34,68.77,83.65,3.32
Aizawl,10-02-2023,4,390.53,0.16,8.14,2.62,1.59,67.48,79.25,4.31
Aizawl,11-02-2023,5,453.95,0.94,6.68,0.7,1.07,104.29,121.05,2.44
Aizawl,12-02-2023,4,310.42,0.02,5.48,6.26,0.82,59.51,77.51,2.72
Aizawl,13-02-2023,5,403.88,0,3.43,27.18,1.59,132.41,148.3,1.27
Aizawl,14-02-2023,3,353.81,0,9.08,18.06,3.07,40.78,50.99,7.35
Aizawl,15-02-2023,3,473.98,0,16.11,11.35,5.84,45.62,56.5,13.55
Aizawl,16-02-2023,4,520.71,0,18.34,18.42,7.45,56.71,66.07,14.57
Aizawl,17-02-2023,4,500.68,0,15.59,21.46,7.03,57.17,66.59,13.93
Aizawl,18-02-2023,4,580.79,0,23.31,20.74,7.27,59.35,69.36,16.97
Aizawl,19-02-2023,4,494,0,15.42,30.4,5.3,65.23,73.29,14.31
Aizawl,20-02-2023,4,527.38,0,16.62,27.18,6.2,72.36,80.67,15.71
Aizawl,21-02-2023,5,647.54,0,20.91,32.9,6.85,103.64,113.76,16.72
Aizawl,22-02-2023,5,440.6,0,4.58,24.68,1.34,115.29,122.89,1.41
Aizawl,23-02-2023,5,397.21,0,2.72,56.51,2.03,106.92,114.47,0.22
Aizawl,25-02-2023,4,307.08,0.03,5.01,16.63,1.52,73.61,82.83,5.07
Aizawl,26-02-2023,5,340.46,0,5.83,11.98,1.71,79.21,91.64,4.75
Aizawl,27-02-2023,4,390.53,0,8.05,27.54,4.17,57.4,67.63,8.87
Aizawl,28-02-2023,4,453.95,0,13.54,15.02,3.22,65.28,77.61,8.36
Aizawl,01-03-2023,5,494,0,12.34,11.62,4.95,99.65,115.13,10.13
Aizawl,02-03-2023,4,440.6,0,8.48,26.82,4.59,61.26,75.65,9.63
Aizawl,03-03-2023,5,393.87,0,6.77,18.6,2.03,75.12,90.41,5.07
Aizawl,04-03-2023,4,447.27,0,12,22.53,4.11,68.15,90.36,9.37
Aizawl,05-03-2023,4,280.38,0.02,3.64,18.42,1.45,50.82,67.99,5.57
Aizawl,06-03-2023,5,440.6,0,7.03,16.09,4.29,85.67,102.4,9.37
Aizawl,07-03-2023,5,547.41,0.01,7.63,8.76,3.1,111.39,124.8,6.97
Aizawl,08-03-2023,4,447.27,0,7.2,12.34,2.44,69.38,79.21,5.64
Aizawl,09-03-2023,4,353.81,0,4.71,13.05,1.33,52.24,59.77,3.61
Aizawl,10-03-2023,5,413.89,0,4.24,16.63,1.15,75.23,83.21,3.1
Aizawl,11-03-2023,3,417.23,0.01,6.77,6.53,1.91,38.33,44.26,4.62
Aizawl,12-03-2023,3,323.77,0,3.64,12.52,0.83,49.62,54.82,3.2
Aizawl,13-03-2023,4,417.23,0,4.76,13.59,1.55,70.36,77.11,4.69
Aizawl,14-03-2023,5,734.33,0,12,16.81,5.13,96.3,103.48,11.91
Aizawl,15-03-2023,5,560.76,0.01,5.27,10.01,1.37,102.19,109.91,3.01
Aizawl,16-03-2023,4,534.06,0,2.96,11.27,0.48,73.96,77.01,0.61
Aizawl,17-03-2023,5,694.27,0,8.83,16.45,4.29,99.01,106.54,9.12
Aizawl,18-03-2023,3,460.62,0,7.8,6.79,3.04,33.16,38.46,6.97
Aizawl,19-03-2023,2,473.98,0,15.59,5.41,3.67,19.75,23.91,12.54
Aizawl,20-03-2023,2,347.14,0.01,2.1,4.78,0.3,19.86,20.75,0.37
Aizawl,21-03-2023,1,347.14,0.01,1.65,7.6,0.37,5.66,7.5,0.56
Aizawl,22-03-2023,1,357.15,0.61,2.21,0.48,0.42,9.13,12.93,0.6
Aizawl,23-03-2023,2,340.46,0.44,2.38,0.69,0.47,10.97,15,0.85
Aizawl,24-03-2023,3,407.22,0.03,3.43,4.07,0.57,47.04,51.66,0.78
Aizawl,25-03-2023,4,547.41,0,15.94,13.95,5.07,68.19,76.02,11.4
Aizawl,26-03-2023,5,387.19,0,4.24,7.06,1.59,83.41,90.37,3.83
Aizawl,27-03-2023,5,420.57,0.01,2.83,9.83,0.63,86.1,90.23,0.76
Aizawl,28-03-2023,4,534.06,0,10.45,8.58,4.83,61.91,68.23,9.75
Aizawl,29-03-2023,4,390.53,0.07,4.5,1.99,1.12,54.28,61.43,2.25
Aizawl,30-03-2023,4,473.98,0.01,9.17,5.9,2.29,63.64,75.45,3.58
Aizawl,31-03-2023,3,350.48,0.1,3.43,2.3,0.75,32.06,36.61,1.49
Aizawl,01-04-2023,3,560.76,0,16.79,10.73,5.07,28.96,34.83,11.27
Aizawl,02-04-2023,2,360.49,0,1.44,11.62,0.47,18.54,19.41,0.41
Aizawl,03-04-2023,2,337.12,0,1.36,22.35,1.12,17.15,18.01,0.51
Aizawl,04-04-2023,2,330.45,0.06,2.66,3.76,0.47,24,27.99,0.54
Aizawl,05-04-2023,3,370.5,0,1.61,36.48,1.09,43.14,46.26,0.25
Aizawl,06-04-2023,2,297.07,0.23,3,1.31,0.87,19.25,23.73,1.93
Aizawl,07-04-2023,4,494,0,11.14,16.81,5.6,57.9,70.83,11.15
Aizawl,08-04-2023,3,390.53,0,9.34,19.49,3.93,48.87,60.39,8.04
Aizawl,09-04-2023,4,333.79,0,5.57,22.17,2.24,59.15,70.37,6.33
Aizawl,10-04-2023,5,447.27,0,5.74,31.83,3.13,103.65,117.6,7.22
Aizawl,11-04-2023,5,560.76,0,8.48,32.19,4.89,115.67,132.26,9.37
Aizawl,12-04-2023,5,1028.06,0,9.85,51.5,7.09,202.77,217.85,11.4
Aizawl,13-04-2023,5,747.68,0,8.05,51.5,5.66,149.08,162.1,9.63
Aizawl,14-04-2023,5,587.46,0,6.85,9.21,2.59,127.46,141.94,5.19
Aizawl,15-04-2023,5,433.92,0,5.83,18.42,2.21,99.06,119.01,4.56
Aizawl,16-04-2023,5,460.62,0,8.4,33.26,2.98,88.22,106.6,9.5
Aizawl,17-04-2023,5,373.84,0.01,5.14,5.72,1.03,103.93,121.21,3.29
Aizawl,18-04-2023,5,440.6,0.01,4.97,6.08,0.75,95.78,103.52,1.38
Aizawl,19-04-2023,5,420.57,0.01,3.81,11.18,0.91,75.52,86.42,1.93
Aizawl,20-04-2023,4,360.49,0,4.03,19.31,0.97,63.69,74.35,1.76
Aizawl,21-04-2023,3,323.77,0,2.44,14.31,0.45,39.34,42.7,0.34
Aizawl,22-04-2023,3,333.79,0.06,2.78,3.22,0.35,28.18,30.83,0.44
Aizawl,23-04-2023,3,313.76,0.01,2.08,6.26,0.56,46.37,50.54,1.16
Aizawl,24-04-2023,3,300.41,0.01,1.88,2.84,0.45,36.78,38.46,0.96
Aizawl,25-04-2023,3,323.77,0.08,3.94,1.99,0.59,42.22,47.84,1.19
Aizawl,26-04-2023,3,407.22,0.01,3.56,6.79,0.77,43.52,49.08,1.85
Aizawl,27-04-2023,3,390.53,0.01,5.48,8.23,1.25,44.68,52.07,3.36
Aizawl,28-04-2023,5,580.79,0,7.8,12.7,3.04,92.7,100.78,6.65
Aizawl,29-04-2023,5,567.44,0.01,8.91,6.53,3.7,98.13,107.12,8.04
Aizawl,30-04-2023,5,547.41,0,5.74,47.92,3.76,90.69,98.1,7.92
Aizawl,01-05-2023,4,390.53,0.01,3.73,5.72,0.83,72.57,78.67,2.72
Aizawl,02-05-2023,4,433.92,0,1.84,13.23,0.48,51.57,54.52,0.35
Aizawl,03-05-2023,3,453.95,0.03,7.45,1.63,1.25,41,47.77,2.6
Aizawl,04-05-2023,5,433.92,0.04,5.74,2.19,1.33,85.63,93.25,2.25
Aizawl,05-05-2023,2,393.87,0.22,3.6,1.21,0.7,18.47,23.02,0.86
Aizawl,06-05-2023,2,400.54,0.01,3.34,5.54,0.53,17.98,21.09,0.54
Aizawl,07-05-2023,3,440.6,0.01,4.16,4.2,1.43,46.37,51.23,3.93
Aizawl,08-05-2023,4,387.19,0,3.21,11.27,1.19,74.72,81.09,2.63
Aizawl,09-05-2023,5,433.92,0,7.2,15.2,3.43,79.36,91.64,6.46
Aizawl,10-05-2023,5,467.3,0.03,5.06,3.08,1.62,90.59,106.83,2.94
Aizawl,11-05-2023,5,453.95,0,5.74,16.81,1.34,76.11,84.79,2.25
Aizawl,12-05-2023,4,567.44,0,16.28,15.74,5.9,68.36,85.42,12.29
Aizawl,13-05-2023,4,487.33,0,4.03,10.82,1.43,71.95,80.99,2.41
Aizawl,14-05-2023,1,310.42,0.04,2.91,0.53,0.23,9.49,9.91,0.28
Aizawl,15-05-2023,1,287.06,0,0.92,27.54,0.32,6.51,6.95,0.32
Aizawl,16-05-2023,1,337.12,0,1.44,25.03,0.39,9.11,10.16,0.49
Aizawl,17-05-2023,1,287.06,0.01,1.12,14.31,0.35,6.89,7.52,0.37
Aizawl,18-05-2023,1,283.72,0.15,1.59,1.56,0.32,5.15,6.2,0.4
Aizawl,19-05-2023,1,270.37,0,1.65,7.06,0.4,3.11,4.47,0.42
Aizawl,20-05-2023,1,283.72,0,2.12,28.61,1.34,7.13,8.37,0.25
Aizawl,21-05-2023,1,280.38,0,0.94,39.7,0.41,4.67,6.32,0.3
Aizawl,22-05-2023,2,293.73,0,1.65,16.27,0.54,14.69,18.16,0.48
Aizawl,23-05-2023,2,307.08,0,2.27,9.12,0.64,20.87,26.45,0.49
Aizawl,24-05-2023,2,287.06,0,1.44,15.56,0.42,11.07,13.52,0.35
Aizawl,25-05-2023,2,277.04,0.02,1.82,3.89,0.48,13.94,15.72,0.47
Amaravati,30-11-2020,4,320.44,0.27,3.43,115.87,8.58,44.09,47.31,3.96
Amaravati,01-12-2020,5,1295.09,0.11,18.17,12.88,6.02,171.07,194.68,6.02
Amaravati,02-12-2020,5,801.09,0,10.97,69.38,9.06,152.6,167.2,3.58
Amaravati,03-12-2020,5,727.65,0,7.88,108.72,9.66,168.41,180.84,3.9
Amaravati,04-12-2020,5,720.98,0,7.45,98.71,10.01,170.39,183.45,2.25
Amaravati,05-12-2020,5,627.52,0,6.51,79.39,5.84,137.37,150.24,2.15
Amaravati,06-12-2020,5,607.49,0,7.45,86.55,8.23,145.67,155.68,2.5
Amaravati,07-12-2020,5,440.6,0,5.4,77.25,5.78,81.47,91.86,2.22
Amaravati,08-12-2020,5,567.44,0,8.14,67.95,6.44,99.74,111.02,2.69
Amaravati,09-12-2020,5,1522.06,0.98,21.59,3.89,7.03,233.29,265.06,9.75
Amaravati,10-12-2020,5,1815.8,0.37,24.33,7.06,8.7,241.24,274.21,7.28
Amaravati,11-12-2020,5,934.6,0.01,16.62,23.25,6.91,142.49,154.01,4.69
Amaravati,12-12-2020,5,1001.36,0,18.51,28.97,6.91,186.22,201.13,4.37
Amaravati,13-12-2020,5,1094.82,0.07,19.19,14.66,5.42,217.78,238.12,7.16
Amaravati,14-12-2020,5,934.6,0.01,15.94,28.97,5.42,165,180.57,5
Amaravati,15-12-2020,5,1014.71,0.01,18.17,26.11,9.89,173.2,192.63,5.19
Amaravati,16-12-2020,5,747.68,0,7.97,82.97,7.03,179.74,196.41,3.17
Amaravati,17-12-2020,5,514.03,0,7.11,72.24,6.8,78.3,94.52,3.74
Amaravati,18-12-2020,5,674.25,0,8.23,74.39,7.63,126.22,144.18,3.14
Amaravati,19-12-2020,5,1068.12,0,12.34,42.2,9.18,185.39,198.68,3.26
Amaravati,20-12-2020,5,894.55,0,8.23,73.67,5.78,175.06,188.27,2.98
Amaravati,21-12-2020,5,821.11,0,11.65,45.78,6.26,146.98,163.34,4.62
Amaravati,22-12-2020,5,1241.68,0.01,18.17,28.97,8.35,199.14,222.64,4.75
Amaravati,23-12-2020,5,988.01,0,17.14,49.35,13.11,163.23,182.51,3.99
Amaravati,24-12-2020,5,894.55,0,16.45,33.62,8.23,131.66,150.51,5.45
Amaravati,25-12-2020,5,881.2,0,14.74,49.35,6.97,145.07,162.33,4.88
Amaravati,26-12-2020,5,1148.22,0,17.14,38.62,8.58,191.1,214.09,5.32
Amaravati,27-12-2020,5,1201.63,0,14.22,47.21,6.62,277.49,298.26,5
Amaravati,28-12-2020,5,1174.93,0,12.17,45.42,6.97,271.68,292.47,4.75
Amaravati,29-12-2020,5,1094.82,0,17.31,32.9,8.46,192.5,216.32,5.83
Amaravati,30-12-2020,5,634.19,0,7.28,87.98,8.35,147.39,162.97,3.42
Amaravati,31-12-2020,5,587.46,0,5.31,110.15,10.37,139.27,156.42,3.45
Amaravati,01-01-2021,5,680.92,0,5.66,118.73,11.44,187.62,206.56,3.04
Amaravati,02-01-2021,5,707.63,0,6.94,100.14,7.51,141.8,158.49,4.24
Amaravati,03-01-2021,5,594.14,0,6.51,82.97,6.26,129.2,142.82,4.88
Amaravati,04-01-2021,5,594.14,0,6.08,88.69,5.9,123.1,141.79,4.02
Amaravati,05-01-2021,5,534.06,0,6,81.54,6.2,88.14,103.28,4.62
Amaravati,06-01-2021,5,453.95,0,4.8,66.52,4.83,54.27,65.16,3.99
Amaravati,07-01-2021,5,1735.69,11.62,24.33,0.04,12.52,160.24,189.93,14.82
Amaravati,08-01-2021,5,841.14,0.05,16.11,16.45,8.35,87.5,104.6,5.26
Amaravati,09-01-2021,5,527.38,0,7.71,49.35,5.42,72.28,82.71,3.14
Amaravati,10-01-2021,5,540.73,0,11.48,29.33,6.08,61.49,74.25,3.71
Amaravati,11-01-2021,5,801.09,0.01,15.08,27.18,7.63,141.72,163.15,5.51
Amaravati,12-01-2021,5,1321.79,0.24,22.96,9.21,9.66,170.66,195.36,8.36
Amaravati,13-01-2021,5,720.98,0.01,16.79,24.68,10.49,76.5,93.12,4.94
Amaravati,14-01-2021,5,807.76,0,13.37,41.13,7.87,148.44,167.9,5.38
Amaravati,15-01-2021,5,687.6,0,9.94,56.51,7.75,166.49,182.11,2.63
Amaravati,16-01-2021,5,660.9,0,11.48,41.13,6.26,110.51,125.21,3.26
Amaravati,17-01-2021,5,500.68,0,8.14,53.64,5.36,64.13,73.48,2.95
Amaravati,18-01-2021,5,600.82,0,10.2,47.92,6.56,83.89,95.54,4.37
Amaravati,19-01-2021,5,821.11,0.02,18.17,23.96,10.01,92.98,107.09,5.64
Amaravati,20-01-2021,5,794.41,0,14.91,43.63,7.63,101.97,118.78,4.37
Amaravati,21-01-2021,5,694.28,0,13.88,40.05,6.86,89.47,102.29,4.69
Amaravati,22-01-2021,5,627.52,0,14.57,29.68,7.57,64.69,76,5.89
Amaravati,23-01-2021,4,547.41,0.02,10.28,22.53,6.56,33.06,40.92,3.64
Amaravati,24-01-2021,4,473.98,0,8.14,31.47,4.83,36.46,42.06,3.26
Amaravati,25-01-2021,4,560.76,0.01,11.31,26.82,5.19,43.96,52.01,4.5
Amaravati,26-01-2021,5,540.73,0,9.77,55.08,6.32,66.28,74.43,3.48
Amaravati,27-01-2021,4,507.36,0,9.25,50.78,6.5,42.24,49.57,4.05
Amaravati,28-01-2021,5,761.03,0.17,14.57,15.02,6.91,92.48,106,5.95
Amaravati,29-01-2021,5,547.41,0,11.65,67.95,16.93,64.5,74.37,2.22
Amaravati,30-01-2021,5,827.79,0,10.54,63.66,7.45,179.53,197.59,3.67
Amaravati,31-01-2021,5,754.36,0,10.45,63.66,6.74,160.83,174.43,4.56
Amaravati,01-02-2021,5,687.6,0,5.91,97.28,8.35,176.92,187.62,2.98
Amaravati,02-02-2021,5,654.22,0,6.68,85.83,7.87,121.46,129.55,3.48
Amaravati,03-02-2021,5,741.01,0,10.63,88.69,12.04,158.11,177.66,4.18
Amaravati,04-02-2021,5,607.49,0,11.65,65.8,10.49,87.21,107.4,4.69
Amaravati,05-02-2021,5,781.06,0,16.45,53.64,11.56,114.49,136.82,7.47
Amaravati,06-02-2021,5,667.57,0,11.31,77.25,10.97,116.55,134.77,5.95
Amaravati,07-02-2021,5,647.54,0,9.68,70.81,7.99,118.19,134.83,4.24
Amaravati,08-02-2021,5,640.87,0,12.34,36.12,6.74,68.79,83.64,6.02
Amaravati,09-02-2021,5,921.25,0,14.22,67.23,12.28,152.28,176.58,6.21
Amaravati,10-02-2021,5,634.19,0,8.48,90.84,9.54,95.64,109.14,5.45
Amaravati,11-02-2021,5,647.54,0,11.82,70.1,7.99,76.83,90.68,5.7
Amaravati,12-02-2021,5,580.79,0,9.6,77.25,7.09,79.01,91.92,5.26
Amaravati,13-02-2021,4,494,0,9.94,58.65,7.63,45.67,56.26,5.51
Amaravati,14-02-2021,4,534.06,0,10.97,35.41,5.36,36.52,46.88,6.33
Amaravati,15-02-2021,4,487.33,0,10.71,37.55,6.02,25.73,33.31,6.52
Amaravati,16-02-2021,2,520.71,0.01,12,22.71,7.33,18.16,25.59,5.64
Amaravati,17-02-2021,5,467.3,0,9.17,55.79,7.15,60.67,70.95,3.07
Amaravati,18-02-2021,5,614.17,0,8.65,87.98,7.39,150.83,165.33,2.53
Amaravati,19-02-2021,5,547.41,0,8.31,86.55,8.58,142.98,159.43,2.85
Amaravati,20-02-2021,5,587.46,0,7.97,90.12,9.18,111.21,123.68,9.25
Amaravati,21-02-2021,4,427.25,0,4.24,82.97,4.47,40.81,43.4,3.39
Amaravati,22-02-2021,5,714.3,0,11.65,48.64,8.11,88.6,101.33,5.64
Amaravati,23-02-2021,5,774.38,0,12.85,36.48,7.21,79.45,93.24,5.26
Amaravati,24-02-2021,4,727.65,0,13.71,28.25,8.58,46.65,57.96,8.99
Amaravati,25-02-2021,5,614.17,0,10.97,40.77,7.87,57.29,67.35,5.38
Amaravati,26-02-2021,5,667.57,0,12.68,39.34,7.27,79.75,90.75,4.37
Amaravati,27-02-2021,5,974.66,0,18.85,62.23,10.13,149.95,167.82,8.99
Amaravati,28-02-2021,5,634.19,0,9.6,87.26,6.91,107.62,120.4,4.24
Amaravati,01-03-2021,4,427.25,0,6.94,52.93,5.6,46.87,56,2.95
Amaravati,02-03-2021,4,560.76,0,12.17,29.33,7.15,42.13,52.35,5.51
Amaravati,03-03-2021,5,494,0,9,75.82,7.75,63.11,71.87,4.88
Amaravati,04-03-2021,4,413.9,0,8.31,42.92,6.68,48.31,56.71,3.33
Amaravati,05-03-2021,4,400.54,0,8.4,45.78,6.62,43.52,52.33,3.77
Amaravati,06-03-2021,4,453.95,0,9.68,50.78,6.68,49.57,57.05,7.79
Amaravati,07-03-2021,4,427.25,0,7.97,40.05,5.13,48.19,56.46,3.29
Amaravati,08-03-2021,3,363.83,0.03,7.37,16.27,5.07,20.58,25.93,2.98
Amaravati,09-03-2021,2,340.46,0.1,6.94,11.27,6.02,17.35,23.14,3.2
Amaravati,10-03-2021,1,343.8,0.16,8.4,8.67,6.2,9.63,13.83,3.04
Amaravati,11-03-2021,2,333.79,0.01,7.03,22.71,5.42,11.71,15.67,2.72
Amaravati,12-03-2021,2,400.54,0.03,10.11,16.99,7.09,13.48,20.57,3.77
Amaravati,13-03-2021,3,507.36,0.06,11.65,13.23,6.32,23.1,30.5,3.93
Amaravati,14-03-2021,3,520.71,0.25,12.68,8.49,5.13,20.88,27.96,5.51
Amaravati,15-03-2021,2,433.92,0.02,9.08,19.49,5.36,18.51,24.15,4.5
Amaravati,16-03-2021,2,370.5,0.01,7.28,26.46,6.32,14.4,19.38,3.58
Amaravati,17-03-2021,2,393.87,0,7.88,30.76,6.97,16.66,21.78,4.18
Amaravati,18-03-2021,3,417.23,0,7.8,33.26,6.56,21.56,27.51,3.77
Amaravati,19-03-2021,4,473.98,0,8.74,43.99,7.15,43.57,55.56,3.33
Amaravati,20-03-2021,5,494,0,8.48,59.37,6.56,75.1,87.76,3.29
Amaravati,21-03-2021,5,580.79,0,10.88,34.69,6.08,69.99,80.32,6.52
Amaravati,22-03-2021,4,413.9,0,7.2,43.99,5.78,46.94,58.2,6.4
Amaravati,23-03-2021,5,494,0,9.85,37.19,7.21,67.45,86.4,4.31
Amaravati,24-03-2021,5,580.79,0,10.97,41.84,7.15,104.79,127.76,6.78
Amaravati,25-03-2021,5,514.03,0,9.68,43.99,8.11,103.07,119.77,7.03
Amaravati,26-03-2021,5,514.03,0,9.6,42.2,7.63,99.77,114.99,7.6
Amaravati,27-03-2021,5,507.36,0,8.91,43.99,7.57,113.59,133.41,4.62
Amaravati,28-03-2021,5,420.57,0,5.4,53.64,4.77,91.49,100.59,3.17
Amaravati,29-03-2021,5,460.63,0,5.57,50.78,5.01,64.86,74.67,2.6
Amaravati,30-03-2021,5,514.03,0,6.17,98.71,6.97,62.89,71.81,1.96
Amaravati,31-03-2021,5,700.95,0,8.05,111.58,9.3,79.05,91.81,6.52
Amaravati,01-04-2021,5,787.74,0,11.31,104.43,10.73,106.57,130.93,7.79
Amaravati,02-04-2021,5,574.11,0,7.88,120.16,10.37,80.24,105.22,6.08
Amaravati,03-04-2021,5,720.98,0,10.63,82.25,10.61,89.41,114.3,8.36
Amaravati,04-04-2021,4,317.1,0,7.71,45.06,11.56,33.69,56.1,2.38
Amaravati,05-04-2021,4,433.92,0,7.03,63.66,7.27,38.18,58.76,8.74
Amaravati,06-04-2021,4,500.68,0,11.14,29.33,10.85,43.57,65.98,4.31
Amaravati,07-04-2021,3,400.54,0,6.77,45.78,6.5,22.63,36.05,3.74
Amaravati,08-04-2021,3,387.19,0,6,58.65,5.84,20.41,37.71,2.82
Amaravati,09-04-2021,2,377.18,0,5.66,53.64,5.54,17.11,27.6,3.45
Amaravati,10-04-2021,2,467.3,0,5.23,28.25,6.44,16.32,23.32,4.88
Amaravati,11-04-2021,1,367.17,0.01,5.36,20.56,6.14,8.62,11.99,3.07
Amaravati,12-04-2021,1,327.11,0.01,4.93,21.64,4.47,4.47,7.32,3.07
Amaravati,13-04-2021,1,383.85,0.03,7.63,16.45,7.57,7.49,11.11,4.31
Amaravati,14-04-2021,1,370.5,0.02,7.28,18.77,6.5,5.94,9.3,4.24
Amaravati,15-04-2021,2,507.36,0.03,11.14,13.77,12.99,11.47,15.87,6.9
Amaravati,16-04-2021,2,500.68,0.03,14.74,14.48,10.97,10.52,14.64,6.52
Amaravati,17-04-2021,3,417.23,0,5.83,70.81,6.32,24.94,29.37,3.48
Amaravati,18-04-2021,2,383.85,0,5.83,42.92,5.19,17.57,21.66,4.31
Amaravati,19-04-2021,2,363.83,0,6.6,31.83,6.08,10.99,15.86,4.18
Amaravati,20-04-2021,2,350.48,0,5.83,48.64,6.44,15.46,26.82,2.98
Amaravati,21-04-2021,2,387.19,0,6.26,57.94,7.75,14.89,27.33,2.91
Amaravati,22-04-2021,1,343.8,0,5.18,47.92,5.31,9.14,16.92,3.07
Amaravati,23-04-2021,2,440.6,0,9.25,48.64,8.11,14.49,22.7,4.75
Amaravati,24-04-2021,2,460.63,0,9.08,49.35,7.99,17.12,25.49,3.77
Amaravati,25-04-2021,2,337.12,0,5.74,46.49,4.83,11.43,16.16,2.66
Amaravati,26-04-2021,2,377.18,0,5.83,44.35,5.07,12.01,18.06,2.91
Amaravati,27-04-2021,2,410.56,0,7.63,41.49,7.75,19.27,28.78,5.38
Amaravati,28-04-2021,3,403.88,0,8.23,40.41,7.39,22.69,34.27,5.7
Amaravati,29-04-2021,4,433.92,0,9.6,41.49,8.23,27.57,42.71,7.03
Amaravati,30-04-2021,2,363.83,0,8.05,31.83,7.87,13.75,25.01,6.02
Amaravati,01-05-2021,2,353.81,0,8.14,27.9,10.61,15.02,22.15,4.94
Amaravati,02-05-2021,1,263.69,0.01,5.27,23.6,6.02,6.34,9.76,3.26
Amaravati,03-05-2021,1,247,0.02,4.24,19.85,3.93,3.27,6.27,2.85
Amaravati,04-05-2021,1,263.69,0.02,4.71,18.95,4.65,3.27,6.53,3.33
Amaravati,05-05-2021,1,247,0.02,3.51,19.31,3.67,2.99,5.69,2.91
Amaravati,06-05-2021,1,250.34,0.07,3.81,12.34,4.71,2.84,5.39,2.91
Amaravati,07-05-2021,1,297.07,0.15,6.17,8.32,8.58,7.25,10.88,2.69
Amaravati,08-05-2021,1,427.25,0.07,5.23,12.16,6.14,6.73,9.77,3.33
Amaravati,09-05-2021,1,357.15,0.03,3.13,14.31,3.16,4.32,6.16,2.63
Amaravati,10-05-2021,1,323.77,0.02,3.47,19.13,3.87,9.17,11.62,3.07
Amaravati,11-05-2021,1,420.57,0.02,4.54,19.49,4.23,9.03,12.02,2.85
Amaravati,12-05-2021,2,380.52,0,5.27,65.8,5.78,16.91,23.06,2.95
Amaravati,13-05-2021,4,407.22,0,4.71,110.15,5.25,35.56,42.88,1.52
Amaravati,14-05-2021,3,350.48,0,4.76,77.96,4.89,21.9,31.45,1.5
Amaravati,15-05-2021,1,343.8,0,5.91,41.13,7.33,9.17,15.96,2.25
Amaravati,16-05-2021,1,260.35,0,4.8,45.06,6.44,8.43,17.77,1.69
Amaravati,17-05-2021,1,313.76,0.04,4.97,14.31,4.77,8.17,14.58,2.76
Amaravati,18-05-2021,2,307.08,0,6.6,27.9,8.11,10.01,15.27,2.06
Amaravati,19-05-2021,2,297.07,0,4.67,55.08,4.65,11.93,18.91,1.92
Amaravati,20-05-2021,3,313.76,0,5.91,64.37,6.26,22.49,28.73,1.71
Amaravati,21-05-2021,4,367.17,0,5.66,85.12,6.02,34.28,37.21,1.71
Amaravati,22-05-2021,3,514.03,0,9.43,58.65,7.21,22.59,25.59,3.04
Amaravati,23-05-2021,4,587.46,0,7.88,58.65,5.48,40.86,47.59,6.52
Amaravati,24-05-2021,5,687.6,0,13.54,34.69,7.75,59.3,87.95,11.27
Amaravati,25-05-2021,4,403.88,0,8.4,57.94,15.26,40.59,62.16,8.87
Amaravati,26-05-2021,4,527.38,0,10.54,48.64,7.39,42.23,66.57,10.77
Amaravati,27-05-2021,4,330.45,0,5.57,75.82,4.89,29.71,62.02,7.35
Amaravati,28-05-2021,3,317.1,0,6.68,72.96,7.39,19.86,43.27,8.61
Amaravati,29-05-2021,3,473.98,0,11.65,53.64,14.31,24.68,34.24,11.15
Amaravati,30-05-2021,4,494,0,9.6,67.95,8.46,26.52,34.67,11.27
Amaravati,31-05-2021,4,410.56,0,6.86,72.96,6.8,26.03,33.4,10.01
Amaravati,01-06-2021,5,894.55,0.02,21.59,17.17,10.73,60.6,82.52,19.51
Amaravati,02-06-2021,5,1762.39,1.54,35.64,1.52,13.83,98.2,122.17,21.28
Amaravati,03-06-2021,5,781.06,0,14.05,69.38,15.74,58.62,66.42,7.16
Amaravati,04-06-2021,4,400.54,0,6.34,89.41,9.42,48.35,51.78,3.04
Amaravati,05-06-2021,2,327.11,0,7.2,55.79,6.56,18.94,24.45,3.04
Amaravati,06-06-2021,1,267.03,0,4.54,37.55,3.7,5.88,8.49,2.6
Amaravati,07-06-2021,4,440.6,0,4.67,94.41,5.48,48.22,50.72,2.44
Amaravati,08-06-2021,3,520.71,0,10.97,55.08,7.99,21.73,26.88,7.28
Amaravati,09-06-2021,2,300.41,0,7.03,72.96,10.49,17.87,24.03,7.03
Amaravati,10-06-2021,1,350.48,0,9.6,27.9,6.5,8.31,9.81,2.09
Amaravati,11-06-2021,1,253.68,0,4.54,37.19,3.01,2.39,3.3,2.85
Amaravati,12-06-2021,1,260.35,0,5.06,32.19,3.04,3.51,5.63,4.69
Amaravati,13-06-2021,1,320.44,0,8.91,22.35,6.44,7.37,9.08,2.47
Amaravati,14-06-2021,1,300.41,0.01,7.8,19.85,5.19,5.27,6.83,3.48
Amaravati,15-06-2021,1,323.77,0.02,10.37,15.2,5.25,6.3,9.5,5.83
Amaravati,16-06-2021,1,260.35,0,4.37,32.54,1.76,2.35,3.44,3.26
Amaravati,17-06-2021,2,273.71,0,11.65,29.68,12.88,11.08,13.68,3.93
Amaravati,18-06-2021,2,360.49,0.04,14.4,13.05,7.33,11.43,14.49,4.56
Amaravati,19-06-2021,1,267.03,0,5.57,42.56,3.46,3.04,5.26,5.7
Amaravati,20-06-2021,1,250.34,0,4.03,33.62,1.67,2.12,3.43,4.56
Amaravati,21-06-2021,2,280.38,0,6.34,60.8,8.82,11.66,14.98,7.66
Amaravati,22-06-2021,2,527.38,0.16,15.59,9.84,9.66,16.58,26.47,14.95
Amaravati,23-06-2021,4,834.47,0.09,23.99,9.3,15.74,35.39,49.37,18.24
Amaravati,24-06-2021,3,494,0,11.65,40.77,9.42,20.94,24.62,3.96
Amaravati,25-06-2021,1,290.39,0,6,43.63,5.9,7.57,9.99,5
Amaravati,26-06-2021,1,290.39,0,6.17,33.62,5.42,4.93,6.61,4.88
Amaravati,27-06-2021,1,397.21,0.01,10.37,18.77,5.31,8.94,10.92,2.38
Amaravati,28-06-2021,2,407.22,0,9.25,24.68,4.29,11.18,12.47,1.98
Amaravati,29-06-2021,4,407.22,0,8.23,90.12,9.06,43.08,48.3,3.77
Amaravati,30-06-2021,4,310.42,0,6.26,70.1,6.44,32.48,46.39,2.06
Amaravati,01-07-2021,5,687.6,0,12.17,67.23,10.01,83.27,97.67,5
Amaravati,02-07-2021,5,500.68,0,6.68,104.43,8.7,71.69,73.74,1.05
Amaravati,03-07-2021,4,627.52,0,16.28,31.47,11.68,33.15,40.54,7.03
Amaravati,04-07-2021,4,640.87,0,15.08,23.96,8.23,31.93,39.58,6.08
Amaravati,05-07-2021,3,520.71,0,13.37,26.11,6.86,21.3,28.81,11.27
Amaravati,06-07-2021,4,574.11,0,14.05,31.11,12.88,30.64,38.24,5.64
Amaravati,07-07-2021,4,567.44,0,13.2,40.41,8.35,37.41,45.04,4.56
Amaravati,08-07-2021,4,660.9,0,14.05,36.12,10.85,35.41,40.69,3.33
Amaravati,09-07-2021,3,453.95,0,9.77,36.48,9.78,24.71,28.45,3.39
Amaravati,10-07-2021,4,707.63,0,13.71,51.5,9.42,49.66,53.83,2.79
Amaravati,11-07-2021,2,410.56,0,8.31,30.76,4.83,11.5,13.02,1.79
Amaravati,12-07-2021,2,380.52,0,8.65,30.04,4.95,14.1,15.54,1.98
Amaravati,13-07-2021,1,410.56,0,9.17,23.6,5.01,9.71,11.91,2.03
Amaravati,14-07-2021,1,340.46,0.02,8.57,16.09,3.55,5.43,6.92,2.01
Amaravati,15-07-2021,2,353.81,0,9,24.68,5.13,10.57,11.76,1.69
Amaravati,16-07-2021,4,367.17,0,6,77.25,6.14,29.73,35.67,2.44
Amaravati,17-07-2021,3,393.87,0,9.51,48.64,8.58,22.92,25.86,2.63
Amaravati,18-07-2021,4,460.63,0,8.57,53.64,7.27,37,39.86,2.47
Amaravati,19-07-2021,4,554.09,0,11.48,24.68,6.2,32.54,36.62,3.67
Amaravati,20-07-2021,1,280.38,0,4.8,52.93,4.71,6.65,8.19,3.48
Amaravati,21-07-2021,1,283.72,0,6.17,37.19,3.58,3.93,4.78,1.36
Amaravati,22-07-2021,1,293.73,0,6.68,36.48,4.23,7.78,8.4,1.03
Amaravati,23-07-2021,1,250.34,0,5.91,30.04,2.44,4.03,4.38,0.81
Amaravati,24-07-2021,1,303.75,0,6.77,26.46,2.74,6.91,9.28,4.24
Amaravati,25-07-2021,1,330.45,0.01,9.94,17.7,5.31,7.47,10.51,5.64
Amaravati,26-07-2021,1,290.39,0,6.43,33.26,3.07,5.05,7.57,5.89
Amaravati,27-07-2021,1,297.07,0,7.8,23.25,4.23,4.71,7.64,6.59
Amaravati,28-07-2021,1,337.12,0,8.48,26.11,4.11,5.99,9.92,7.73
Amaravati,29-07-2021,1,313.76,0.01,10.97,20.21,7.03,5.36,8.48,7.09
Amaravati,30-07-2021,1,270.37,0,4.97,41.49,2.62,4.58,6.46,4.94
Amaravati,31-07-2021,1,290.39,0,6.08,35.41,3.28,4.24,6.93,6.46
Amaravati,01-08-2021,1,253.68,0,8.14,26.46,6.5,8.95,12.2,5.45
Amaravati,02-08-2021,1,293.73,0,6.43,27.54,3.19,5.26,8.28,7.73
Amaravati,03-08-2021,2,310.42,0,9.08,40.77,9.54,11,15.02,7.22
Amaravati,04-08-2021,1,310.42,0,7.8,33.98,3.43,4.34,7.67,8.04
Amaravati,05-08-2021,1,273.71,0,6,38.62,5.96,4.19,6.2,5.32
Amaravati,06-08-2021,1,333.79,0,8.91,25.39,3.99,4.9,8.86,8.74
Amaravati,07-08-2021,2,473.98,0,13.2,30.76,8.35,16.54,23.02,11.02
Amaravati,08-08-2021,3,520.71,0,11.65,36.48,6.8,24.58,32.86,8.74
Amaravati,09-08-2021,4,407.22,0,9.08,56.51,7.51,29.19,33.89,3.48
Amaravati,10-08-2021,5,781.06,0,16.97,28.97,9.06,54.3,64.12,4.24
Amaravati,11-08-2021,4,527.38,0,11.65,41.13,11.21,26.3,30.62,4.31
Amaravati,12-08-2021,4,500.68,0,9,52.21,6.32,35.02,40.48,3.96
Amaravati,13-08-2021,4,520.71,0.01,12,22.17,7.09,30.67,37.11,4.12
Amaravati,14-08-2021,2,440.6,0.02,13.88,16.63,10.13,16.65,21.35,3.29
Amaravati,15-08-2021,4,921.25,4.86,14.22,0.24,5.31,48.36,62.08,7.41
Amaravati,16-08-2021,1,327.11,0,7.03,32.9,4.35,8.99,10.45,2.25
Amaravati,17-08-2021,2,343.8,0,6.94,34.69,3.1,14.61,15.54,1.43
Amaravati,18-08-2021,3,373.84,0.03,17.31,13.59,9.18,23.87,27.79,3.36
Amaravati,19-08-2021,2,427.25,0,11.14,24.68,7.15,14.19,17.73,3.39
Amaravati,20-08-2021,1,340.46,0.01,9.94,18.42,3.7,6.09,10.44,8.99
Amaravati,21-08-2021,5,988.01,0.91,20.74,2.21,7.99,51.84,67.51,5.26
Amaravati,22-08-2021,4,580.79,0,10.71,35.41,6.44,48.24,54.11,3.29
Amaravati,23-08-2021,4,293.73,0,5.01,61.51,4.71,27.4,31.7,1.68
Amaravati,24-08-2021,5,460.63,0,8.4,80.11,9.89,90.75,100.71,0.9
Amaravati,25-08-2021,5,694.28,0,14.4,30.4,7.57,60.81,68.25,4.81
Amaravati,26-08-2021,5,1028.06,1.31,17.99,2.73,6.62,59.91,75.99,6.59
Amaravati,27-08-2021,3,607.49,0.24,14.05,7.6,5.9,23.93,29.76,4.94
Amaravati,28-08-2021,4,607.49,1.69,14.57,1.43,5.01,27.89,38.25,3.64
Amaravati,29-08-2021,2,413.9,0,8.48,23.6,4.05,17.41,19.55,2.76
Amaravati,30-08-2021,2,373.84,0,8.57,24.32,3.22,12.73,14.47,2.25
Amaravati,31-08-2021,4,767.71,0.76,17.14,2.33,8.11,38.51,46.14,4.37
Amaravati,01-09-2021,5,620.84,0,11.31,30.4,9.54,68.95,77.46,3.52
Amaravati,02-09-2021,5,1014.71,10.28,16.97,0,13.23,87.3,100.15,7.73
Amaravati,03-09-2021,5,821.11,0.01,16.97,18.6,11.8,64.66,73.09,4.56
Amaravati,04-09-2021,5,667.57,0,18.68,41.49,18.36,57.74,60.89,3.61
Amaravati,05-09-2021,4,473.98,0,8.48,26.46,4.11,25.65,29.24,3.07
Amaravati,06-09-2021,2,423.91,0,8.4,33.62,5.36,19.34,20.78,1.79
Amaravati,07-09-2021,1,330.45,0.01,8.23,17.7,3.07,9.83,11.11,1.68
Amaravati,08-09-2021,2,453.95,0.01,13.54,21.99,8.82,16.1,22.68,5.32
Amaravati,09-09-2021,4,487.33,0,10.63,47.92,7.03,34.24,43.72,3.48
Amaravati,10-09-2021,2,357.15,0,9.77,25.03,4.29,10.51,14.79,5.38
Amaravati,11-09-2021,1,357.15,0.03,10.45,15.56,3.87,6.89,11.78,8.11
Amaravati,12-09-2021,2,420.57,0.03,12.17,13.05,4.35,17.54,23.8,4.43
Amaravati,13-09-2021,1,273.71,0.01,6.6,20.03,2.59,3.1,5.5,5.51
Amaravati,14-09-2021,1,313.76,0.01,8.48,20.56,3.82,3.99,6.56,4.62
Amaravati,15-09-2021,1,473.98,0.02,12.85,15.38,6.38,9.61,14.47,6.4
Amaravati,16-09-2021,2,480.65,0,12.51,24.32,7.51,19.49,27.15,4.43
Amaravati,17-09-2021,4,781.06,1.06,19.88,3.17,5.9,34.58,49.85,12.29
Amaravati,18-09-2021,5,934.6,0.03,24.33,15.74,8.94,60.29,76.32,8.04
Amaravati,19-09-2021,5,1922.61,6.48,30.16,0.24,13.35,153.77,173.57,12.67
Amaravati,20-09-2021,5,687.6,0,12.17,41.13,7.63,109.74,118.11,3.33
Amaravati,21-09-2021,5,854.49,0.02,20.22,16.45,8.82,54.5,69.53,8.36
Amaravati,22-09-2021,3,487.33,0.01,11.48,19.67,5.54,20.39,26.28,3.71
Amaravati,23-09-2021,3,614.17,0.37,15.94,5.1,5.96,23.68,31.26,4.02
Amaravati,24-09-2021,4,634.19,0.02,16.97,16.45,9.06,33.99,37.55,2.57
Amaravati,25-09-2021,5,794.41,0,17.82,31.47,12.99,63.51,68.59,3.29
Amaravati,26-09-2021,4,554.09,0.01,12.34,21.1,9.89,34.28,37.9,2.44
Amaravati,27-09-2021,2,380.52,0.01,9.68,16.99,8.46,10.32,12.19,1.9
Amaravati,28-09-2021,2,467.3,0.04,15.59,12.88,9.66,18.24,22.39,2.85
Amaravati,29-09-2021,4,580.79,0.01,13.88,22.35,7.75,27.94,33.96,3.77
Amaravati,30-09-2021,5,1094.82,0.75,15.77,3.09,8.82,78.39,97.95,6.14
Amaravati,01-10-2021,5,1001.36,0.49,16.62,4.6,9.78,74.94,88.75,6.46
Amaravati,02-10-2021,4,520.71,0.05,11.82,13.59,8.82,32.89,40.92,3.42
Amaravati,03-10-2021,4,607.49,3.8,12.85,0.32,8.7,30.95,40.47,6.59
Amaravati,04-10-2021,4,741.01,2.54,14.91,0.48,8.94,44.59,57.68,6.08
Amaravati,05-10-2021,5,907.9,3.49,12,0.33,6.26,51.37,66.09,5.7
Amaravati,06-10-2021,1,357.15,0.02,7.97,17.88,5.31,9.7,14.98,2.91
Amaravati,07-10-2021,2,480.65,0.02,7.88,17.7,5.54,15.94,21.07,3.33
Amaravati,08-10-2021,5,781.06,0.1,15.77,10.19,8.11,50.05,61.6,4.81
Amaravati,09-10-2021,5,934.6,0.13,16.62,9.66,5.72,78.1,92.62,5.95
Amaravati,10-10-2021,4,620.84,0.06,11.31,12.7,5.9,36.5,41.75,3.8
Amaravati,11-10-2021,5,761.03,0.04,10.54,14.84,4.65,76.81,83.44,4.56
Amaravati,12-10-2021,5,1121.52,0.01,14.57,25.39,8.46,147.37,163.34,5.07
Amaravati,13-10-2021,5,2216.34,27.05,19.88,0,18.6,209.7,253.34,29.89
Amaravati,14-10-2021,5,2243.04,22.8,16.79,0,9.89,183.12,211.68,10.64
Amaravati,15-10-2021,5,1281.74,0,17.99,21.99,7.21,199.25,223.94,4.12
Amaravati,16-10-2021,5,487.33,0,6.43,42.92,3.99,66.99,70.45,2.44
Amaravati,17-10-2021,5,794.41,0,9.68,22.53,6.86,56.18,58.81,2.98
Amaravati,18-10-2021,4,560.76,0.18,11.82,7.24,6.5,27.13,34.76,3.61
Amaravati,19-10-2021,5,1121.52,0.15,17.82,6.44,6.8,64.24,77.93,4.75
Amaravati,20-10-2021,5,1081.47,8.72,12.85,0.07,5.6,102.71,136.37,6.65
Amaravati,21-10-2021,5,2243.04,19.67,27.08,0,12.88,206.63,250.86,16.72
Amaravati,22-10-2021,5,894.55,0,13.71,45.42,7.51,145.76,162.34,4.02
Amaravati,23-10-2021,5,1201.63,3.07,31.87,0.52,17.88,136.42,176.56,38
Amaravati,24-10-2021,5,781.06,0,7.28,41.49,5.01,117.42,124.62,3.39
Amaravati,25-10-2021,5,1361.85,1.02,17.65,3.4,5.72,78.89,91.75,5.7
Amaravati,26-10-2021,5,1441.96,0.25,25.36,8.49,13.95,149.97,174.93,10.77
Amaravati,27-10-2021,5,1014.71,0.01,17.31,30.76,11.21,174.65,197.85,4.31
Amaravati,28-10-2021,5,2082.82,12.41,36.33,0.07,23.37,208.4,245.76,26.85
Amaravati,29-10-2021,5,854.49,0,6.34,101.57,12.04,152.62,157.78,2.06
Amaravati,30-10-2021,5,834.47,0.01,10.54,20.56,7.09,55.05,60.72,3.86
Amaravati,31-10-2021,5,821.11,0,10.71,23.25,5.19,67.31,72,3.01
Amaravati,01-11-2021,5,787.73,0,7.97,49.35,6.85,92.99,97.67,2.63
Amaravati,02-11-2021,5,867.84,0,11.31,36.12,9.42,108.19,112.17,2.28
Amaravati,03-11-2021,4,667.57,0,14.22,28.61,10.13,45.61,47.3,1.69
Amaravati,04-11-2021,5,767.71,0,15.25,24.32,12.52,85.09,87.65,2.12
Amaravati,05-11-2021,5,600.81,0,9.51,48.64,11.09,68.8,71.83,1.84
Amaravati,06-11-2021,5,453.95,0,9.25,60.8,7.99,50.6,59.51,2.18
Amaravati,07-11-2021,5,707.63,0,4.84,101.57,6.02,166.58,179.21,0
Amaravati,08-11-2021,5,727.65,0,6.43,94.41,7.33,196.81,210.05,3.01
Amaravati,09-11-2021,5,727.65,0,7.97,91.55,10.25,167.2,182.44,6.02
Amaravati,10-11-2021,5,841.14,0,9.42,85.83,8.82,198.54,215.3,5
Amaravati,11-11-2021,5,794.41,0,7.28,111.58,19.79,205.92,219.68,3.96
Amaravati,12-11-2021,4,587.46,0,5.36,45.42,3.87,37.5,38.35,1.36
Amaravati,13-11-2021,2,453.95,0.17,17.14,6.53,10.01,17,20.31,1.87
Amaravati,14-11-2021,3,680.92,0,7.37,22.35,4.05,21.58,24.96,3.13
Amaravati,15-11-2021,1,347.14,0.03,10.2,14.48,4.83,8.98,12.79,2.5
Amaravati,16-11-2021,2,447.27,0.07,9.08,11.44,6.32,12.02,15.13,2.37
Amaravati,17-11-2021,4,473.98,0.01,11.82,20.03,8.23,26.84,31.33,2.18
Amaravati,18-11-2021,5,694.27,0,8.14,77.96,13.83,91.25,98.87,2.18
Amaravati,19-11-2021,5,720.98,0,7.37,91.55,20.74,136.18,143.14,1.92
Amaravati,20-11-2021,1,387.19,0.05,8.83,13.41,4.47,7.19,8.54,1.71
Amaravati,21-11-2021,2,403.88,0.03,7.45,14.66,4.65,10.03,14.09,2.94
Amaravati,22-11-2021,3,667.57,0.38,7.8,5.54,4.35,20.21,25.55,4.12
Amaravati,23-11-2021,5,1214.98,3.63,13.71,0.35,7.63,67.26,78.54,6.84
Amaravati,24-11-2021,5,2136.23,27.27,12.85,0,10.97,146.17,154.26,12.79
Amaravati,25-11-2021,5,1161.58,0.29,20.91,13.59,8.23,118.49,132.47,4.37
Amaravati,26-11-2021,5,741,0,8.83,50.78,6.91,123.53,135.29,2.6
Amaravati,27-11-2021,5,1094.82,0,11.65,38.62,6.56,206.02,223.02,3.42
Amaravati,28-11-2021,5,587.46,0,6.17,86.55,7.99,111.43,121.73,2.09
Amaravati,29-11-2021,5,894.55,0,5.65,100.14,8.34,200.33,210.04,1.27
Amaravati,30-11-2021,5,741,0,8.23,75.82,7.75,148.7,162.08,3.2
Amaravati,01-12-2021,5,761.03,0,8.65,77.96,10.01,152.14,166.27,4.94
Amaravati,02-12-2021,5,720.98,0,5.91,113.01,10.01,157.3,169.66,3.89
Amaravati,03-12-2021,5,974.66,0,11.82,38.98,6.14,149.26,169.58,4.18
Amaravati,04-12-2021,5,894.55,1.96,13.19,1.99,3.07,157.03,182.43,4.75
Amaravati,05-12-2021,5,627.52,0.01,12.51,17.88,3.61,69.52,78.43,5.7
Amaravati,06-12-2021,5,647.54,0,10.62,35.76,6.08,107.61,116.94,4.43
Amaravati,07-12-2021,5,1188.28,0,17.82,34.33,9.54,163.32,177.61,5.57
Amaravati,08-12-2021,5,921.25,0,10.28,60.08,9.66,150.06,160.79,3.42
Amaravati,09-12-2021,5,587.46,0,7.71,71.53,11.56,79.82,85.29,1.57
Amaravati,10-12-2021,5,694.27,0,14.91,40.41,14.42,69.94,75.15,2.47
Amaravati,11-12-2021,5,687.6,0,9.42,40.05,5.54,55.07,64.77,3.48
Amaravati,12-12-2021,5,594.14,0,7.28,47.21,5.13,55.08,63.46,3.48
Amaravati,13-12-2021,5,607.49,0,5.14,80.82,5.6,95.25,101.71,2.72
Amaravati,14-12-2021,5,774.38,0,6.34,90.84,7.39,110.92,121.52,3.1
Amaravati,15-12-2021,5,807.76,0,9.94,62.23,8.23,113.91,126.52,5.51
Amaravati,16-12-2021,5,1241.68,0,16.79,26.11,7.87,207.99,228.88,6.71
Amaravati,17-12-2021,5,1014.71,0,13.19,61.51,7.99,268.39,286.09,4.12
Amaravati,18-12-2021,5,1388.55,0.01,25.36,25.39,11.68,267.87,292.51,10.89
Amaravati,19-12-2021,5,580.79,0,10.11,70.1,8.11,67.98,76.49,10.13
Amaravati,20-12-2021,5,1255.04,0.01,19.02,23.25,7.99,167.84,187.33,8.74
Amaravati,21-12-2021,5,2296.45,5.25,52.09,0.34,21.22,284.22,333.18,41.54
Amaravati,22-12-2021,5,1081.47,0.57,27.42,6.08,11.56,108.09,136.11,24.07
Amaravati,23-12-2021,5,1588.82,0,29.47,35.76,12.64,174.66,195.45,17.73
Amaravati,24-12-2021,5,1241.68,0.01,23.31,23.6,7.99,174.51,194.32,6.08
Amaravati,25-12-2021,5,674.25,0,12,50.07,6.2,106.82,117.27,3.32
Amaravati,26-12-2021,5,473.98,0,7.11,64.37,4.95,82.65,89.73,2.82
Amaravati,27-12-2021,5,487.33,0,8.05,52.93,4.89,72.26,82.25,3.04
Amaravati,28-12-2021,5,767.71,0.03,16.28,20.56,8.7,82.72,100.04,5.38
Amaravati,29-12-2021,5,600.81,0,13.71,33.26,9.42,69.34,85.04,3.67
Amaravati,30-12-2021,5,494,0,6.68,63.66,6.08,61.11,72.21,3.26
Amaravati,31-12-2021,5,567.44,0,7.8,86.55,11.44,93.33,102.04,2.34
Amaravati,01-01-2022,5,647.54,0,5.57,92.98,7.03,83.72,92.98,3.77
Amaravati,02-01-2022,5,700.95,0,5.65,91.55,5.84,102.23,112.62,2.98
Amaravati,03-01-2022,5,694.27,0,5.48,94.41,6.14,112.35,123.58,2.41
Amaravati,04-01-2022,5,614.17,0,8.4,79.39,7.03,97.29,110.01,3.23
Amaravati,05-01-2022,5,540.73,0,7.97,78.68,7.75,85.95,96.34,3.67
Amaravati,06-01-2022,5,707.63,0,13.19,55.79,9.78,96.04,115.89,4.37
Amaravati,07-01-2022,5,620.84,0,10.62,57.94,7.03,91.6,105.84,3.7
Amaravati,08-01-2022,5,520.71,0,9.34,55.07,6.68,57.38,71.37,4.18
Amaravati,09-01-2022,4,447.27,0,11.14,43.27,9.54,40.38,53.37,4.37
Amaravati,10-01-2022,4,453.95,0,8.14,45.42,7.45,45.12,55.66,3.89
Amaravati,11-01-2022,5,640.87,0.04,17.48,18.42,11.09,50.1,63.95,6.59
Amaravati,12-01-2022,5,640.87,0.08,18.85,13.77,10.73,50.62,64.62,5.7
Amaravati,13-01-2022,4,580.79,0.02,12,19.13,5.84,49.47,58.55,3.29
Amaravati,14-01-2022,4,574.11,0,8.23,28.97,5.19,36.58,40.52,2.75
Amaravati,15-01-2022,4,620.84,0,8.91,26.82,5.01,30.63,36.56,3.32
Amaravati,16-01-2022,5,907.9,0,8.05,57.22,6.79,60.89,67.7,3.17
Amaravati,17-01-2022,5,674.25,0,6.08,68.66,5.01,69.76,76.61,2.6
Amaravati,18-01-2022,5,1615.52,0.26,25.36,8.49,10.73,162.88,187.87,9.5
Amaravati,19-01-2022,5,1842.5,0.48,31.87,6.53,9.89,191.99,219.66,8.23
Amaravati,20-01-2022,5,1148.22,1.59,24.68,2.53,9.06,129.6,158.66,19.25
Amaravati,21-01-2022,5,1708.98,0.65,33.24,8.31,9.78,180.33,206.98,8.74
Amaravati,22-01-2022,5,1188.28,0.01,23.31,22.17,9.78,122.21,142.3,6.21
Amaravati,23-01-2022,5,467.3,0,5.23,67.95,4.65,81.4,90.98,1.54
Amaravati,24-01-2022,4,440.6,0,9.34,40.05,8.34,42.4,48.1,2.98
Amaravati,25-01-2022,5,754.36,0.34,25.02,5.59,12.64,84.13,99.97,3.96
Amaravati,26-01-2022,5,1468.66,0.74,32.22,4.74,10.49,127.37,181.5,19.76
Amaravati,27-01-2022,5,600.81,0.01,23.31,21.1,24.56,68.29,81.48,4.18
Amaravati,28-01-2022,5,720.98,0,12.51,34.33,5.13,83.02,103.53,4.94
Amaravati,29-01-2022,5,1001.36,0,14.39,28.61,5.6,134.46,159.48,5.95
Amaravati,30-01-2022,5,961.3,0,14.74,35.76,7.21,133.59,153.26,4.18
Amaravati,31-01-2022,5,1441.96,2.68,33.24,0.96,15.97,162.39,195.23,32.42
Amaravati,01-02-2022,5,720.98,0,12.34,47.21,5.96,105.27,120.08,4.12
Amaravati,02-02-2022,5,527.38,0,10.37,63.66,7.15,67.56,77.96,3.89
Amaravati,03-02-2022,4,494,0,9.77,43.63,6.74,38.58,49.12,4.37
Amaravati,04-02-2022,4,347.14,0,5.4,55.07,5.19,30.12,39.18,3.45
Amaravati,05-02-2022,5,1668.93,2.93,40.1,0.96,18.36,143.34,178.71,29.64
Amaravati,06-02-2022,5,1588.82,1.76,47.98,1.45,29.56,132.85,187.02,64.85
Amaravati,07-02-2022,5,627.52,0,13.37,57.22,9.66,79.7,103.99,6.78
Amaravati,08-02-2022,5,520.71,0,8.48,69.38,7.75,55.67,71.55,4.69
Amaravati,09-02-2022,4,467.3,0,9.25,66.52,11.68,47.69,61.12,4.12
Amaravati,10-02-2022,5,494,0,11.48,70.1,15.14,63.68,81.1,3.55
Amaravati,11-02-2022,5,747.68,0,16.28,42.92,10.97,83.98,103.32,8.99
Amaravati,12-02-2022,5,767.71,0,16.79,41.13,10.97,92.32,111.83,6.59
Amaravati,13-02-2022,5,440.6,0,8.91,57.94,10.49,51.81,61.46,3.8
Amaravati,14-02-2022,5,580.79,0,10.37,88.69,13.11,96.39,114.23,4.81
Amaravati,15-02-2022,5,574.11,0,11.82,81.54,15.5,79.63,97.19,5.76
Amaravati,16-02-2022,5,480.65,0,8.05,97.27,14.66,74.85,91.42,4.62
Amaravati,17-02-2022,5,453.95,0,6.68,92.98,8.7,65.63,78.8,4.56
Amaravati,18-02-2022,5,540.73,0,9.25,100.14,19.07,110.15,127.72,3.48
Amaravati,19-02-2022,5,774.38,0,12.34,78.68,12.52,164.5,192.08,5.13
Amaravati,20-02-2022,5,494,0,6.68,100.14,6.02,105.51,118.44,2.91
Amaravati,21-02-2022,5,540.73,0,10.71,57.94,7.75,87.2,102.64,3.8
Amaravati,22-02-2022,5,580.79,0,11.65,52.21,8.46,55.03,72.41,5.45
Amaravati,23-02-2022,4,440.6,0,8.23,38.27,8.23,37.94,51.25,3.32
Amaravati,24-02-2022,4,494,0,10.02,38.62,9.3,49.66,64.49,3.7
Amaravati,25-02-2022,5,500.68,0,9.34,52.21,7.15,56.73,68.73,4.62
Amaravati,26-02-2022,5,527.38,0,9.51,57.94,6.74,62.66,74.08,3.55
Amaravati,27-02-2022,4,487.33,0,10.71,41.84,6.97,48.14,59.56,3.8
Amaravati,28-02-2022,4,614.17,0.01,14.22,27.54,7.75,49.03,62.91,9.63
Amaravati,01-03-2022,4,607.49,0,12.68,30.4,8.11,49.28,61.05,9.12
Amaravati,02-03-2022,4,680.92,0.03,13.71,19.49,6.97,43.01,54.8,12.03
Amaravati,03-03-2022,4,540.73,0.01,11.14,26.46,7.99,33.03,44.98,8.36
Amaravati,04-03-2022,5,667.57,0,11.48,63.66,8.7,104.48,120.89,9.75
Amaravati,05-03-2022,5,547.41,0,9.34,63.66,7.63,78.27,99.35,4.81
Amaravati,06-03-2022,5,540.73,0,9.08,75.82,8.7,102.16,120.42,6.02
Amaravati,07-03-2022,5,390.53,0,5.91,80.82,4.89,52.88,66.51,5.64
Amaravati,08-03-2022,5,600.81,0,11.65,43.63,7.87,64.53,76.47,7.92
Amaravati,09-03-2022,5,520.71,0,7.37,78.68,7.75,112.19,124.97,3.86
Amaravati,10-03-2022,5,640.87,0,8.57,55.07,8.34,149.1,164.07,7.16
Amaravati,11-03-2022,5,654.22,0,9.85,49.35,8.46,113.22,126.88,11.02
Amaravati,12-03-2022,5,700.95,0,12,45.78,8.11,101.07,114.17,12.54
Amaravati,13-03-2022,5,620.84,0,9.6,65.09,7.33,101.93,113.16,10.51
Amaravati,14-03-2022,5,867.84,0,17.14,32.9,8.34,110.94,126.28,17.48
Amaravati,15-03-2022,5,821.11,0,14.74,60.8,11.09,138.93,153.96,12.54
Amaravati,16-03-2022,5,580.79,0,9.94,73.67,8.11,106.96,120.69,8.04
Amaravati,17-03-2022,5,734.33,0,11.31,86.55,8.82,172.7,188.51,5.89
Amaravati,18-03-2022,5,440.6,0,7.03,53.64,6.68,73.11,87.77,5.76
Amaravati,19-03-2022,4,393.87,0,6.85,26.46,8.11,37.81,46.51,2.37
Amaravati,20-03-2022,4,407.22,0,4.97,35.05,4.53,40.1,49.8,3.29
Amaravati,21-03-2022,5,534.06,0,5.48,74.39,6.38,57.1,68.83,2.82
Amaravati,22-03-2022,5,827.79,0,14.39,38.98,14.9,91.57,106.32,4.75
Amaravati,23-03-2022,5,540.73,0,9.42,43.63,7.87,53.33,71.39,5.83
Amaravati,24-03-2022,4,423.91,0,6.08,47.92,5.42,27.84,35.66,2.6
Amaravati,25-03-2022,3,467.3,0,6.51,40.41,6.2,22.03,27.3,3.17
Amaravati,26-03-2022,3,357.15,0,5.36,41.13,4.89,20.42,27.98,2.41
Amaravati,27-03-2022,3,370.5,0,4.84,41.48,4.41,21.43,27.1,2.37
Amaravati,28-03-2022,2,320.43,0,5.23,30.04,4.35,13.31,20.34,2.85
Amaravati,29-03-2022,1,337.12,0.01,6.08,22.71,5.19,6.41,11.55,2.91
Amaravati,30-03-2022,1,333.79,0.03,6.08,16.09,5.42,6.82,15.45,2.72
Amaravati,31-03-2022,2,387.19,0,6.08,62.23,5.84,18.15,28.47,2.31
Amaravati,01-04-2022,2,330.45,0,5.23,41.48,4.95,10.67,20.46,2.91
Amaravati,02-04-2022,3,413.89,0,5.44,47.21,5.07,21.97,32.09,2.44
Amaravati,03-04-2022,1,320.43,0.01,4.41,22.35,4.11,6.08,12.39,2.53
Amaravati,04-04-2022,2,343.8,0,4.84,30.76,4.17,12.19,17.49,2.41
Amaravati,05-04-2022,1,303.75,0.03,4.41,18.06,4.65,4.03,8.6,2.47
Amaravati,06-04-2022,1,337.12,0.08,6.43,11.98,5.84,4.62,9,2.66
Amaravati,07-04-2022,1,337.12,0,6.51,31.83,6.08,9.81,16.21,3.51
Amaravati,08-04-2022,2,360.49,0.01,6.94,21.1,6.91,10.18,16.27,3.48
Amaravati,09-04-2022,1,413.89,0.01,4.71,23.6,4.53,8.35,11.37,2.75
Amaravati,10-04-2022,1,417.23,0,3.64,27.54,3.4,8.54,11.07,2.47
Amaravati,11-04-2022,1,350.48,0.02,3.68,18.78,3.52,3.83,7.24,2.72
Amaravati,12-04-2022,1,357.15,0.11,4.5,10.64,4.47,3.43,6.53,2.25
Amaravati,13-04-2022,1,323.77,0.01,5.36,23.25,5.01,4.86,8.84,3.29
Amaravati,14-04-2022,1,317.1,0,5.1,36.84,4.59,6,11.46,2.56
Amaravati,15-04-2022,4,487.33,0,5.18,85.83,5.72,32.96,37.25,1.6
Amaravati,16-04-2022,4,343.8,0,6,75.1,6.02,25.36,34.06,2.34
Amaravati,17-04-2022,4,367.16,0,5.83,76.53,6.14,36.56,45.59,2.6
Amaravati,18-04-2022,2,293.73,0,4.07,62.23,4.29,19.15,26.12,1.85
Amaravati,19-04-2022,4,440.6,0,7.54,75.82,7.87,47.48,54.41,3.01
Amaravati,20-04-2022,4,460.62,0,5.91,87.98,6.32,33.5,39.51,3.01
Amaravati,21-04-2022,1,310.42,0,4.63,29.33,4.29,5.54,10.12,2.41
Amaravati,22-04-2022,1,280.38,0.02,4.54,18.78,5.48,5.56,12.32,2.53
Amaravati,23-04-2022,1,260.35,0.1,5.14,9.92,4.71,3.24,7.59,3.64
Amaravati,24-04-2022,1,293.73,0.02,7.37,17.52,6.32,4.92,8.02,4.12
Amaravati,25-04-2022,1,337.12,0.01,7.54,21.99,6.02,8.5,14.62,5.95
Amaravati,26-04-2022,1,350.48,0.01,6.34,23.96,6.02,7.93,13.97,3.83
Amaravati,27-04-2022,1,330.45,0.08,7.28,11.62,6.56,5.82,12.23,3.89
Amaravati,28-04-2022,1,360.49,0.02,7.37,17.52,6.56,5.84,13.51,3.67
Amaravati,29-04-2022,1,353.81,0.01,7.45,21.46,7.03,6.89,13.42,4.24
Amaravati,30-04-2022,3,377.18,0,6.68,68.66,6.14,20.5,30.25,2.91
Amaravati,01-05-2022,2,357.15,0,5.48,58.65,5.78,17.02,26.84,4.62
Amaravati,02-05-2022,2,383.85,0,3.9,47.21,3.67,13.51,22.94,2.28
Amaravati,03-05-2022,3,397.21,0,5.31,46.49,5.6,21.02,35.59,2.75
Amaravati,04-05-2022,2,347.14,0,3.98,56.51,4.65,12.36,20.38,3.07
Amaravati,05-05-2022,2,360.49,0,5.65,40.05,5.54,12.22,17.28,3.2
Amaravati,06-05-2022,4,480.65,0,8.4,50.07,8.34,27.98,37.21,4.5
Amaravati,07-05-2022,3,440.6,0,8.14,48.64,9.54,24.68,32.79,4.24
Amaravati,08-05-2022,3,370.5,0,6.68,43.99,10.25,23.23,33.01,5.38
Amaravati,09-05-2022,5,988.01,0.02,16.45,13.95,7.99,55.59,66.07,5.26
Amaravati,10-05-2022,2,440.6,0,10.97,22.71,12.87,10.18,14.91,5
Amaravati,11-05-2022,1,343.8,0,2.33,47.92,1.24,5.8,6.07,0.75
Amaravati,12-05-2022,2,467.3,0,8.14,47.21,11.68,18.73,19.4,0.93
Amaravati,13-05-2022,2,317.1,0,9.94,47.21,12.64,19.59,26.26,2.09
Amaravati,14-05-2022,4,440.6,0,13.71,72.96,29.8,43.78,53.65,1.68
Amaravati,15-05-2022,4,427.25,0,5.14,81.54,6.56,46.48,50.8,2.12
Amaravati,16-05-2022,4,377.18,0,4.5,95.84,6.32,33.66,40.02,1.55
Amaravati,17-05-2022,4,377.18,0,5.4,81.54,6.74,47.34,53.22,1.28
Amaravati,18-05-2022,4,373.84,0,5.14,71.53,5.3,31.33,36.78,2.06
Amaravati,19-05-2022,1,307.08,0,6.34,44.7,6.08,9.93,12.77,2.53
Amaravati,20-05-2022,4,330.45,0,4.54,123.02,7.21,38.97,45.58,1.5
Amaravati,21-05-2022,2,507.35,0,9.42,44.35,5.96,14.15,18.23,7.54
Amaravati,22-05-2022,2,283.72,0,4.28,65.8,3.43,19.98,24.99,4.75
Amaravati,23-05-2022,2,277.04,0,4.46,104.43,10.61,14.44,17.92,5.26
Amaravati,24-05-2022,2,337.12,0,7.03,82.97,10.01,18.03,24.06,7.66
Amaravati,25-05-2022,3,397.21,0,9,57.94,7.63,21.24,35.31,9.88
Amaravati,26-05-2022,4,460.62,0,7.71,75.82,8.34,40.58,49.77,6.78
Amaravati,27-05-2022,5,694.27,0,12.34,65.09,10.61,57.42,78.75,13.3
Amaravati,28-05-2022,4,580.79,0,13.54,43.63,10.01,37.41,64.69,14.57
Amaravati,29-05-2022,4,400.54,0,8.23,63.66,7.33,29.2,51.06,10.77
Amaravati,30-05-2022,3,407.22,0,7.63,72.96,7.39,24.86,40.46,8.87
Amaravati,31-05-2022,4,540.73,0,11.31,62.23,9.18,35.76,51,11.15
Amaravati,01-06-2022,4,467.3,0,11.65,57.94,17.17,36.09,50.33,11.78
Amaravati,02-06-2022,4,527.38,0,11.65,55.07,8.11,37.07,62.9,11.65
Amaravati,03-06-2022,4,473.98,0,10.02,64.37,8.82,29.87,48.23,8.87
Amaravati,04-06-2022,4,337.12,0,4.03,135.9,4.95,39.74,46.93,2.94
Amaravati,05-06-2022,4,353.81,0,4.07,113.01,5.07,37.64,51.76,3.93
Amaravati,06-06-2022,5,440.6,0,5.06,127.32,6.5,70.87,86.81,4.94
Amaravati,07-06-2022,4,413.89,0,7.28,91.55,7.57,32.66,41.06,7.35
Amaravati,08-06-2022,4,327.11,0,4.67,85.83,4.53,26.1,30.89,6.27
Amaravati,09-06-2022,3,330.45,0,5.91,80.11,4.71,22.03,30.96,7.92
Amaravati,10-06-2022,3,473.98,0,11.48,53.64,9.54,24.63,35.27,11.15
Amaravati,11-06-2022,4,540.73,0,12.51,47.21,10.01,27.08,34.24,11.53
Amaravati,12-06-2022,1,297.07,0,5.14,44.35,4.29,7.82,10.56,5.45
Amaravati,13-06-2022,2,317.1,0,4.88,72.24,4.05,16.87,20.27,5.32
Amaravati,14-06-2022,2,527.38,0.01,16.62,14.66,10.13,12.84,18.26,10.01
Amaravati,15-06-2022,4,714.3,0,18.16,29.33,13.11,29.99,38.84,13.68
Amaravati,16-06-2022,4,433.92,0,8.48,65.09,8.94,25.9,29.5,6.02
Amaravati,17-06-2022,3,383.85,0,7.54,70.1,7.33,23.04,24.91,3.61
Amaravati,18-06-2022,5,440.6,0,4.58,114.44,7.27,91.57,96.88,0
Amaravati,19-06-2022,3,337.12,0,4.28,72.96,4.17,22.79,26.47,1.44
Amaravati,20-06-2022,5,413.89,0,4.46,125.89,6.68,57.87,61.16,1.11
Amaravati,21-06-2022,1,347.14,0,9.25,24.32,5.3,8.29,10.25,2.12
Amaravati,22-06-2022,2,387.19,0.01,13.88,21.46,12.52,11.09,13.19,3.17
Amaravati,23-06-2022,4,620.84,0,12.51,49.35,10.37,39.08,42.79,2.85
Amaravati,24-06-2022,4,433.92,0,7.28,82.25,6.85,35.06,41.99,3.48
Amaravati,25-06-2022,3,507.35,0,13.37,33.62,10.37,20.31,24.23,4.18
Amaravati,26-06-2022,2,500.68,0.02,12.51,16.63,8.23,14.47,17.39,3.2
Amaravati,27-06-2022,2,433.92,0.01,10.62,20.21,6.02,12.94,16.09,2.79
Amaravati,28-06-2022,3,473.98,0,12.68,35.05,7.39,22.07,27.82,4.56
Amaravati,29-06-2022,2,380.52,0,11.65,29.68,8.58,20,23.39,5.32
Amaravati,30-06-2022,3,427.25,0,9.85,38.62,8.11,20.25,21.8,1.11
Amaravati,01-07-2022,4,1108.17,4.36,19.19,0.14,7.63,48.29,63.08,5.64
Amaravati,02-07-2022,2,440.6,0.02,12.51,16.99,8.23,10.82,13.09,2.53
Amaravati,03-07-2022,1,360.49,0,10.62,24.68,9.66,8.96,10.34,3.32
Amaravati,04-07-2022,1,313.76,0.01,6.94,19.85,2.92,4.54,5.96,2.22
Amaravati,05-07-2022,2,377.18,0.02,11.82,17.52,6.85,10.46,15.76,7.09
Amaravati,06-07-2022,1,367.16,0.01,8.65,22.35,3.87,7.28,8.95,1.87
Amaravati,07-07-2022,4,407.22,0,11.31,33.26,6.74,26.21,30.19,2.25
Amaravati,08-07-2022,1,303.75,0,7.97,24.32,4.11,8.4,9.29,1.35
Amaravati,09-07-2022,2,320.43,0,9.68,30.04,6.44,14.93,15.74,0.99
Amaravati,10-07-2022,1,260.35,0,3.6,40.05,1.18,3.42,3.65,0.72
Amaravati,11-07-2022,1,260.35,0,3.77,38.98,1.39,3.15,3.58,1.14
Amaravati,12-07-2022,1,267.03,0,3.81,42.92,1.53,3.86,4.19,0.81
Amaravati,13-07-2022,1,260.35,0,4.54,43.99,3.4,4.94,5.31,0.82
Amaravati,14-07-2022,1,267.03,0,6.68,40.05,5.84,6.16,6.97,1.58
Amaravati,15-07-2022,1,253.68,0,6.51,34.69,5.96,5.38,7.12,3.13
Amaravati,16-07-2022,2,373.84,0,11.48,28.25,6.08,12.06,17.39,6.46
Amaravati,17-07-2022,1,333.79,0.01,8.91,17.34,4.89,6.9,8.25,2.01
Amaravati,18-07-2022,1,363.83,0,8.05,25.03,5.36,9.35,10.52,1.63
Amaravati,19-07-2022,2,527.38,0.21,13.88,6.53,6.14,18.37,24.95,3.51
Amaravati,20-07-2022,4,634.19,0,15.08,25.75,6.91,32.68,44.32,4.62
Amaravati,22-07-2022,2,473.98,0.06,9.77,13.59,5.78,16.68,19.4,2.79
Amaravati,23-07-2022,2,423.91,0,13.02,23.6,10.73,17.91,19.97,1.71
Amaravati,24-07-2022,1,330.45,0,6.51,27.54,2.59,9.43,12.33,3.86
Amaravati,25-07-2022,4,700.95,0.85,15.25,1.92,5.3,29.21,38.74,4.24
Amaravati,26-07-2022,4,841.14,1.96,20.05,1.52,10.49,41.21,52.76,5.26
Amaravati,27-07-2022,5,1308.44,16.32,15.59,0,11.68,80.31,95.71,17.23
Amaravati,28-07-2022,4,487.33,0,10.62,32.54,9.66,40.66,48.22,3.2
Amaravati,29-07-2022,3,567.44,0.04,13.19,15.56,7.75,24.18,32.64,4.56
Amaravati,30-07-2022,4,841.14,0.24,14.91,6.08,7.75,36.66,49.35,4.75
Amaravati,31-07-2022,5,600.81,0,11.65,28.97,6.85,52.86,60.03,3.29
Amaravati,01-08-2022,5,547.41,0,7.88,71.53,6.85,72.08,74.94,1.61
Amaravati,02-08-2022,5,1575.47,6.31,24.68,0.12,13.59,81.23,92.52,5.51
Amaravati,03-08-2022,5,1482.01,8.61,17.48,0.02,10.01,78.8,96.26,9.12
Amaravati,04-08-2022,5,1628.88,9.95,26.39,0.05,14.66,126.14,152.33,12.29
Amaravati,05-08-2022,4,694.27,0.02,13.71,20.03,7.75,34.28,42.03,5.83
Amaravati,06-08-2022,4,600.81,0.02,14.05,16.27,6.38,36.37,43.67,3.36
Amaravati,07-08-2022,2,320.43,0.03,10.11,14.13,4.71,13.4,15.11,2.03
Amaravati,08-08-2022,1,273.7,0,9,25.03,6.14,8.42,9.03,1.04
Amaravati,09-08-2022,1,290.39,0,6.43,31.83,2.89,5.74,7.84,2.15
Amaravati,10-08-2022,1,317.1,0,7.54,27.54,3.43,7.23,10.98,5
Amaravati,11-08-2022,1,293.73,0,7.54,30.04,6.2,4.14,6.36,4.88
Amaravati,12-08-2022,4,700.95,0.15,17.31,11.27,7.51,28.46,36.44,5.83
Amaravati,13-08-2022,1,310.42,0,9,28.61,5.25,7.7,10.9,6.02
Amaravati,14-08-2022,1,267.03,0,8.57,20.92,6.2,5.97,7.74,4.94
Amaravati,15-08-2022,2,283.72,0,6.68,40.05,4.95,16.6,17.65,1.47
Amaravati,16-08-2022,2,393.87,0.01,11.65,20.74,5.36,12.24,14.97,2.79
Amaravati,17-08-2022,4,440.6,0,8.4,62.94,7.63,47.69,58.97,2.37
Amaravati,18-08-2022,5,834.47,0.03,20.22,23.25,7.63,51.68,62.9,4.31
Amaravati,19-08-2022,2,540.73,1.15,16.45,1.97,7.75,19.15,27.43,6.97
Amaravati,20-08-2022,2,467.3,0.28,14.39,4.96,6.56,16.67,21.48,2.91
Amaravati,21-08-2022,1,337.12,0,8.74,22.71,4.89,7.19,10.43,6.78
Amaravati,22-08-2022,2,410.56,0.01,10.62,20.74,5.96,12.21,15.61,3.8
Amaravati,23-08-2022,2,520.71,0,13.02,26.82,6.97,18.2,25.02,8.23
Amaravati,24-08-2022,4,894.55,5.09,15.77,0.24,6.74,36.57,52.23,10.64
Amaravati,25-08-2022,4,500.68,0.22,15.25,6.53,8.58,28.37,34.48,2.94
Amaravati,26-08-2022,4,514.03,0.02,13.19,20.03,7.03,39.54,48.1,3.99
Amaravati,27-08-2022,5,1415.25,4.92,30.16,0.67,10.85,79.34,93.09,5.51
Amaravati,28-08-2022,4,507.35,0.01,11.31,20.03,7.99,28.71,33.98,3.67
Amaravati,29-08-2022,3,500.68,0,9.51,36.84,6.79,25,28.18,1.68
Amaravati,30-08-2022,4,534.06,0.01,11.65,23.96,8.7,37.1,44.75,3.48
Amaravati,31-08-2022,4,614.17,0.57,16.45,4.2,11.09,31.16,41.49,4.69
Amaravati,01-09-2022,3,423.91,0.35,18.16,5.68,18.84,23.12,29.49,2.94
Amaravati,02-09-2022,3,627.52,1.36,11.48,2.24,8.23,21.38,29.57,5.76
Amaravati,03-09-2022,3,560.76,0.98,14.39,2.7,9.18,20.3,29.99,4.88
Amaravati,04-09-2022,4,403.88,0,7.11,43.99,5.54,26.08,30.91,3.04
Amaravati,05-09-2022,5,560.76,0,11.14,47.92,9.42,74.33,79.21,2.47
Amaravati,06-09-2022,5,660.9,0,20.22,37.91,11.8,57.07,64.78,5.26
Amaravati,07-09-2022,4,594.14,0,9.42,47.92,9.66,42.52,48.95,3.13
Amaravati,08-09-2022,5,1001.36,10.28,11.31,0.05,6.68,74.64,94.51,11.91
Amaravati,09-09-2022,5,814.44,0.03,25.36,14.13,16.21,56.2,59.63,2.98
Amaravati,10-09-2022,4,660.9,0.04,17.14,11.8,8.11,36.7,38.4,1.58
Amaravati,11-09-2022,1,390.53,0,7.63,21.64,2.62,7.54,8.62,1.71
Amaravati,12-09-2022,2,287.06,0,8.83,22.17,5.48,11.35,14.15,3.58
Amaravati,13-09-2022,5,500.68,0,9,78.68,9.54,70.5,83.64,2.75
Amaravati,14-09-2022,4,423.91,0,6.43,105.86,8.11,46.27,48.86,1.68
Amaravati,15-09-2022,5,494,0,7.2,100.14,8.11,75.12,80.79,2.31
Amaravati,16-09-2022,4,540.73,0,14.57,23.96,7.39,27.62,37.21,4.24
Amaravati,17-09-2022,2,560.76,0.13,16.96,9.83,5.3,18.79,26.34,6.14
Amaravati,18-09-2022,2,427.25,0.12,12.68,8.58,5.54,13.66,20.02,7.41
Amaravati,19-09-2022,2,347.14,0.05,9.77,10.73,4.77,12.26,15.3,2.12
Amaravati,20-09-2022,4,467.3,0.01,12.68,22.89,9.66,33.08,36.35,2.09
Amaravati,21-09-2022,4,567.44,0.02,14.74,16.81,7.75,29.95,37.27,3.67
Amaravati,22-09-2022,4,580.79,0.01,12.68,18.95,6.91,29.71,35.78,3.04
Amaravati,23-09-2022,4,594.14,0.34,14.39,4.92,5.66,34.89,44.83,3.61
Amaravati,24-09-2022,4,447.27,0.12,14.57,9.03,6.14,28.66,36.45,2.47
Amaravati,25-09-2022,4,720.98,8.49,10.28,0.04,6.38,42.43,59.08,15.33
Amaravati,26-09-2022,5,988.01,5.48,16.79,0.2,5.96,60.4,76.3,5.45
Amaravati,27-09-2022,5,754.36,0,15.94,24.68,8.7,79.33,82.74,1.58
Amaravati,28-09-2022,5,1121.52,7.15,20.05,0.17,10.37,69.1,79.7,10.51
Amaravati,29-09-2022,4,620.84,0.02,11.31,13.77,6.38,30.08,34.68,3.23
Amaravati,30-09-2022,4,587.46,0.39,12.85,2.37,5.25,31.56,36.04,3.13
Amaravati,01-10-2022,5,881.2,0.07,17.82,9.83,14.54,81.31,84.42,2.37
Amaravati,02-10-2022,5,614.17,0.02,8.91,17.34,5.42,75.31,82.39,2.63
Amaravati,03-10-2022,4,377.18,0,9.34,37.91,9.89,32.76,41.59,6.59
Amaravati,04-10-2022,4,520.71,0.01,10.97,20.03,4.53,41.74,57.58,6.78
Amaravati,05-10-2022,5,1174.93,13.41,8.74,0.01,8.34,74.81,102.25,13.81
Amaravati,06-10-2022,2,787.73,0,6.25,45.78,5.19,19.78,21.99,2.53
Amaravati,07-10-2022,2,627.52,0,5.91,41.84,5.13,17.66,18.64,1.42
Amaravati,08-10-2022,4,594.14,0,9.94,35.05,7.15,41.85,47.91,2.88
Amaravati,09-10-2022,4,634.19,0.87,14.05,2.7,4.83,35.85,41.75,4.94
Amaravati,10-10-2022,1,407.22,0.05,6.68,12.34,5.01,7.84,9.32,2.03
Amaravati,11-10-2022,2,417.23,0.02,9.77,19.31,9.18,16.78,22.05,2.63
Amaravati,12-10-2022,3,540.73,0.16,10.88,9.66,6.97,22.89,33.86,4.05
Amaravati,13-10-2022,5,1241.68,19.67,9.6,0,10.25,77.25,92.34,15.33
Amaravati,14-10-2022,5,1842.5,24.81,12.51,0,9.66,132.77,147.09,13.55
Amaravati,15-10-2022,5,747.68,0.06,22.62,9.3,7.39,81.88,86.23,2.47
Amaravati,16-10-2022,1,367.16,0.09,8.31,8.94,4.89,9.49,13.1,2.6
Amaravati,17-10-2022,4,707.63,3.63,8.57,0.33,5.01,28.74,37.41,6.21
Amaravati,18-10-2022,5,1228.33,13.52,10.02,0,6.68,93.75,108.2,11.4
Amaravati,19-10-2022,4,500.68,0,6.25,32.19,3.37,46.29,51.48,2.82
Amaravati,20-10-2022,5,801.09,0,9.77,25.03,4.41,80.95,88.06,3.17
Amaravati,21-10-2022,5,1014.71,0,11.82,27.54,5.07,186.42,203.09,4.69
Amaravati,22-10-2022,5,1255.04,0.1,17.65,21.1,6.79,166.79,188.1,5.13
Amaravati,23-10-2022,5,534.06,0,8.91,35.05,3.37,73.7,82.04,6.84
Amaravati,24-10-2022,5,453.95,0,7.11,52.21,6.85,78.58,89.71,8.04
Amaravati,25-10-2022,5,500.68,0,8.48,80.82,11.21,88.07,101.6,8.61
Amaravati,26-10-2022,5,707.63,0,13.54,27.89,9.54,93.69,109.57,9.75
Amaravati,27-10-2022,5,1148.22,0.03,18.16,18.6,8.46,151.75,173.18,7.85
Amaravati,28-10-2022,5,1201.63,0.02,16.62,20.92,8.7,186.83,208.38,5.83
Amaravati,29-10-2022,5,1121.52,0.01,16.62,19.31,8.46,173.31,193.24,5.83
Amaravati,30-10-2022,5,627.52,0,12.17,26.11,4.89,80.77,93.38,13.17
Amaravati,31-10-2022,5,1028.06,2.35,18.85,1.77,4.83,147.06,170.73,8.49
Amaravati,01-11-2022,5,1241.68,0,14.91,30.04,10.13,238.99,252.84,3.58
Amaravati,02-11-2022,5,1014.71,0,13.88,30.04,11.09,156.3,165.6,5.19
Amaravati,03-11-2022,5,1468.66,7.93,21.59,0.05,10.73,179.92,208.2,16.97
Amaravati,04-11-2022,5,1212,0.12,16.44,10.97,7.5,196,206,16.97
Amaravati,05-11-2022,5,1080,0,12.16,34.25,8.56,156,166.5,4.18
Amaravati,06-11-2022,5,1001.36,0,10.54,42.2,5.9,189.39,202.69,4.18
Amaravati,07-11-2022,5,767.71,0,12.51,38.98,6.5,137.13,157.28,5.45
Amaravati,08-11-2022,5,1188.28,0.02,17.65,20.56,9.18,184.96,212.88,6.52
Amaravati,09-11-2022,5,1028.06,0,14.05,33.62,7.75,182.34,207.2,5.57
Amaravati,10-11-2022,5,694.27,0,9,61.51,6.68,118.01,130.02,3.64
Amaravati,11-11-2022,5,620.84,0,7.2,83.68,8.7,106.1,116.91,5.19
Amaravati,12-11-2022,5,473.98,0,5.57,95.84,7.33,51.51,58.21,4.69
Amaravati,13-11-2022,5,520.71,0,4.71,85.12,4.89,73.11,76.79,2.41
Amaravati,14-11-2022,5,867.84,0,10.2,55.79,6.38,193.82,213.09,4.75
Amaravati,15-11-2022,5,1014.71,0,17.65,31.83,9.06,148.33,174.15,6.27
Amaravati,16-11-2022,5,1441.96,0.16,23.31,10.37,7.51,196.1,223.28,5.64
Amaravati,17-11-2022,5,1976.01,6.59,31.19,0.26,8.7,218.87,256.55,8.49
Amaravati,18-11-2022,5,1348.5,0,20.22,27.18,12.16,195.19,223.09,11.53
Amaravati,19-11-2022,5,1415.25,0.04,24.68,16.09,8.58,178.46,207.56,14.19
Amaravati,20-11-2022,5,567.44,0,9.85,42.2,4.59,116.49,130.9,9.88
Amaravati,21-11-2022,5,547.41,0,9.51,40.77,4.95,92.83,104.07,11.53
Amaravati,22-11-2022,5,600.81,0,9.94,31.47,6.62,93.72,101.78,3.04
Amaravati,23-11-2022,5,494,0,7.45,46.49,4.83,58.79,65.28,2.69
Amaravati,24-11-2022,4,600.81,0.11,9.51,10.1,5.66,31.13,39.79,3.93
Amaravati,25-11-2022,4,640.87,0.23,15.59,7.33,8.34,47.72,59.37,4.24
Amaravati,26-11-2022,5,1014.71,0.01,15.25,24.68,6.44,147.72,158.39,6.9
Amaravati,27-11-2022,5,1028.06,0,15.08,33.26,7.75,192.87,204.67,6.46
Amaravati,28-11-2022,5,1001.36,0,13.37,30.4,5.3,154.97,169.15,4.5
Amaravati,29-11-2022,5,1188.28,0.01,17.99,26.46,8.46,202.76,225.18,6.4
Amaravati,30-11-2022,5,907.9,0,17.31,50.07,12.64,177.45,194.84,4.62
Amaravati,01-12-2022,5,1562.12,0.15,23.31,11,11.32,252.37,278.5,11.27
Amaravati,02-12-2022,5,707.63,0,9.85,43.99,9.54,73.33,83.86,3.64
Amaravati,03-12-2022,5,988.01,0.08,14.05,12.52,6.44,73.54,86.41,5.19
Amaravati,04-12-2022,5,761.03,0,6.17,89.41,6.68,196.12,214.78,2.91
Amaravati,05-12-2022,5,834.47,0,8.74,72.24,7.99,228.4,247.87,3.58
Amaravati,06-12-2022,5,1121.52,0,15.59,33.97,8.23,259.78,284.11,5.83
Amaravati,07-12-2022,5,1562.12,1.84,21.93,1.92,7.63,322.72,358.31,11.27
Amaravati,08-12-2022,5,867.84,0,13.88,50.07,7.75,196.66,215.64,10.01
Amaravati,09-12-2022,5,807.76,0,10.28,92.98,17.64,196.53,212.35,10.01
Amaravati,11-12-2022,3,440.6,0,5.18,42.2,3.87,22.98,26.01,2.18
Amaravati,12-12-2022,1,353.81,0.02,9.42,17.17,4.65,8.37,12.38,2.22
Amaravati,13-12-2022,2,460.62,0.03,7.28,17.17,5.72,13.3,15.8,2.47
Amaravati,14-12-2022,5,1188.28,0.43,16.28,6.08,8.7,90.23,105.62,7.41
Amaravati,15-12-2022,5,1428.6,0.75,20.91,4.34,8.34,194.52,221.84,7.35
Amaravati,16-12-2022,5,1255.04,0.13,21.59,11.44,7.99,181.09,202.93,7.41
Amaravati,17-12-2022,5,1001.36,0,14.74,33.26,7.45,195.52,215.84,4.05
Amaravati,18-12-2022,5,674.25,0,10.02,54.36,9.06,167.01,182.63,2.94
Amaravati,19-12-2022,5,600.81,0,6.51,88.69,6.74,124.52,141.14,3.67
Amaravati,20-12-2022,5,847.82,0,10.2,58.65,6.68,163.89,182.86,3.99
Amaravati,21-12-2022,5,947.95,0,10.2,62.94,6.5,208.3,227.12,3.96
Amaravati,22-12-2022,5,1054.76,0,12.51,43.63,6.68,226.04,247.03,4.37
Amaravati,23-12-2022,5,921.25,0,9.17,94.41,8.7,252.88,270.32,4.18
Amaravati,24-12-2022,5,907.9,0,6.6,131.61,11.8,281.46,297.39,2.88
Amaravati,25-12-2022,5,620.84,0,5.74,94.41,5.96,158.32,172.22,2.79
Amaravati,26-12-2022,4,473.98,0,7.28,40.41,6.56,58.08,66.71,3.36
Amaravati,27-12-2022,4,774.38,0.07,16.62,15.56,8.11,61.6,71.79,5.45
Amaravati,28-12-2022,4,720.98,0.02,13.02,20.92,7.75,53.15,61.29,4.81
Amaravati,29-12-2022,3,627.52,0.09,13.19,12.87,6.68,39.66,48.12,4.24
Amaravati,30-12-2022,3,700.95,0.06,16.11,15.38,8.11,36.37,49.01,4.81
Amaravati,31-12-2022,3,694.27,0.05,13.71,14.48,6.26,41.85,53.99,4.18
Amaravati,01-01-2023,2,453.95,0.02,7.97,21.64,4.71,23.28,29.99,3.51
Amaravati,02-01-2023,4,534.06,0,8.74,30.4,5.66,51.92,60.6,4.05
Amaravati,03-01-2023,4,574.11,0,13.02,38.98,11.32,71.82,86.58,4.18
Amaravati,04-01-2023,5,540.73,0,10.97,58.65,12.64,82.54,97.64,4.18
Amaravati,05-01-2023,5,540.73,0,4.24,100.14,5.19,77.22,82.63,2.98
Amaravati,06-01-2023,5,907.9,0,12.68,65.8,8.11,142.83,162.64,7.03
Amaravati,07-01-2023,5,707.63,0,8.48,97.27,10.73,166.92,186.13,3.7
Amaravati,08-01-2023,5,1068.12,0,18.34,35.05,9.78,188.08,207.08,7.79
Amaravati,09-01-2023,5,827.79,0,16.11,33.62,7.87,109.41,126.5,6.9
Amaravati,10-01-2023,5,1174.93,0,22.28,30.04,11.44,119.23,141.86,10.39
Amaravati,11-01-2023,5,801.09,0,13.02,65.09,9.06,125.42,141.33,4.69
Amaravati,12-01-2023,5,881.2,0,14.39,42.92,7.57,133.62,151.4,5.19
Amaravati,13-01-2023,5,761.03,0,14.74,45.42,7.87,102.87,118.1,5.45
Amaravati,14-01-2023,4,700.95,0.01,14.91,29.68,6.68,63.11,76.88,5.7
Amaravati,15-01-2023,3,567.44,0.01,12.51,27.89,5.13,40.82,51.48,5
Amaravati,16-01-2023,3,383.85,0,6.43,59.37,5.19,43.95,50.46,2.63
Amaravati,17-01-2023,4,494,0,10.45,45.78,6.38,51.72,60.35,3.74
Amaravati,18-01-2023,4,473.98,0,9,60.8,6.74,59.74,68.17,3.77
Amaravati,19-01-2023,5,560.76,0,10.71,57.22,7.03,76.9,87.9,5.45
Amaravati,20-01-2023,4,587.46,0,10.2,54.36,6.97,72.07,83.84,5.76
Amaravati,21-01-2023,4,567.44,0,12.51,45.06,10.13,69.56,79.66,3.83
Amaravati,22-01-2023,4,687.6,0,11.48,55.79,8.34,65.46,78.64,5.07
Amaravati,23-01-2023,5,607.49,0,8.48,77.25,6.74,130,143.31,4.37
Amaravati,24-01-2023,5,534.06,0,10.11,71.53,8.46,85.06,102.97,3.2
Amaravati,25-01-2023,5,580.79,0,10.8,63.66,7.75,103.59,118.42,3.29
Amaravati,26-01-2023,5,841.14,0,13.71,62.23,10.37,195.31,214.48,3.77
Amaravati,27-01-2023,5,947.95,0,14.91,39.7,7.27,215.27,234.47,5.07
Amaravati,28-01-2023,5,934.6,0.01,21.08,22.53,12.28,111.45,130.09,16.72
Amaravati,29-01-2023,5,774.38,0,11.65,65.09,8.82,201.08,216.76,5.26
Amaravati,30-01-2023,5,640.87,0,5.83,84.4,5.3,128.12,144.4,4.69
Amaravati,31-01-2023,4,600.81,0,7.71,55.79,6.62,73.81,90.74,8.49
Amaravati,01-02-2023,5,607.49,0,11.14,59.37,8.46,79.51,98.39,10.01
Amaravati,02-02-2023,4,500.68,0,7.97,67.95,8.7,61.56,72.89,9.5
Amaravati,03-02-2023,5,667.57,0,6.68,91.55,7.99,138.77,151.94,6.97
Amaravati,04-02-2023,5,921.25,0,15.25,67.95,11.92,177.67,206.54,5.76
Amaravati,05-02-2023,5,580.79,0,8.23,84.4,6.26,129.39,147.01,3.83
Amaravati,06-02-2023,5,754.36,0,13.19,60.8,7.63,143.77,163.67,6.27
Amaravati,07-02-2023,5,640.87,0,11.31,55.07,7.99,103.5,121.86,4.56
Amaravati,08-02-2023,4,507.35,0,9.77,43.63,7.27,62.4,78.49,5.7
Amaravati,09-02-2023,5,547.41,0,10.97,50.78,9.06,81.3,95.48,4.69
Amaravati,10-02-2023,4,547.41,0,11.82,37.19,8.34,68.5,80.87,5.07
Amaravati,11-02-2023,4,634.19,0.01,14.74,24.68,8.11,54.06,67.2,6.78
Amaravati,12-02-2023,4,554.08,0,11.14,35.41,6.38,59.94,71.11,5.76
Amaravati,13-02-2023,5,1094.82,0.11,25.02,13.23,9.18,119,140.28,16.47
Amaravati,14-02-2023,5,600.81,0,14.91,42.56,10.73,94.03,110.28,5.32
Amaravati,15-02-2023,5,1401.9,0.05,32.56,15.74,14.54,128.07,160.88,15.71
Amaravati,16-02-2023,5,794.41,0,17.82,37.19,11.68,99.49,120.85,9.25
Amaravati,17-02-2023,5,594.14,0,14.22,51.5,10.01,76.86,94.51,6.08
Amaravati,18-02-2023,5,453.95,0,7.71,88.69,7.87,83.19,100.22,4.12
Amaravati,19-02-2023,3,427.25,0,9,48.64,6.44,46.15,59.35,6.46
Amaravati,20-02-2023,3,494,0.01,11.31,26.82,7.27,34.62,46.12,7.92
Amaravati,21-02-2023,3,460.62,0,11.65,31.47,7.99,30.48,42.62,5.38
Amaravati,22-02-2023,3,400.54,0,8.4,50.78,7.63,36.91,47.85,4.05
Amaravati,23-02-2023,3,390.53,0,7.37,57.22,7.09,46.93,56.69,4.05
Amaravati,25-02-2023,4,947.95,6.37,15.08,0.16,6.85,55.98,71.92,8.99
Amaravati,26-02-2023,2,440.6,0.01,9.6,26.82,5.9,14.94,22.03,8.23
Amaravati,27-02-2023,3,500.68,0,10.02,50.78,7.87,43.98,53.26,8.87
Amaravati,28-02-2023,4,767.71,0.03,18.85,22.35,9.42,61.12,77.5,14.06
Amaravati,01-03-2023,4,507.35,0,9,55.07,8.34,65.24,78.23,3.74
Amaravati,02-03-2023,4,700.95,0,13.54,28.61,9.18,69,84.51,12.03
Amaravati,03-03-2023,5,921.25,0,20.05,30.4,11.44,89.99,108.84,18.24
Amaravati,04-03-2023,5,814.44,0,16.28,45.78,12.52,103.14,120.81,16.21
Amaravati,05-03-2023,5,821.11,1.98,17.31,2.03,7.45,98.23,120.06,16.97
Amaravati,06-03-2023,5,620.84,0,12.17,45.78,8.58,86.56,103.74,13.55
Amaravati,07-03-2023,5,600.81,0,12.34,48.64,9.18,84.94,103.7,11.78
Amaravati,08-03-2023,5,734.33,0,14.05,40.05,9.06,99.77,118.62,15.2
Amaravati,09-03-2023,5,714.3,0.01,15.25,30.04,9.06,130.26,151.24,7.09
Amaravati,10-03-2023,5,587.46,0,9.77,50.07,8.82,95.21,108.96,9.37
Amaravati,11-03-2023,5,634.19,0,12.51,45.78,10.37,110.61,127.37,5.51
Amaravati,12-03-2023,5,547.41,0,8.91,58.65,7.99,89.03,105.07,4.37
Amaravati,13-03-2023,5,754.36,0.01,13.19,26.46,6.14,100.61,115.59,10.77
Amaravati,14-03-2023,5,807.76,0,13.37,46.49,7.27,137.28,151.46,9.25
Amaravati,15-03-2023,5,654.22,0,6.25,76.53,6.08,149.74,163.39,1.22
Amaravati,16-03-2023,5,540.73,0,4.84,63.66,4.95,92.38,106.19,3.23
Amaravati,17-03-2023,3,741,0.02,15.77,10.82,10.13,44.71,57.06,4.62
Amaravati,18-03-2023,4,807.76,0.27,24.33,5.99,20.98,51.38,61.93,4.05
Amaravati,19-03-2023,2,514.03,0.01,10.45,21.64,10.25,16.24,18.93,1.52
Amaravati,20-03-2023,2,460.62,0,7.63,28.25,7.57,13.36,16.72,2.41
Amaravati,21-03-2023,2,534.06,0.01,11.65,19.13,9.06,20.37,26.96,2.66
Amaravati,22-03-2023,2,580.79,0,7.97,25.75,5.84,16.26,23.41,3.48
Amaravati,23-03-2023,3,761.03,0.05,12.17,11.8,6.44,34.65,45.98,4.24
Amaravati,24-03-2023,2,520.71,0.11,13.19,8.67,11.56,21.47,27.05,2.69
Amaravati,25-03-2023,2,494,0.01,9.85,18.24,8.34,17.61,26.27,3.51
Amaravati,26-03-2023,2,574.11,0.07,11.82,10.91,9.3,19.84,24.81,5.7
Amaravati,27-03-2023,1,390.53,0.17,6.34,6.88,5.07,7.4,14.57,2.94
Amaravati,28-03-2023,3,494,0,15.08,26.82,14.07,37.36,48.36,2.85
Amaravati,29-03-2023,1,387.19,0.12,5.18,9.66,5.07,8.25,14.77,2.5
Amaravati,30-03-2023,2,403.88,0.01,5.06,24.68,5.25,12.78,21.32,2.56
Amaravati,31-03-2023,1,340.46,0,4.84,32.9,4.59,7.64,14.06,2.28
Amaravati,01-04-2023,2,367.16,0.01,7.54,25.03,8.11,13.7,23.31,2.34
Amaravati,02-04-2023,2,383.85,0.17,9,7.6,6.44,10.75,20.7,3.2
Amaravati,03-04-2023,1,377.18,0.17,4.71,8.05,4.11,5.89,11.21,2.6
Amaravati,04-04-2023,2,400.54,0,7.28,47.92,7.03,20.3,26.43,3.1
Amaravati,05-04-2023,1,337.12,0,4.71,32.54,4.83,6.82,14.06,2.47
Amaravati,06-04-2023,2,420.57,0,7.03,52.21,6.97,22.33,31.66,3.17
Amaravati,07-04-2023,2,534.06,0.04,19.02,13.05,18.36,24.03,35.29,4.94
Amaravati,08-04-2023,3,654.22,0.71,20.05,2.73,13.71,28.79,42.2,7.73
Amaravati,09-04-2023,2,410.56,0.15,8.74,10.19,5.19,11.82,17.81,4.31
Amaravati,10-04-2023,4,961.3,3.97,19.54,0.46,7.87,57.49,78.8,15.58
Amaravati,11-04-2023,4,894.55,0.46,18.34,5.72,11.56,55.68,74.13,16.97
Amaravati,12-04-2023,3,500.68,0,11.31,37.91,9.06,45.38,60.22,10.51
Amaravati,13-04-2023,4,594.14,0,11.14,68.66,10.85,72.68,84.44,11.15
Amaravati,14-04-2023,5,554.08,0,9.68,94.41,9.42,89.33,101.12,8.23
Amaravati,15-04-2023,4,587.46,0,14.05,76.53,12.04,62.89,76.62,11.53
Amaravati,16-04-2023,5,607.49,0,10.2,85.12,9.06,82.68,96.23,10.77
Amaravati,17-04-2023,4,453.95,0,6.94,121.59,8.23,62.18,75.19,6.46
Amaravati,18-04-2023,4,487.33,0,8.57,98.71,8.46,58.73,72.41,8.99
Amaravati,19-04-2023,4,600.81,0,12,74.39,8.34,54.66,67.22,10.89
Amaravati,20-04-2023,3,520.71,0,9.51,57.22,7.33,31.13,42.29,7.22
Amaravati,21-04-2023,4,527.38,0,7.63,97.27,8.58,54.63,75.16,4.5
Amaravati,22-04-2023,3,447.27,0,5.44,92.98,6.79,29.71,39.42,2.85
Amaravati,23-04-2023,2,427.25,0,4.71,58.65,4.95,14.12,18.92,2.34
Amaravati,24-04-2023,2,390.53,0,8.83,37.55,13.59,14.64,18.6,1.82
Amaravati,25-04-2023,2,360.49,0.32,17.31,4.96,21.7,13.1,18.72,1.96
Amaravati,26-04-2023,2,700.95,0.22,13.54,7.24,5.9,24.05,35.41,5.07
Amaravati,27-04-2023,3,467.3,0,8.4,37.55,9.42,35.51,45.32,3.29
Amaravati,28-04-2023,3,547.41,0,9.77,27.89,9.06,33.59,43.19,3.67
Amaravati,29-04-2023,3,534.06,0,7.37,23.96,7.63,29.43,39.01,4.5
Amaravati,30-04-2023,2,627.52,0.34,12.51,5.81,6.68,21.51,28.13,6.46
Amaravati,01-05-2023,3,741,0.28,16.62,5.28,6.74,26.97,31.55,5.07
Amaravati,02-05-2023,2,594.14,0.04,10.28,13.05,9.18,16.28,19.83,3.36
Amaravati,03-05-2023,2,494,0.31,11.82,4.87,9.3,17.02,20.91,2.37
Amaravati,04-05-2023,2,494,0.08,8.48,9.83,5.36,10.61,14.76,3.01
Amaravati,05-05-2023,3,433.92,0,16.11,26.82,19.31,26.71,32.48,2.69
Amaravati,06-05-2023,4,1482.01,19.22,10.71,0,9.54,74.94,96.88,11.78
Amaravati,07-05-2023,3,700.95,0,9.6,18.95,10.49,34.85,41.08,4.31
Amaravati,08-05-2023,3,734.33,0.03,12.85,11,6.02,37.74,47.46,4.62
Amaravati,09-05-2023,5,894.55,0,13.71,43.63,9.66,100.31,110.44,5.07
Amaravati,10-05-2023,5,1815.8,4.19,30.16,0.47,14.07,155.89,177.09,19.51
Amaravati,11-05-2023,5,567.44,0,8.74,50.78,10.49,91.26,98.71,2.72
Amaravati,12-05-2023,5,1068.12,0,15.77,25.03,11.56,92.47,108.46,11.65
Amaravati,13-05-2023,5,1482.01,0.07,29.47,10.46,16.45,123.19,152.01,23.31
Amaravati,14-05-2023,4,567.44,0,10.97,76.53,13.71,66.73,86.26,12.92
Amaravati,15-05-2023,3,534.06,0,10.88,57.94,14.42,49.62,68.71,13.17
Amaravati,16-05-2023,3,540.73,0,13.37,33.26,13.95,35.84,55.31,14.06
Amaravati,17-05-2023,3,494,0,10.88,42.92,8.82,28.6,47.97,11.15
Amaravati,18-05-2023,3,407.22,0,7.63,62.94,7.87,36.43,60,5.38
Amaravati,19-05-2023,3,380.52,0,6.17,67.95,7.33,29.21,47.52,2.85
Amaravati,20-05-2023,4,447.27,0,8.65,82.25,14.54,57.93,83.86,2.91
Amaravati,21-05-2023,4,640.87,0,8.74,60.8,9.42,74.18,84.86,4.24
Amaravati,22-05-2023,4,627.52,0,8.91,55.07,11.44,71.81,85.95,3.45
Amaravati,23-05-2023,3,460.62,0,6.43,90.12,7.75,42.21,51.33,2.94
Amaravati,24-05-2023,5,507.35,0,6.34,114.44,7.63,81.2,93.8,2.66
Amaravati,25-05-2023,5,487.33,0,6.6,118.73,10.97,92.52,110.33,2.53
Amritsar,30-11-2020,5,1375.2,0.3,4.46,217.44,13.95,196.92,208.15,10.39
Amritsar,01-12-2020,5,2456.67,0,40.78,32.54,8.94,296.55,345.4,32.93
Amritsar,02-12-2020,5,2696.99,0.01,40.78,31.47,6.62,346.66,398.67,18.24
Amritsar,03-12-2020,5,3471.37,5.7,61.69,0.98,17.88,394.76,462.08,67.89
Amritsar,04-12-2020,5,2990.72,0.06,52.78,20.39,6.2,380.12,412.5,10.89
Amritsar,05-12-2020,5,1815.8,0,30.85,60.08,7.09,288.68,310.36,7.54
Amritsar,06-12-2020,5,1375.2,0,28.1,60.8,10.25,237.84,254.72,20.27
Amritsar,07-12-2020,5,1548.77,0.06,27.42,20.39,3.46,278.9,314.9,10.64
Amritsar,08-12-2020,5,2803.8,0.29,43.87,10.37,4.83,322.36,384.44,14.44
Amritsar,09-12-2020,4,834.47,0.11,27.76,16.99,2.86,35.88,58.51,13.68
Amritsar,10-12-2020,5,1668.93,6.54,33.24,0.25,6.62,89.67,114.59,24.83
Amritsar,11-12-2020,5,1602.17,0,24.68,39.34,4.17,130.21,165.3,7.79
Amritsar,12-12-2020,3,647.54,0,10.63,66.52,3.87,23.72,29.2,4.69
Amritsar,13-12-2020,5,1094.82,0.41,22.62,9.21,3.19,70.64,100.48,16.72
Amritsar,14-12-2020,5,1815.8,11.74,32.56,0.11,3.43,142.02,194.19,27.87
Amritsar,15-12-2020,5,1869.2,9.61,38.73,0.25,4.77,168.03,223.51,26.85
Amritsar,16-12-2020,5,1615.52,0.01,26.39,31.11,3.19,154.08,197.95,8.99
Amritsar,17-12-2020,5,1255.04,0,18.34,52.21,3.87,90.41,123.9,7.28
Amritsar,18-12-2020,5,2376.56,1.41,59.63,4.02,3.31,172.05,232.07,19.76
Amritsar,19-12-2020,5,2323.15,25.03,39.76,0.01,3.7,216.11,262.32,41.54
Amritsar,20-12-2020,5,2483.37,6.82,40.44,0.69,3.87,294.71,345.55,24.07
Amritsar,21-12-2020,5,2563.48,2.15,37.01,2.28,3.55,332.38,391.82,20.27
Amritsar,22-12-2020,5,3177.64,2.04,70.6,2.44,6.97,300.9,354.97,40.53
Amritsar,23-12-2020,5,3738.4,27.94,48.67,0.01,9.06,455.3,537.56,33.95
Amritsar,24-12-2020,5,2777.1,26.6,35.3,0.01,4.05,368.66,432.65,13.17
Amritsar,25-12-2020,5,3417.97,0.08,60.32,16.99,24.8,509.63,558.11,89.17
Amritsar,26-12-2020,5,3124.24,15.87,44.55,0.09,12.04,373.29,427.34,47.12
Amritsar,27-12-2020,5,2162.93,0,34.62,37.55,6.74,305.65,329.94,15.96
Amritsar,28-12-2020,5,3017.43,0.5,66.49,6.44,3.43,344.13,373.23,9.75
Amritsar,29-12-2020,5,1575.47,1.51,35.99,4.34,3.43,188.32,236.52,15.83
Amritsar,30-12-2020,5,1588.82,0.06,31.53,19.67,3.04,142.91,191.36,10.13
Amritsar,31-12-2020,5,2536.77,7.71,43.87,0.62,5.54,289.47,353.88,27.36
Amritsar,01-01-2021,5,4539.49,43.36,47.3,0,2.98,516.44,595.1,15.07
Amritsar,02-01-2021,5,3631.59,0.36,66.49,9.39,6.97,595.36,650,30.4
Amritsar,03-01-2021,5,1134.87,0,15.94,44.35,8.46,186.63,193.07,3.67
Amritsar,04-01-2021,4,614.17,0,12.51,43.27,6.26,38.21,42,5.19
Amritsar,05-01-2021,2,580.79,0,9.6,60.08,7.87,17.02,18.94,3.48
Amritsar,06-01-2021,3,433.92,0,8.23,57.22,5.96,22.67,23.94,3.1
Amritsar,07-01-2021,5,1642.23,0.51,26.73,4.43,3.93,134.63,174.22,7.09
Amritsar,08-01-2021,5,3204.35,52.75,62.38,0,43.39,222.92,237.84,166.18
Amritsar,09-01-2021,5,2296.45,12.29,38.39,0.09,8.23,309.18,379.06,46.61
Amritsar,10-01-2021,5,2056.12,0.39,33.59,8.23,2.35,199.37,240.82,10.89
Amritsar,11-01-2021,5,5661.01,79.57,54.84,0,5.31,495.56,559.9,31.92
Amritsar,12-01-2021,5,4272.46,56.77,39.76,0,3.82,425.93,521.49,21.53
Amritsar,13-01-2021,5,6034.85,76.89,43.18,0,4.05,590.75,650.54,10.77
Amritsar,14-01-2021,5,2964.02,8.72,45.93,0.23,4.17,418.24,458.06,14.31
Amritsar,15-01-2021,5,3524.78,29.06,58.26,0,25.75,431.3,471.92,82.08
Amritsar,16-01-2021,5,2883.91,25.48,58.26,0.01,23.37,366.94,379.31,101.33
Amritsar,17-01-2021,5,2243.04,9.05,29.47,0.16,3.07,304.62,318,19.25
Amritsar,18-01-2021,5,1789.09,0.03,26.05,25.03,5.9,281.18,300.13,7.16
Amritsar,19-01-2021,5,1615.52,7.38,26.39,0.37,4.95,251.51,297.21,27.11
Amritsar,20-01-2021,5,3070.83,0.11,53.47,16.81,4.11,395.78,446.11,7.66
Amritsar,21-01-2021,5,4219.06,3.52,93.22,1.88,4.71,401.44,451.37,8.11
Amritsar,22-01-2021,5,2964.02,0.19,73.34,15.38,23.84,428.34,484.18,137.81
Amritsar,23-01-2021,5,1281.74,0,10.11,111.58,13.47,291.79,304.25,3.96
Amritsar,24-01-2021,5,1001.36,0,13.71,31.11,2.44,134.66,147.17,6.08
Amritsar,25-01-2021,5,3124.24,22.8,36.67,0.01,3.16,270.98,325.75,9.12
Amritsar,26-01-2021,5,3364.56,34.42,40.78,0.01,3.31,327.13,416.72,15.07
Amritsar,27-01-2021,5,2349.85,8.16,40.78,0.56,3.93,289.92,365.94,19.76
Amritsar,28-01-2021,5,6195.07,99.24,44.55,0,3.93,740.22,801.11,12.41
Amritsar,29-01-2021,5,3177.64,21.23,48.67,0.03,7.99,437.57,532.1,49.65
Amritsar,30-01-2021,5,4005.43,14.53,63.06,0.12,3.07,459.45,536.22,12.54
Amritsar,31-01-2021,5,2376.56,19.45,36.67,0.01,3.79,300.55,345.42,27.61
Amritsar,01-02-2021,5,2429.96,0.36,41.47,11.27,9.54,381.62,418.21,38.51
Amritsar,02-02-2021,5,1976.01,1.87,45.24,5.5,6.62,290.14,348.75,17.99
Amritsar,03-02-2021,5,3044.13,0.99,56.21,7.69,22.89,453.79,521.22,85.12
Amritsar,04-02-2021,3,607.49,0,17.31,42.92,6.68,24.47,33.37,7.16
Amritsar,05-02-2021,5,2349.85,28.39,38.73,0.01,30.28,169.51,202.2,118.55
Amritsar,06-02-2021,5,1628.88,12.74,24.33,0.12,2.98,147.01,215.98,16.47
Amritsar,07-02-2021,5,1522.06,6.93,28.45,0.36,3.31,164.75,202.08,22.8
Amritsar,08-02-2021,5,2883.91,0.01,83.63,25.75,48.16,346.35,388.62,218.87
Amritsar,09-02-2021,5,2937.32,0,81.57,61.51,72.48,428.94,481.57,224.95
Amritsar,10-02-2021,5,2456.67,0.01,29.13,33.62,8.35,550.26,597.53,12.54
Amritsar,11-02-2021,5,2002.72,9.84,48.67,0.29,8.58,369.48,426.07,44.58
Amritsar,12-02-2021,5,2803.8,17.43,26.73,0.02,8.58,602.03,698.11,38
Amritsar,13-02-2021,5,4486.08,22.35,80.88,0.02,32.42,760.54,838.72,125.65
Amritsar,14-02-2021,5,4272.46,0,85,52.93,57.7,845.26,903.37,259.4
Amritsar,15-02-2021,5,3044.13,0.08,77.46,18.77,40.53,532.17,570.89,186.44
Amritsar,16-02-2021,5,3044.13,21.46,40.1,0.03,11.33,660.93,714.66,43.57
Amritsar,17-02-2021,5,2536.77,19.22,25.36,0.05,5.42,558.87,627.85,18.24
Amritsar,18-02-2021,5,3738.4,21.01,67.86,0.03,31.47,564.91,627.48,104.37
Amritsar,19-02-2021,5,2883.91,6.48,30.5,0.53,7.51,670.83,751.19,25.84
Amritsar,20-02-2021,5,3471.37,5.92,49.35,1.33,8.46,782.11,849.26,23.56
Amritsar,21-02-2021,5,2723.69,6.48,26.73,0.33,3.61,765.19,821.92,17.99
Amritsar,22-02-2021,5,2376.56,21.68,23.65,0.01,5.19,425.97,483.73,19.25
Amritsar,23-02-2021,5,2349.85,10.17,26.39,0.18,5.36,416.03,465.75,12.79
Amritsar,24-02-2021,5,2590.18,10.73,48.67,0.14,14.78,335.76,396.89,58.26
Amritsar,25-02-2021,5,2056.12,0.07,43.53,16.09,21.22,243.21,292.28,81.06
Amritsar,26-02-2021,5,2777.1,1.65,80.88,3.58,30.99,252.31,301.52,110.45
Amritsar,27-02-2021,4,520.71,0,10.37,75.1,8.35,45.48,55.45,10.13
Amritsar,28-02-2021,5,2216.34,30.4,35.99,0,20.74,182.94,248.28,127.67
Amritsar,01-03-2021,5,2216.34,14.08,47.98,0.06,19.79,180.69,225.21,86.13
Amritsar,02-03-2021,5,1522.06,0,27.76,65.09,10.97,153.65,181.31,33.95
Amritsar,03-03-2021,5,3685,0.73,87.74,6.53,11.44,283.7,326.8,62.32
Amritsar,04-03-2021,5,2056.12,0.01,34.62,26.11,6.86,249.71,285.48,29.89
Amritsar,05-03-2021,5,1401.9,1.34,28.45,4.25,3.61,167.91,220.32,18.24
Amritsar,06-03-2021,5,5073.55,1.48,108.3,14.31,15.14,413.85,463.59,42.05
Amritsar,07-03-2021,4,560.76,0,9.68,72.96,5.96,32.71,39.67,21.28
Amritsar,08-03-2021,3,310.42,0,4.33,88.69,4.41,22.66,35.65,9.75
Amritsar,09-03-2021,5,834.47,0,13.02,52.21,5.96,66.65,87.79,7.28
Amritsar,10-03-2021,5,1815.8,11.29,41.13,0.06,10.37,148.13,216.6,59.28
Amritsar,11-03-2021,5,1655.58,5.09,27.42,0.57,4.77,148.03,196.74,16.09
Amritsar,12-03-2021,5,907.9,0.01,22.96,27.9,7.75,57.72,90.09,37.49
Amritsar,13-03-2021,4,727.65,0.01,19.02,25.39,5.72,40.35,59.21,31.41
Amritsar,14-03-2021,5,2643.59,1.08,65.12,8.49,4.17,176.3,208.02,26.85
Amritsar,15-03-2021,5,787.74,0.01,16.97,31.47,2.68,53.99,78.53,27.87
Amritsar,16-03-2021,5,1668.93,0.5,32.56,7.78,3.82,107.2,147.53,16.97
Amritsar,17-03-2021,5,1148.22,0.02,20.91,26.11,4.41,102.23,145.01,29.13
Amritsar,18-03-2021,5,1321.79,0.03,21.42,21.64,4.53,141.52,190.51,13.68
Amritsar,19-03-2021,5,1401.9,0,22.28,48.64,5.25,127.67,169.86,43.06
Amritsar,20-03-2021,5,2616.88,3.21,61.01,2.59,6.74,174.67,225.47,42.56
Amritsar,21-03-2021,5,1335.14,0.1,24.68,14.66,3.99,146.31,191.98,34.96
Amritsar,22-03-2021,5,640.87,0,7.97,91.55,6.38,51.75,58.2,12.03
Amritsar,23-03-2021,4,487.33,0,8.74,82.97,12.04,35.17,46.3,16.97
Amritsar,24-03-2021,3,494,0,12.34,48.64,7.63,22.05,29.67,12.41
Amritsar,25-03-2021,4,734.33,0,13.71,45.78,4.05,32.33,51.39,19.25
Amritsar,26-03-2021,5,1255.04,1.33,27.08,3.76,3.28,97.91,140.69,18.49
Amritsar,27-03-2021,5,1895.9,0.03,27.76,21.28,4.59,222.81,271.6,14.19
Amritsar,28-03-2021,5,1201.63,0,20.22,37.19,4.53,132.46,183.97,15.45
Amritsar,29-03-2021,5,720.98,0,9.25,114.44,9.3,92.21,148.47,24.07
Amritsar,30-03-2021,5,1268.39,0,19.02,59.37,12.16,193.19,288.74,28.63
Amritsar,31-03-2021,2,460.63,0,7.97,115.87,4.77,14.38,23.04,22.29
Amritsar,01-04-2021,3,594.14,0,11.48,92.98,7.21,21.04,34.94,32.93
Amritsar,02-04-2021,2,473.98,0,10.11,85.12,6.91,12.93,25.39,27.36
Amritsar,03-04-2021,5,1281.74,0.24,37.01,10.64,11.33,65.75,102.87,61.81
Amritsar,04-04-2021,5,1108.17,0,26.05,28.61,6.86,81.24,108.75,46.61
Amritsar,05-04-2021,3,500.68,0,9.34,82.25,8.7,23.73,34.8,24.07
Amritsar,06-04-2021,4,687.6,0,10.97,69.38,6.8,47.79,71.39,28.63
Amritsar,07-04-2021,4,667.57,0,9.25,85.83,10.85,47.63,53.38,5.57
Amritsar,08-04-2021,4,660.9,0,10.63,82.97,5.72,36.26,49.63,30.15
Amritsar,09-04-2021,5,1148.22,0.01,32.56,22.71,7.33,63.46,95.96,52.69
Amritsar,10-04-2021,5,801.09,0,16.45,77.25,11.09,50.52,73.8,34.45
Amritsar,11-04-2021,4,654.22,0,13.02,69.38,5.42,33.64,50.36,32.93
Amritsar,12-04-2021,5,854.49,0,16.62,47.21,8.7,55.57,96.58,33.95
Amritsar,13-04-2021,5,1068.12,0,25.36,31.83,6.02,66.64,102.17,43.57
Amritsar,14-04-2021,5,821.11,0,13.2,81.54,6.8,57.55,87.41,31.67
Amritsar,15-04-2021,5,1148.22,0,20.91,50.07,9.18,61.14,86.89,33.44
Amritsar,16-04-2021,4,554.09,0,10.03,87.26,7.63,45.21,60.56,25.08
Amritsar,17-04-2021,4,507.36,0,8.31,98.71,10.01,38.25,43.21,14.06
Amritsar,18-04-2021,4,687.6,0,14.4,50.07,6.2,37.11,46.48,8.23
Amritsar,19-04-2021,4,707.63,0,12.51,65.09,4.41,31.8,42.38,31.67
Amritsar,20-04-2021,5,1188.28,0,29.47,29.68,8.23,56.5,84.72,48.13
Amritsar,21-04-2021,4,560.76,0,8.23,113.01,10.13,26.07,29.05,6.59
Amritsar,22-04-2021,4,654.22,0,14.91,65.09,11.33,40.38,48.97,11.65
Amritsar,23-04-2021,4,654.22,0,14.05,58.65,8.58,34.43,40.17,7.79
Amritsar,24-04-2021,5,1668.93,0.5,40.78,7.42,6.86,89.97,119.92,21.28
Amritsar,25-04-2021,5,1321.79,0.19,39.76,10.82,5.19,83.9,117.32,59.28
Amritsar,26-04-2021,5,2056.12,0.01,45.93,20.74,13.35,158.73,188.85,73.97
Amritsar,27-04-2021,5,2323.15,0,50.72,20.92,14.07,179.92,217.94,56.74
Amritsar,28-04-2021,5,2349.85,0,49.35,30.76,21.46,185.76,227.51,77.01
Amritsar,29-04-2021,5,2616.88,0,80.2,26.82,57.7,181.45,236.21,182.39
Amritsar,30-04-2021,5,2349.85,6.43,53.47,0.13,19.07,135.9,185.65,60.8
Amritsar,01-05-2021,5,1695.63,0.13,67.86,11.09,13.83,93.57,136.08,52.18
Amritsar,02-05-2021,5,847.82,0,15.77,61.51,7.03,55.63,72,34.45
Amritsar,03-05-2021,5,1041.41,0,28.45,30.4,8.94,84.26,110.38,46.1
Amritsar,04-05-2021,5,674.25,0,12.34,88.69,6.97,58.07,85.58,30.15
Amritsar,05-05-2021,5,1588.82,0,33.93,35.76,12.04,99.61,130.02,43.06
Amritsar,06-05-2021,5,1895.9,0.12,47.3,11,12.4,102.16,138.46,57.76
Amritsar,07-05-2021,5,1468.66,0.07,38.73,15.02,10.97,68.08,97.17,47.12
Amritsar,08-05-2021,5,1588.82,0.35,41.13,7.6,9.66,68.3,95.57,47.12
Amritsar,09-05-2021,5,1522.06,0.03,32.22,16.27,11.68,67.71,88.91,44.58
Amritsar,10-05-2021,5,1375.2,0,27.42,41.84,7.03,62.84,76.65,36.99
Amritsar,11-05-2021,5,1255.04,0,21.25,69.38,9.89,54.9,67.23,32.93
Amritsar,12-05-2021,5,1361.85,0,36.33,43.63,8.11,76.51,95.15,49.14
Amritsar,13-05-2021,5,1108.17,0,20.39,59.37,7.33,64.9,79.2,35.97
Amritsar,14-05-2021,5,1348.5,0,24.33,60.8,10.85,72.97,87.06,32.17
Amritsar,15-05-2021,4,907.9,0,16.28,57.22,6.8,29.64,43.12,27.36
Amritsar,16-05-2021,5,1068.12,0,17.82,65.09,6.14,57.82,72.96,34.45
Amritsar,17-05-2021,4,580.79,0,7.37,97.28,4.53,28.67,48.44,21.53
Amritsar,18-05-2021,4,527.38,0,9.34,88.69,5.96,33.42,75.1,22.29
Amritsar,19-05-2021,4,407.22,0,6.08,91.55,8.46,34.95,68.27,16.21
Amritsar,20-05-2021,5,680.92,0,12.17,88.69,6.68,91.75,110.41,29.89
Amritsar,21-05-2021,5,1375.2,0,40.44,36.12,16.45,102.35,148.7,43.57
Amritsar,22-05-2021,5,1842.5,0,42.5,25.39,9.3,128.87,162.83,44.08
Amritsar,23-05-2021,4,574.11,0,9.6,91.55,6.08,30.74,45.02,26.6
Amritsar,24-05-2021,5,687.6,0,12.85,74.39,5.13,54.55,75.27,30.15
Amritsar,25-05-2021,4,594.14,0,11.65,81.54,6.26,28.4,43.11,29.13
Amritsar,26-05-2021,4,934.6,0,25.36,28.97,9.66,41.73,68.13,43.57
Amritsar,27-05-2021,5,1842.5,6.09,52.78,0.36,13.95,82.07,123.93,58.77
Amritsar,28-05-2021,4,734.33,0,18.17,89.41,9.89,36.21,51.48,24.57
Amritsar,29-05-2021,5,1255.04,0.01,36.67,19.13,16.69,66.45,108.44,49.65
Amritsar,30-05-2021,5,988.01,0,13.88,111.58,13.35,125.31,143.21,34.45
Amritsar,31-05-2021,5,827.79,0,13.54,92.98,8.7,91.47,111.65,33.95
Amritsar,01-06-2021,5,821.11,0,14.57,100.14,8.35,91.18,112.87,32.93
Amritsar,02-06-2021,5,907.9,0,21.76,35.41,5.9,65.62,94.05,40.53
Amritsar,03-06-2021,5,821.11,0,13.54,97.28,8.11,82.43,98.17,31.67
Amritsar,04-06-2021,5,1335.14,0,32.56,38.62,7.57,86.8,106.92,41.04
Amritsar,05-06-2021,5,881.2,0,15.77,67.23,5.31,59.02,71.16,34.96
Amritsar,06-06-2021,5,934.6,0,19.02,51.5,6.44,67.06,81.57,39.52
Amritsar,07-06-2021,5,881.2,0,13.02,87.26,7.09,71.26,81.8,33.95
Amritsar,08-06-2021,5,947.95,0,15.77,83.69,11.44,88.17,111,39.52
Amritsar,09-06-2021,5,1228.33,0,44.55,41.13,16.69,89.74,270.15,25.33
Amritsar,10-06-2021,5,654.22,0,17.48,45.42,8.94,92.41,289.47,27.11
Amritsar,11-06-2021,5,807.76,0,8.74,123.02,14.07,108.22,204.95,29.89
Amritsar,12-06-2021,5,640.87,0,6.94,140.19,26.7,60.27,111.28,22.04
Amritsar,13-06-2021,4,781.06,0,6.77,113.01,6.86,46.99,61.84,23.56
Amritsar,14-06-2021,4,707.63,0,7.97,94.41,6.5,26.82,33.64,22.04
Amritsar,15-06-2021,5,1041.41,0,21.08,55.08,10.01,81.31,119.17,36.48
Amritsar,16-06-2021,5,1842.5,0,55.52,23.96,11.44,96.3,139.67,40.53
Amritsar,17-06-2021,5,1108.17,0,12.68,73.67,14.54,117.25,125.37,10.89
Amritsar,18-06-2021,5,1241.68,0,23.99,58.65,14.54,116.78,136.98,39.52
Amritsar,19-06-2021,4,680.92,0,7.45,124.45,9.78,49.67,56.61,23.81
Amritsar,20-06-2021,5,594.14,0,5.01,137.33,8.94,55.92,62.17,21.28
Amritsar,21-06-2021,5,640.87,0,7.11,131.61,9.66,64.34,72.41,23.56
Amritsar,22-06-2021,5,1001.36,0,23.99,75.82,10.73,83.76,102,28.12
Amritsar,23-06-2021,5,1575.47,0,54.84,27.18,12.99,85.23,115.42,39.52
Amritsar,24-06-2021,5,1655.58,0.42,73.34,5.54,25.99,105.66,170.84,129.7
Amritsar,25-06-2021,5,1735.69,0,52.09,31.83,11.8,161.51,203.77,73.97
Amritsar,26-06-2021,5,1361.85,0.33,40.1,7.42,10.85,90.42,139.17,48.13
Amritsar,27-06-2021,5,1522.06,0.33,59.63,6.35,15.02,94.92,208.78,99.3
Amritsar,28-06-2021,5,947.95,0,29.47,57.94,17.17,80.46,178.25,27.36
Amritsar,29-06-2021,5,1014.71,0,29.13,82.25,15.5,74.36,153.19,24.07
Amritsar,30-06-2021,5,1054.76,0,30.85,57.22,13.71,83.11,192.31,25.59
Amritsar,01-07-2021,5,881.2,0,27.42,52.21,11.44,98.7,301.21,27.11
Amritsar,02-07-2021,5,1268.39,0.14,44.55,9.84,11.33,116.26,330.14,51.17
Amritsar,03-07-2021,5,907.9,0,29.13,31.11,9.06,118.36,365.46,39.01
Amritsar,04-07-2021,5,921.25,0,21.76,53.64,11.21,143.37,340.48,38
Amritsar,05-07-2021,5,867.84,0,23.65,57.94,5.9,108.01,252.07,34.45
Amritsar,06-07-2021,5,1335.14,0.02,45.93,17.17,12.88,119.5,270.29,52.18
Amritsar,07-07-2021,5,2109.53,0.08,78.83,8.23,13.11,73.32,151.74,32.93
Amritsar,08-07-2021,5,1121.52,0.12,37.36,10.55,11.56,90.55,178.21,55.73
Amritsar,09-07-2021,5,594.14,0,17.48,42.56,5.42,59.32,158.99,30.4
Amritsar,10-07-2021,5,841.14,0,12,95.84,11.8,90.52,143.26,27.11
Amritsar,11-07-2021,5,700.95,0,5.83,115.87,7.03,68.99,79.75,22.04
Amritsar,12-07-2021,4,574.11,0,5.91,100.14,10.13,34.54,35.59,4.05
Amritsar,13-07-2021,3,594.14,0,13.02,34.33,10.73,23.7,27.25,5.83
Amritsar,14-07-2021,4,801.09,0,15.59,27.9,8.58,39.57,49.7,7.03
Amritsar,15-07-2021,4,727.65,0,15.08,39.7,6.8,46.21,57.85,11.02
Amritsar,16-07-2021,5,1134.87,0,19.54,48.64,7.09,105.21,119.99,11.15
Amritsar,17-07-2021,5,921.25,0,14.4,70.81,5.07,79.15,90.33,12.29
Amritsar,18-07-2021,5,787.74,0,7.63,100.14,6.32,94.58,101.16,14.06
Amritsar,19-07-2021,4,660.9,0,9.68,37.19,6.2,37.88,42.65,10.26
Amritsar,20-07-2021,3,607.49,0,12.34,16.45,5.6,20.87,22.36,4.31
Amritsar,21-07-2021,5,794.41,0,9.77,60.08,4.95,63.26,69.12,6.65
Amritsar,22-07-2021,5,1295.09,0,22.62,27.54,7.45,99.54,123.23,10.64
Amritsar,23-07-2021,5,947.95,0,12.17,61.51,7.15,83.58,90.69,7.47
Amritsar,24-07-2021,5,1428.6,3.02,24.68,0.65,8.46,69.01,87.17,15.07
Amritsar,25-07-2021,5,807.76,0,9.94,60.08,3.67,78.78,86.11,10.13
Amritsar,26-07-2021,5,894.55,0,10.88,62.23,5.36,111.27,120.23,10.77
Amritsar,27-07-2021,5,761.03,0,10.63,45.78,5.54,61.07,66.14,7.66
Amritsar,28-07-2021,4,667.57,0.03,14.05,12.34,4.59,28.16,34.74,7.6
Amritsar,29-07-2021,4,674.25,0.01,12.51,15.91,5.13,26.6,28.8,5.51
Amritsar,30-07-2021,5,847.82,0,12.17,42.56,6.38,60.35,65.05,6.46
Amritsar,31-07-2021,5,821.11,0,12.17,60.08,8.58,62.86,70.31,6.02
Amritsar,01-08-2021,5,1228.33,0.5,19.71,4.65,5.13,72.72,85.87,12.16
Amritsar,02-08-2021,5,881.2,0.02,13.54,21.99,2.98,64.7,74.83,10.26
Amritsar,03-08-2021,5,1188.28,0,13.88,47.21,4.89,110.06,121.48,8.11
Amritsar,04-08-2021,5,1068.12,0,13.37,65.09,4.29,106.36,116.67,7.47
Amritsar,05-08-2021,5,961.3,0,12.51,53.64,3.82,83.98,93.85,7.6
Amritsar,06-08-2021,5,947.95,0,11.31,59.37,4.89,97.71,107.41,7.28
Amritsar,07-08-2021,5,1255.04,0,20.56,65.09,10.25,142.34,156.83,14.06
Amritsar,08-08-2021,5,1028.06,0,10.97,68.67,3.79,83.28,92.08,8.49
Amritsar,09-08-2021,5,1001.36,0,9.34,73.67,4.53,108.06,115.57,8.74
Amritsar,10-08-2021,5,1321.79,0,15.25,45.06,5.31,108.59,122.1,9.75
Amritsar,11-08-2021,5,1401.9,0,16.97,45.78,7.99,175.24,207.31,7.98
Amritsar,12-08-2021,5,894.55,0,12.85,52.93,6.2,137.5,269.65,10.26
Amritsar,13-08-2021,5,674.25,0,12.85,50.07,6.91,83.24,212.15,10.51
Amritsar,14-08-2021,5,847.82,0,10.11,88.69,9.42,136.78,218.06,8.74
Amritsar,15-08-2021,5,567.44,0,9.51,60.8,5.84,80.3,163.19,7.85
Amritsar,16-08-2021,5,1455.31,0.02,30.16,18.24,8.23,124.17,187.75,31.41
Amritsar,17-08-2021,5,1682.28,8.05,41.81,0.04,13.71,138.02,226.44,83.09
Amritsar,18-08-2021,5,961.3,0,14.91,61.51,6.08,141.12,206.1,16.21
Amritsar,19-08-2021,5,881.2,0,14.05,59.37,6.26,129.35,207.29,19.76
Amritsar,20-08-2021,5,827.79,0,11.65,77.25,9.89,151.23,232.3,21.79
Amritsar,21-08-2021,4,694.28,0,14.91,21.99,8.82,27.5,32.7,7.92
Amritsar,22-08-2021,4,720.98,0,13.37,21.46,5.54,27.62,34.31,7.92
Amritsar,23-08-2021,5,1161.58,0.63,19.88,4.11,4.71,66.11,81.01,11.78
Amritsar,24-08-2021,5,781.06,0,12.34,52.93,2.62,59.09,66.66,9.5
Amritsar,25-08-2021,5,787.74,0,9.68,72.96,4.11,91.64,101.81,11.53
Amritsar,26-08-2021,5,714.3,0.02,19.19,19.31,4.23,102.33,307.46,20.77
Amritsar,27-08-2021,5,473.98,0,12.85,46.49,3.1,88.9,303.25,25.59
Amritsar,28-08-2021,5,714.3,0,17.48,31.83,4.89,113.56,396.59,17.48
Amritsar,29-08-2021,5,714.3,0,10.03,70.81,6.97,105.17,197.24,11.15
Amritsar,30-08-2021,5,961.3,0,16.11,47.92,6.86,106.06,157.73,10.26
Amritsar,31-08-2021,5,854.49,0,13.71,53.64,5.78,53.72,71.09,11.78
Amritsar,01-09-2021,5,974.66,0.05,21.76,14.31,7.09,53.93,69.22,9.63
Amritsar,02-09-2021,5,1174.93,1.19,25.02,3.4,3.87,87.62,108.57,12.41
Amritsar,03-09-2021,5,1241.68,0.12,24.33,12.88,3.93,96.23,115.51,10.26
Amritsar,04-09-2021,5,1255.04,0.85,25.71,3.93,4.71,93.71,112.8,12.16
Amritsar,05-09-2021,5,867.84,0,16.28,32.19,2.35,73.78,83.33,12.54
Amritsar,06-09-2021,5,1455.31,0,21.08,30.4,6.08,156.38,172.13,14.95
Amritsar,07-09-2021,5,1161.58,0,15.42,70.1,5.07,156.93,169.74,16.47
Amritsar,08-09-2021,4,847.82,0,7.71,90.12,8.46,46.14,51.96,8.99
Amritsar,09-09-2021,4,647.54,0,14.05,34.33,9.78,28.06,33.94,8.36
Amritsar,10-09-2021,5,1054.76,0,21.08,43.63,10.01,67.06,78.93,10.77
Amritsar,11-09-2021,4,694.28,0,19.71,19.31,11.56,40.82,48.03,5.7
Amritsar,12-09-2021,4,787.74,0,15.25,22.71,5.96,35.78,45.68,7.66
Amritsar,13-09-2021,5,1361.85,11.74,25.02,0.06,11.44,54.35,76.24,49.65
Amritsar,14-09-2021,5,2616.88,18.11,56.21,0,34.33,173.7,219.8,135.78
Amritsar,15-09-2021,5,1628.88,3.69,26.39,0.87,6.97,95.7,120.61,11.91
Amritsar,16-09-2021,5,2403.26,7.26,48.67,0.14,5.9,159.56,196.35,29.89
Amritsar,17-09-2021,5,1735.69,0,39.76,35.05,10.49,168.29,194.91,24.57
Amritsar,18-09-2021,5,1241.68,0,22.96,43.63,7.39,111.34,127.18,11.02
Amritsar,19-09-2021,5,1495.36,0,26.39,32.9,7.39,125.84,142.14,11.15
Amritsar,20-09-2021,5,1842.5,0,33.24,24.32,10.97,168.74,191.98,21.79
Amritsar,21-09-2021,5,1281.74,0,16.97,69.38,7.09,143.37,155.95,11.78
Amritsar,22-09-2021,5,1161.58,0,17.14,54.36,7.63,100.16,113.09,7.73
Amritsar,23-09-2021,5,1321.79,0,16.45,41.13,7.09,80.22,91.17,7.85
Amritsar,24-09-2021,5,1735.69,0.61,29.13,4.78,7.33,108.39,133.07,14.31
Amritsar,25-09-2021,5,1428.6,7.26,42.5,0.23,15.02,76.95,110.01,91.2
Amritsar,26-09-2021,5,1482.01,0.96,30.85,3.44,3.46,121.26,143.38,15.2
Amritsar,27-09-2021,5,1108.17,0,14.22,66.52,3.64,107.01,118.09,10.77
Amritsar,28-09-2021,5,2536.77,1.36,59.63,2.53,15.5,168.01,201.2,65.86
Amritsar,29-09-2021,5,1388.55,0.09,27.76,14.66,4.17,96.14,115.96,11.4
Amritsar,30-09-2021,5,1361.85,0,27.08,35.05,7.03,101.71,120.57,12.03
Amritsar,01-10-2021,5,1401.9,0.01,26.05,25.39,5.78,136.1,157.76,12.41
Amritsar,02-10-2021,5,1428.6,0,21.42,71.53,9.06,154.71,170.84,11.4
Amritsar,03-10-2021,5,1976.01,0.66,55.52,4.34,16.69,151.18,178.53,87.14
Amritsar,04-10-2021,5,1295.09,0,21.94,38.98,7.15,101.76,115.9,9.25
Amritsar,05-10-2021,5,2323.15,1.23,38.39,2.66,9.78,147.67,181.56,23.05
Amritsar,06-10-2021,5,1895.9,0.05,52.09,15.38,10.25,155.54,204.97,35.47
Amritsar,07-10-2021,5,5180.36,38.89,93.22,0,7.09,260.72,315.38,27.11
Amritsar,08-10-2021,5,2136.23,0.43,37.01,7.33,6.74,170.65,215.19,14.19
Amritsar,09-10-2021,5,1789.09,0,28.1,37.19,7.03,198.54,238.97,11.78
Amritsar,10-10-2021,5,1415.25,0,19.71,49.35,5.96,169.43,213.35,11.02
Amritsar,11-10-2021,5,907.9,0,14.4,63.66,7.15,100.85,138.75,32.42
Amritsar,12-10-2021,5,1188.28,0.06,35.3,16.81,7.39,107.2,162.75,45.6
Amritsar,13-10-2021,5,2189.64,6.04,44.55,0.26,10.61,205.86,276.98,46.61
Amritsar,14-10-2021,5,1548.77,0.01,41.47,21.82,12.88,155.91,234.32,74.98
Amritsar,15-10-2021,5,3177.64,40.68,47.98,0,7.21,209.7,291.39,58.77
Amritsar,16-10-2021,5,6835.94,28.61,131.61,0.01,13.35,458.36,525.1,81.06
Amritsar,17-10-2021,5,2082.82,0.5,83.63,6.26,8.82,153.78,188.75,86.13
Amritsar,18-10-2021,4,500.68,0,10.03,80.11,7.75,41.96,46.97,14.82
Amritsar,19-10-2021,5,1655.58,14.31,31.53,0.01,4.41,90.29,123.82,18.24
Amritsar,20-10-2021,5,5500.79,43.81,94.59,0,6.8,255.01,295.57,41.54
Amritsar,21-10-2021,5,3097.53,0.1,61.01,13.05,19.55,305.36,349.93,69.92
Amritsar,22-10-2021,5,1789.09,2.68,47.3,1.33,5.25,161.89,216.42,45.09
Amritsar,23-10-2021,4,494,0,8.74,91.55,4.65,41.66,72.82,23.31
Amritsar,24-10-2021,5,600.82,0,7.2,115.87,11.09,64.88,66.48,3.58
Amritsar,25-10-2021,4,687.6,0,14.57,35.05,6.32,41.54,48.93,6.46
Amritsar,26-10-2021,5,1028.06,0,20.74,39.34,4.23,61.03,89.09,16.47
Amritsar,27-10-2021,5,2483.37,0,64.43,32.9,29.56,186.92,230.61,98.29
Amritsar,28-10-2021,5,1789.09,0.81,44.55,5.01,5.42,161.7,213.82,30.65
Amritsar,29-10-2021,5,2456.67,0.59,55.52,6.35,6.38,192,235.98,29.39
Amritsar,30-10-2021,5,1869.2,0,32.22,30.04,6.08,206.93,257.05,27.87
Amritsar,31-10-2021,5,1588.82,0.03,34.27,21.1,4.53,130.73,166.38,38
Amritsar,01-11-2021,5,2056.12,0,33.93,50.07,7.63,190.21,216.66,16.09
Amritsar,02-11-2021,5,1495.36,0,13.71,158.79,17.4,177.75,198.89,16.97
Amritsar,03-11-2021,2,380.52,0,6.34,118.73,8.58,13.85,16.02,4.94
Amritsar,04-11-2021,5,1201.63,0,24.33,39.7,4.59,87.21,116.89,33.94
Amritsar,05-11-2021,5,3204.35,0.39,102.82,9.21,49.59,277.75,330.83,208.74
Amritsar,06-11-2021,5,2429.96,0.19,54.84,11.62,11.8,214.25,262.19,39.01
Amritsar,07-11-2021,5,2056.12,0.01,47.3,21.28,4.41,161.45,213.17,32.93
Amritsar,08-11-2021,5,2723.69,0.01,47.98,23.6,9.42,277.3,321.39,35.46
Amritsar,09-11-2021,5,2670.29,11.18,47.98,0.09,6.08,227.97,291.83,38
Amritsar,10-11-2021,5,3471.37,0.04,44.55,18.24,5.3,463.98,518.28,13.55
Amritsar,11-11-2021,5,3578.19,4.64,56.89,0.76,7.99,443.03,496.17,25.08
Amritsar,12-11-2021,5,2696.99,0.61,59.63,6.62,6.26,324.91,392.48,43.06
Amritsar,13-11-2021,5,4539.49,41.57,69.92,0,7.45,378.69,462.71,52.18
Amritsar,14-11-2021,5,3391.27,5.14,63.06,0.65,4.95,393.64,449.75,48.13
Amritsar,15-11-2021,5,3177.64,0,54.15,28.97,8.34,403.5,445.94,28.12
Amritsar,16-11-2021,5,4058.84,40.68,50.72,0,5.3,405.96,508.29,47.62
Amritsar,17-11-2021,5,2696.99,0.91,51.41,5.72,7.21,283.82,340.23,44.58
Amritsar,18-11-2021,5,3471.37,0.01,71.97,25.75,28.37,443.8,508.5,121.59
Amritsar,19-11-2021,5,3524.78,5.09,74.03,0.83,17.88,393.18,452.28,60.8
Amritsar,20-11-2021,5,3898.62,47.39,50.04,0,6.62,404.15,489.45,60.29
Amritsar,21-11-2021,5,2403.26,8.61,43.53,0.34,6.79,301.58,359,53.2
Amritsar,22-11-2021,5,1815.8,0,27.76,64.37,4.53,186.29,219.73,24.07
Amritsar,23-11-2021,5,2056.12,0.63,55.52,6.44,4.17,182.93,244.33,32.93
Amritsar,24-11-2021,5,3952.03,0.05,82.94,17.7,14.31,508.09,563.85,38
Amritsar,25-11-2021,5,2056.12,0,28.45,85.12,12.76,336.56,360.13,20.77
Amritsar,26-11-2021,5,2803.8,0.05,51.41,18.78,14.66,464.92,519.57,37.49
Amritsar,27-11-2021,5,2910.61,0.01,47.3,27.18,7.63,416.52,454.32,12.16
Amritsar,28-11-2021,5,1869.2,0,27.08,54.36,5.96,319.46,344.71,8.61
Amritsar,29-11-2021,5,2243.04,1.05,54.84,4.69,15.74,226.86,263.9,73.97
Amritsar,30-11-2021,5,1482.01,0,16.79,71.53,5.84,143.96,177.29,21.79
Amritsar,01-12-2021,5,5714.42,45.15,97.33,0,20.27,462.61,547.21,92.21
Amritsar,02-12-2021,5,4058.84,0,95.96,26.11,54.84,480.71,541.76,166.18
Amritsar,03-12-2021,5,3311.16,12.74,100.08,0.05,22.65,439.96,504.8,172.26
Amritsar,04-12-2021,5,1869.2,4.69,31.19,0.78,3.81,197.27,246.1,16.47
Amritsar,05-12-2021,5,4859.92,24.59,82.25,0.02,12.52,476.8,525.09,32.17
Amritsar,06-12-2021,5,1108.17,0,19.36,40.05,4.53,158.23,171.12,12.79
Amritsar,07-12-2021,5,1535.42,0.03,28.79,23.25,4.35,119.06,159.6,18.75
Amritsar,08-12-2021,5,2376.56,13.63,37.01,0.07,4.65,251.04,316.26,27.36
Amritsar,09-12-2021,5,4913.33,63.48,61.01,0,7.87,411.56,478.55,51.17
Amritsar,10-12-2021,5,3471.37,18.78,47.98,0.04,6.38,434.52,543.01,40.53
Amritsar,11-12-2021,5,3952.03,26.15,54.84,0.01,6.62,465.77,557.4,55.73
Amritsar,12-12-2021,5,3391.27,0.01,43.18,28.97,6.62,537,590.36,36.98
Amritsar,13-12-2021,5,2777.1,0.17,50.72,13.05,8.94,391.71,430.09,41.54
Amritsar,14-12-2021,5,3685,0,95.96,50.07,87.74,431.94,480.99,312.09
Amritsar,15-12-2021,5,2670.29,10.39,80.88,0.23,31.95,334.04,391.42,198.6
Amritsar,16-12-2021,5,2429.96,23.02,41.13,0.01,7.21,284.32,360.68,59.78
Amritsar,17-12-2021,5,2803.8,7.6,51.41,1.11,7.87,284.83,351.54,9.63
Amritsar,18-12-2021,5,2162.93,0.01,54.15,25.03,3.37,155.97,199.91,8.99
Amritsar,19-12-2021,5,2777.1,9.16,50.72,0.27,4.05,282.77,351.98,29.39
Amritsar,20-12-2021,5,3257.75,2.01,72.66,2.55,7.21,402.42,452.57,44.58
Amritsar,21-12-2021,5,3284.45,0.63,93.22,7.06,47.68,423.66,478.58,184.42
Amritsar,22-12-2021,5,3685,24.14,81.57,0.01,17.17,466.82,528.9,50.16
Amritsar,23-12-2021,5,3311.16,25.48,46.61,0,7.27,499.74,555.74,28.63
Amritsar,24-12-2021,5,4165.65,12.41,91.85,0.16,31.47,516.31,571.84,98.29
Amritsar,25-12-2021,5,3364.56,19.45,78.14,0.05,29.8,325.84,375.86,106.39
Amritsar,26-12-2021,5,2643.59,1.51,56.89,4.02,4.23,363.27,397.5,11.91
Amritsar,27-12-2021,5,1014.71,0.07,23.99,15.74,3.93,78.66,90.87,6.97
Amritsar,28-12-2021,5,2269.74,12.74,39.41,0.09,7.09,418.21,494.62,34.96
Amritsar,29-12-2021,5,1789.09,0.47,35.64,8.31,2.86,153.3,206.04,9.75
Amritsar,30-12-2021,5,9078.98,209.21,77.46,0,3.99,639.03,712.62,18.24
Amritsar,31-12-2021,5,3364.56,19.22,52.78,0.02,4.47,435.57,508.04,19.51
Amritsar,01-01-2022,5,3364.56,37.1,43.87,0,4.59,417.4,492.17,28.12
Amritsar,02-01-2022,5,2670.29,0.02,32.22,32.19,3.31,385.8,438.05,10.77
Amritsar,03-01-2022,5,2456.67,7.15,41.47,0.53,2.29,224.54,279.5,14.69
Amritsar,04-01-2022,5,2082.82,0.01,32.9,39.34,5.72,244.45,286.4,22.8
Amritsar,05-01-2022,5,2243.04,4.14,30.5,0.45,5.66,241.19,269.64,11.78
Amritsar,06-01-2022,5,1148.22,0.75,27.08,5.32,5.36,68.81,79.63,8.87
Amritsar,07-01-2022,5,1708.98,5.87,31.87,3.93,5.48,152.82,170.99,10.01
Amritsar,08-01-2022,4,687.6,0,14.22,45.78,10.61,44.75,46.35,3.26
Amritsar,09-01-2022,5,1815.8,29.95,16.11,0,4.77,112.49,120.64,16.47
Amritsar,10-01-2022,5,5180.36,92.98,42.5,0,8.11,416.57,491.08,50.16
Amritsar,11-01-2022,5,2056.12,13.3,47.3,0.06,8.82,240.95,294.04,79.04
Amritsar,12-01-2022,5,3070.83,14.31,40.44,0.04,3.37,308.56,391.45,17.73
Amritsar,13-01-2022,5,2536.77,0.04,32.56,22.71,4.17,375.47,444.38,18.75
Amritsar,14-01-2022,5,2964.02,0.29,71.29,11.35,34.33,311.62,337.47,135.78
Amritsar,15-01-2022,5,3311.16,25.7,32.56,0.01,4.23,425,436.41,18.49
Amritsar,16-01-2022,5,2162.93,14.53,42.16,0.05,13.35,236.62,263.88,111.46
Amritsar,17-01-2022,5,3231.05,28.39,74.03,0,28.85,312.85,342,186.44
Amritsar,18-01-2022,5,3097.53,18.1,46.61,0.04,21.7,334.79,358.32,74.98
Amritsar,19-01-2022,5,4913.33,40.23,39.07,0,4.11,500.65,563.06,13.93
Amritsar,20-01-2022,5,2510.07,3.05,20.91,1.21,4.41,294.46,311,14.44
Amritsar,21-01-2022,5,2456.67,25.93,74.03,0,20.98,268.74,288.33,137.81
Amritsar,22-01-2022,5,1054.76,0,19.88,41.84,11.21,169.94,181.39,4.24
Amritsar,23-01-2022,5,667.57,0,5.48,71.53,5.13,59.61,60.06,2.34
Amritsar,24-01-2022,5,934.6,1.82,20.05,1.35,5.3,59.58,63.28,7.47
Amritsar,25-01-2022,5,3284.45,38.44,98.71,0,64.85,251.8,305.82,320.2
Amritsar,26-01-2022,5,4058.84,40.23,47.3,0,4.35,424.22,487.56,9.75
Amritsar,27-01-2022,5,6301.88,106.39,75.4,0,4.71,481.21,545.59,9.5
Amritsar,28-01-2022,5,4165.65,10.17,109.67,0.64,6.97,351.39,395.92,7.28
Amritsar,29-01-2022,5,3284.45,35.32,38.73,0,4.35,363.64,413.12,17.73
Amritsar,30-01-2022,5,3417.97,27.49,39.41,0.01,5.36,502.66,595.97,29.39
Amritsar,31-01-2022,5,6782.53,112.65,43.18,0,3.81,603.15,670.45,17.23
Amritsar,01-02-2022,5,2109.53,8.94,26.05,0.23,3.64,358.23,400.9,12.92
Amritsar,02-02-2022,5,2136.23,0.03,35.3,20.21,3.67,281.44,358.05,9.5
Amritsar,03-02-2022,5,714.3,0,9.51,104.43,6.68,52.14,55.73,6.59
Amritsar,04-02-2022,4,700.95,0,15.59,42.2,4.71,28.99,42.27,9.37
Amritsar,05-02-2022,5,2429.96,47.83,44.55,0,5.36,247.03,296.41,24.83
Amritsar,06-02-2022,5,2269.74,8.16,50.72,0.8,10.73,306.41,343.55,69.92
Amritsar,07-02-2022,5,1214.98,0,18.34,52.21,3.13,162.43,176.91,8.36
Amritsar,08-02-2022,5,1615.52,8.61,22.96,0.27,3.22,178.08,237.07,14.95
Amritsar,09-02-2022,5,2056.12,20.79,51.41,0.02,27.89,172.46,241.43,154.02
Amritsar,10-02-2022,5,2643.59,39.34,23.31,0,6.08,271.94,369.83,41.04
Amritsar,11-02-2022,5,1895.9,0,34.27,55.79,7.33,173.43,211.62,14.19
Amritsar,12-02-2022,5,2803.8,10.06,51.41,0.18,3.87,228.51,299.38,26.85
Amritsar,13-02-2022,5,2857.21,0.92,67.17,5.36,19.31,419.39,467.29,114.5
Amritsar,14-02-2022,5,1815.8,0.91,29.82,5.59,4.89,260.65,294.87,17.73
Amritsar,15-02-2022,5,2563.48,0,82.25,40.05,63.9,281.1,327.66,226.97
Amritsar,16-02-2022,5,2910.61,24.81,62.38,0.02,30.28,335.17,392.6,97.27
Amritsar,17-02-2022,5,1922.61,0.11,31.19,16.99,8.11,345.23,403.2,35.46
Amritsar,18-02-2022,5,1789.09,0.1,28.1,18.6,5.25,207.7,242.91,14.31
Amritsar,19-02-2022,5,1562.12,2.91,26.05,1.27,2.95,163.16,215.44,11.91
Amritsar,20-02-2022,5,2403.26,0,47.98,57.22,6.97,213.94,241.57,30.15
Amritsar,21-02-2022,5,1214.98,0.17,25.36,18.6,3.87,91.01,119.52,25.08
Amritsar,22-02-2022,5,2029.42,0,23.99,46.49,4.77,317.48,350.49,11.02
Amritsar,23-02-2022,5,720.98,0,4.93,158.79,34.81,151.16,156.17,7.73
Amritsar,24-02-2022,5,1241.68,0.59,22.62,7.42,6.02,71.47,93.63,12.54
Amritsar,25-02-2022,5,1108.17,0.01,16.79,35.41,5.54,100.6,110.05,7.16
Amritsar,26-02-2022,3,547.41,0,9.77,67.23,8.7,20.82,24.65,4.69
Amritsar,27-02-2022,5,988.01,0.64,19.71,5.9,4.35,52,65.97,10.77
Amritsar,28-02-2022,5,1121.52,0.01,18.16,28.61,2.98,82.54,114.3,11.53
Amritsar,01-03-2022,5,7583.62,106.39,81.57,0,6.68,626.08,689.5,14.57
Amritsar,02-03-2022,5,1495.36,1.27,30.16,4.74,6.44,109.06,143.17,27.36
Amritsar,03-03-2022,5,1241.68,0,21.25,62.94,5.84,101.11,115.6,17.23
Amritsar,04-03-2022,5,1762.39,20.34,13.02,0,5.66,115.03,128.46,20.77
Amritsar,05-03-2022,5,921.25,0,15.59,50.78,4.47,63.63,89.35,17.73
Amritsar,06-03-2022,5,1922.61,10.62,28.1,0.11,3.87,220.26,276.26,27.11
Amritsar,07-03-2022,5,1241.68,0,13.19,50.07,3.01,188.6,207.27,9.12
Amritsar,08-03-2022,4,834.47,0,15.59,39.7,3.67,31.9,52.04,27.36
Amritsar,09-03-2022,5,1428.6,0.95,22.96,4.47,3.16,130.45,183.22,16.72
Amritsar,10-03-2022,5,867.84,0,13.71,45.78,3.4,68.82,97.95,15.83
Amritsar,11-03-2022,5,2269.74,4.86,49.35,0.96,3.58,151.79,196.24,13.81
Amritsar,12-03-2022,5,2483.37,17.21,39.07,0.12,3.16,199.85,265,25.08
Amritsar,13-03-2022,5,2002.72,1.82,30.5,2.1,4.11,204.32,256.03,14.19
Amritsar,14-03-2022,5,2429.96,0,48.67,41.84,27.18,282.41,339.49,100.31
Amritsar,15-03-2022,5,2750.4,0,36.33,40.05,14.78,423.97,487.83,24.57
Amritsar,16-03-2022,5,1281.74,0,13.71,67.23,4.83,192.25,249.7,32.17
Amritsar,17-03-2022,5,1121.52,0,15.77,65.09,5.07,123.92,181.53,41.54
Amritsar,18-03-2022,5,1562.12,0,15.77,97.27,6.02,256.25,289.96,13.55
Amritsar,19-03-2022,5,1401.9,0,23.65,28.61,6.74,188.01,214.77,14.06
Amritsar,20-03-2022,5,1388.55,1.01,21.93,3.08,4.05,157.63,183.78,9.88
Amritsar,21-03-2022,5,1295.09,0.01,38.39,25.39,16.69,109.82,135.18,73.97
Amritsar,22-03-2022,5,1054.76,0,17.31,52.93,5.78,120.46,160.47,36.98
Amritsar,23-03-2022,5,3257.75,26.82,47.98,0,8.82,248.72,339.61,80.05
Amritsar,24-03-2022,5,640.87,0,9.25,97.27,6.85,69.12,87.37,26.09
Amritsar,25-03-2022,5,1869.2,2.85,57.58,1.04,10.73,149.19,212.05,103.35
Amritsar,26-03-2022,5,1134.87,0,25.7,64.37,9.18,98.07,134.15,36.48
Amritsar,27-03-2022,5,1588.82,0.8,38.39,4.78,4.77,135.01,186.73,56.74
Amritsar,28-03-2022,5,1041.41,0,12.34,115.87,8.82,154.1,182.62,23.05
Amritsar,29-03-2022,5,2189.64,0.61,42.84,5.54,8.7,233.53,304.01,32.93
Amritsar,30-03-2022,5,2403.26,0,63.06,34.69,26.7,232.74,334.04,90.18
Amritsar,31-03-2022,5,1508.71,0,22.96,107.29,14.07,208.87,273.32,43.06
Amritsar,01-04-2022,5,934.6,0,19.54,62.23,9.3,78.89,115.41,43.06
Amritsar,02-04-2022,5,2616.88,0,71.97,34.69,22.89,245.12,296.5,141.86
Amritsar,03-04-2022,5,841.14,0,12.17,91.55,10.01,80.91,95.49,30.15
Amritsar,04-04-2022,5,1335.14,0,24.68,35.05,5.78,120.54,150.95,39.52
Amritsar,05-04-2022,5,1789.09,1.98,62.38,1.26,23.37,120.46,191.27,135.78
Amritsar,06-04-2022,5,2296.45,0,67.17,64.37,40.53,219.08,267.25,218.87
Amritsar,07-04-2022,5,1869.2,0.16,58.95,10.55,13.23,126.69,174.34,62.32
Amritsar,08-04-2022,5,2029.42,0,47.98,25.03,21.22,187.12,245.72,57.25
Amritsar,09-04-2022,5,2323.15,0,36.33,68.66,16.69,297.42,338.44,64.85
Amritsar,10-04-2022,5,1428.6,0.03,31.19,16.63,10.37,116.97,145.1,44.08
Amritsar,11-04-2022,5,1949.31,0.11,39.41,8.14,10.97,141.89,188.46,43.06
Amritsar,12-04-2022,5,1214.98,0,20.73,80.82,10.85,125.27,159.4,37.49
Amritsar,13-04-2022,5,921.25,0,30.16,45.42,11.8,65.77,109.11,41.04
Amritsar,14-04-2022,5,921.25,0,22.62,52.21,13.23,74.25,102.6,34.45
Amritsar,15-04-2022,5,1134.87,0,25.36,44.7,10.61,79.98,109.93,40.02
Amritsar,16-04-2022,4,961.3,0,23.65,40.77,7.09,47.33,65.43,33.94
Amritsar,17-04-2022,5,1228.33,0,27.76,28.61,10.13,74.07,97.03,43.06
Amritsar,18-04-2022,5,1348.5,0,31.87,58.65,11.56,95.15,118.52,55.22
Amritsar,19-04-2022,5,1134.87,0,21.76,88.69,12.76,102.66,122.3,39.52
Amritsar,20-04-2022,5,841.14,0,16.62,60.8,9.06,58.68,91.1,37.49
Amritsar,21-04-2022,5,961.3,0,18.34,60.8,13.95,56.49,86.15,32.93
Amritsar,22-04-2022,4,540.73,0,9.68,92.98,10.37,31.37,47.65,21.28
Amritsar,23-04-2022,4,774.38,0,14.05,72.96,8.82,48.39,74.32,35.46
Amritsar,24-04-2022,4,894.55,0,22.96,33.97,7.27,38.99,63.17,40.02
Amritsar,25-04-2022,4,634.19,0,10.45,82.25,6.38,35.87,58.04,35.97
Amritsar,26-04-2022,5,1255.04,0,25.02,70.81,11.8,67.55,96.53,40.53
Amritsar,27-04-2022,5,1214.98,0,31.87,36.48,13.95,60.83,103.73,53.2
Amritsar,28-04-2022,5,1174.93,0,40.44,70.81,14.9,78.22,124.17,108.42
Amritsar,29-04-2022,5,1028.06,0,17.31,101.57,13.95,76.53,95.34,32.93
Amritsar,30-04-2022,5,654.22,0,12.17,97.27,8.58,54.95,81.76,33.94
Amritsar,01-05-2022,5,1241.68,0,16.11,104.43,10.61,78.56,98.78,37.49
Amritsar,02-05-2022,5,720.98,0,12,81.54,7.57,60.38,74.37,30.4
Amritsar,03-05-2022,5,667.57,0,10.71,98.71,10.49,54.49,65.48,26.85
Amritsar,04-05-2022,5,841.14,0,10.2,123.02,22.17,75.09,91.47,26.85
Amritsar,05-05-2022,5,1001.36,0,20.05,44.7,11.44,78.47,100.95,36.48
Amritsar,06-05-2022,5,1508.71,0,35.3,35.41,14.31,84.72,119.82,46.61
Amritsar,07-05-2022,5,1762.39,0,42.5,24.68,16.93,96.92,130.49,46.1
Amritsar,08-05-2022,5,1735.69,0,40.44,71.53,23.37,97.85,125.62,91.2
Amritsar,09-05-2022,5,1228.33,0,18.34,92.98,12.76,80.91,100.55,34.96
Amritsar,10-05-2022,5,2296.45,0,51.41,67.23,32.42,162.87,205.02,90.18
Amritsar,11-05-2022,5,1869.2,0,39.41,43.27,14.78,149.8,178.58,44.08
Amritsar,12-05-2022,5,1789.09,0,47.3,28.97,14.78,135.31,178.39,47.62
Amritsar,13-05-2022,5,1602.17,0.32,45.93,7.24,12.99,96.4,149.45,53.2
Amritsar,14-05-2022,5,774.38,0,14.91,73.67,10.73,65.38,103.79,33.44
Amritsar,15-05-2022,5,1588.82,0,43.18,23.6,15.26,88.47,116.13,46.61
Amritsar,16-05-2022,5,1428.6,0,33.24,33.62,16.69,109.71,174.33,60.29
Amritsar,17-05-2022,5,1134.87,0,35.99,41.13,13.47,120.02,312.7,48.13
Amritsar,18-05-2022,5,907.9,0,19.54,70.1,10.85,104.31,183.48,33.94
Amritsar,19-05-2022,5,1054.76,0,32.22,46.49,17.4,115.7,220.13,62.32
Amritsar,20-05-2022,5,821.11,0,18.85,73.67,13.83,75.49,142.43,32.42
Amritsar,21-05-2022,5,841.14,0,20.91,61.51,15.14,77.98,152.03,36.98
Amritsar,22-05-2022,5,961.3,0,22.96,49.35,13.11,93.37,171.49,43.57
Amritsar,23-05-2022,5,453.95,0,6,151.63,21.7,71.72,138.9,16.72
Amritsar,24-05-2022,4,527.38,0,6.08,131.61,10.61,41.44,43.55,4.43
Amritsar,25-05-2022,4,867.84,0,19.19,65.8,9.42,37.27,47.11,29.89
Amritsar,26-05-2022,5,934.6,0,21.76,48.64,8.11,52.41,68.33,38.5
Amritsar,27-05-2022,5,934.6,0,15.25,82.97,12.04,74.15,87.86,33.94
Amritsar,28-05-2022,5,881.2,0,12.51,103,12.16,97.97,126.94,33.94
Amritsar,29-05-2022,5,1815.8,0,36.33,47.21,19.31,148.1,214.5,55.22
Amritsar,30-05-2022,5,787.73,0,12.34,115.87,15.74,103.97,173.28,25.84
Amritsar,31-05-2022,5,907.9,0,14.74,85.83,12.16,128.61,214.33,32.93
Amritsar,01-06-2022,5,2056.12,0.01,65.12,16.63,37.19,126.97,202.04,131.73
Amritsar,02-06-2022,5,2349.85,0.91,56.21,3.17,22.89,184.14,292.62,57.25
Amritsar,03-06-2022,5,1281.74,0,36.33,25.39,15.97,70.94,117.85,46.61
Amritsar,04-06-2022,5,1588.82,0.01,48.67,19.49,16.45,90.61,121.19,54.21
Amritsar,05-06-2022,5,1949.31,0,63.75,18.42,30.99,130.57,185.41,143.89
Amritsar,06-06-2022,5,961.3,0,17.82,82.25,11.21,110.09,166.65,38
Amritsar,07-06-2022,5,881.2,0,18.34,79.39,11.44,92.58,173.82,40.02
Amritsar,08-06-2022,5,600.81,0,14.91,78.68,7.03,74.25,222.84,27.36
Amritsar,09-06-2022,5,1401.9,0.01,51.41,16.63,17.4,89.41,192.23,45.6
Amritsar,10-06-2022,5,2456.67,0.85,66.49,2.86,33.38,174.69,313.12,64.85
Amritsar,11-06-2022,5,4646.3,38,127.49,0,24.32,155.61,381.83,72.96
Amritsar,12-06-2022,5,1081.47,0,38.04,42.92,13.35,59.2,133.85,30.15
Amritsar,13-06-2022,5,1455.31,0,47.98,24.68,21.46,118.59,334.03,111.46
Amritsar,14-06-2022,5,554.08,0,12.51,85.83,9.89,57.95,135.17,22.04
Amritsar,15-06-2022,4,594.14,0,16.96,65.8,13.35,34.12,79.7,19.25
Amritsar,16-06-2022,4,767.71,0,21.93,74.39,17.64,44.76,82.65,32.17
Amritsar,17-06-2022,4,674.25,0,11.82,103,10.25,48.54,82.25,31.16
Amritsar,18-06-2022,5,1094.82,0,27.42,39.7,14.31,68.21,99.68,19.76
Amritsar,19-06-2022,4,881.2,0.17,28.1,10.55,5.25,31.42,46.06,23.31
Amritsar,20-06-2022,5,1482.01,0,27.08,35.41,6.74,170.15,196.59,56.24
Amritsar,21-06-2022,5,2349.85,10.06,54.84,0.04,17.88,147.65,191.71,78.02
Amritsar,22-06-2022,5,687.6,0,7.2,110.15,9.89,62.94,65.05,4.12
Amritsar,23-06-2022,4,614.17,0,9.25,86.55,6.44,45.37,58.11,16.47
Amritsar,24-06-2022,4,1455.31,0,46.61,44.35,7.03,49.74,71.15,30.65
Amritsar,25-06-2022,5,4432.68,3.91,128.87,0.36,6.44,103.06,138.73,40.53
Amritsar,26-06-2022,5,834.47,0,20.91,52.93,3.67,55.27,77.32,36.98
Amritsar,27-06-2022,5,1148.22,0,20.56,70.81,6.56,110.3,130.65,38.5
Amritsar,28-06-2022,5,907.9,0,14.22,80.82,5.48,72.57,87.34,32.93
Amritsar,29-06-2022,5,1201.63,0,25.36,63.66,9.54,117.01,147.61,43.06
Amritsar,30-06-2022,5,794.41,0,6,127.32,17.4,69.87,97.16,16.97
Amritsar,01-07-2022,2,700.95,0,7.97,64.37,5.48,16.47,17.62,4.24
Amritsar,02-07-2022,5,1308.44,0.53,33.59,5.23,4.35,63.56,81.52,19.25
Amritsar,03-07-2022,5,814.44,0,7.2,114.44,6.97,54.1,58.93,11.91
Amritsar,04-07-2022,4,1014.71,0,19.02,24.68,4.29,36.59,47.18,12.41
Amritsar,05-07-2022,5,1214.98,0,21.59,42.2,5.01,106.44,119.72,17.48
Amritsar,06-07-2022,5,801.09,0,14.22,60.08,4.41,54.94,63.09,16.72
Amritsar,07-07-2022,5,1174.93,0,18.68,56.51,7.45,72.64,85.91,12.92
Amritsar,08-07-2022,5,1014.71,0,14.57,80.11,5.78,70.88,79.49,13.81
Amritsar,09-07-2022,5,1108.17,0,16.96,62.94,5.25,78.65,88.67,10.01
Amritsar,10-07-2022,4,694.27,0,6,61.51,4.59,26.63,27.36,2.82
Amritsar,11-07-2022,5,1161.58,0,18.85,23.6,3.52,57.38,68.55,10.77
Amritsar,12-07-2022,5,1361.85,0,20.91,33.26,6.38,86.03,98.95,9.88
Amritsar,13-07-2022,5,1094.82,0,13.71,87.98,5.01,88.31,97.15,16.97
Amritsar,14-07-2022,5,1121.52,0,13.02,75.1,8.23,98.06,108.21,7.79
Amritsar,15-07-2022,5,1495.36,0,24.33,24.68,8.23,133.61,153.63,11.02
Amritsar,16-07-2022,3,741,0.06,17.65,14.13,3.64,22.49,37.85,12.54
Amritsar,17-07-2022,4,781.06,0,16.96,30.04,2.89,48.56,57.99,13.81
Amritsar,18-07-2022,5,1762.39,0.23,39.41,7.69,11.92,144.25,167.99,52.18
Amritsar,19-07-2022,5,1281.74,0,38.73,35.05,5.48,103.56,124.05,32.93
Amritsar,20-07-2022,5,988.01,0,15.77,78.68,5.19,104.81,115.53,14.57
Amritsar,22-07-2022,5,1041.41,0.02,14.22,20.03,6.62,58.32,63.35,6.46
Amritsar,23-07-2022,4,814.44,0.06,16.62,10.19,4.71,31.72,39.74,8.36
Amritsar,24-07-2022,5,974.66,0.01,19.02,23.25,5.54,50.79,62.89,11.78
Amritsar,25-07-2022,4,881.2,0,17.31,23.6,4.89,41,50.78,8.99
Amritsar,26-07-2022,4,1001.36,0.01,19.02,18.6,7.09,44.33,57.25,8.36
Amritsar,27-07-2022,4,687.6,0,9.68,71.53,7.15,49.88,56.69,9.37
Amritsar,28-07-2022,5,1081.47,0.02,19.02,15.91,6.26,55.49,67.13,10.26
Amritsar,29-07-2022,4,974.66,0.01,15.25,18.78,5.3,48.97,54.73,7.47
Amritsar,30-07-2022,4,620.84,0.07,16.96,8.94,6.74,30.51,34.36,7.03
Amritsar,31-07-2022,4,507.35,0,11.14,20.92,5.36,28.9,33.24,6.9
Amritsar,01-08-2022,2,520.71,0.03,11.31,12.16,3.67,13.51,16.61,7.79
Amritsar,02-08-2022,5,1121.52,0.28,25.7,6.26,4.11,57.55,76.32,11.15
Amritsar,03-08-2022,5,2243.04,0.16,56.21,18.6,10.73,91.01,102.15,7.22
Amritsar,04-08-2022,5,1308.44,0.02,28.1,19.31,5.01,121.42,143.67,13.17
Amritsar,05-08-2022,5,1108.17,0,10.88,49.35,5.25,107.71,114.72,7.79
Amritsar,06-08-2022,5,1495.36,0,18.68,23.96,6.08,108.29,122.72,8.04
Amritsar,07-08-2022,5,1615.52,0,30.16,40.41,4.83,133.76,148.08,27.87
Amritsar,08-08-2022,5,1201.63,0,11.65,27.18,5.54,50.19,55.66,7.85
Amritsar,09-08-2022,5,2162.93,0.01,71.29,18.6,19.79,179.03,210.23,127.67
Amritsar,10-08-2022,5,2056.12,8.38,39.41,0.07,6.5,135.69,166.89,33.94
Amritsar,11-08-2022,5,1255.04,0,15.25,72.96,5.3,137.05,149.97,13.3
Amritsar,12-08-2022,1,467.3,0.03,10.97,16.09,4.59,8.54,15,15.07
Amritsar,13-08-2022,5,1615.52,1.73,74.71,1.63,12.76,125.69,160.61,103.35
Amritsar,14-08-2022,5,867.84,0,14.05,46.49,3.99,110.7,122.59,12.29
Amritsar,15-08-2022,5,594.14,0,6.6,65.09,3.99,61.82,65.87,7.16
Amritsar,16-08-2022,5,1321.79,10.62,17.31,0.03,5.72,51.91,75.65,15.58
Amritsar,17-08-2022,5,867.84,0,15.42,45.78,5.13,70.43,83.23,9.12
Amritsar,18-08-2022,5,667.57,0,12.68,65.09,10.61,63.96,73.09,9.63
Amritsar,19-08-2022,5,700.95,0,19.54,41.48,3.55,60.13,72.57,10.13
Amritsar,20-08-2022,5,1949.31,12.29,45.24,0.01,6.32,55.44,84.36,25.08
Amritsar,21-08-2022,5,834.47,0,15.25,26.11,5.96,51.77,59.99,8.36
Amritsar,22-08-2022,5,867.84,0.24,18.68,8.14,2.92,54.74,67.5,11.53
Amritsar,23-08-2022,5,1508.71,0,27.42,37.55,9.06,138.61,160.2,17.48
Amritsar,24-08-2022,4,594.14,0,7.45,87.98,7.63,41.04,46.34,11.15
Amritsar,25-08-2022,4,600.81,0,7.03,90.12,7.27,42.99,45.35,4.69
Amritsar,26-08-2022,5,1121.52,0.01,22.96,26.82,7.03,110.85,127.28,15.33
Amritsar,27-08-2022,5,734.33,0,12.17,50.07,5.54,75.83,94.14,10.77
Amritsar,28-08-2022,5,867.84,0.02,21.25,18.6,4.41,57.5,77.04,13.05
Amritsar,29-08-2022,5,974.66,0,18.51,63.66,8.82,87.29,106.82,16.21
Amritsar,30-08-2022,5,947.95,0,16.62,22.35,4.71,77.79,94.39,10.13
Amritsar,31-08-2022,5,2269.74,0.02,75.4,16.81,27.89,219.66,253.6,127.67
Amritsar,01-09-2022,5,1615.52,0.5,33.24,10.46,6.32,153.63,177.45,12.79
Amritsar,02-09-2022,5,1575.47,0.02,28.45,17.7,7.99,185.49,218.87,16.47
Amritsar,03-09-2022,5,1348.5,0,19.88,55.79,6.79,138.11,162.28,9.5
Amritsar,04-09-2022,5,747.68,0,8.65,85.12,6.74,89.83,106.05,10.26
Amritsar,05-09-2022,4,720.98,0,12.51,54.36,7.09,44.64,58.23,15.58
Amritsar,06-09-2022,5,2162.93,1.22,44.55,2.91,8.23,175.28,217.82,20.77
Amritsar,07-09-2022,5,1548.77,8.05,31.87,0.1,7.57,116.87,161.9,46.1
Amritsar,08-09-2022,5,1949.31,0.68,65.8,4.78,20.5,132.34,166.48,92.21
Amritsar,09-09-2022,5,1388.55,0,25.7,39.34,8.7,129.13,148.93,18.24
Amritsar,10-09-2022,5,1495.36,0.01,28.1,20.21,7.09,131.18,152.9,12.03
Amritsar,11-09-2022,5,1842.5,0.22,39.41,8.23,12.52,175.08,203.34,54.21
Amritsar,12-09-2022,5,1535.42,0.38,27.76,6.79,5.6,113,135.31,14.06
Amritsar,13-09-2022,5,1842.5,4.58,32.9,0.4,8.82,115.77,154.09,35.46
Amritsar,14-09-2022,5,1655.58,9.83,30.16,0.04,6.56,127.91,173.26,41.04
Amritsar,15-09-2022,5,1949.31,0.06,45.93,14.31,10.25,122.03,156.36,34.96
Amritsar,16-09-2022,5,1428.6,0,20.73,55.79,7.33,140.95,164.5,21.28
Amritsar,17-09-2022,5,1401.9,0,21.76,47.92,9.06,133.14,158.27,16.97
Amritsar,18-09-2022,5,1188.28,0,17.82,42.92,6.14,108.49,133.74,13.17
Amritsar,19-09-2022,5,1668.93,0.83,32.56,3.93,5.01,144.98,181.16,19.51
Amritsar,20-09-2022,5,1308.44,0,21.93,47.92,7.33,127.59,156.87,23.81
Amritsar,21-09-2022,5,2429.96,2.68,50.04,1.33,7.99,173.23,209.83,23.05
Amritsar,22-09-2022,5,1588.82,0.19,32.22,10.46,8.7,98.42,122.72,21.79
Amritsar,23-09-2022,5,1001.36,0.06,24.33,17.88,3.52,63.97,78.69,13.3
Amritsar,24-09-2022,5,1161.58,0.95,31.87,3.49,4.47,57.09,77.18,15.96
Amritsar,25-09-2022,5,1575.47,0.01,28.45,20.92,11.21,95.14,108.74,16.47
Amritsar,26-09-2022,4,801.09,0,13.88,34.69,6.56,30.59,38.8,7.98
Amritsar,27-09-2022,5,2162.93,0.1,39.41,15.02,8.34,210.97,238.94,14.44
Amritsar,28-09-2022,5,1815.8,4.41,43.53,0.39,6.14,154.19,206.02,25.59
Amritsar,29-09-2022,5,2056.12,1.06,76.77,3.22,11.21,193.51,241.52,69.92
Amritsar,30-09-2022,5,2510.07,0.44,105.56,6.08,36.72,240.55,304.09,202.66
Amritsar,01-10-2022,5,1762.39,4.64,50.04,0.79,5.48,150.67,203.66,31.66
Amritsar,02-10-2022,5,1214.98,0,23.65,34.69,7.87,133.33,173.51,22.04
Amritsar,03-10-2022,5,2082.82,14.19,55.52,0.01,23.84,161.25,224.82,133.75
Amritsar,04-10-2022,5,3044.13,2.77,72.66,1.01,24.8,290.92,360.22,104.37
Amritsar,05-10-2022,5,1922.61,0.94,52.78,4.69,6.32,207.72,260.72,31.16
Amritsar,06-10-2022,5,2082.82,0,34.62,31.83,7.63,273.42,326.11,26.09
Amritsar,07-10-2022,5,1468.66,0,21.08,61.51,6.2,219.87,253.19,20.52
Amritsar,08-10-2022,5,894.55,0,12.17,72.96,4.77,112.69,131.83,13.05
Amritsar,09-10-2022,5,774.38,0,14.05,40.41,3.61,61.89,69.44,8.36
Amritsar,10-10-2022,5,654.22,0,9.42,74.39,2.98,72.77,81.35,13.68
Amritsar,11-10-2022,5,1068.12,0,18.85,43.27,5.72,65.54,78.87,8.23
Amritsar,12-10-2022,5,2216.34,0.49,58.95,7.15,25.99,166.48,199.76,93.22
Amritsar,13-10-2022,5,1842.5,1.42,40.44,2.5,2.68,151.02,179.37,11.27
Amritsar,14-10-2022,5,2002.72,15.87,34.62,0.04,5.07,180.33,244.92,50.66
Amritsar,15-10-2022,5,4913.33,80.47,63.06,0,7.75,290.49,393.73,63.84
Amritsar,16-10-2022,5,2162.93,1.51,63.75,2.12,9.42,219.35,278.58,73.97
Amritsar,17-10-2022,5,1655.58,0.62,56.21,5.45,8.11,144.42,197.81,65.86
Amritsar,18-10-2022,5,3124.24,1.33,86.37,3,15.5,302.56,374.57,59.28
Amritsar,19-10-2022,5,1214.98,0,22.62,60.8,8.94,144.13,178.65,31.66
Amritsar,20-10-2022,5,988.01,0,14.57,113.01,21.22,146.85,182.63,26.6
Amritsar,21-10-2022,4,654.22,0,16.11,60.08,10.73,40.24,51.91,29.39
Amritsar,22-10-2022,5,1054.76,0,19.02,53.64,6.2,92.65,126.15,31.66
Amritsar,23-10-2022,5,1842.5,0,42.16,40.05,17.17,175.81,215.18,92.21
Amritsar,24-10-2022,5,1762.39,0,43.18,25.39,10.85,176.25,218.26,100.31
Amritsar,25-10-2022,5,2750.4,5.09,79.51,0.38,13.35,223.55,274.54,68.9
Amritsar,26-10-2022,5,2990.72,0.16,73.34,11.27,13.23,301.54,352.55,43.06
Amritsar,27-10-2022,5,3952.03,0.04,91.85,16.63,42.44,400.49,468.08,141.86
Amritsar,28-10-2022,5,3417.97,2.65,63.75,2.1,7.87,367.57,428.89,17.48
Amritsar,29-10-2022,5,3685,2.96,101.45,1.48,40.53,339.54,419.51,160.1
Amritsar,30-10-2022,5,2510.07,0,33.59,39.7,5.84,292.24,334,12.67
Amritsar,31-10-2022,5,1668.93,0,21.08,72.24,6.38,209.83,241.59,12.03
Amritsar,01-11-2022,5,1482.01,0,17.48,97.27,9.42,180.44,211.89,17.99
Amritsar,02-11-2022,5,1482.01,0,28.1,32.54,6.44,150.21,180.01,10.89
Amritsar,03-11-2022,5,1682.28,0.08,42.84,18.95,6.38,123.7,179.1,34.96
Amritsar,04-11-2022,5,4008,1.85,87.75,3.94,16.94,387,453,34.96
Amritsar,05-11-2022,5,1764,0,29.19,69.5,5.67,241,273,12.29
Amritsar,06-11-2022,5,1214.98,0,11.48,111.58,12.87,218.84,243.82,12.29
Amritsar,07-11-2022,5,1308.44,2.04,38.04,2.06,6.85,81.16,117.9,56.74
Amritsar,08-11-2022,5,1108.17,0.01,19.54,26.82,3.22,95.48,125,7.28
Amritsar,09-11-2022,5,1869.2,0,30.16,42.56,5.84,189.94,217.22,7.16
Amritsar,10-11-2022,5,1094.82,0.21,29.13,11.18,5.78,54.46,72.42,8.99
Amritsar,11-11-2022,5,1335.14,0,22.28,43.99,4.29,97.8,131.65,20.52
Amritsar,12-11-2022,5,2323.15,14.98,40.44,0.08,4.11,176.78,245.57,20.01
Amritsar,13-11-2022,5,2723.69,0.09,52.09,14.66,11.68,262.61,306.76,52.18
Amritsar,14-11-2022,5,2109.53,0.06,41.13,19.31,4.77,224.83,251.57,20.52
Amritsar,15-11-2022,5,1642.23,9.72,40.44,0.12,7.87,83.13,116.73,28.37
Amritsar,16-11-2022,5,1508.71,0.04,30.5,18.95,3.76,96.11,142.14,11.65
Amritsar,17-11-2022,5,2510.07,17.66,46.61,0.02,13.47,198.31,259.98,59.28
Amritsar,18-11-2022,5,2670.29,14.08,43.53,0.04,4.05,182.18,268.97,28.12
Amritsar,19-11-2022,5,3017.43,1.29,50.04,4.29,14.07,344.41,411.17,67.89
Amritsar,20-11-2022,5,1455.31,0,17.14,52.21,2.38,196.95,226.53,9.12
Amritsar,21-11-2022,5,1255.04,0,23.31,33.26,2.89,90.98,125.01,15.45
Amritsar,22-11-2022,5,2429.96,10.95,37.7,0.09,4.59,223.63,308.16,29.13
Amritsar,23-11-2022,5,3311.16,28.39,47.3,0,5.54,270.36,362.8,42.56
Amritsar,24-11-2022,5,2857.21,17.88,42.5,0.02,4.11,258.5,336.5,43.57
Amritsar,25-11-2022,5,4005.43,0,83.63,30.76,56.27,484.78,546.54,231.03
Amritsar,26-11-2022,5,3044.13,0,44.55,33.62,10.97,465.15,519.63,49.65
Amritsar,27-11-2022,5,2964.02,0.06,54.84,16.81,18.6,339.51,383.17,84.1
Amritsar,28-11-2022,5,2883.91,0.05,51.41,17.88,13.23,377.17,424.78,62.32
Amritsar,29-11-2022,5,3471.37,0.12,56.89,13.95,15.74,490.81,550.71,61.81
Amritsar,30-11-2022,5,3177.64,0.14,43.87,14.13,5.96,456.61,519.89,19.51
Amritsar,01-12-2022,5,2883.91,13.08,46.61,0.19,6.26,331.1,390.48,16.72
Amritsar,02-12-2022,5,4539.49,7.1,119.27,0.51,61.99,484.47,556.19,253.32
Amritsar,03-12-2022,5,4112.24,1.1,53.47,4.34,5.3,606.15,659.07,16.97
Amritsar,04-12-2022,5,2243.04,1.23,37.36,3.62,4.83,365.3,427.25,36.98
Amritsar,05-12-2022,5,3124.24,7.04,60.32,0.4,3.01,341.84,414.73,22.55
Amritsar,06-12-2022,5,2456.67,3.21,46.61,1.92,6.74,336.05,400.38,28.88
Amritsar,07-12-2022,5,2590.18,0.37,62.38,8.31,3.99,235.11,308.94,15.96
Amritsar,08-12-2022,5,3685,34.42,50.04,0,4.11,329.31,439.93,29.89
Amritsar,09-12-2022,5,3471.37,0.68,66.49,7.06,26.7,472.77,535.77,100.31
Amritsar,11-12-2022,4,700.95,0,14.05,39.7,2.86,34.54,46.94,14.95
Amritsar,12-12-2022,5,1054.76,0,20.91,37.55,3.73,73.71,104.12,33.44
Amritsar,13-12-2022,5,1588.82,0,22.96,46.49,5.25,118.35,161.02,31.41
Amritsar,14-12-2022,4,720.98,0,12.68,70.1,7.21,38.84,60.62,20.27
Amritsar,15-12-2022,5,3177.64,35.32,48.67,0,11.32,276,358.02,49.65
Amritsar,16-12-2022,5,5821.23,82.25,64.43,0,5.9,471.16,589.79,55.73
Amritsar,17-12-2022,5,4165.65,12.18,82.25,0.15,41.01,511.91,586.07,182.39
Amritsar,18-12-2022,5,3257.75,0,43.87,31.11,9.54,538.72,585.76,34.96
Amritsar,19-12-2022,5,3017.43,0.32,53.47,9.66,12.52,481.26,527.25,64.34
Amritsar,20-12-2022,5,3097.53,0.02,46.61,24.32,12.28,516.02,595.18,35.97
Amritsar,21-12-2022,5,3204.35,17.88,43.87,0.05,4.35,542.55,620.44,15.71
Amritsar,22-12-2022,5,3391.27,28.61,37.7,0,3.19,505.15,572.96,9.12
Amritsar,23-12-2022,5,3685,0.34,57.58,10.37,17.17,513.74,531.06,57.76
Amritsar,24-12-2022,5,3337.86,7.82,65.12,0.59,20.27,403.11,428.26,63.84
Amritsar,25-12-2022,5,3364.56,4.92,54.84,0.73,2.65,366.51,429.15,11.65
Amritsar,26-12-2022,5,2349.85,0.04,25.7,25.75,3.4,304.99,329.36,6.52
Amritsar,27-12-2022,5,4219.06,36.66,56.89,0,3.04,444.02,541.64,15.33
Amritsar,28-12-2022,5,3685,11.73,72.66,0.04,4.17,336.72,399.47,15.45
Amritsar,29-12-2022,5,4913.33,24.59,84.31,0.02,27.18,563.01,638.04,94.23
Amritsar,30-12-2022,5,1535.42,0,22.28,28.97,5.3,186.73,198.22,5.45
Amritsar,31-12-2022,5,1108.17,0,19.19,33.97,2.8,82.64,116.73,6.4
Amritsar,01-01-2023,5,5554.2,67.95,85,0,3.4,368.13,420.99,9.37
Amritsar,02-01-2023,5,3364.56,14.08,51.41,0.03,6.02,388.92,455.28,39.52
Amritsar,03-01-2023,5,3257.75,9.95,46.61,0.47,7.15,392.34,416.82,22.04
Amritsar,04-01-2023,5,3311.16,0.43,44.55,9.57,3.25,427.3,503.14,15.07
Amritsar,05-01-2023,5,2857.21,5.36,41.13,0.86,4.59,433.35,504.33,20.52
Amritsar,06-01-2023,5,3952.03,1.82,58.26,3.98,6.2,569.86,619.36,15.07
Amritsar,07-01-2023,5,3417.97,23.02,62.38,0,19.79,443.18,465.33,101.33
Amritsar,08-01-2023,5,1815.8,1.33,40.78,3.58,9.3,210.38,245.45,92.21
Amritsar,09-01-2023,5,3231.05,29.5,27.42,0,3.04,370.07,439.57,23.31
Amritsar,10-01-2023,5,2964.02,35.32,22.62,0,2.68,329.05,340.44,8.74
Amritsar,11-01-2023,5,8438.11,121.59,60.32,0,3.87,816.91,904.11,15.96
Amritsar,12-01-2023,5,2082.82,0.09,27.08,14.13,5.78,237.62,248.58,6.71
Amritsar,13-01-2023,5,1108.17,0.02,27.08,29.68,10.85,106.71,117.98,7.35
Amritsar,14-01-2023,5,1922.61,19,26.39,0,11.56,166.41,186.28,54.72
Amritsar,15-01-2023,5,1735.69,0,38.04,44.7,4.05,118.82,152.21,30.15
Amritsar,16-01-2023,5,3631.59,15.42,93.22,0.02,4.17,253.49,302.56,17.73
Amritsar,17-01-2023,5,2536.77,0.01,61.69,26.82,4.65,202.98,250.22,20.01
Amritsar,18-01-2023,5,4913.33,55.43,63.75,0,4.77,516.74,606.64,49.14
Amritsar,19-01-2023,5,2964.02,0.02,50.72,23.25,4.77,361.02,432.82,29.89
Amritsar,20-01-2023,5,4539.49,48.73,71.97,0,6.38,350.29,411,30.4
Amritsar,21-01-2023,5,974.66,0.02,17.99,26.46,2.68,81.2,97.04,7.73
Amritsar,22-01-2023,5,1495.36,1.42,29.47,3.53,2.32,132.69,181.28,9.37
Amritsar,23-01-2023,5,1228.33,0,17.99,47.92,4.35,119.9,147.86,14.31
Amritsar,24-01-2023,4,787.73,0,15.08,57.94,3.55,51.86,70.65,11.27
Amritsar,25-01-2023,4,867.84,0.13,23.99,15.56,5.01,63.58,76.63,8.36
Amritsar,26-01-2023,4,1148.22,5.14,17.65,0.34,3.16,62.87,80.8,11.91
Amritsar,27-01-2023,5,2216.34,0,58.95,28.61,9.18,163.2,200.73,32.17
Amritsar,28-01-2023,5,2189.64,0.01,52.78,24.68,3.93,168.51,214.14,16.97
Amritsar,29-01-2023,5,2109.53,10.73,33.24,0.18,4.95,250.72,306.57,41.04
Amritsar,30-01-2023,5,1081.47,0,14.05,55.07,10.01,180.6,183.06,3.58
Amritsar,31-01-2023,3,600.81,0,15.77,38.98,6.14,26.21,34.01,5.7
Amritsar,01-02-2023,5,1108.17,0,17.82,50.07,4.95,86.55,115.51,8.61
Amritsar,02-02-2023,5,2243.04,1.73,45.93,3.17,2.8,181.96,245.47,12.92
Amritsar,03-02-2023,5,2002.72,7.6,31.53,0.39,2.77,194.97,268.67,16.72
Amritsar,04-02-2023,5,2109.53,4.36,32.9,0.61,5.01,273.67,342.6,32.17
Amritsar,05-02-2023,5,2269.74,0.05,43.53,19.67,3.07,226.11,271.76,19
Amritsar,06-02-2023,5,1321.79,0,11.82,101.57,7.45,181.11,202.55,9.5
Amritsar,07-02-2023,4,1014.71,0,20.91,33.26,4.41,59.39,82.36,13.43
Amritsar,08-02-2023,5,1762.39,5.31,39.76,0.86,7.63,172.45,232.24,53.7
Amritsar,09-02-2023,5,2670.29,2.21,41.47,2.86,7.75,429.3,496.23,27.87
Amritsar,10-02-2023,2,554.08,0,17.82,41.13,7.45,20.97,28.42,23.05
Amritsar,11-02-2023,3,600.81,0,14.22,48.64,5.72,33.52,47.15,6.4
Amritsar,12-02-2023,4,854.49,0.03,20.73,25.03,4.53,70.92,88.21,14.19
Amritsar,13-02-2023,3,714.3,0,10.71,89.41,7.51,46.34,62.44,27.87
Amritsar,14-02-2023,5,1482.01,8.27,37.36,0.15,7.21,148.29,206.53,53.2
Amritsar,15-02-2023,5,1789.09,0.63,38.39,8.31,7.27,224.04,288.25,60.8
Amritsar,16-02-2023,5,2349.85,2.43,48.67,1.65,6.56,296.34,371.75,54.72
Amritsar,17-02-2023,5,3524.78,0.03,73.34,18.95,29.33,526.72,594.15,114.5
Amritsar,18-02-2023,5,3417.97,0.56,85,7.69,39.1,553.01,627.57,147.94
Amritsar,19-02-2023,5,1869.2,0.86,21.59,5.28,3.16,425.41,472.75,12.67
Amritsar,20-02-2023,5,1375.2,0,15.25,86.55,6.14,282.25,333.16,14.57
Amritsar,21-02-2023,5,834.47,0,14.57,57.22,6.68,107.71,128.23,24.57
Amritsar,22-02-2023,5,1735.69,0.65,39.07,6.62,12.28,182.06,242.6,65.86
Amritsar,23-02-2023,5,1602.17,0.02,32.56,24.32,7.87,220.71,286.35,51.17
Amritsar,25-02-2023,5,2082.82,12.63,19.36,0.11,4.65,306.48,351.73,30.15
Amritsar,26-02-2023,5,2162.93,5.31,37.7,0.6,7.63,279.31,335.33,50.16
Amritsar,27-02-2023,4,1108.17,0.18,22.28,14.48,3.99,53.21,72.09,18.24
Amritsar,28-02-2023,5,1695.63,7.71,30.5,0.3,9.54,112.83,161.35,55.22
Amritsar,01-03-2023,4,1001.36,0.1,26.05,18.95,3.46,61.74,77.5,21.03
Amritsar,02-03-2023,4,1228.33,0.91,24.68,5.05,4.41,71.33,101.07,33.94
Amritsar,03-03-2023,3,894.55,0.03,16.62,23.96,3.99,41.83,59.47,11.27
Amritsar,04-03-2023,5,1482.01,0,31.53,31.11,4.89,91.91,124.14,39.01
Amritsar,05-03-2023,5,1214.98,2.96,15.42,1.22,3.49,149.62,181.13,13.17
Amritsar,06-03-2023,5,3204.35,18.1,56.21,0.03,5.36,249.66,300.51,52.69
Amritsar,07-03-2023,5,2483.37,13.52,43.87,0.04,9.3,216.83,274.25,51.68
Amritsar,08-03-2023,5,2056.12,0,50.04,34.69,13.83,165.09,200.57,43.57
Amritsar,09-03-2023,5,1228.33,0,21.59,35.76,5.72,135.91,157.54,34.45
Amritsar,10-03-2023,5,1976.01,0.03,34.96,20.21,12.64,289.8,347.03,40.53
Amritsar,11-03-2023,5,3524.78,12.74,69.92,0.16,10.97,285.32,341.68,40.53
Amritsar,12-03-2023,5,1842.5,0.64,31.87,5.9,7.45,201.39,231.08,40.53
Amritsar,13-03-2023,5,1735.69,0,24.33,34.33,6.44,230.04,262.3,13.81
Amritsar,14-03-2023,5,1588.82,5.09,48.67,0.35,15.14,106.77,147.82,86.13
Amritsar,15-03-2023,5,3685,3.63,98.71,0.92,15.74,241.08,284.75,46.1
Amritsar,16-03-2023,5,2456.67,8.61,37.36,0.34,8.46,232.61,276.75,30.15
Amritsar,17-03-2023,5,1922.61,13.52,21.42,0.02,6.08,143.5,186.8,18.75
Amritsar,18-03-2023,3,654.22,0,12.51,47.92,3.13,28.25,41.72,18.75
Amritsar,19-03-2023,5,1842.5,15.87,22.62,0.02,6.5,118.42,148.7,28.63
Amritsar,20-03-2023,5,1508.71,2.37,31.19,1.43,11.56,86.1,103.57,39.01
Amritsar,21-03-2023,5,1655.58,1.44,26.05,3.71,6.26,138.54,162.53,12.41
Amritsar,22-03-2023,5,1735.69,0,28.45,29.68,8.46,152.25,169.02,7.47
Amritsar,23-03-2023,5,1562.12,0.09,25.7,15.56,5.36,151.17,188.66,13.55
Amritsar,24-03-2023,5,2403.26,0.32,102.82,8.76,32.42,163.68,201.65,147.94
Amritsar,25-03-2023,3,794.41,0,12,52.21,4.95,35.2,40.32,5.7
Amritsar,26-03-2023,4,847.82,0.01,15.42,32.54,3.78,52.66,63.63,11.27
Amritsar,27-03-2023,5,2056.12,8.27,58.95,0.1,10.01,166.5,200.51,92.21
Amritsar,28-03-2023,5,1842.5,9.39,57.58,0.16,8.58,144.52,186.67,62.32
Amritsar,29-03-2023,5,2376.56,0.32,64.43,9.03,19.31,192.18,239.5,69.92
Amritsar,30-03-2023,5,2243.04,2.26,78.14,1.79,15.97,180.34,247.39,113.49
Amritsar,31-03-2023,4,1081.47,0,19.71,54.36,10.13,73.27,82.35,6.71
Amritsar,01-04-2023,3,714.3,0,12.85,52.21,7.99,49.93,55.72,5.89
Amritsar,02-04-2023,4,1041.41,0.01,16.45,23.96,4.95,58.99,66.57,9.25
Amritsar,03-04-2023,5,2082.82,0,49.35,20.92,24.08,173.5,202.05,111.46
Amritsar,04-04-2023,3,667.57,0,9.68,62.94,6.74,25.16,28.98,5.26
Amritsar,05-04-2023,4,1174.93,1.87,32.9,2.3,7.75,65.8,103.56,64.34
Amritsar,06-04-2023,5,1241.68,0.23,26.05,11.8,3.99,82.65,120.06,19.51
Amritsar,07-04-2023,4,961.3,0,15.94,57.22,5.07,55.31,79.08,34.45
Amritsar,08-04-2023,5,1869.2,0,47.98,25.75,5.01,101.91,138.03,42.56
Amritsar,09-04-2023,5,2696.99,0.57,55.52,5.01,7.87,194.16,235.55,62.82
Amritsar,10-04-2023,5,1508.71,0.04,39.76,14.84,10.01,135.69,183.35,108.42
Amritsar,11-04-2023,5,1348.5,0.54,36.67,6.44,5.72,84.15,126.61,51.17
Amritsar,12-04-2023,5,3791.81,5.7,108.3,1.2,14.42,242.72,305.07,68.9
Amritsar,13-04-2023,5,2403.26,3.27,60.32,1.48,10.01,152.57,209.19,48.64
Amritsar,14-04-2023,5,5554.2,20.34,127.49,0.01,16.69,284.58,355.3,64.85
Amritsar,15-04-2023,5,2510.07,0,95.96,20.74,38.15,183.95,261.01,158.07
Amritsar,16-04-2023,4,700.95,0,12.34,67.95,9.66,59.47,81.11,31.41
Amritsar,17-04-2023,5,1201.63,0,25.36,28.97,11.56,93.29,126.95,40.02
Amritsar,18-04-2023,5,2777.1,0.01,67.86,19.85,21.93,178.97,248.49,45.6
Amritsar,19-04-2023,5,1708.98,0,34.62,30.04,12.4,129.83,160.68,41.04
Amritsar,20-04-2023,3,787.73,0,18.51,33.26,8.58,36.59,48.35,10.77
Amritsar,21-04-2023,3,741,0,15.77,41.48,6.56,33.2,42.8,7.28
Amritsar,22-04-2023,3,767.71,0,15.77,56.51,5.66,34.82,50.57,30.91
Amritsar,23-04-2023,3,921.25,0,19.54,55.79,4.23,48.95,66.08,41.54
Amritsar,24-04-2023,4,1495.36,2.1,50.04,1.36,8.82,71.93,100.66,65.86
Amritsar,25-04-2023,5,1455.31,0,35.99,33.62,12.87,101.11,125.65,45.6
Amritsar,26-04-2023,5,1321.79,0,27.42,59.37,15.74,103.35,127.41,42.56
Amritsar,27-04-2023,4,921.25,0,17.99,70.81,12.99,72.23,84.39,31.92
Amritsar,28-04-2023,5,1295.09,0,29.82,57.22,10.13,76.9,95.41,37.49
Amritsar,29-04-2023,5,4753.11,31.74,105.56,0,18.6,215.82,257.33,52.69
Amritsar,30-04-2023,4,961.3,0,20.22,62.94,11.56,52.12,66.16,34.45
Amritsar,01-05-2023,3,834.47,0,16.11,50.07,4.89,31.88,44.76,33.44
Amritsar,02-05-2023,2,714.3,0,11.65,61.51,7.99,19.96,25.82,17.99
Amritsar,03-05-2023,3,947.95,0,19.54,36.12,10.97,44.6,55.24,13.3
Amritsar,04-05-2023,5,2563.48,10.39,54.15,0.05,20.98,147.57,181.63,79.04
Amritsar,05-05-2023,5,1842.5,0.01,37.36,21.1,7.51,103.5,128.54,42.05
Amritsar,06-05-2023,5,3791.81,9.28,97.33,0.05,10.13,170.98,220.93,65.86
Amritsar,07-05-2023,3,881.2,0,14.05,83.68,6.68,46.51,56.73,29.64
Amritsar,08-05-2023,2,507.35,0,8.65,84.4,7.57,20.39,31.48,19.76
Amritsar,09-05-2023,3,667.57,0,13.88,70.81,10.49,29.45,39.38,28.12
Amritsar,10-05-2023,3,794.41,0,18.51,55.07,7.57,30.11,51.03,36.48
Amritsar,11-05-2023,5,1762.39,0.01,71.29,22.35,30.28,87.72,124.28,156.04
Amritsar,12-05-2023,5,2670.29,0,47.98,38.62,14.54,183.88,218.11,56.74
Amritsar,13-05-2023,5,1335.14,0,28.79,62.23,10.37,89.76,111.74,43.57
Amritsar,14-05-2023,3,667.57,0,13.71,88.69,7.75,39.82,53.13,30.65
Amritsar,15-05-2023,4,961.3,0,21.59,62.23,9.78,52.25,74.68,35.97
Amritsar,16-05-2023,3,1028.06,0,25.7,48.64,15.14,44.26,68.52,40.53
Amritsar,17-05-2023,4,847.82,0,19.19,57.22,9.66,54.17,88.82,35.97
Amritsar,18-05-2023,3,774.38,0,18.85,62.23,10.61,34.82,60.84,33.44
Amritsar,19-05-2023,3,1108.17,0,30.85,29.68,8.34,49.82,78.29,46.1
Amritsar,20-05-2023,5,1895.9,0,70.6,31.47,34.81,92.83,140.74,141.86
Amritsar,21-05-2023,5,1348.5,0,30.85,43.63,12.76,82.76,108.1,44.08
Amritsar,22-05-2023,5,881.2,0,16.11,134.47,13.71,88.76,117.38,27.61
Amritsar,23-05-2023,4,1174.93,0.09,39.07,12.52,8.94,67.26,131.85,50.16
Amritsar,24-05-2023,3,620.84,0,14.91,59.37,16.21,40.21,59.43,23.31
Amritsar,25-05-2023,2,387.19,0,8.23,77.25,7.21,18.95,21.75,7.85
Bengaluru,30-11-2020,1,317.1,0.69,6.34,76.53,4.89,6.75,7.9,1.6
Bengaluru,01-12-2020,5,480.65,0,7.8,75.1,3.93,83.53,97.38,1.55
Bengaluru,02-12-2020,5,500.68,0,10.63,71.53,4.65,79.53,92.61,1.87
Bengaluru,03-12-2020,5,373.84,0,7.97,75.82,4.53,60.84,65.14,1.16
Bengaluru,04-12-2020,4,447.27,0,6,63.66,2.89,26.25,26.84,0.87
Bengaluru,05-12-2020,1,370.5,0,5.91,40.41,2.71,8.24,8.91,1.05
Bengaluru,06-12-2020,2,333.79,0,3.38,64.37,1.67,14.21,14.77,0.86
Bengaluru,07-12-2020,1,340.46,0.02,5.14,25.39,2.59,1.94,2.36,0.95
Bengaluru,08-12-2020,1,534.06,0,8.82,42.56,4.65,5.16,5.85,1.09
Bengaluru,09-12-2020,3,687.6,0.01,19.19,34.69,12.28,23.74,25.54,1.43
Bengaluru,10-12-2020,5,514.03,0,14.05,48.64,5.9,53.21,58.32,1.68
Bengaluru,11-12-2020,5,647.54,0.02,25.71,33.98,5.78,56.57,68.22,1.92
Bengaluru,12-12-2020,5,547.41,0,18.51,47.21,5.07,77.83,86.26,1.16
Bengaluru,13-12-2020,5,660.9,0.04,23.99,25.75,3.93,71.36,80.36,1.73
Bengaluru,14-12-2020,5,587.46,0.03,18.68,28.61,4.17,64.61,73.98,1.82
Bengaluru,15-12-2020,4,627.52,0.01,22.28,38.27,5.19,48.97,57.33,1.77
Bengaluru,16-12-2020,5,567.44,0,12.34,58.65,5.25,68.78,75.2,1.66
Bengaluru,17-12-2020,3,527.38,0,12,45.42,4.89,21.41,22.97,1.49
Bengaluru,18-12-2020,4,433.92,0,10.28,55.08,5.19,27.9,31.18,1.58
Bengaluru,19-12-2020,4,433.92,0,11.82,47.92,4.05,31,38.43,1.82
Bengaluru,20-12-2020,5,520.71,0,8.23,66.52,3.79,58.17,63.23,1.25
Bengaluru,21-12-2020,5,567.44,0,10.97,67.95,4.95,80.13,90.62,1.2
Bengaluru,22-12-2020,5,560.76,0,18.51,56.51,5.78,66.04,78.46,1.84
Bengaluru,23-12-2020,5,634.19,0.01,25.02,39.7,6.02,64.86,77.2,2.06
Bengaluru,24-12-2020,4,500.68,0,17.31,55.08,6.86,49.77,60.81,2.76
Bengaluru,25-12-2020,5,473.98,0,15.77,66.52,6.32,56.35,65.53,1.96
Bengaluru,26-12-2020,4,500.68,0,17.65,45.42,4.95,48.08,57.69,2.01
Bengaluru,27-12-2020,5,640.87,0,18.34,50.78,4.11,91.91,102.36,2.06
Bengaluru,28-12-2020,5,614.17,0,15.94,59.37,5.01,105.63,116.53,1.77
Bengaluru,29-12-2020,5,734.33,0,21.42,52.93,5.96,126.78,138.87,2.19
Bengaluru,30-12-2020,5,487.33,0,11.31,73.67,6.2,79.96,90.87,1.43
Bengaluru,31-12-2020,3,350.48,0,9.43,71.53,5.25,24.74,30.47,1.43
Bengaluru,01-01-2021,5,423.91,0,12.85,64.37,5.66,52.34,69.06,1.81
Bengaluru,02-01-2021,5,467.3,0,10.28,84.4,5.25,67.58,84.51,1.68
Bengaluru,03-01-2021,5,447.27,0,7.37,71.53,4.17,58.68,60.74,1.27
Bengaluru,04-01-2021,4,400.54,0,9.25,50.07,4.35,30.84,34.66,1.62
Bengaluru,05-01-2021,2,500.68,0,10.2,52.93,4.95,17.27,19.13,1.44
Bengaluru,06-01-2021,2,540.73,0.01,13.37,33.26,6.02,19.39,20.57,1.28
Bengaluru,07-01-2021,3,614.17,0.18,16.97,15.38,5.54,20.91,22.16,1.44
Bengaluru,08-01-2021,2,494,0.08,14.91,19.67,5.54,13.54,14.98,1.58
Bengaluru,09-01-2021,2,567.44,0.09,21.94,17.7,9.06,14.8,16.55,1.3
Bengaluru,10-01-2021,2,370.5,0.01,9.6,28.61,4.11,16.14,18.68,1.76
Bengaluru,11-01-2021,2,453.95,0.1,17.48,17.52,5.25,13.43,17.86,2.41
Bengaluru,12-01-2021,4,494,0.07,15.59,21.64,4.05,26.02,32.69,2
Bengaluru,13-01-2021,4,380.52,0.01,11.31,37.19,4.05,34.59,41.65,1.68
Bengaluru,14-01-2021,4,460.63,0,13.88,43.99,4.95,40.86,49.06,1.68
Bengaluru,15-01-2021,5,487.33,0,11.14,50.78,5.19,67.65,70.02,1.03
Bengaluru,16-01-2021,4,453.95,0,12.51,52.21,5.42,42.79,50.89,1.33
Bengaluru,17-01-2021,5,460.63,0,10.71,55.79,4.23,52.5,59.59,1.49
Bengaluru,18-01-2021,5,420.57,0,9.08,73.67,4.53,56.98,63,2.25
Bengaluru,19-01-2021,4,487.33,0,15.42,52.93,5.78,42.85,50.41,1.58
Bengaluru,20-01-2021,4,634.19,0.01,24.33,35.05,5.48,32.29,40,2.69
Bengaluru,21-01-2021,4,600.82,0,20.22,47.21,5.6,48.11,54.15,2.5
Bengaluru,22-01-2021,4,834.47,2.52,32.9,3.93,6.26,29.8,39.67,3.26
Bengaluru,23-01-2021,4,554.09,0,13.02,84.4,8.23,49.91,54.69,3.07
Bengaluru,24-01-2021,4,447.27,0,12.17,62.23,7.87,35.96,40.63,2.31
Bengaluru,25-01-2021,3,467.3,0,15.25,51.5,4.83,20.2,24.76,2.85
Bengaluru,26-01-2021,4,1001.36,1.41,43.87,7.51,5.84,37.51,47.8,3.23
Bengaluru,27-01-2021,4,487.33,0,15.25,68.67,6.02,30.98,36.64,5.19
Bengaluru,28-01-2021,5,580.79,0,17.14,50.07,11.09,84.25,89.28,0.74
Bengaluru,29-01-2021,4,473.98,0,11.48,88.69,8.46,44.4,53.12,1.77
Bengaluru,30-01-2021,5,487.33,0,12.34,81.54,6.32,55.39,64.49,1.76
Bengaluru,31-01-2021,5,453.95,0,7.54,107.29,7.15,89.21,99.73,1.77
Bengaluru,01-02-2021,5,433.92,0,7.11,105.86,7.33,83.44,94.02,1.92
Bengaluru,02-02-2021,4,420.57,0,10.8,58.65,5.31,32.52,39.57,2.76
Bengaluru,03-02-2021,5,607.49,0,9.77,85.83,5.78,77.49,84.6,1.82
Bengaluru,04-02-2021,4,400.54,0,12.51,78.68,7.63,37.85,48.82,5.32
Bengaluru,05-02-2021,5,473.98,0,12.34,87.98,8.82,63.46,78.65,4.75
Bengaluru,06-02-2021,5,494,0,16.11,77.25,7.99,55.79,67.04,6.65
Bengaluru,07-02-2021,5,433.92,0,11.31,82.25,6.38,52.8,60.85,5.76
Bengaluru,08-02-2021,5,473.98,0,11.48,88.69,7.57,74.61,83.38,5.45
Bengaluru,09-02-2021,4,480.65,0,12.34,81.54,7.99,37.34,46.36,5.13
Bengaluru,10-02-2021,5,580.79,0,16.28,95.84,9.78,58.32,71.83,7.16
Bengaluru,11-02-2021,5,614.17,0,19.19,92.98,10.01,67.68,77.44,6.78
Bengaluru,12-02-2021,5,494,0,14.74,103,12.99,60.79,70.29,5.38
Bengaluru,13-02-2021,5,487.33,0,13.88,98.71,12.4,54.75,64.3,4.56
Bengaluru,14-02-2021,3,407.22,0,12.68,77.25,5.54,20.77,26.54,6.84
Bengaluru,15-02-2021,4,467.3,0,14.05,82.25,7.33,32.04,38.39,7.28
Bengaluru,16-02-2021,4,480.65,0,14.05,92.98,12.04,43.07,49.87,5.95
Bengaluru,17-02-2021,4,554.09,0,18.34,62.94,8.11,35.58,43.12,8.74
Bengaluru,18-02-2021,5,480.65,0,9.17,117.3,6.91,82.68,92.61,3.45
Bengaluru,19-02-2021,5,594.14,0,15.08,141.62,20.5,110.24,122.37,2.41
Bengaluru,20-02-2021,4,410.56,0,10.54,65.8,5.01,27.37,29.01,1.47
Bengaluru,21-02-2021,4,487.33,0,11.48,52.21,4.71,29.6,31.15,1.69
Bengaluru,22-02-2021,2,560.76,0,15.25,48.64,8.7,12.08,13.36,1.5
Bengaluru,23-02-2021,2,607.49,0,16.79,44.7,6.08,16.66,20.33,2.06
Bengaluru,24-02-2021,4,614.17,0,14.22,79.39,7.75,31.25,37.51,5
Bengaluru,25-02-2021,5,647.54,0,19.54,77.96,8.11,56.37,63.29,6.97
Bengaluru,26-02-2021,5,881.2,0,34.27,52.21,12.28,86.51,96.75,10.26
Bengaluru,27-02-2021,5,1321.79,2.99,62.38,7.24,10.61,72.09,83.36,11.27
Bengaluru,28-02-2021,5,520.71,0,13.2,100.14,9.18,69.56,75.94,5.83
Bengaluru,01-03-2021,4,460.63,0,11.65,94.41,6.2,47.64,53.14,6.08
Bengaluru,02-03-2021,4,480.65,0,14.05,80.11,8.23,43.97,50.23,6.71
Bengaluru,03-03-2021,4,433.92,0,13.71,82.97,8.94,39.74,45.65,5.38
Bengaluru,04-03-2021,4,417.23,0,12.68,82.97,7.15,39.56,46.32,5.76
Bengaluru,05-03-2021,4,423.91,0,12.68,73.67,5.78,36.31,41.87,5.45
Bengaluru,06-03-2021,4,494,0,16.97,46.49,6.38,25.75,31.77,7.22
Bengaluru,07-03-2021,4,467.3,0,14.57,61.51,5.36,32.57,38.01,7.28
Bengaluru,08-03-2021,2,347.14,0,7.88,63.66,4.59,17.56,21.5,4.69
Bengaluru,09-03-2021,2,343.8,0,9.68,55.79,5.19,13.41,17.75,5.26
Bengaluru,10-03-2021,3,373.84,0,10.97,60.8,5.42,21.69,26.6,4.18
Bengaluru,11-03-2021,2,330.45,0,9.43,42.56,5.48,12.14,14.97,3.33
Bengaluru,12-03-2021,2,350.48,0,10.37,70.81,6.38,14.79,19.96,4.75
Bengaluru,13-03-2021,2,383.85,0,11.65,57.94,6.02,14.38,18.72,5.7
Bengaluru,14-03-2021,2,337.12,0,7.37,69.38,3.82,19.73,23.83,4.81
Bengaluru,15-03-2021,2,367.17,0,7.88,58.65,4.77,17.19,20.07,4.43
Bengaluru,16-03-2021,3,427.25,0,10.71,66.52,6.08,22.76,26.9,5.51
Bengaluru,17-03-2021,3,433.92,0,12.85,62.94,6.56,21.26,25.88,5.76
Bengaluru,18-03-2021,3,410.56,0,10.54,62.23,6.44,23.04,27.86,4.75
Bengaluru,19-03-2021,4,473.98,0,14.4,70.81,6.91,29.93,37.52,6.08
Bengaluru,20-03-2021,4,460.63,0,12.68,85.83,6.5,38.43,45.96,4.88
Bengaluru,21-03-2021,4,417.23,0,9,90.12,8.94,46.07,51.78,3.74
Bengaluru,22-03-2021,4,390.53,0,9.77,80.11,5.13,33.69,38.71,4.88
Bengaluru,23-03-2021,4,433.92,0,11.31,75.82,6.08,37.75,42.97,5.07
Bengaluru,24-03-2021,5,440.6,0,10.03,77.25,5.48,53.35,59.79,4.75
Bengaluru,25-03-2021,4,453.95,0,12,62.23,5.78,48.72,57.39,5
Bengaluru,26-03-2021,4,460.63,0,11.82,60.8,5.9,43.69,49.89,5.38
Bengaluru,27-03-2021,5,460.63,0,11.65,79.39,5.72,51.17,56.23,4.75
Bengaluru,28-03-2021,4,453.95,0,8.74,72.96,5.01,35.13,39.8,4.62
Bengaluru,29-03-2021,5,480.65,0,10.2,108.72,10.97,54.12,58.66,3.33
Bengaluru,30-03-2021,5,507.36,0,9.94,115.87,19.07,50.38,58.86,5
Bengaluru,31-03-2021,5,2189.64,51.41,59.63,0,18.84,81.68,111.52,17.99
Bengaluru,01-04-2021,5,854.49,0,33.59,57.22,10.85,76,102.39,10.51
Bengaluru,02-04-2021,4,520.71,0,17.99,66.52,6.08,37.31,51.39,9.12
Bengaluru,03-04-2021,5,2803.8,76,66.49,0,21.7,90.99,132.31,20.52
Bengaluru,04-04-2021,4,427.25,0,13.2,50.07,3.93,39.07,58.46,7.41
Bengaluru,05-04-2021,5,2162.93,25.26,83.63,0,17.64,110.52,154.77,17.73
Bengaluru,06-04-2021,4,567.44,0,17.99,76.53,8.7,42.39,55.3,6.65
Bengaluru,07-04-2021,4,527.38,0,14.91,77.96,7.87,29.37,40.58,5.7
Bengaluru,08-04-2021,4,467.3,0,12.85,77.25,8.7,27.4,41.31,5.95
Bengaluru,09-04-2021,4,460.63,0,14.4,94.41,12.28,30.89,43.04,5.32
Bengaluru,10-04-2021,4,447.27,0,12.85,115.87,11.21,35.6,44.13,5.7
Bengaluru,11-04-2021,2,377.18,0,7.8,70.81,5.42,15.77,19.81,4.05
Bengaluru,12-04-2021,2,367.17,0,8.74,53.64,5.36,12.86,15.36,3.39
Bengaluru,13-04-2021,2,440.6,0.04,20.74,21.82,12.88,17.43,20.36,2.47
Bengaluru,14-04-2021,2,487.33,0.02,23.31,28.97,17.17,18.94,20.98,1.76
Bengaluru,15-04-2021,2,694.28,0.59,32.22,9.3,11.68,19.25,23.04,2.44
Bengaluru,16-04-2021,4,1108.17,13.3,41.13,0.11,8.58,30.17,34.77,2.53
Bengaluru,17-04-2021,4,1455.31,2.32,73.34,8.85,9.89,49.39,58.8,6.33
Bengaluru,18-04-2021,4,767.71,0,26.73,54.36,7.39,49.12,55.54,7.47
Bengaluru,19-04-2021,4,660.9,0,16.62,41.49,5.36,29.65,33.73,5.13
Bengaluru,20-04-2021,4,707.63,0,24.68,47.21,7.99,42.59,50.14,8.49
Bengaluru,21-04-2021,4,1094.82,5.14,39.07,1.11,6.2,36.59,45.3,3.96
Bengaluru,22-04-2021,4,881.2,0.01,27.08,31.83,4.83,37.3,43.64,2.91
Bengaluru,23-04-2021,4,1161.58,0.04,40.1,25.03,9.18,45.56,50.94,4.05
Bengaluru,24-04-2021,5,2857.21,74.21,57.58,0,16.93,72.47,83.05,14.44
Bengaluru,25-04-2021,5,2563.48,47.39,54.84,0,8.23,66.89,77.72,4.88
Bengaluru,26-04-2021,4,814.44,0.03,29.82,23.96,7.39,28.46,35.48,7.92
Bengaluru,27-04-2021,5,1295.09,8.83,52.78,0.57,9.3,50.61,62.12,10.64
Bengaluru,28-04-2021,4,433.92,0,12.68,98.71,10.61,43.31,54.39,5.45
Bengaluru,29-04-2021,5,814.44,0.02,33.59,27.54,8.46,62.07,77.03,10.89
Bengaluru,30-04-2021,5,754.36,0,22.62,60.08,7.03,60.99,71.97,5.89
Bengaluru,01-05-2021,4,747.68,0,31.53,41.84,8.46,34.08,42.91,8.36
Bengaluru,02-05-2021,1,310.42,0,8.48,53.64,5.07,7.81,10.4,3.74
Bengaluru,03-05-2021,1,317.1,0,8.82,37.91,4.65,5.5,7.14,2.38
Bengaluru,04-05-2021,3,867.84,18.33,29.13,0,10.37,23.41,30.79,4.88
Bengaluru,05-05-2021,4,674.25,0.36,31.19,11.8,12.52,25.19,28.07,1.47
Bengaluru,06-05-2021,4,397.21,0,16.62,47.92,25.51,30.78,35.49,1.93
Bengaluru,07-05-2021,2,343.8,0,11.65,72.24,19.79,15.11,17.81,2.34
Bengaluru,08-05-2021,3,580.79,0,19.54,67.95,15.74,21,23.41,1.76
Bengaluru,09-05-2021,1,397.21,0,7.11,33.98,4.05,4.68,6.27,2.72
Bengaluru,10-05-2021,4,480.65,0,12.51,91.55,12.88,28.65,31.22,2.25
Bengaluru,11-05-2021,2,687.6,0,17.82,49.35,7.75,17.29,19.6,3.04
Bengaluru,12-05-2021,2,961.3,10.95,26.39,0.11,6.2,17.46,21.77,3.26
Bengaluru,13-05-2021,2,614.17,0.04,19.02,21.1,6.97,11.13,12.57,1.84
Bengaluru,14-05-2021,2,620.84,0,20.22,35.76,9.3,16.28,18.18,1.79
Bengaluru,15-05-2021,1,367.17,0.09,12,18.24,5.31,3.04,4.97,2.44
Bengaluru,16-05-2021,1,407.22,0.08,12.68,15.74,3.99,7.69,8.84,1.08
Bengaluru,17-05-2021,1,440.6,0.5,16.45,7.6,5.36,7.03,9.7,1.95
Bengaluru,18-05-2021,2,554.09,0.45,21.08,8.4,6.44,10.68,13.32,1.93
Bengaluru,19-05-2021,1,417.23,0.03,14.05,22.89,5.72,7.86,10.29,1.77
Bengaluru,20-05-2021,1,447.27,0.01,14.74,30.76,4.77,8.26,10.4,1.9
Bengaluru,21-05-2021,2,881.2,10.51,31.19,0.14,6.5,14.88,20.08,3.14
Bengaluru,22-05-2021,1,460.63,0.26,16.79,10.37,3.64,4.77,5.9,1.55
Bengaluru,23-05-2021,1,380.52,0.02,9.6,22.35,2.65,5.49,6.19,1.17
Bengaluru,24-05-2021,1,433.92,0.01,12.34,25.39,3.4,7.8,11.19,4.05
Bengaluru,25-05-2021,1,417.23,0.06,13.71,17.7,3.87,5.27,8.52,3.71
Bengaluru,26-05-2021,1,393.87,0.25,12.17,8.4,3.01,5.35,6.55,1.5
Bengaluru,27-05-2021,1,337.12,0,8.91,40.05,3.04,5.11,7.86,1.63
Bengaluru,28-05-2021,1,323.77,0.01,10.8,33.26,3.43,8.46,14.73,2.88
Bengaluru,29-05-2021,1,417.23,0.01,14.05,30.04,3.93,9.7,13.05,2.91
Bengaluru,30-05-2021,1,310.42,0.02,9.08,23.6,2.41,3.48,4.97,2.09
Bengaluru,31-05-2021,1,310.42,0.01,9,28.25,2.83,2.59,3.79,2.19
Bengaluru,01-06-2021,1,333.79,0.01,10.03,30.76,3.31,3.76,5.5,2.01
Bengaluru,02-06-2021,1,580.79,3.86,23.65,1.41,5.78,7.6,10.14,2.41
Bengaluru,03-06-2021,1,540.73,0.45,24.33,9.92,7.33,8.42,10.41,2.5
Bengaluru,04-06-2021,2,720.98,6.82,27.42,0.29,11.33,14.26,16.77,2.63
Bengaluru,05-06-2021,4,1869.2,64.37,25.36,0,9.06,35.34,42.22,5.64
Bengaluru,06-06-2021,1,433.92,0.45,15.08,7.42,3.93,5.38,6.53,1.66
Bengaluru,07-06-2021,1,420.57,0.31,16.97,10.19,3.82,5.03,7.51,2.41
Bengaluru,08-06-2021,1,380.52,0.01,14.05,33.26,4.59,7.6,11,6.14
Bengaluru,09-06-2021,1,337.12,0.01,11.48,29.68,3.79,5.62,7.95,2.95
Bengaluru,10-06-2021,1,313.76,0.03,11.14,23.6,3.37,4.87,6.45,1.63
Bengaluru,11-06-2021,1,330.45,0.2,12.34,12.16,3.64,3.14,5.18,2.69
Bengaluru,12-06-2021,1,287.06,0.14,9.68,14.13,2.74,2.49,3.81,2.06
Bengaluru,13-06-2021,1,230.31,0.01,5.18,28.61,1.58,1.58,2.23,1.27
Bengaluru,14-06-2021,1,247,0.01,5.91,25.75,1.85,2.38,2.83,0.95
Bengaluru,15-06-2021,1,270.37,0.04,8.05,21.28,2.41,2.67,3.28,1.03
Bengaluru,16-06-2021,1,267.03,0.08,8.48,17.88,2.74,2.12,3.24,1.71
Bengaluru,17-06-2021,1,270.37,0.05,8.31,19.67,2.56,1.94,2.82,1.49
Bengaluru,18-06-2021,1,270.37,0.07,7.63,18.24,2.47,1.95,2.92,1.76
Bengaluru,19-06-2021,1,290.39,0.11,9.68,15.56,2.86,3.84,5.53,1.88
Bengaluru,20-06-2021,1,273.71,0.05,8.4,19.31,2.53,4.29,5.76,2.09
Bengaluru,21-06-2021,1,307.08,0.01,9.34,27.9,3.22,4.76,6.52,2.15
Bengaluru,22-06-2021,1,367.17,0.02,13.2,27.54,4.35,5.33,8.34,3.74
Bengaluru,23-06-2021,1,460.63,1.16,20.22,4.43,4.83,6.77,11.35,3.61
Bengaluru,24-06-2021,1,343.8,0.09,12.34,15.02,4.17,4.03,6.35,4.81
Bengaluru,25-06-2021,1,307.08,0.03,9.77,22.17,3.55,3.29,5.24,3.8
Bengaluru,26-06-2021,1,347.14,0.08,12.68,16.45,3.76,4.04,6.51,4.5
Bengaluru,27-06-2021,1,290.39,0.09,9.08,13.41,2.5,2.69,3.46,1.41
Bengaluru,28-06-2021,1,377.18,0.17,13.71,14.13,3.7,4.43,6.76,2.57
Bengaluru,29-06-2021,1,473.98,0.13,19.19,15.74,4.71,7.5,10.85,2.5
Bengaluru,30-06-2021,3,714.3,0.07,31.19,21.64,8.46,21.4,27.03,4.5
Bengaluru,01-07-2021,2,614.17,0.54,28.1,9.39,6.74,10.58,14.5,3.71
Bengaluru,02-07-2021,1,400.54,0.08,15.59,18.06,3.99,6.34,7.54,1.47
Bengaluru,03-07-2021,2,707.63,10.28,23.65,0.21,4.71,10.83,16.38,2.95
Bengaluru,04-07-2021,1,433.92,0.37,16.79,9.74,4.89,5.84,7.38,2.03
Bengaluru,05-07-2021,1,473.98,2.54,17.82,1.81,4.47,6.37,8.45,2.15
Bengaluru,06-07-2021,1,413.9,0.24,15.59,14.84,4.17,5.61,7.35,1.62
Bengaluru,07-07-2021,4,1548.77,37.1,34.62,0,9.66,32.34,39.56,3.42
Bengaluru,08-07-2021,1,574.11,5.76,20.91,0.48,5.25,8.12,10.22,2.28
Bengaluru,09-07-2021,1,473.98,3.44,17.14,1.1,4.35,5.16,7.43,1.98
Bengaluru,10-07-2021,1,377.18,0.37,14.05,9.21,3.55,5.02,6.57,1.71
Bengaluru,11-07-2021,1,247,0.01,5.57,29.33,1.51,1.8,2.24,0.87
Bengaluru,12-07-2021,1,263.69,0.03,6.77,23.6,2.3,3.08,4.1,1.77
Bengaluru,13-07-2021,1,277.04,0.1,8.57,16.63,2.77,2.29,3.17,1.41
Bengaluru,14-07-2021,1,280.38,0.15,8.65,14.48,2.89,5.53,6.95,1.52
Bengaluru,15-07-2021,1,310.42,0.21,10.88,12.34,3.07,4.54,5.7,1.38
Bengaluru,16-07-2021,1,330.45,0.26,12.17,11.44,3.25,4.14,5.05,1.24
Bengaluru,17-07-2021,1,367.17,0.5,13.54,8.05,3.55,4.64,5.69,1.41
Bengaluru,18-07-2021,1,253.68,0.04,6.34,20.39,1.97,1.96,2.42,0.95
Bengaluru,19-07-2021,1,243.66,0.01,5.83,27.9,1.91,1.87,2.38,1.01
Bengaluru,20-07-2021,1,277.04,0.02,8.23,25.39,2.77,2.97,4.34,1.6
Bengaluru,21-07-2021,1,270.37,0.06,7.88,20.56,2.62,3.42,4.35,1.43
Bengaluru,22-07-2021,1,226.97,0.02,5.18,25.39,1.8,1.43,1.89,0.99
Bengaluru,23-07-2021,1,233.65,0.03,5.91,25.39,2,1.92,2.57,1.01
Bengaluru,24-07-2021,1,270.37,0.1,8.4,16.63,2.5,2.77,4.08,1.55
Bengaluru,25-07-2021,1,270.37,0.09,7.97,15.2,2.33,4.2,5.66,1.79
Bengaluru,26-07-2021,1,253.68,0.03,6.77,23.25,2.21,3.77,4.85,1.5
Bengaluru,27-07-2021,1,297.07,0.03,9.94,23.6,3.01,6.32,8.3,1.79
Bengaluru,28-07-2021,1,287.06,0.06,9.17,19.49,2.74,2.11,3.4,1.82
Bengaluru,29-07-2021,1,293.73,0.08,10.37,17.7,2.86,1.83,2.66,1.57
Bengaluru,30-07-2021,1,277.04,0.05,9,20.92,2.86,2.69,3.81,2.19
Bengaluru,31-07-2021,1,277.04,0.05,8.82,20.74,2.59,2.79,4.26,1.88
Bengaluru,01-08-2021,1,226.97,0.03,5.74,22.89,2.09,2.12,3.05,1.84
Bengaluru,02-08-2021,1,247,0.01,5.91,28.61,2.15,2.19,3.95,1.79
Bengaluru,03-08-2021,1,283.72,0.02,9.25,25.39,3.01,4.28,6.43,1.82
Bengaluru,04-08-2021,1,287.06,0.05,8.65,21.28,2.95,3.1,4.48,1.74
Bengaluru,05-08-2021,1,287.06,0.04,8.74,22.53,2.92,3.36,4.95,1.92
Bengaluru,06-08-2021,1,273.71,0.16,8.31,13.59,2.68,2.65,3.77,1.54
Bengaluru,07-08-2021,1,290.39,0.13,9.94,14.84,2.92,4.81,6.47,1.77
Bengaluru,08-08-2021,1,297.07,0.13,9.77,13.95,2.65,5.33,7.22,1.85
Bengaluru,09-08-2021,1,417.23,0.16,16.62,14.48,3.73,6.81,9.49,2.19
Bengaluru,10-08-2021,1,370.5,0.09,14.22,17.17,3.99,4.58,6.37,2.06
Bengaluru,11-08-2021,1,357.15,0.17,13.37,13.95,3.76,3.42,5.45,2.22
Bengaluru,12-08-2021,1,350.48,0.35,13.88,9.48,3.67,2.94,4.62,2.06
Bengaluru,13-08-2021,1,317.1,0.18,11.14,13.59,3.55,3.29,4.49,1.58
Bengaluru,14-08-2021,1,353.81,0.14,13.37,15.02,3.61,3.48,4.72,1.62
Bengaluru,15-08-2021,1,290.39,0.06,8.91,18.42,2.71,2.65,4.21,2.12
Bengaluru,16-08-2021,1,303.75,0.06,9.51,19.13,2.95,4.02,6.06,2.72
Bengaluru,17-08-2021,1,420.57,1.5,17.48,3.53,4.53,6.57,10.59,2.63
Bengaluru,18-08-2021,1,377.18,0.44,16.11,8.76,3.93,7.48,10.2,2.06
Bengaluru,19-08-2021,1,297.07,0.15,10.88,14.13,2.86,4.4,5.16,1.11
Bengaluru,20-08-2021,1,363.83,0.23,14.4,12.88,3.93,6.27,9.1,2.41
Bengaluru,21-08-2021,1,373.84,0.2,14.74,13.77,3.99,4.87,7.41,2.72
Bengaluru,22-08-2021,2,1001.36,25.03,21.76,0,5.13,17.91,23.15,3.07
Bengaluru,23-08-2021,5,1495.36,1.26,59.63,5.5,9.66,62.99,68.22,2.5
Bengaluru,24-08-2021,2,634.19,0.28,25.02,12.52,6.68,17.5,20.55,2.66
Bengaluru,25-08-2021,2,834.47,10.51,26.39,0.23,6.91,14.96,18.39,2.76
Bengaluru,26-08-2021,1,614.17,9.39,21.25,0.11,5.72,9.09,11.42,2.19
Bengaluru,27-08-2021,1,420.57,0.37,16.79,11.09,5.25,6.55,7.9,1.66
Bengaluru,28-08-2021,1,423.91,1.87,17.99,2.39,4.11,5.74,7.06,1.55
Bengaluru,29-08-2021,1,343.8,0.11,11.65,13.95,2.68,4.99,5.77,1.27
Bengaluru,30-08-2021,1,273.71,0.1,8.14,15.2,2.38,3.01,3.76,1.24
Bengaluru,31-08-2021,1,350.48,0.15,14.05,13.95,3.79,5.46,7.6,1.93
Bengaluru,01-09-2021,1,423.91,0.69,19.19,6.97,4.41,4.64,6.8,2.09
Bengaluru,02-09-2021,1,460.63,0.57,20.05,8.67,5.19,6.04,8.56,2.79
Bengaluru,03-09-2021,1,423.91,0.43,16.62,9.03,3.99,6.18,7.35,1.44
Bengaluru,04-09-2021,1,420.57,0.3,16.97,11,3.82,3.34,4.64,1.57
Bengaluru,05-09-2021,1,283.72,0.09,9.68,15.2,2.35,2.2,3.2,1.63
Bengaluru,06-09-2021,1,270.37,0.12,8.74,13.95,2.24,2.92,3.52,1.08
Bengaluru,07-09-2021,1,283.72,0.12,9.68,15.56,2.53,3.34,4.05,1.03
Bengaluru,08-09-2021,1,290.39,0.08,10.54,18.24,3.67,4.62,6.55,1.6
Bengaluru,09-09-2021,1,310.42,0.04,11.48,22.17,3.4,3.05,4.94,1.93
Bengaluru,10-09-2021,1,327.11,0.02,11.65,27.18,3.79,4.89,7.04,2.09
Bengaluru,11-09-2021,1,320.44,0.17,12.17,13.23,3.34,3.22,4.96,1.81
Bengaluru,12-09-2021,1,253.68,0.04,7.45,18.42,2.06,2.4,3.37,1.47
Bengaluru,13-09-2021,1,240.33,0.03,6.68,22.71,2.18,2.48,3.37,1.5
Bengaluru,14-09-2021,1,280.38,0.13,9.51,14.84,3.04,2.29,3.43,1.66
Bengaluru,15-09-2021,1,320.44,0.33,12.85,10.01,3.7,3.33,5.11,1.84
Bengaluru,16-09-2021,1,357.15,0.31,15.25,10.64,3.82,5.19,7.97,2.19
Bengaluru,17-09-2021,1,440.6,0.75,20.22,7.51,4.77,6.06,9.51,3.2
Bengaluru,18-09-2021,2,647.54,4.86,28.45,1.7,4.95,13.79,21.13,5.95
Bengaluru,19-09-2021,1,410.56,0.03,15.42,25.03,3.55,7.34,10.86,5.19
Bengaluru,20-09-2021,4,1495.36,37.55,41.81,0,11.8,30,34.48,2.5
Bengaluru,21-09-2021,3,934.6,6.54,38.04,0.73,8.35,23.2,29.37,2.95
Bengaluru,22-09-2021,1,400.54,0.09,15.25,18.06,4.53,5.59,7.86,2.5
Bengaluru,23-09-2021,1,337.12,0.3,12.17,11.36,4.17,3.12,4.86,2.53
Bengaluru,24-09-2021,1,347.14,0.42,12.68,9.03,4.05,4.52,6.21,1.93
Bengaluru,25-09-2021,1,487.33,0.38,20.22,10.91,5.25,7.76,9.54,1.77
Bengaluru,26-09-2021,1,367.17,0.11,12.17,16.45,3.37,4.64,5.71,1.57
Bengaluru,27-09-2021,1,323.77,0.1,10.45,15.2,3.22,2.4,3.5,2.28
Bengaluru,28-09-2021,1,307.08,0.19,10.8,12.88,3.07,2.09,3.34,1.76
Bengaluru,29-09-2021,1,347.14,0.41,13.02,8.85,3.73,3.43,5.39,2.22
Bengaluru,30-09-2021,1,587.46,5.36,23.31,0.87,4.95,8.93,13.12,2.66
Bengaluru,01-10-2021,2,894.55,13.75,27.08,0.16,5.48,18.64,23.62,2.44
Bengaluru,02-10-2021,5,1762.39,32.19,57.58,0,16.69,56.81,62.52,3.8
Bengaluru,03-10-2021,3,554.09,0.01,16.97,31.47,6.02,24.42,26.8,1.85
Bengaluru,04-10-2021,3,807.76,7.15,29.13,0.34,5.25,20.15,24.46,2.72
Bengaluru,05-10-2021,5,2937.32,121.59,20.05,0,8.94,67.65,78.03,6.08
Bengaluru,06-10-2021,2,727.65,14.31,21.25,0.02,9.06,16.7,20.23,2.57
Bengaluru,07-10-2021,3,707.63,0.59,28.79,8.49,9.78,20.78,24.19,2.15
Bengaluru,08-10-2021,2,988.01,8.49,34.62,1.88,7.15,18.09,20.94,2.22
Bengaluru,09-10-2021,1,500.68,0.21,18.85,13.05,3.99,9.59,10.95,1.47
Bengaluru,10-10-2021,1,360.49,0.43,11.48,7.69,3.01,3.33,5.31,2
Bengaluru,11-10-2021,1,467.3,0.79,15.77,6.35,3.99,6.67,8.3,1.92
Bengaluru,12-10-2021,1,547.41,1.17,20.39,4.92,5.01,7.22,9.09,1.92
Bengaluru,13-10-2021,1,473.98,1.34,17.31,3.98,4.59,8.02,9.44,1.6
Bengaluru,14-10-2021,4,1508.71,53.64,20.74,0,9.3,27.12,32.78,4.94
Bengaluru,15-10-2021,4,1695.63,59.9,18.85,0,7.39,33.75,41.58,4.12
Bengaluru,16-10-2021,4,1922.61,58.12,31.53,0,6.08,43.28,48.94,2.53
Bengaluru,17-10-2021,5,2109.53,30.85,51.41,0,9.89,73.41,79.17,4.02
Bengaluru,18-10-2021,1,587.46,0.02,12.85,24.32,3.13,7.83,9.44,2.06
Bengaluru,19-10-2021,2,881.2,1.03,31.87,7.33,5.13,17.12,22.79,2.95
Bengaluru,20-10-2021,5,1762.39,53.2,30.5,0,6.56,56.77,75.39,4.5
Bengaluru,21-10-2021,5,2109.53,50.96,46.61,0,16.21,64.19,74.38,11.27
Bengaluru,22-10-2021,3,974.66,2.26,34.96,4.92,7.57,20.18,24.03,2.53
Bengaluru,23-10-2021,4,1068.12,8.27,38.39,0.54,8.7,34.01,37.44,1.88
Bengaluru,24-10-2021,5,2990.72,103.71,42.16,0,11.33,67.04,74.26,8.74
Bengaluru,25-10-2021,4,2162.93,67.06,38.39,0,15.5,46.78,55.75,11.4
Bengaluru,26-10-2021,4,1602.17,28.16,38.39,0,7.99,31.97,42.82,4.88
Bengaluru,27-10-2021,4,734.33,0.01,28.79,34.33,8.35,36.24,43.14,2.82
Bengaluru,28-10-2021,5,894.55,0.1,39.07,22.71,7.03,77.13,89.75,2.82
Bengaluru,29-10-2021,5,473.98,0,14.4,74.39,8.82,97.6,106.68,1.28
Bengaluru,30-10-2021,2,821.11,5.48,20.05,0.43,5.66,13.15,16.04,2.38
Bengaluru,31-10-2021,1,540.73,1.98,17.31,2.35,4.41,8.09,10.97,2.34
Bengaluru,01-11-2021,1,507.35,0.21,12,12.7,3.99,5.83,7.3,1.77
Bengaluru,02-11-2021,1,574.11,0.23,14.22,11.98,5.66,6.35,7.76,1.6
Bengaluru,03-11-2021,1,440.6,0.52,17.48,7.69,7.27,7.46,8.75,1.23
Bengaluru,04-11-2021,2,560.76,5.87,19.71,0.39,7.63,10.47,12.66,1.95
Bengaluru,05-11-2021,2,834.47,13.52,23.99,0.01,15.26,17.13,20.34,2.79
Bengaluru,06-11-2021,2,727.65,1.58,23.31,3.58,6.56,18.49,21.02,1.93
Bengaluru,07-11-2021,2,680.92,0.14,25.7,17.17,6.32,17.88,19.79,2.09
Bengaluru,08-11-2021,5,554.08,0,8.31,80.11,4.47,79.32,80.56,0.82
Bengaluru,09-11-2021,4,614.17,0,14.57,54.36,5.84,36.06,39.08,1.61
Bengaluru,10-11-2021,5,574.11,0,12.85,82.25,7.75,103.86,109.68,0.76
Bengaluru,11-11-2021,5,567.44,0,10.37,91.55,4.29,118,121.67,0.65
Bengaluru,12-11-2021,5,560.76,0,7.2,83.68,4.29,73.93,74.39,0.74
Bengaluru,13-11-2021,5,1762.39,50.51,23.31,0,7.27,52.32,60.73,4.56
Bengaluru,14-11-2021,4,854.49,0.65,21.76,6.44,6.97,25.01,26.33,1.52
Bengaluru,15-11-2021,5,2616.88,76.89,39.41,0,14.66,62.26,67.67,8.36
Bengaluru,16-11-2021,3,1014.71,0.83,29.13,6.97,11.21,22.27,24.71,2.22
Bengaluru,17-11-2021,4,1054.76,7.82,29.82,0.17,16.45,27.63,30.48,2.22
Bengaluru,18-11-2021,2,827.79,1.87,33.59,2.7,14.66,17.07,19.35,2.06
Bengaluru,19-11-2021,2,520.71,0,8.14,38.62,3.01,15.16,15.61,0.85
Bengaluru,20-11-2021,3,767.71,0.54,22.96,6.62,5.54,22.95,24.64,1.73
Bengaluru,21-11-2021,1,587.46,0.08,17.65,18.6,5.13,9.33,10.89,1.76
Bengaluru,22-11-2021,4,1281.74,11.06,39.76,0.08,7.15,30.28,35.59,2.94
Bengaluru,23-11-2021,2,674.25,1.82,28.1,6.53,6.68,15.41,18.8,2.41
Bengaluru,24-11-2021,3,761.03,1.31,27.08,5.14,6.62,20.12,26.1,2.66
Bengaluru,25-11-2021,2,527.38,0.42,19.71,10.28,5.66,13.68,16.91,2.22
Bengaluru,26-11-2021,4,547.41,0,9.51,52.21,3.93,42.49,47.56,1.46
Bengaluru,27-11-2021,2,453.95,0,8.05,43.27,3.46,18.69,20.83,1.35
Bengaluru,28-11-2021,5,654.22,0,7.88,46.49,3.34,52.09,52.63,0.88
Bengaluru,29-11-2021,1,423.91,0.27,11.65,10.91,4.59,3.91,4.86,1.31
Bengaluru,30-11-2021,1,634.19,0.02,12.17,27.18,5.72,7.01,8.16,1.35
Bengaluru,01-12-2021,1,527.38,0,10.11,60.8,5.6,8.35,9.48,1.17
Bengaluru,02-12-2021,5,547.41,0,13.02,65.09,7.21,51.25,55.85,1.42
Bengaluru,03-12-2021,5,4592.9,168.09,70.6,0,21.7,120.6,143.05,15.07
Bengaluru,04-12-2021,5,3124.24,123.38,37.36,0,10.37,83.55,98.77,6.14
Bengaluru,05-12-2021,5,1548.77,12.52,45.93,0.26,6.14,51.86,55.82,2.56
Bengaluru,06-12-2021,5,1375.2,25.03,26.05,0,4.41,56.51,68.86,3.48
Bengaluru,07-12-2021,5,1214.98,12.96,37.36,0.12,6.08,74.94,87.61,3.17
Bengaluru,08-12-2021,5,580.79,0.03,20.39,26.11,5.13,51.52,58.39,2.75
Bengaluru,09-12-2021,4,654.22,0,14.57,42.92,5.07,34.98,39.07,1.98
Bengaluru,10-12-2021,4,554.08,0,14.74,62.94,10.85,34.57,37.39,1.2
Bengaluru,11-12-2021,2,433.92,0,12.68,41.13,4.83,13.02,15.86,1.69
Bengaluru,12-12-2021,1,367.16,0,7.03,43.27,3.34,8.33,9.61,1.31
Bengaluru,13-12-2021,1,390.53,0,7.88,41.48,3.61,8.9,11.41,1.52
Bengaluru,14-12-2021,2,540.73,0,11.31,47.92,5.01,13.73,15.3,1.54
Bengaluru,15-12-2021,1,527.38,0,10.97,65.09,5.19,9.91,12.4,1.73
Bengaluru,16-12-2021,4,534.06,0,14.05,46.49,4.95,37.12,41.26,1.87
Bengaluru,17-12-2021,5,801.09,0.02,29.13,30.76,5.6,80.13,89.94,2.6
Bengaluru,18-12-2021,5,694.27,0,19.54,57.94,5.3,142.23,152.65,1.35
Bengaluru,19-12-2021,5,547.41,0,12.34,97.27,7.27,157.47,165.61,0.29
Bengaluru,20-12-2021,5,480.65,0,14.22,55.79,4.65,60.2,71.04,1.87
Bengaluru,21-12-2021,5,741,0.02,28.79,32.9,5.6,74.8,90.57,2.31
Bengaluru,22-12-2021,5,1161.58,9.72,49.35,0.23,5.78,92.6,108.92,3.55
Bengaluru,23-12-2021,5,834.47,0.28,34.96,21.82,5.9,92.49,104.46,2.37
Bengaluru,24-12-2021,5,907.9,0.67,43.18,12.7,6.26,82.21,94.05,4.5
Bengaluru,25-12-2021,5,774.38,0,29.47,46.49,8.46,80.32,90.63,6.78
Bengaluru,26-12-2021,5,620.84,0,20.05,52.93,5.66,74.34,83.14,2.98
Bengaluru,27-12-2021,4,447.27,0,12.68,63.66,4.71,47.62,54.84,1.9
Bengaluru,28-12-2021,4,560.76,0,19.36,55.07,6.79,49.67,58.78,2.41
Bengaluru,29-12-2021,5,554.08,0,13.19,86.55,14.78,52.52,55.73,0.77
Bengaluru,30-12-2021,4,527.38,0,11.14,94.41,12.52,45.03,51.21,1.27
Bengaluru,31-12-2021,2,370.5,0,6.68,65.09,3.67,12.72,14.24,0.92
Bengaluru,01-01-2022,1,407.22,0,7.28,69.38,3.99,8.2,9.36,1.08
Bengaluru,02-01-2022,3,417.23,0,6.85,63.66,3.76,20.48,22.81,0.91
Bengaluru,03-01-2022,3,427.25,0,8.05,57.94,4.17,22.22,28.31,1.35
Bengaluru,04-01-2022,4,574.11,0,12.85,65.09,5.66,45.02,52.78,1.55
Bengaluru,05-01-2022,5,527.38,0,12.85,73.67,6.02,53.76,62.48,2.22
Bengaluru,06-01-2022,4,547.41,0,19.71,51.5,6.08,33.31,41.83,4.05
Bengaluru,07-01-2022,4,460.62,0,12,65.8,7.09,37.93,45.28,2.15
Bengaluru,08-01-2022,4,480.65,0,14.57,48.64,6.02,26.07,32.49,2.34
Bengaluru,09-01-2022,4,433.92,0,11.48,54.36,6.08,33.24,41.01,2.34
Bengaluru,10-01-2022,4,413.89,0,10.71,52.93,5.25,26.53,32.68,2.18
Bengaluru,11-01-2022,2,413.89,0,12.85,43.27,5.78,17.72,23.48,2.5
Bengaluru,12-01-2022,3,447.27,0,11.31,61.51,5.84,20.36,24.22,1.82
Bengaluru,13-01-2022,3,467.3,0,14.74,45.42,6.38,20.53,25.66,1.92
Bengaluru,14-01-2022,5,934.6,0.26,39.41,40.77,9.42,51.56,60.42,3.93
Bengaluru,15-01-2022,5,847.82,0.04,35.99,41.48,7.75,52.05,60.2,1.82
Bengaluru,16-01-2022,1,440.6,0,10.54,36.48,4.53,9.89,11.56,1.28
Bengaluru,17-01-2022,1,453.95,0,7.37,50.78,3.87,8,9.48,1.31
Bengaluru,18-01-2022,2,594.14,0,12.34,56.51,5.66,13.98,16.62,1.8
Bengaluru,19-01-2022,2,527.38,0,14.22,55.79,6.14,18.81,23.12,2.25
Bengaluru,20-01-2022,5,988.01,0.33,46.61,19.13,6.97,55.19,64.56,9.5
Bengaluru,21-01-2022,5,894.55,0.21,43.53,18.06,7.57,53.38,63.93,10.64
Bengaluru,22-01-2022,5,1188.28,12.41,45.24,0.26,9.3,52.17,65,12.16
Bengaluru,23-01-2022,5,2403.26,67.06,49.35,0,14.9,74.07,89.08,14.57
Bengaluru,24-01-2022,4,847.82,10.73,27.76,0.91,6.5,25.52,35.68,4.43
Bengaluru,25-01-2022,5,2296.45,39.79,83.63,0.01,12.99,71.61,85.97,11.53
Bengaluru,26-01-2022,3,507.35,0,13.37,52.21,6.32,23.1,27.7,2.91
Bengaluru,27-01-2022,4,447.27,0,15.42,57.94,13.59,40.83,48.44,2.06
Bengaluru,28-01-2022,2,390.53,0,11.31,46.49,5.48,14.23,16.47,1.55
Bengaluru,29-01-2022,4,520.71,0,11.14,62.23,4.95,41.46,45.88,1.92
Bengaluru,30-01-2022,5,560.76,0,10.11,77.96,5.54,60.68,65.21,1.5
Bengaluru,31-01-2022,4,494,0,13.37,50.78,5.48,35.33,41.7,2.18
Bengaluru,01-02-2022,4,554.08,0,14.39,59.37,6.38,43.8,51.61,4.75
Bengaluru,02-02-2022,4,634.19,0,21.76,52.21,8.34,49.81,58.66,6.59
Bengaluru,03-02-2022,5,574.11,0,19.02,62.94,8.46,52.62,61.21,7.35
Bengaluru,04-02-2022,5,947.95,0,48.67,57.22,16.93,92.19,103.78,8.36
Bengaluru,05-02-2022,4,1121.52,1.87,55.52,5.45,10.13,49.36,60.02,11.91
Bengaluru,06-02-2022,5,614.17,0,17.48,60.8,7.09,53.52,62.8,8.99
Bengaluru,07-02-2022,4,440.6,0,11.31,68.66,5.42,32.23,37.54,3.32
Bengaluru,08-02-2022,4,460.62,0,14.39,67.95,7.39,27.4,35.77,6.4
Bengaluru,09-02-2022,4,494,0,13.37,90.84,9.78,48.47,59.64,6.71
Bengaluru,10-02-2022,4,453.95,0,11.48,108.72,13.71,46.51,57.36,4.5
Bengaluru,11-02-2022,4,480.65,0,18.34,49.35,6.44,28.79,38.36,8.23
Bengaluru,12-02-2022,4,417.23,0,11.82,66.52,6.02,40.24,48.24,4.02
Bengaluru,13-02-2022,3,360.49,0,10.37,53.64,5.01,22.58,31.2,5.07
Bengaluru,14-02-2022,4,473.98,0,10.62,71.53,6.2,35.51,43.47,5.07
Bengaluru,15-02-2022,4,527.38,0,11.14,91.55,7.27,42.94,49.84,2.06
Bengaluru,16-02-2022,4,447.27,0,10.8,85.83,8.23,39.64,49.25,5.32
Bengaluru,17-02-2022,5,487.33,0,10.8,101.57,15.74,67.95,81.51,4.81
Bengaluru,18-02-2022,5,427.25,0,9.17,108.72,9.42,56.57,70.29,3.83
Bengaluru,19-02-2022,4,440.6,0,11.82,91.55,7.87,47.11,61.75,5
Bengaluru,20-02-2022,5,447.27,0,9.34,125.89,14.54,59.15,71.39,4.43
Bengaluru,21-02-2022,5,754.36,0.07,28.79,35.76,7.39,66.63,80.51,3.2
Bengaluru,22-02-2022,5,921.25,0,35.64,57.94,11.32,76.17,88.94,11.91
Bengaluru,23-02-2022,4,447.27,0,10.62,84.4,6.44,35.22,41.36,5.26
Bengaluru,24-02-2022,4,467.3,0,12,110.15,16.45,39.11,46.51,5.26
Bengaluru,25-02-2022,5,527.38,0,17.48,105.86,14.66,60.1,69.1,6.46
Bengaluru,26-02-2022,5,514.03,0,16.11,105.86,11.56,56.62,65.87,6.33
Bengaluru,27-02-2022,4,423.91,0,9.34,86.55,8.58,32.77,39.21,4.75
Bengaluru,28-02-2022,4,410.56,0,10.37,75.82,8.23,29.53,36.25,5.45
Bengaluru,01-03-2022,4,440.6,0,14.39,64.37,9.89,27.76,34.74,6.97
Bengaluru,02-03-2022,4,473.98,0,10.45,134.47,20.74,48.76,55.37,4.69
Bengaluru,03-03-2022,3,413.89,0,13.54,57.94,6.91,20.74,26.77,5.64
Bengaluru,04-03-2022,4,487.33,0,14.22,70.81,5.72,42.61,50.48,5.45
Bengaluru,05-03-2022,5,480.65,0,11.82,72.96,5.07,54.18,67,4.75
Bengaluru,06-03-2022,3,390.53,0,9.85,58.65,4.05,24.27,29.74,4.24
Bengaluru,07-03-2022,1,333.79,0,6,70.1,3.19,9.66,12.27,3.42
Bengaluru,08-03-2022,2,480.65,0,12.85,57.22,6.38,15.53,18.1,1.79
Bengaluru,09-03-2022,5,453.95,0,10.62,68.66,5.84,51.26,60.3,5.07
Bengaluru,10-03-2022,5,620.84,0,10.37,163.08,18.12,141.3,151.04,2.75
Bengaluru,11-03-2022,5,620.84,0,10.54,161.65,30.52,121.82,131.03,3.86
Bengaluru,12-03-2022,5,423.91,0,10.11,103,7.27,50.65,57,3.93
Bengaluru,13-03-2022,5,427.25,0,8.14,103,6.44,62.66,68.68,3.74
Bengaluru,14-03-2022,5,594.14,0,10.11,124.45,10.49,97.76,106.27,4.5
Bengaluru,15-03-2022,5,620.84,0,11.82,155.93,19.07,129.07,139.34,3.51
Bengaluru,16-03-2022,5,827.79,0,33.24,62.23,10.25,77.93,89.13,9.75
Bengaluru,17-03-2022,5,794.41,0,33.24,65.09,10.73,66.53,75.95,8.49
Bengaluru,18-03-2022,5,507.35,0,11.82,123.02,9.78,91.06,104.94,2.41
Bengaluru,19-03-2022,5,587.46,0,17.82,83.68,9.3,61.22,74.84,6.65
Bengaluru,20-03-2022,5,1201.63,0.96,56.89,8.4,9.06,50.12,59.86,9.75
Bengaluru,21-03-2022,4,674.25,0.01,22.96,28.61,4.83,34.09,41.51,9.5
Bengaluru,22-03-2022,5,2510.07,25.03,109.67,0,18.6,99.82,118.12,13.55
Bengaluru,23-03-2022,5,1441.96,10.95,52.78,0.29,9.89,63.5,75.81,11.27
Bengaluru,24-03-2022,5,1028.06,0,40.78,51.5,11.92,78.64,88.34,7.73
Bengaluru,25-03-2022,4,707.63,0,26.39,52.21,8.94,27.54,35.15,7.6
Bengaluru,26-03-2022,4,500.68,0,15.42,68.66,8.46,25.03,31.54,5.19
Bengaluru,27-03-2022,2,473.98,0,14.57,52.93,6.5,18,22.71,5.89
Bengaluru,28-03-2022,3,460.62,0,11.65,66.52,6.02,20.03,24.65,5.13
Bengaluru,29-03-2022,2,500.68,0,16.28,47.21,7.27,14.91,20.49,6.52
Bengaluru,30-03-2022,4,534.06,0,18.68,59.37,8.94,29.15,36.76,7.85
Bengaluru,31-03-2022,4,507.35,0,15.94,69.38,9.42,28.92,35.9,6.84
Bengaluru,01-04-2022,5,2483.37,41.13,91.85,0.01,17.17,86.14,107.21,16.09
Bengaluru,02-04-2022,3,560.76,0,21.93,55.07,8.58,21.6,29.04,7.47
Bengaluru,03-04-2022,3,413.89,0,11.65,70.1,6.85,20.16,25.67,6.02
Bengaluru,04-04-2022,3,370.5,0,10.37,74.39,10.13,22.61,27.34,4.37
Bengaluru,05-04-2022,4,420.57,0,12,82.25,13.83,32.32,37.16,4.56
Bengaluru,06-04-2022,4,440.6,0,14.91,67.95,15.26,30,35.1,4.56
Bengaluru,07-04-2022,2,520.71,0,18.85,52.21,7.75,14.39,19.79,6.9
Bengaluru,08-04-2022,4,460.62,0,12.34,97.27,9.06,28.98,34.17,4.94
Bengaluru,09-04-2022,2,520.71,0,18.68,60.8,10.73,16.23,19.95,3.77
Bengaluru,10-04-2022,2,417.23,0,9.08,73.67,6.62,18.67,21.19,3.04
Bengaluru,11-04-2022,4,480.65,0,10.37,85.83,9.06,25.47,28.88,3.7
Bengaluru,12-04-2022,1,540.73,0.54,17.48,7.33,8.46,8.07,10.31,2.31
Bengaluru,13-04-2022,1,574.11,0.23,17.99,12.34,7.87,9.24,12.57,2.41
Bengaluru,14-04-2022,4,587.46,0.72,32.22,6.79,12.52,27.39,31.1,1.79
Bengaluru,15-04-2022,3,707.63,0.01,26.05,28.61,9.89,21.1,25.75,2.22
Bengaluru,16-04-2022,5,1535.42,2.82,61.69,5.01,6.74,53.3,60.99,3.13
Bengaluru,17-04-2022,4,694.27,0,19.71,48.64,4.17,31.7,35.8,2.44
Bengaluru,18-04-2022,4,881.2,0.06,29.13,22.89,6.02,30.81,33.71,3.48
Bengaluru,19-04-2022,4,1214.98,5.42,45.93,1.17,8.23,36.3,42.81,3.86
Bengaluru,20-04-2022,5,2910.61,83.15,53.47,0,8.7,74.18,97.07,9.12
Bengaluru,21-04-2022,5,594.14,0,15.42,94.41,12.4,50.45,57.87,4.56
Bengaluru,22-04-2022,4,473.98,0,13.19,104.43,11.92,41.93,49.54,4.18
Bengaluru,23-04-2022,3,357.15,0,10.71,67.95,8.94,24.12,29.43,3.67
Bengaluru,24-04-2022,1,514.03,0.08,20.22,19.31,5.19,6.12,9.53,5.89
Bengaluru,25-04-2022,4,547.41,0,17.48,44.7,6.91,34.96,40.47,6.65
Bengaluru,26-04-2022,4,534.06,0,17.31,57.94,8.46,25.14,32,7.09
Bengaluru,27-04-2022,4,540.73,0,17.14,67.23,8.82,35.77,45.33,6.84
Bengaluru,28-04-2022,5,487.33,0,12,117.3,15.74,50.01,58.53,4.24
Bengaluru,29-04-2022,5,2483.37,50.96,77.46,0,16.45,83,102.67,14.44
Bengaluru,30-04-2022,5,1214.98,0.08,59.63,17.88,13.47,69.49,85.5,11.65
Bengaluru,01-05-2022,4,667.57,0,24.68,40.77,5.25,30.64,38.12,9.37
Bengaluru,02-05-2022,1,413.89,0,12.34,47.21,6.14,8.81,11.64,4.88
Bengaluru,03-05-2022,2,500.68,0,16.45,59.37,6.62,17.75,22.57,4.56
Bengaluru,04-05-2022,4,1081.47,0.88,46.61,8.14,6.91,45.33,54.74,3.89
Bengaluru,05-05-2022,5,1922.61,35.76,61.01,0,10.97,54.13,66.07,6.4
Bengaluru,06-05-2022,5,4646.3,126.96,101.45,0,23.37,132.27,148.93,10.51
Bengaluru,07-05-2022,4,921.25,1.26,37.36,9.03,4.65,31.24,38.14,2.41
Bengaluru,08-05-2022,4,720.98,0.01,24.68,32.54,4.17,37.32,46.53,3.2
Bengaluru,09-05-2022,4,814.44,0.01,27.76,34.33,5.07,41.87,57.95,3.04
Bengaluru,10-05-2022,2,370.5,0,11.65,29.68,4.05,13.2,16.51,3.04
Bengaluru,11-05-2022,2,407.22,0.02,15.25,26.11,4.23,16.9,19.21,1.88
Bengaluru,12-05-2022,2,270.37,0,5.91,51.5,2.41,11.27,11.76,1.01
Bengaluru,13-05-2022,1,297.07,0,8.31,32.54,2.65,3.26,4.11,1.23
Bengaluru,14-05-2022,1,377.18,0.02,13.02,23.25,3.7,7.42,8.29,1.27
Bengaluru,15-05-2022,1,367.16,0,10.37,32.9,2.92,5.6,6.95,1.41
Bengaluru,16-05-2022,1,534.06,0.37,19.19,10.73,3.76,8.01,10.46,2.31
Bengaluru,17-05-2022,2,567.44,0.82,25.02,6.71,8.82,12.36,14.4,2.15
Bengaluru,18-05-2022,3,907.9,2.12,34.62,3.53,6.5,21.24,24.79,2.6
Bengaluru,19-05-2022,1,427.25,0.03,14.39,23.96,6.32,5.73,7.39,1.69
Bengaluru,20-05-2022,2,297.07,0,9.51,40.05,3.93,12.45,14.18,1.87
Bengaluru,21-05-2022,1,373.84,0.17,13.71,12.34,3.28,2.74,4.28,2.06
Bengaluru,22-05-2022,1,317.1,0,7.54,38.27,2.5,8.07,9.53,1.79
Bengaluru,23-05-2022,1,297.07,0.07,9,15.74,2.41,1.98,3.29,1.58
Bengaluru,24-05-2022,1,440.6,0.05,15.77,20.92,4.29,8.74,12.13,2.25
Bengaluru,25-05-2022,1,587.46,1.82,26.39,5.45,4.59,9.65,14.12,2.88
Bengaluru,26-05-2022,4,1522.06,20.56,62.38,0.12,7.51,32.95,39.4,3.26
Bengaluru,27-05-2022,2,527.38,0,18.34,40.41,4.47,14.52,18.99,2.53
Bengaluru,28-05-2022,2,494,0.03,19.02,24.68,4.35,13.75,18.51,2.6
Bengaluru,29-05-2022,1,323.77,0.01,10.2,27.54,2.74,4.26,6.33,2.31
Bengaluru,30-05-2022,1,407.22,0.02,15.77,25.39,3.87,5.97,9.62,5
Bengaluru,31-05-2022,1,387.19,0.01,12.68,34.33,3.52,5.77,7.09,1.52
Bengaluru,01-06-2022,1,634.19,5.7,26.73,2.95,4.77,8.83,11.07,1.95
Bengaluru,02-06-2022,1,480.65,0.39,19.88,10.82,4.59,6.59,10.05,2.41
Bengaluru,03-06-2022,1,403.88,0.01,14.22,30.4,3.81,5.32,8.07,2.34
Bengaluru,04-06-2022,1,453.95,0.01,15.77,36.48,3.99,7.25,8.94,1.69
Bengaluru,05-06-2022,3,674.25,0.01,22.28,35.41,4.89,20.27,24.05,2.18
Bengaluru,06-06-2022,2,500.68,0,13.88,43.99,3.58,10.62,12.44,1.8
Bengaluru,07-06-2022,2,774.38,3.44,33.93,2.64,5.42,14.36,19.41,2.79
Bengaluru,08-06-2022,1,487.33,3.3,18.85,1.45,4.47,6.76,9.29,1.98
Bengaluru,09-06-2022,1,410.56,0.1,15.42,17.52,3.81,5.33,7.44,1.93
Bengaluru,10-06-2022,1,377.18,0.07,14.39,18.95,3.87,4.6,7.45,2.85
Bengaluru,11-06-2022,1,387.19,0.42,14.91,8.58,3.52,3.22,5.32,2.12
Bengaluru,12-06-2022,1,330.45,0.04,10.2,19.31,2.74,2.11,3.37,1.92
Bengaluru,13-06-2022,1,333.79,0.24,10.97,9.83,3.1,2.69,3.97,1.77
Bengaluru,14-06-2022,1,393.87,0.18,15.25,12.87,3.76,4.2,7.07,2.6
Bengaluru,15-06-2022,1,527.38,4.14,20.39,0.89,5.25,5.99,9.22,2.63
Bengaluru,16-06-2022,1,587.46,4.92,22.28,0.63,6.32,8.86,11.37,2.31
Bengaluru,17-06-2022,2,921.25,22.58,21.25,0,6.91,13.73,17.19,3.29
Bengaluru,18-06-2022,2,587.46,1.12,24.68,5.41,6.26,12.31,14.84,2.09
Bengaluru,19-06-2022,1,520.71,1.98,20.56,2.55,4.05,8.03,10.51,2.47
Bengaluru,20-06-2022,1,377.18,0.41,13.88,8.31,3.4,4,5.23,1.65
Bengaluru,21-06-2022,1,363.83,0.12,13.02,14.66,3.49,3.18,4.38,1.55
Bengaluru,22-06-2022,1,353.81,0.11,12.17,16.09,3.4,2.98,4.55,1.88
Bengaluru,23-06-2022,1,393.87,0.21,15.08,12.34,4.47,4.26,6.22,2.15
Bengaluru,24-06-2022,1,380.52,0.19,14.22,12.52,3.93,3.56,5.26,1.95
Bengaluru,25-06-2022,1,343.8,0.05,11.65,20.92,3.37,2.38,3.86,1.96
Bengaluru,26-06-2022,1,260.35,0.02,6.08,23.6,1.85,1.92,2.99,1.44
Bengaluru,27-06-2022,1,303.75,0.1,9.68,14.84,3.07,2.16,3.46,1.98
Bengaluru,28-06-2022,1,310.42,0.06,10.45,19.67,3.31,2.06,3.45,2.03
Bengaluru,29-06-2022,1,340.46,0.13,12.51,15.2,3.49,2.96,4.93,1.96
Bengaluru,30-06-2022,1,320.43,0.04,10.54,21.46,3.01,2.23,3.6,1.71
Bengaluru,01-07-2022,1,307.08,0.09,9.34,16.45,2.77,2.45,3.57,1.54
Bengaluru,02-07-2022,1,260.35,0.03,6.68,22.89,2.35,1.63,2.73,1.79
Bengaluru,03-07-2022,1,260.35,0.03,6.08,21.46,1.97,1.44,2.4,1.61
Bengaluru,04-07-2022,1,267.03,0.02,6.68,24.32,2.15,1.53,2.35,1.38
Bengaluru,05-07-2022,1,260.35,0.04,7.11,22.71,2.29,1.86,2.45,0.99
Bengaluru,06-07-2022,1,273.7,0.03,7.45,23.6,2.24,2.51,3.47,1.2
Bengaluru,07-07-2022,1,300.41,0.11,10.2,15.56,2.83,2.11,3.27,1.47
Bengaluru,08-07-2022,1,283.72,0.05,8.31,20.56,2.24,2.62,3.38,1.03
Bengaluru,09-07-2022,1,297.07,0.04,8.74,20.92,2.26,2.84,3.37,0.9
Bengaluru,10-07-2022,1,247,0.02,5.4,24.68,1.7,2.13,2.56,0.9
Bengaluru,11-07-2022,1,257.02,0.02,6.08,25.75,1.97,2.59,3.22,1.09
Bengaluru,12-07-2022,1,263.69,0.02,7.03,25.75,2.12,1.95,3.06,1.27
Bengaluru,13-07-2022,1,253.68,0.02,6.6,25.75,2.09,1.27,1.86,1.19
Bengaluru,14-07-2022,1,233.65,0.01,5.06,30.4,1.71,1.99,2.6,1.09
Bengaluru,15-07-2022,1,243.66,0.05,5.65,20.74,1.97,1.17,2.12,1.42
Bengaluru,16-07-2022,1,267.03,0.06,7.45,18.6,2.24,1.32,2.12,1.5
Bengaluru,17-07-2022,1,267.03,0.07,7.11,16.27,2.03,1.09,1.83,1.47
Bengaluru,18-07-2022,1,273.7,0.08,8.05,15.74,2.21,1.2,1.93,1.46
Bengaluru,19-07-2022,1,390.53,1.06,14.74,4.65,3.99,3.88,6.17,2.18
Bengaluru,20-07-2022,1,494,1.69,18.68,3.13,4.59,5.86,8.36,2.25
Bengaluru,22-07-2022,1,313.76,0.44,9.17,11.44,4.17,3.19,4.25,1.74
Bengaluru,23-07-2022,1,447.27,1.1,18.34,4.56,4.29,6.56,9.32,2.15
Bengaluru,24-07-2022,1,317.1,0.14,10.88,13.41,2.71,2.71,4.2,1.79
Bengaluru,25-07-2022,1,317.1,0.3,11.31,9.75,3.07,2.93,4.83,2.18
Bengaluru,26-07-2022,1,480.65,2.37,19.36,2.24,5.01,7.48,10.76,2.53
Bengaluru,27-07-2022,1,500.68,2.82,18.51,1.99,5.01,6.98,9.08,2.06
Bengaluru,28-07-2022,4,1081.47,0.94,50.04,9.57,9.66,38.64,43.14,3.1
Bengaluru,29-07-2022,4,1174.93,1.77,51.41,4.25,8.94,37.96,46.23,3.2
Bengaluru,30-07-2022,4,1789.09,44.26,47.3,0,11.09,40.43,47.13,6.52
Bengaluru,31-07-2022,3,1041.41,2.04,35.64,4.47,5.13,23.42,27.55,3.58
Bengaluru,01-08-2022,1,687.6,6.09,20.91,0.5,5.01,9.91,12.63,2.53
Bengaluru,02-08-2022,2,961.3,12.96,31.53,0.06,10.73,19.23,22.03,2.66
Bengaluru,03-08-2022,2,600.81,2.43,24.33,2.06,6.97,11.01,12.8,1.93
Bengaluru,04-08-2022,3,754.36,2.74,27.76,2.37,5.72,21.18,23.45,2.09
Bengaluru,05-08-2022,1,333.79,0.12,11.82,14.66,2.65,3.73,4.29,0.94
Bengaluru,06-08-2022,1,226.97,0.02,5.36,27.18,1.64,1.45,1.91,0.85
Bengaluru,07-08-2022,1,220.3,0.02,4.88,25.39,1.53,0.72,1.19,1.2
Bengaluru,08-08-2022,1,216.96,0.01,4.67,30.76,1.73,0.98,1.43,1.17
Bengaluru,09-08-2022,1,230.31,0.02,5.74,25.75,2.06,1.85,2.61,1.17
Bengaluru,10-08-2022,1,240.33,0.01,6.08,30.04,2.24,1.19,1.85,1.46
Bengaluru,11-08-2022,1,243.66,0.07,6.6,19.31,2.29,1.28,1.98,1.35
Bengaluru,12-08-2022,1,263.69,0.09,7.8,17.17,2.44,1.39,2.16,1.57
Bengaluru,13-08-2022,1,300.41,0.05,10.97,21.64,3.19,3.25,4.89,1.68
Bengaluru,14-08-2022,1,277.04,0.1,8.91,15.74,2.53,2.52,4.14,2.44
Bengaluru,15-08-2022,1,310.42,0.05,10.97,19.85,3.1,4.09,5.88,2.22
Bengaluru,16-08-2022,2,554.08,4.02,21.76,1.48,4.59,10.07,16.01,3.29
Bengaluru,17-08-2022,5,2616.88,88.51,39.41,0,8.11,54.55,66.31,4.81
Bengaluru,18-08-2022,1,534.06,5.25,20.22,3.4,4.35,8.23,12.31,3.99
Bengaluru,19-08-2022,1,507.35,5.03,18.34,0.47,5.42,6.46,8.77,2.37
Bengaluru,20-08-2022,1,310.42,0.16,9.42,13.59,3.07,2.36,3.97,2.66
Bengaluru,21-08-2022,1,290.39,0.21,9.34,10.37,2.62,1.57,2.56,2.18
Bengaluru,22-08-2022,1,297.07,0.25,9.6,9.57,2.62,1.79,2.82,1.77
Bengaluru,23-08-2022,1,320.43,0.38,11.82,8.49,3.37,2.42,3.92,1.93
Bengaluru,24-08-2022,1,343.8,0.24,12.68,11.27,3.25,2.69,3.85,1.65
Bengaluru,25-08-2022,1,360.49,0.47,13.19,8.85,3.61,3.45,4.67,1.57
Bengaluru,26-08-2022,1,377.18,0.2,13.02,13.59,4.83,5.13,6.16,1.55
Bengaluru,27-08-2022,1,427.25,1.09,15.08,5.5,4.29,6.29,7.49,1.55
Bengaluru,28-08-2022,1,413.89,0.75,12.51,6.35,3.52,4.37,5.44,1.65
Bengaluru,29-08-2022,3,1134.87,17.66,37.7,0.01,10.73,21.6,26.5,3.2
Bengaluru,30-08-2022,2,781.06,8.38,23.99,0.25,6.38,18.37,21.61,2.18
Bengaluru,31-08-2022,3,907.9,0.27,40.1,15.91,11.68,21.14,23.97,2.69
Bengaluru,01-09-2022,4,1361.85,29.06,30.5,0,7.75,34.04,43.06,3.39
Bengaluru,02-09-2022,4,1415.25,27.05,34.27,0,8.46,35.99,42.73,3.61
Bengaluru,03-09-2022,5,1001.36,0.05,39.07,26.46,9.18,63.88,69.15,2.03
Bengaluru,04-09-2022,5,1548.77,4.92,56.89,2.08,7.63,56.43,61.37,3.29
Bengaluru,05-09-2022,4,821.11,0,22.62,48.64,6.14,31.41,33.7,1.93
Bengaluru,06-09-2022,4,847.82,0.03,29.82,27.18,8.23,30.84,33.43,2.18
Bengaluru,07-09-2022,3,767.71,0.06,25.7,22.35,8.11,24.61,27.19,2.5
Bengaluru,08-09-2022,1,357.15,0.19,12.34,12.34,3.4,4.48,5.22,1.09
Bengaluru,09-09-2022,1,350.48,0.18,13.54,13.05,3.55,4.51,7.02,1.93
Bengaluru,10-09-2022,1,307.08,0.14,11.48,14.31,3.04,1.83,2.85,1.66
Bengaluru,11-09-2022,1,230.31,0.03,5.91,20.74,1.82,0.99,1.55,1.27
Bengaluru,12-09-2022,1,240.33,0.03,6.43,21.82,2.5,1.73,2.54,1.33
Bengaluru,13-09-2022,1,290.39,0.08,9.85,18.24,3.13,2.25,3.51,1.79
Bengaluru,14-09-2022,1,367.16,0.27,14.39,11.09,4.11,3.47,5.48,2.25
Bengaluru,15-09-2022,1,377.18,0.13,14.91,16.09,3.7,5.01,7.86,2.09
Bengaluru,16-09-2022,1,337.12,0.11,12.68,17.34,3.49,3.7,5.82,1.79
Bengaluru,17-09-2022,1,480.65,0.25,19.88,13.05,4.71,7.91,11.59,2.44
Bengaluru,18-09-2022,1,347.14,0.04,11.65,22.17,3.07,4.85,7.14,2.01
Bengaluru,19-09-2022,1,347.14,0.11,12.34,15.91,3.37,4.16,6.23,2.41
Bengaluru,20-09-2022,1,367.16,0.29,13.71,10.82,3.87,5.29,7.8,2.12
Bengaluru,21-09-2022,1,387.19,0.25,15.25,12.34,4.17,5.99,8.93,2.34
Bengaluru,22-09-2022,1,433.92,0.57,18.51,8.67,4.29,6.52,10.58,3.17
Bengaluru,23-09-2022,1,460.62,1.65,20.56,3.53,4.59,8.2,13.48,3.7
Bengaluru,24-09-2022,1,440.6,1.09,19.88,5.14,5.01,6.47,9.62,2.53
Bengaluru,25-09-2022,1,514.03,1.7,20.56,3.17,3.67,7.96,11.96,2.79
Bengaluru,26-09-2022,2,720.98,11.51,24.33,0.26,3.99,12.78,19.15,4.37
Bengaluru,27-09-2022,1,427.25,0.08,17.31,20.74,4.35,9.27,14.07,2.63
Bengaluru,28-09-2022,2,654.22,4.64,28.79,1.32,5.54,12.59,18.83,5.32
Bengaluru,29-09-2022,1,447.27,0.29,20.91,12.34,4.83,7.35,12.04,5.07
Bengaluru,30-09-2022,2,423.91,0.02,18.68,27.89,4.83,10.1,15.46,5.64
Bengaluru,01-10-2022,1,323.77,0.17,11.14,12.7,2.71,3.93,4.68,1.14
Bengaluru,02-10-2022,1,273.7,0.2,8.31,10.55,2.38,3.05,4.6,1.63
Bengaluru,03-10-2022,1,313.76,0.02,9.34,25.39,2.92,4.06,6.05,1.93
Bengaluru,04-10-2022,1,403.88,0,12.85,41.84,3.87,7.93,11.19,3.8
Bengaluru,05-10-2022,2,700.95,0.4,29.13,12.16,5.07,17.46,24.19,2.75
Bengaluru,06-10-2022,2,580.79,0.02,22.28,29.33,5.01,11.41,14.54,2.5
Bengaluru,07-10-2022,1,460.62,0.27,19.02,11.8,4.29,5.3,7.63,2.09
Bengaluru,08-10-2022,2,767.71,8.61,30.16,0.54,4.89,16.49,24.43,2.98
Bengaluru,09-10-2022,2,647.54,1.59,30.85,4.87,4.65,12.89,17.65,2.56
Bengaluru,10-10-2022,3,794.41,7.49,30.5,0.27,8.34,20.94,24.78,3.48
Bengaluru,11-10-2022,3,1094.82,20.34,28.79,0.01,9.42,24.19,29.74,2.72
Bengaluru,12-10-2022,5,1174.93,7.82,41.47,0.46,9.54,60.88,67.82,2.75
Bengaluru,13-10-2022,5,2483.37,59.9,60.32,0,13.95,68.54,73.92,5.51
Bengaluru,14-10-2022,4,1201.63,9.72,47.98,0.22,17.4,34.15,38.72,2.82
Bengaluru,15-10-2022,3,961.3,2.32,35.99,2.3,7.87,23.43,25.44,2.22
Bengaluru,16-10-2022,2,707.63,0.64,31.53,6.35,10.49,18,20.35,2.25
Bengaluru,17-10-2022,2,680.92,0.29,24.33,13.77,6.62,19.68,22.98,2.41
Bengaluru,18-10-2022,5,1895.9,30.4,43.18,0,11.92,61.93,70.13,4.24
Bengaluru,19-10-2022,4,1842.5,47.39,33.93,0,10.85,43.97,52.04,5.07
Bengaluru,20-10-2022,4,1522.06,32.63,37.7,0,11.56,32.74,37.33,2.91
Bengaluru,21-10-2022,4,1201.63,20.34,28.79,0,7.87,26.33,32.08,3.74
Bengaluru,22-10-2022,3,794.41,5.31,26.73,0.87,5.96,20.4,24.29,2.47
Bengaluru,23-10-2022,5,907.9,0,16.28,64.37,3.55,96.31,102.64,1.65
Bengaluru,24-10-2022,5,614.17,0,18.16,41.84,4.77,79.23,89.27,4.56
Bengaluru,25-10-2022,5,520.71,0,19.36,82.97,10.85,57.94,69.89,6.14
Bengaluru,26-10-2022,5,1228.33,7.49,56.21,1.56,7.03,91.12,112.99,4.62
Bengaluru,27-10-2022,5,854.49,0.17,39.76,21.1,6.5,65.95,80.35,9.25
Bengaluru,28-10-2022,4,634.19,0.01,24.33,32.19,5.13,45.8,53.25,2.47
Bengaluru,29-10-2022,4,453.95,0,13.88,42.56,4.77,26.24,28.66,1.77
Bengaluru,30-10-2022,2,397.21,0,9.34,49.35,4.05,16.27,17.65,1.39
Bengaluru,31-10-2022,4,680.92,0.01,23.65,35.76,5.3,48.12,52.81,1.95
Bengaluru,01-11-2022,5,720.98,0,27.42,50.07,6.5,132.56,145.4,3.99
Bengaluru,02-11-2022,4,554.08,0,10.37,62.23,5.19,32.3,33.8,1.41
Bengaluru,03-11-2022,2,427.25,0,10.97,38.27,4.11,14.31,16.25,1.79
Bengaluru,04-11-2022,2,528,0.1,15.94,19.19,5.14,10.03,12.56,1.79
Bengaluru,05-11-2022,1,404,0.04,14.06,23.62,5.61,7.05,8.91,1.84
Bengaluru,06-11-2022,2,473.98,0.05,13.54,22.53,4.59,15.43,17.87,1.84
Bengaluru,07-11-2022,5,507.35,0,14.91,55.07,5.96,52.99,61.67,2.06
Bengaluru,08-11-2022,5,600.81,0,20.91,43.27,6.32,63.51,74.64,2.25
Bengaluru,09-11-2022,4,514.03,0,16.79,39.34,5.66,40.52,47.25,1.92
Bengaluru,10-11-2022,4,580.79,0.01,22.96,33.97,6.08,42.25,51.27,3.1
Bengaluru,11-11-2022,2,417.23,0,7.71,70.81,3.87,18.24,19.82,1.25
Bengaluru,12-11-2022,4,350.48,0,5.23,78.68,3.52,25.25,26,0.74
Bengaluru,13-11-2022,1,417.23,0.01,6.51,30.76,2.83,3.31,4.27,1.22
Bengaluru,14-11-2022,1,480.65,0.02,10.2,27.18,4.65,4.86,5.89,1.36
Bengaluru,15-11-2022,3,660.9,0,17.48,51.5,6.79,21.9,24,1.9
Bengaluru,16-11-2022,4,767.71,0,21.93,42.56,6.91,48.67,53.35,2.22
Bengaluru,17-11-2022,5,1108.17,3.8,47.3,2.46,6.32,95.64,111.2,3.58
Bengaluru,18-11-2022,5,947.95,0.05,43.87,29.68,7.57,91.08,103.49,8.36
Bengaluru,19-11-2022,5,961.3,0.02,42.16,33.62,6.32,132.35,147.99,5.13
Bengaluru,20-11-2022,5,1054.76,0.08,45.24,23.96,5.72,145.74,161.15,4.81
Bengaluru,21-11-2022,5,680.92,0.01,27.08,39.7,4.05,108.66,119.51,7.41
Bengaluru,22-11-2022,4,560.76,0,18.16,48.64,5.25,33.49,37.36,2.88
Bengaluru,23-11-2022,2,534.06,0,13.54,48.64,5.19,15.08,16.76,1.61
Bengaluru,24-11-2022,3,934.6,11.29,33.59,0.08,14.66,20.68,24.53,2.6
Bengaluru,25-11-2022,3,774.38,0.02,19.02,30.76,6.97,20.29,22.45,1.68
Bengaluru,26-11-2022,2,640.87,0.01,17.14,36.84,6.08,12.72,14.99,1.63
Bengaluru,27-11-2022,3,540.73,0.41,19.36,12.87,5.07,21.09,25.61,2.09
Bengaluru,28-11-2022,3,694.27,0,13.88,53.64,5.72,23.45,26.93,2.03
Bengaluru,29-11-2022,4,761.03,0,21.25,47.21,7.99,39.49,45,2.63
Bengaluru,30-11-2022,5,647.54,0,23.99,40.77,7.39,73.67,82.45,3.99
Bengaluru,01-12-2022,5,821.11,0.17,35.99,20.03,5.9,83.43,93.94,2.5
Bengaluru,02-12-2022,4,714.3,0,14.22,64.37,6.91,33.91,36.31,1.77
Bengaluru,03-12-2022,2,614.17,0.02,15.77,27.18,5.72,18.35,21.18,1.87
Bengaluru,04-12-2022,2,534.06,0.01,10.8,31.47,4.11,11.41,13.26,1.58
Bengaluru,05-12-2022,3,480.65,0,9.42,66.52,4.83,24.11,27.98,1.46
Bengaluru,06-12-2022,5,660.9,0,13.88,63.66,6.5,74.87,80.97,1.41
Bengaluru,07-12-2022,5,894.55,0.09,33.93,21.82,5.36,93.19,105.03,4.05
Bengaluru,08-12-2022,5,1976.01,47.39,45.93,0,7.33,163.05,183,12.92
Bengaluru,09-12-2022,5,377.18,0,7.97,91.55,5.13,60.54,63.48,2.31
Bengaluru,11-12-2022,4,620.84,0.15,17.48,21.99,9.66,30.61,32.36,2.66
Bengaluru,12-12-2022,3,607.49,0.02,14.74,26.82,5.48,20.66,21.96,1.47
Bengaluru,13-12-2022,2,580.79,0.03,15.42,25.39,7.09,14.2,15.36,1.16
Bengaluru,14-12-2022,1,494,0,9.17,43.63,4.29,8.38,9.55,1.2
Bengaluru,15-12-2022,3,587.46,0.04,20.39,26.46,7.87,20.61,24,1.54
Bengaluru,16-12-2022,4,660.9,0.1,28.79,22.53,4.35,35.08,42.65,2.37
Bengaluru,17-12-2022,4,787.73,0.75,38.73,10.28,5.19,46.66,55.44,4.43
Bengaluru,18-12-2022,5,634.19,0,16.79,47.21,4.05,75.25,81.5,1.66
Bengaluru,19-12-2022,4,467.3,0,7.37,86.55,4.89,37.86,40.02,1.16
Bengaluru,20-12-2022,4,507.35,0,15.25,57.22,4.95,46.84,57.8,1.85
Bengaluru,21-12-2022,5,554.08,0.01,20.91,35.76,4.41,59.49,69.9,2.06
Bengaluru,22-12-2022,5,607.49,0.02,24.68,33.97,3.78,58.3,67.63,2.5
Bengaluru,23-12-2022,5,741,0.03,28.1,30.4,3.81,64.81,75.31,2.01
Bengaluru,24-12-2022,5,694.27,0,22.28,64.37,4.41,147.2,159.95,1.54
Bengaluru,25-12-2022,5,540.73,0,12.51,51.5,3.52,90.08,100.68,1.38
Bengaluru,26-12-2022,1,460.62,0.01,11.82,36.84,7.63,8.1,9.69,1.82
Bengaluru,27-12-2022,1,473.98,0.01,11.65,32.54,5.42,6.84,8.4,1.38
Bengaluru,28-12-2022,3,640.87,0.02,21.08,29.68,8.94,35.98,39.51,1.17
Bengaluru,29-12-2022,4,527.38,0,15.25,69.38,6.91,51.42,64.09,1.25
Bengaluru,30-12-2022,3,741,0.26,31.19,15.56,5.84,25.15,33.54,3.1
Bengaluru,31-12-2022,3,781.06,0.05,31.53,27.18,5.6,48.63,56.48,2.31
Bengaluru,01-01-2023,3,634.19,0,21.93,45.42,5.42,49.87,56.62,4.37
Bengaluru,02-01-2023,4,460.62,0,10.88,82.97,5.96,54.69,58.84,2.91
Bengaluru,03-01-2023,3,587.46,0,20.22,60.08,5.96,42.9,49.71,3.07
Bengaluru,04-01-2023,3,440.6,0,10.97,69.38,5.66,31.06,36.03,1.5
Bengaluru,05-01-2023,2,407.22,0,10.28,80.82,6.5,18.28,23.1,1.39
Bengaluru,06-01-2023,3,494,0,13.02,65.8,5.48,43.47,54.36,1.61
Bengaluru,07-01-2023,4,587.46,0,12.85,88.69,6.02,61.73,76.16,1.52
Bengaluru,08-01-2023,4,534.06,0,11.82,68.66,4.77,68.27,76.18,1.55
Bengaluru,09-01-2023,5,607.49,0,17.48,55.79,5.42,86.55,94.78,5.45
Bengaluru,10-01-2023,4,747.68,0,30.85,43.63,6.44,69.22,80.84,2.91
Bengaluru,11-01-2023,3,801.09,0.03,37.36,33.26,5.6,46.35,57.57,2.79
Bengaluru,12-01-2023,4,727.65,0,29.47,52.21,6.79,54.73,64.34,4.43
Bengaluru,13-01-2023,4,747.68,0,27.76,64.37,7.63,72.56,81.74,7.92
Bengaluru,14-01-2023,4,560.76,0,17.14,80.11,5.84,51.72,58.76,3.89
Bengaluru,15-01-2023,3,580.79,0,21.25,55.79,5.48,42.62,49.58,7.85
Bengaluru,16-01-2023,3,480.65,0,13.02,75.1,6.44,48.96,55.59,5.57
Bengaluru,17-01-2023,4,487.33,0,12.85,90.84,7.87,50.68,58.03,5.07
Bengaluru,18-01-2023,3,480.65,0,16.11,63.66,6.68,35.27,42.1,2.56
Bengaluru,19-01-2023,4,473.98,0,13.71,90.84,11.09,58.17,69.93,3.23
Bengaluru,20-01-2023,3,447.27,0,11.14,87.26,7.99,49.09,57.57,2.69
Bengaluru,21-01-2023,3,540.73,0,13.02,66.52,7.33,37.11,41.37,1.41
Bengaluru,22-01-2023,2,447.27,0,9.94,64.37,4.23,16.65,20.8,3.01
Bengaluru,23-01-2023,3,397.21,0,9.08,74.39,4.71,39.95,49,3.32
Bengaluru,24-01-2023,3,353.81,0,8.91,60.8,4.53,26.81,30.63,1.55
Bengaluru,25-01-2023,3,500.68,0,13.19,77.96,14.66,45.09,59.54,3.17
Bengaluru,26-01-2023,3,574.11,0,17.14,80.82,11.32,47.3,56.78,3.29
Bengaluru,27-01-2023,4,547.41,0,15.59,75.82,5.78,61.81,72.44,3.07
Bengaluru,28-01-2023,4,587.46,0,20.56,50.78,5.19,50.67,61.8,3.01
Bengaluru,29-01-2023,4,600.81,0,20.91,57.22,5.3,67.36,74.2,5.07
Bengaluru,30-01-2023,3,514.03,0,9.34,75.82,4.95,39.26,46.47,2.03
Bengaluru,31-01-2023,2,547.41,0,11.82,52.93,5.3,21.19,23.38,1.69
Bengaluru,01-02-2023,2,467.3,0,10.45,55.79,4.17,18.36,23.29,4.05
Bengaluru,02-02-2023,3,440.6,0,9.85,72.96,4.83,28.11,33.34,4.12
Bengaluru,03-02-2023,4,420.57,0,9.25,94.41,6.08,71.96,82.48,2.41
Bengaluru,04-02-2023,4,494,0,12.85,74.39,5.66,54.95,67.74,4.56
Bengaluru,05-02-2023,5,460.62,0,9.17,98.71,6.85,83.7,96.14,3.04
Bengaluru,06-02-2023,4,420.57,0,10.8,101.57,8.46,60.2,71.7,4.24
Bengaluru,07-02-2023,4,600.81,0,21.25,62.23,8.7,54.84,63.87,7.35
Bengaluru,08-02-2023,4,694.27,0,25.7,58.65,9.06,74.26,85.12,8.99
Bengaluru,09-02-2023,4,514.03,0,12.51,121.59,14.19,63.56,71.15,4.5
Bengaluru,10-02-2023,4,534.06,0,16.11,81.54,10.25,55.12,62.58,5.95
Bengaluru,11-02-2023,4,547.41,0,16.96,90.84,8.46,74.74,83.33,5.64
Bengaluru,12-02-2023,4,554.08,0,19.02,70.81,7.63,62.72,71.52,7.16
Bengaluru,13-02-2023,5,494,0,13.88,95.84,7.33,79.25,88.46,5.07
Bengaluru,14-02-2023,4,574.11,0,19.88,88.69,12.04,68.07,78.95,7.09
Bengaluru,15-02-2023,5,834.47,0,36.33,55.07,11.21,77.36,91.81,11.27
Bengaluru,16-02-2023,4,614.17,0,20.22,83.68,10.61,70.37,82.17,7.66
Bengaluru,17-02-2023,5,600.81,0,16.62,128.75,20.5,101.95,115.05,4.88
Bengaluru,18-02-2023,3,520.71,0,17.82,78.68,8.46,48.18,59.89,7.47
Bengaluru,19-02-2023,3,407.22,0,13.02,66.52,6.5,26.69,35.01,7.22
Bengaluru,20-02-2023,2,393.87,0,10.54,77.96,5.84,22.45,28.58,6.52
Bengaluru,21-02-2023,3,487.33,0,14.57,92.98,11.56,42.36,48.89,5.7
Bengaluru,22-02-2023,4,580.79,0,15.42,100.14,12.64,68.3,77.93,7.66
Bengaluru,23-02-2023,5,574.11,0,13.02,153.06,21.46,97.45,106.34,4.94
Bengaluru,25-02-2023,5,794.41,0,24.68,83.68,21.46,100.82,110.92,4.37
Bengaluru,26-02-2023,4,453.95,0,10.54,123.02,19.31,53.32,59.56,5.07
Bengaluru,27-02-2023,3,453.95,0,13.54,98.71,8.58,45.61,51.78,5.32
Bengaluru,28-02-2023,3,600.81,0,22.28,89.41,16.45,45.03,52.29,7.47
Bengaluru,01-03-2023,3,440.6,0,9.68,100.14,13.11,36.03,44.55,3.86
Bengaluru,02-03-2023,3,440.6,0,10.71,61.51,5.84,30.78,37.34,5
Bengaluru,03-03-2023,4,494,0,15.94,105.86,13.35,53.37,62.1,6.21
Bengaluru,04-03-2023,3,480.65,0,14.05,80.11,6.68,42.67,48.4,6.02
Bengaluru,05-03-2023,2,363.83,0,9.77,71.53,5.25,22.63,26.19,5.38
Bengaluru,06-03-2023,3,410.56,0,11.31,77.25,6.14,39.71,48.18,5.51
Bengaluru,07-03-2023,4,514.03,0,16.28,107.29,15.74,59.75,71.51,6.08
Bengaluru,08-03-2023,5,620.84,0,15.08,100.14,36.24,82.89,93.61,4.75
Bengaluru,09-03-2023,3,453.95,0,13.88,95.84,13.59,32.09,38.34,5.38
Bengaluru,10-03-2023,3,487.33,0,12.34,70.1,7.27,37.83,43.91,5.13
Bengaluru,11-03-2023,3,507.35,0,13.19,80.11,7.21,48.92,56.93,5.38
Bengaluru,12-03-2023,3,467.3,0,11.48,65.8,4.47,46.95,53.75,5.45
Bengaluru,13-03-2023,3,467.3,0,7.28,91.55,6.85,30.15,35.33,4.5
Bengaluru,14-03-2023,4,567.44,0,9.17,88.69,6.56,51.61,57.5,5.13
Bengaluru,15-03-2023,4,540.73,0,10.37,91.55,6.14,69.08,75.94,4.18
Bengaluru,16-03-2023,5,700.95,0,17.14,124.45,18.36,80.01,85.94,1.85
Bengaluru,17-03-2023,3,801.09,0,24.33,73.67,9.54,33.73,37.76,1.96
Bengaluru,18-03-2023,3,567.44,0,13.37,75.1,8.46,26,28.38,1.5
Bengaluru,19-03-2023,2,727.65,0,25.02,38.98,5.42,17.49,20.41,2.18
Bengaluru,20-03-2023,2,1081.47,1.98,42.84,4.07,5.96,22.79,28.18,2.56
Bengaluru,21-03-2023,2,594.14,0.01,19.71,30.4,8.11,12.34,16.53,5.89
Bengaluru,22-03-2023,3,1789.09,14.53,90.48,0.58,13.11,48,61.65,11.53
Bengaluru,23-03-2023,3,1468.66,9.95,57.58,0.41,9.42,43.77,58.05,11.4
Bengaluru,24-03-2023,3,627.52,0.02,25.36,39.34,11.32,25.01,33.92,5.57
Bengaluru,25-03-2023,2,427.25,0,11.14,68.66,9.54,14.64,17.34,2.01
Bengaluru,26-03-2023,2,547.41,0.06,20.91,17.88,8.94,13.25,17.08,3.93
Bengaluru,27-03-2023,2,480.65,0,13.71,39.34,11.21,10.54,12.64,3.1
Bengaluru,28-03-2023,3,781.06,0,33.59,52.21,11.21,41.38,53.31,9.63
Bengaluru,29-03-2023,3,480.65,0,11.14,85.83,10.49,30.51,34.74,3.17
Bengaluru,30-03-2023,2,867.84,0.03,34.62,29.33,10.01,21.54,27.52,7.35
Bengaluru,31-03-2023,3,647.54,0,19.36,82.97,7.33,27.81,30.2,1.46
Bengaluru,01-04-2023,4,1455.31,0.11,71.29,38.27,13.23,61.22,70.7,7.98
Bengaluru,02-04-2023,3,614.17,0,19.19,57.22,6.14,36.14,42.42,6.27
Bengaluru,03-04-2023,3,507.35,0,13.71,58.65,6.62,29.68,34.61,5.13
Bengaluru,04-04-2023,2,467.3,0,15.08,61.51,13.59,21.25,25.57,4.56
Bengaluru,05-04-2023,3,734.33,0,29.82,39.7,8.23,26.62,31.92,4.24
Bengaluru,06-04-2023,3,587.46,0,20.91,50.07,9.18,29.38,36.98,7.73
Bengaluru,07-04-2023,3,674.25,0,25.36,46.49,8.94,28.16,35.65,7.98
Bengaluru,08-04-2023,3,480.65,0,15.59,86.55,12.4,40.87,47.87,5.64
Bengaluru,09-04-2023,2,370.5,0,9.51,55.79,4.71,17.01,22.8,5
Bengaluru,10-04-2023,3,407.22,0,7.8,97.27,5.25,25.38,31.22,4.5
Bengaluru,11-04-2023,2,427.25,0,11.82,65.8,5.9,20.83,28.12,5.64
Bengaluru,12-04-2023,2,514.03,0,19.54,37.19,7.75,16.35,23.23,7.79
Bengaluru,13-04-2023,3,687.6,0,30.5,43.99,8.34,29.54,36.81,8.61
Bengaluru,14-04-2023,3,540.73,0,18.85,105.86,18.36,45.49,52.6,5.32
Bengaluru,15-04-2023,3,754.36,0,34.27,57.22,10.73,35.79,43.71,8.04
Bengaluru,16-04-2023,3,500.68,0,14.39,94.41,6.85,40.48,47.24,6.27
Bengaluru,17-04-2023,3,460.62,0,13.88,77.96,6.08,26.36,31.81,6.33
Bengaluru,18-04-2023,3,594.14,0,18.85,86.55,9.78,39.35,47.41,7.66
Bengaluru,19-04-2023,3,520.71,0,15.08,94.41,14.42,26.16,32.18,5.57
Bengaluru,20-04-2023,2,720.98,0,26.39,54.36,10.25,22.39,28.61,7.79
Bengaluru,21-04-2023,3,607.49,0,20.39,68.66,9.3,32.55,40.07,8.04
Bengaluru,22-04-2023,4,1201.63,0,55.52,68.66,26.23,57.73,67.28,10.26
Bengaluru,23-04-2023,4,1562.12,0.18,77.46,14.84,12.52,65.88,77.92,11.53
Bengaluru,24-04-2023,3,534.06,0,11.48,81.54,7.87,35.02,38.08,3.13
Bengaluru,25-04-2023,1,527.38,0,15.08,47.92,6.62,9.22,11.69,1.8
Bengaluru,26-04-2023,2,700.95,1.77,28.79,8.31,8.7,10.86,14.81,2.47
Bengaluru,27-04-2023,2,680.92,3.21,28.45,2.12,8.82,13.14,18.14,4.75
Bengaluru,28-04-2023,2,494,0.02,23.65,26.46,17.88,22.59,26.11,1.22
Bengaluru,29-04-2023,2,534.06,0.01,24.33,31.11,15.26,17.29,19.99,2.12
Bengaluru,30-04-2023,2,674.25,4.41,30.16,0.4,19.07,14.3,16.49,2.5
Bengaluru,01-05-2023,2,587.46,0,17.48,51.5,10.97,15.76,17.39,1.46
Bengaluru,02-05-2023,2,821.11,0.02,31.19,26.11,13.95,21.57,25.08,2.79
Bengaluru,03-05-2023,2,660.9,0,17.82,60.08,10.37,23.9,25.45,1.77
Bengaluru,04-05-2023,3,1895.9,40.68,61.69,0,15.26,44.4,51.92,2.6
Bengaluru,05-05-2023,3,774.38,0.19,31.53,15.56,7.45,26.74,34.54,3.26
Bengaluru,06-05-2023,3,821.11,2.4,38.39,4.74,10.97,27.15,35.03,5.7
Bengaluru,07-05-2023,2,560.76,0.02,22.62,24.32,8.7,14.27,17.08,2.09
Bengaluru,08-05-2023,2,560.76,0.07,20.39,20.56,4.17,10.28,14.96,3.39
Bengaluru,09-05-2023,3,1789.09,47.39,42.16,0,10.49,33.47,37.66,4.56
Bengaluru,10-05-2023,3,1295.09,8.94,46.61,0.31,7.57,36.04,41.35,2.88
Bengaluru,11-05-2023,3,1468.66,3.41,70.6,5.99,10.37,36.81,41.02,2.06
Bengaluru,12-05-2023,2,867.84,0.26,28.1,15.56,5.19,22.42,25.68,2.15
Bengaluru,13-05-2023,2,620.84,0,16.96,27.89,4.59,11.86,15.28,2.72
Bengaluru,14-05-2023,1,403.88,0.02,9.77,23.25,2.62,3.32,4.82,1.5
Bengaluru,15-05-2023,2,580.79,0,20.56,38.98,3.67,16.42,22.39,7.6
Bengaluru,16-05-2023,3,881.2,0.12,37.36,17.88,5.25,35.95,49.03,9.75
Bengaluru,17-05-2023,5,3898.62,121.59,85,0,21.93,106.38,132.54,16.97
Bengaluru,18-05-2023,3,574.11,0,17.82,66.52,8.82,38.66,47.69,5.95
Bengaluru,19-05-2023,3,700.95,0,22.96,47.21,8.94,38.12,48.28,8.23
Bengaluru,20-05-2023,2,547.41,0.01,20.73,40.05,5.36,22.98,33.1,6.97
Bengaluru,21-05-2023,5,3044.13,83.15,69.92,0,16.45,94.83,115.42,14.31
Bengaluru,22-05-2023,3,814.44,0.05,29.82,20.92,4.65,39.01,46.32,2.91
Bengaluru,23-05-2023,4,1628.88,1.36,67.17,6.62,9.66,70.33,81.18,3.55
Bengaluru,24-05-2023,3,961.3,0.01,33.93,41.84,8.46,34.85,41.53,5
Bengaluru,25-05-2023,2,620.84,0,19.19,36.48,4.95,16.74,20.56,2.63
Bhopal,30-11-2020,4,350.48,0.38,2.66,115.87,9.42,41.12,43.65,4.88
Bhopal,01-12-2020,5,680.92,0,16.28,34.69,5.54,50.32,57.59,20.01
Bhopal,02-12-2020,4,600.82,0,12.68,54.36,6.44,45.57,51.26,17.99
Bhopal,03-12-2020,5,1014.71,0.01,22.62,28.25,6.97,68.31,78.73,23.56
Bhopal,04-12-2020,5,1028.06,0,25.71,42.56,10.85,56.9,65.55,22.04
Bhopal,05-12-2020,5,894.55,0,21.42,33.62,7.45,60.13,69.5,16.97
Bhopal,06-12-2020,5,894.55,0,22.62,28.61,7.45,59.45,69.35,20.27
Bhopal,07-12-2020,5,1094.82,0,27.42,31.11,9.06,58.7,67.25,19
Bhopal,08-12-2020,5,1348.5,0.77,32.56,5.99,7.87,76.86,88.9,28.63
Bhopal,09-12-2020,5,1468.66,0.06,31.53,17.52,11.33,84.34,95.05,23.05
Bhopal,10-12-2020,5,894.55,0.01,21.25,29.68,8.46,56.69,65.35,18.75
Bhopal,11-12-2020,5,1041.41,0.01,24.33,25.39,9.18,116.52,128.14,18.49
Bhopal,12-12-2020,4,514.03,0,8.23,40.05,4.35,47.15,49.22,3.26
Bhopal,13-12-2020,5,614.17,0.02,10.2,21.28,4.29,99.01,103.39,4.75
Bhopal,14-12-2020,5,1028.06,2.46,15.08,2.82,3.58,87.37,90.37,5.7
Bhopal,15-12-2020,5,567.44,0.04,8.65,17.17,4.29,54.23,56.18,3.74
Bhopal,16-12-2020,4,540.73,0,7.37,35.05,5.13,43.85,44.88,2.28
Bhopal,17-12-2020,4,460.63,0,5.57,55.79,3.76,47.55,50.84,3.83
Bhopal,18-12-2020,5,907.9,0.01,18.68,30.4,5.84,102.99,113.39,6.52
Bhopal,19-12-2020,5,1174.93,0.92,28.1,5.9,5.13,90.36,103.86,11.4
Bhopal,20-12-2020,4,654.22,0.01,15.08,31.83,3.34,39.86,45.83,11.91
Bhopal,21-12-2020,4,694.28,0.01,16.79,35.41,3.7,39.67,47.03,16.47
Bhopal,22-12-2020,5,1028.06,0.04,24.33,22.71,5.25,62.85,73.52,14.31
Bhopal,23-12-2020,5,1081.47,3.55,28.79,2.01,4.95,66.56,78.46,10.89
Bhopal,24-12-2020,4,700.95,0.01,14.91,34.69,3.7,49.84,56.79,10.77
Bhopal,25-12-2020,5,594.14,0,11.65,38.62,4.65,68.44,74.72,14.06
Bhopal,26-12-2020,5,881.2,0.12,22.96,18.77,5.01,83.51,91.75,15.96
Bhopal,27-12-2020,5,821.11,0.01,14.57,28.61,3.7,67,73.85,11.27
Bhopal,28-12-2020,5,453.95,0,5.91,70.81,5.54,82.41,88.37,14.06
Bhopal,29-12-2020,4,447.27,0,9.08,61.51,5.84,43.43,74.78,14.82
Bhopal,30-12-2020,5,514.03,0,6.34,98.71,9.54,79.48,86.62,11.91
Bhopal,31-12-2020,5,594.14,0,5.57,85.83,7.39,81.12,90.79,11.02
Bhopal,01-01-2021,5,660.9,0,9.34,57.22,4.71,103.74,110.9,6.9
Bhopal,02-01-2021,5,534.06,0,5.14,87.26,12.99,159.58,167.79,6.65
Bhopal,03-01-2021,5,634.19,0,9.68,45.42,3.46,175.5,184.66,12.67
Bhopal,04-01-2021,5,821.11,0,12,43.99,5.13,234.85,247.01,5.83
Bhopal,05-01-2021,5,747.68,0,12.51,33.62,5.54,177.78,181.48,3.61
Bhopal,06-01-2021,5,654.22,0,7.71,40.77,3.37,173.86,181.7,4.31
Bhopal,07-01-2021,5,694.28,0,8.14,62.23,7.27,128.49,133.36,4.62
Bhopal,08-01-2021,5,834.47,0,14.74,28.61,5.01,162.53,171.45,8.61
Bhopal,09-01-2021,5,647.54,0,7.97,44.35,3.49,147.68,151.78,4.43
Bhopal,10-01-2021,5,620.84,0.01,8.4,26.11,3.82,140.62,142.25,2.6
Bhopal,11-01-2021,5,580.79,0,7.37,33.98,3.25,82.34,86.27,3.39
Bhopal,12-01-2021,5,741.01,0,10.54,35.76,4.35,77.21,83.81,4.05
Bhopal,13-01-2021,5,988.01,0.95,21.94,5.32,4.41,69.98,82.39,7.66
Bhopal,14-01-2021,4,761.03,0,18.68,37.19,4.59,45.11,52.94,14.44
Bhopal,15-01-2021,4,894.55,0.69,25.02,7.6,4.77,46.87,57.36,15.58
Bhopal,16-01-2021,4,587.46,0.03,15.25,25.39,4.53,25.09,32.09,19.51
Bhopal,17-01-2021,4,647.54,0.01,11.65,31.47,3.04,32.46,38.01,8.36
Bhopal,18-01-2021,5,393.87,0,3.64,62.94,3.82,54.66,58.26,10.13
Bhopal,19-01-2021,5,674.25,0,12.68,34.69,7.99,94.25,104.73,12.03
Bhopal,20-01-2021,5,781.06,0,16.79,37.91,6.44,95.25,105.14,16.47
Bhopal,21-01-2021,5,988.01,0.01,19.71,30.76,5.66,118.73,127.54,19.51
Bhopal,22-01-2021,5,1361.85,0,28.45,32.19,11.68,92.26,105.59,24.07
Bhopal,23-01-2021,5,781.06,0,18.17,31.83,6.44,57.07,67.28,17.73
Bhopal,24-01-2021,5,494,0,7.97,49.35,3.67,63.61,70.81,13.3
Bhopal,25-01-2021,5,540.73,0,8.48,90.84,23.13,131.97,170.54,10.51
Bhopal,26-01-2021,5,854.49,0,14.22,39.7,4.77,167,190.22,10.26
Bhopal,27-01-2021,5,674.25,0,7.37,80.11,5.13,123.87,132.96,9.37
Bhopal,28-01-2021,5,527.38,0,7.03,77.25,5.96,97.88,102.59,3.71
Bhopal,29-01-2021,5,487.33,0,7.28,78.68,5.72,70.17,75.89,10.13
Bhopal,30-01-2021,5,667.57,0,11.82,68.67,6.32,96.5,103.13,15.58
Bhopal,31-01-2021,5,787.74,0.01,18.17,32.54,5.72,60.36,67.35,21.28
Bhopal,01-02-2021,4,587.46,0,14.22,37.55,4.05,31.03,35.73,17.73
Bhopal,02-02-2021,5,1255.04,0.02,28.45,25.75,9.06,69.54,80,31.16
Bhopal,03-02-2021,5,1455.31,6.76,37.36,1.23,10.85,85.14,111.51,26.85
Bhopal,04-02-2021,5,1228.33,1.05,34.27,4.56,15.5,88.12,110.13,34.96
Bhopal,05-02-2021,5,974.66,0.06,26.73,19.31,10.01,85.54,106.52,31.41
Bhopal,06-02-2021,5,594.14,0,13.2,42.56,5.84,52.54,61.24,18.49
Bhopal,07-02-2021,5,894.55,0.06,21.08,20.03,5.13,80.27,92.58,23.31
Bhopal,08-02-2021,5,1108.17,0.11,25.71,15.91,7.87,61.41,72.16,29.64
Bhopal,09-02-2021,5,1655.58,0,36.33,30.76,17.17,106.34,123.45,33.44
Bhopal,10-02-2021,5,1522.06,0.79,38.73,10.01,10.13,96.15,111.1,21.53
Bhopal,11-02-2021,5,2002.72,12.63,43.87,0.21,10.85,126.66,149.98,27.11
Bhopal,12-02-2021,5,894.55,0,20.56,37.19,6.91,71.42,83.57,21.28
Bhopal,13-02-2021,5,1081.47,0.1,26.05,16.99,7.63,75.97,89.81,24.83
Bhopal,14-02-2021,5,707.63,0,14.91,38.27,5.07,62.74,72.31,21.53
Bhopal,15-02-2021,5,2136.23,13.97,42.16,0.06,15.97,144.89,168.11,47.12
Bhopal,16-02-2021,5,1295.09,3.74,28.79,0.91,10.25,93.16,121.72,33.95
Bhopal,17-02-2021,5,1401.9,3.02,34.27,1.97,11.33,93.25,116.54,35.47
Bhopal,18-02-2021,5,774.38,0,15.77,65.09,9.66,60.62,68.29,17.23
Bhopal,19-02-2021,5,594.14,0,11.31,64.37,6.26,53.62,59.99,17.73
Bhopal,20-02-2021,5,480.65,0,6,98.71,7.87,76.62,81.73,12.67
Bhopal,21-02-2021,5,453.95,0,6.77,67.23,6.08,57.48,61.74,15.58
Bhopal,22-02-2021,5,1815.8,0.43,37.7,7.33,15.26,128.81,143.48,25.59
Bhopal,23-02-2021,5,1482.01,0.13,35.99,13.41,15.5,117.17,136.7,31.16
Bhopal,24-02-2021,5,1255.04,0,32.22,32.9,12.52,105.67,120.43,25.59
Bhopal,25-02-2021,5,2296.45,17.43,50.04,0.07,34.81,151.11,183.88,73.97
Bhopal,26-02-2021,5,567.44,0,9.25,80.82,10.61,71.74,80.28,19.25
Bhopal,27-02-2021,4,587.46,0,14.05,37.55,5.9,34.17,48.32,21.53
Bhopal,28-02-2021,4,507.36,0,10.2,31.47,3.99,41.61,63.84,21.53
Bhopal,01-03-2021,5,1708.98,12.18,40.1,0.09,27.18,100.06,157.29,91.2
Bhopal,02-03-2021,4,534.06,0,10.97,49.35,8.58,48.6,75.58,19.51
Bhopal,03-03-2021,5,1041.41,0,22.28,45.42,10.97,74.94,103.38,20.52
Bhopal,04-03-2021,5,1441.96,0,29.47,41.49,17.41,78.67,97.29,31.16
Bhopal,05-03-2021,3,420.57,0,7.8,61.51,6.08,24.26,31.53,17.99
Bhopal,06-03-2021,4,554.09,0,14.4,62.23,13.83,31.49,42.21,15.96
Bhopal,07-03-2021,4,640.87,0,16.79,31.11,6.86,42.12,73.2,25.33
Bhopal,08-03-2021,4,377.18,0,4.97,95.84,8.94,44.97,70.35,11.78
Bhopal,09-03-2021,4,393.87,0,6.6,63.66,6.2,30.71,52.57,15.71
Bhopal,10-03-2021,4,417.23,0,7.2,70.81,7.63,40.01,63.78,15.83
Bhopal,11-03-2021,4,647.54,0.02,15.77,22.35,7.99,44.29,79.78,21.53
Bhopal,12-03-2021,5,634.19,0,13.2,60.08,10.01,51.47,73.38,15.45
Bhopal,13-03-2021,4,417.23,0,3.98,89.41,5.6,47.54,51.36,7.92
Bhopal,14-03-2021,4,627.52,0,12.34,61.51,7.87,42.45,58.45,14.82
Bhopal,15-03-2021,5,1134.87,0.21,28.1,8.67,11.09,65.91,88.11,24.83
Bhopal,16-03-2021,5,654.22,0,12.34,43.99,8.58,54.9,72.93,18.75
Bhopal,17-03-2021,5,781.06,0,15.08,44.35,7.99,68.24,87.21,19.51
Bhopal,18-03-2021,5,1695.63,1.12,45.93,3.71,26.7,98.58,128.31,54.72
Bhopal,19-03-2021,5,534.06,0,8.4,77.96,6.14,59.48,68.41,13.55
Bhopal,20-03-2021,5,654.22,0,11.82,35.41,3.93,57.41,75.47,15.33
Bhopal,21-03-2021,5,700.95,0,16.11,46.49,7.45,64.36,91.04,19.25
Bhopal,22-03-2021,4,407.22,0,4.16,69.38,3.93,43.61,52.99,13.3
Bhopal,23-03-2021,5,507.36,0,8.31,60.08,5.9,51.38,61.29,14.06
Bhopal,24-03-2021,5,2082.82,0,7.45,211.72,4.23,163.11,169.51,24.83
Bhopal,25-03-2021,5,821.11,0,16.11,52.93,11.8,69.29,93.31,21.28
Bhopal,26-03-2021,4,377.18,0,6.08,87.98,8.58,40.33,63.25,12.16
Bhopal,27-03-2021,5,1535.42,0,32.9,30.4,22.41,74.4,106.53,21.03
Bhopal,28-03-2021,5,894.55,0,18.34,27.54,12.4,67.95,119.28,24.32
Bhopal,29-03-2021,5,974.66,0.05,22.62,14.66,15.26,64.1,118.06,32.17
Bhopal,30-03-2021,4,397.21,0,5.74,82.97,5.66,42.39,69.99,15.07
Bhopal,31-03-2021,4,307.08,0,4.2,98.71,6.44,42.71,71.36,10.01
Bhopal,01-04-2021,5,337.12,0,4.24,94.41,6.38,84.73,244.65,11.91
Bhopal,02-04-2021,5,1228.33,0,28.79,31.47,18.36,55.35,74.46,24.57
Bhopal,03-04-2021,5,1388.55,2.01,33.24,1.81,20.98,75.82,113.79,49.14
Bhopal,04-04-2021,4,587.46,0,5.91,111.58,7.03,42.12,53.36,16.72
Bhopal,05-04-2021,5,988.01,0,19.02,38.98,13.47,60.3,76.08,23.56
Bhopal,06-04-2021,5,761.03,0,10.45,70.1,7.57,55.75,75.57,20.52
Bhopal,07-04-2021,4,377.18,0,4.84,103,9.78,43.11,65.16,12.03
Bhopal,08-04-2021,4,383.85,0,6.6,76.53,4.95,46.38,79.9,13.68
Bhopal,09-04-2021,4,420.57,0,6.51,80.82,5.66,47.4,83.69,16.47
Bhopal,10-04-2021,5,1321.79,0,26.73,37.19,18.36,91.26,124.36,22.8
Bhopal,11-04-2021,5,527.38,0,5.74,89.41,7.75,58.23,77.68,15.71
Bhopal,12-04-2021,5,540.73,0,5.1,97.28,6.14,66.69,78.01,11.4
Bhopal,13-04-2021,5,1508.71,0,30.5,32.19,20.03,98.18,123.6,35.47
Bhopal,14-04-2021,5,514.03,0,6.68,82.97,6.97,55.92,72,15.71
Bhopal,15-04-2021,5,480.65,0,3.73,115.87,5.72,63.91,80.78,12.79
Bhopal,16-04-2021,5,507.36,0,7.2,67.95,6.14,50.23,66.64,15.45
Bhopal,17-04-2021,4,380.52,0,4.2,103,7.99,43.97,58.91,11.91
Bhopal,18-04-2021,4,387.19,0,6.34,62.94,5.72,37.34,77.5,15.96
Bhopal,19-04-2021,4,781.06,0,17.14,37.55,10.73,44.44,72.03,20.01
Bhopal,20-04-2021,5,1535.42,0,34.27,25.75,19.79,79.05,107.83,31.41
Bhopal,21-04-2021,4,307.08,0,4.67,75.82,4.89,37.24,78.88,11.4
Bhopal,22-04-2021,4,413.9,0,7.63,60.08,6.5,40.08,88.74,16.09
Bhopal,23-04-2021,5,1922.61,3.74,55.52,1.06,27.18,88.11,164.91,46.1
Bhopal,24-04-2021,4,350.48,0,5.4,75.82,5.01,38.73,79.67,14.57
Bhopal,25-04-2021,4,367.17,0,4.93,123.02,12.4,38.2,58.35,12.03
Bhopal,26-04-2021,2,397.21,0,6.68,87.26,5.6,17.15,22.31,14.82
Bhopal,27-04-2021,4,1188.28,0.02,25.71,18.95,18.36,44.63,58.97,24.83
Bhopal,28-04-2021,5,2403.26,9.28,50.72,0.11,32.9,108.28,138.88,41.04
Bhopal,29-04-2021,4,494,0,7.88,72.96,7.33,43.18,63.01,18.49
Bhopal,30-04-2021,4,473.98,0,5.74,72.96,5.66,42.23,58.13,17.48
Bhopal,01-05-2021,5,587.46,0,10.71,62.94,8.35,50.66,74.28,19.76
Bhopal,02-05-2021,4,343.8,0,2.23,123.02,3.37,48.36,61.88,5.19
Bhopal,03-05-2021,4,447.27,0,5.57,80.11,3.93,48.58,61.83,16.72
Bhopal,04-05-2021,4,423.91,0,8.14,42.56,4.83,30.01,44.97,15.96
Bhopal,05-05-2021,4,350.48,0,6.08,55.08,4.89,27.68,50.85,13.93
Bhopal,06-05-2021,4,400.54,0,7.63,60.08,5.13,29.91,72.66,16.47
Bhopal,07-05-2021,4,287.06,0,3.43,91.55,7.15,29.66,46.97,7.47
Bhopal,08-05-2021,5,841.14,0,17.82,38.98,12.76,58.33,89.64,20.77
Bhopal,09-05-2021,5,687.6,0,12.51,39.34,9.06,62.46,87.86,19.25
Bhopal,10-05-2021,4,377.18,0,2.91,90.84,7.33,49.7,65.06,9.25
Bhopal,11-05-2021,5,1081.47,0,27.08,22.71,16.45,67.35,115.76,25.08
Bhopal,12-05-2021,4,327.11,0,5.23,61.51,5.19,26.05,51.44,12.67
Bhopal,13-05-2021,4,357.15,0,5.83,88.69,10.01,37.26,82.43,10.51
Bhopal,14-05-2021,4,554.09,0,10.71,52.93,8.94,41.43,89.81,16.09
Bhopal,15-05-2021,4,380.52,0,6.08,63.66,5.78,32.55,54.23,13.93
Bhopal,16-05-2021,4,390.53,0,3.43,88.69,8.82,35.88,41.11,8.11
Bhopal,17-05-2021,2,440.6,0,5.48,62.94,7.33,16.31,19.14,9.25
Bhopal,18-05-2021,1,313.76,0,4.24,21.28,3.73,5.87,7.07,3.45
Bhopal,19-05-2021,1,290.39,0,2.96,39.7,2.35,3.37,4.07,3.67
Bhopal,20-05-2021,1,330.45,0,2.83,75.1,3.87,8.36,10.01,5.32
Bhopal,21-05-2021,5,1308.44,0,26.39,28.61,10.37,81.48,107.51,23.31
Bhopal,22-05-2021,5,834.47,0,17.14,30.76,7.21,77.78,122.28,19.25
Bhopal,23-05-2021,4,494,0,8.23,54.36,5.36,41.13,84.68,15.96
Bhopal,24-05-2021,4,467.3,0,8.74,42.92,4.83,27.87,47.25,20.77
Bhopal,25-05-2021,4,373.84,0,6.6,86.55,7.63,30.1,59.16,10.77
Bhopal,26-05-2021,4,410.56,0,7.11,94.41,9.54,41.4,77.93,12.54
Bhopal,27-05-2021,5,347.14,0,5.74,78.68,8.7,37.92,107.61,14.06
Bhopal,28-05-2021,4,290.39,0,3.6,75.1,4.47,29.82,64.96,9.75
Bhopal,29-05-2021,4,347.14,0,5.1,68.67,4.59,30.39,64.33,12.92
Bhopal,30-05-2021,3,333.79,0,4.71,68.67,3.99,20.94,35.96,12.03
Bhopal,31-05-2021,3,273.71,0,2.38,82.97,2.83,20.78,43.94,7.28
Bhopal,01-06-2021,4,313.76,0,4.33,70.81,4.77,28.45,64.86,11.65
Bhopal,02-06-2021,4,347.14,0,7.28,46.49,3.4,22.53,55.4,13.43
Bhopal,03-06-2021,4,520.71,0,12.68,55.08,6.26,39.42,63.28,16.72
Bhopal,04-06-2021,5,1001.36,0.66,27.42,5.59,8.94,60.45,112.83,31.41
Bhopal,05-06-2021,4,347.14,0,3.77,91.55,4.83,35.86,44.97,10.13
Bhopal,06-06-2021,2,347.14,0,6.08,41.13,3.52,16.27,19.83,9.25
Bhopal,07-06-2021,2,317.1,0,5.14,54.36,3.13,12.89,17.06,13.93
Bhopal,08-06-2021,2,303.75,0,4.41,71.53,3.93,13.34,18.17,10.51
Bhopal,09-06-2021,2,307.08,0,4.33,65.8,3.22,19.46,27.63,11.02
Bhopal,10-06-2021,2,330.45,0,4.84,62.94,5.66,16.79,21.86,10.64
Bhopal,11-06-2021,2,287.06,0,3.51,75.1,4.17,16.12,21.31,8.74
Bhopal,12-06-2021,2,373.84,0,6.94,44.35,2.95,15.79,19.64,3.86
Bhopal,13-06-2021,2,280.38,0,3.38,55.08,1.86,11.89,14.07,5.38
Bhopal,14-06-2021,4,687.6,0.09,15.94,12.52,4.23,27.82,45.3,11.27
Bhopal,15-06-2021,2,290.39,0,4.28,67.95,3.22,17.74,22.57,5
Bhopal,16-06-2021,2,310.42,0,4.11,62.94,4.47,13.58,16.11,5.89
Bhopal,17-06-2021,1,303.75,0,5.06,45.42,4.65,8.97,12.87,10.89
Bhopal,18-06-2021,2,307.08,0,4.88,49.35,3.46,10.97,14.17,8.99
Bhopal,19-06-2021,2,290.39,0,6.17,33.62,3.34,10.02,12.1,3.45
Bhopal,20-06-2021,2,307.08,0,3.9,53.64,2.92,17.82,20.17,4.88
Bhopal,21-06-2021,1,270.37,0,3.81,43.27,2.03,7.21,8.42,2.57
Bhopal,22-06-2021,2,347.14,0,7.03,33.62,3.25,13.8,16.32,3.64
Bhopal,23-06-2021,2,360.49,0,6.08,40.05,3.61,15.57,19.79,4.69
Bhopal,24-06-2021,1,337.12,0,5.66,37.55,2.92,9.44,10.63,2.41
Bhopal,25-06-2021,2,360.49,0,6.86,27.9,3.55,19.01,20.58,2.95
Bhopal,26-06-2021,2,340.46,0,5.91,47.21,3.7,15.82,19.99,4.88
Bhopal,27-06-2021,2,323.77,0,4.76,48.64,2.59,14.16,17.67,4.31
Bhopal,28-06-2021,2,350.48,0,5.4,40.05,2.95,16.5,22.44,5.07
Bhopal,29-06-2021,4,347.14,0,4.5,38.62,2.18,25.77,43.69,4.5
Bhopal,30-06-2021,2,343.8,0,4.88,54.36,3.43,16.36,23.83,5.45
Bhopal,01-07-2021,1,323.77,0,4.93,47.92,3.01,9.13,12.15,5.64
Bhopal,02-07-2021,2,290.39,0,5.31,43.99,3.99,10.1,15.72,8.87
Bhopal,03-07-2021,2,287.06,0,4.84,53.64,3.16,14.18,20.56,9.5
Bhopal,04-07-2021,2,260.35,0,3.81,50.78,2.35,14.28,26.17,9.25
Bhopal,05-07-2021,2,303.75,0,5.44,45.06,3.16,17.32,23.3,10.13
Bhopal,06-07-2021,3,303.75,0,4.71,57.22,4.05,23.82,35.33,8.87
Bhopal,07-07-2021,2,343.8,0,6.34,54.36,3.87,19.53,28.52,10.26
Bhopal,08-07-2021,3,313.76,0,4.84,65.09,4.77,24.66,32.57,9.88
Bhopal,09-07-2021,2,340.46,0,5.83,27.54,2.44,17.66,22.01,3.55
Bhopal,10-07-2021,3,380.52,0.01,6.34,21.28,2.56,23.21,29.27,4.69
Bhopal,11-07-2021,4,620.84,0.34,12.17,6.26,4.11,26.67,34.69,9.88
Bhopal,12-07-2021,1,373.84,0.01,4.24,23.6,2.33,6.84,8.18,3.17
Bhopal,13-07-2021,2,420.57,0,4.46,46.49,3.34,15.49,17.61,3.96
Bhopal,14-07-2021,5,1441.96,5.48,25.36,0.6,7.27,62.47,79.47,11.4
Bhopal,15-07-2021,4,1295.09,0.43,28.45,6.53,12.52,48.93,59.76,15.83
Bhopal,16-07-2021,4,447.27,0,5.4,49.35,2.41,27.62,30.01,5.83
Bhopal,17-07-2021,4,327.11,0,3.77,67.23,3.93,27.89,29.82,4.62
Bhopal,18-07-2021,1,260.35,0,3.3,26.82,1.82,3.42,4.52,4.43
Bhopal,19-07-2021,2,333.79,0,4.97,25.75,2.21,14.15,16.65,3.29
Bhopal,20-07-2021,1,357.15,0.02,6.43,16.99,3.13,8.18,10.1,2.88
Bhopal,21-07-2021,2,310.42,0.01,6.17,22.53,3.37,12.14,13.65,2.44
Bhopal,22-07-2021,4,330.45,0,6.77,32.9,5.36,25.54,29.23,3.48
Bhopal,23-07-2021,2,377.18,0.07,8.14,11.44,3.64,15.52,17.78,3.01
Bhopal,24-07-2021,2,333.79,0,5.31,38.98,2.74,14.45,15.43,1.85
Bhopal,25-07-2021,1,327.11,0.02,5.1,16.45,1.89,8.01,8.56,1.88
Bhopal,26-07-2021,1,290.39,0.01,5.01,20.03,1.54,4.49,4.95,1.5
Bhopal,27-07-2021,1,293.73,0,4.97,25.75,1.71,8.04,8.38,1.08
Bhopal,28-07-2021,2,310.42,0.01,8.74,18.24,5.13,16.64,18.01,1.82
Bhopal,29-07-2021,2,290.39,0.01,8.48,18.95,6.5,15.56,17.45,2.09
Bhopal,30-07-2021,2,280.38,0.01,7.03,16.45,4.23,15.3,15.98,1.35
Bhopal,31-07-2021,2,263.69,0,3.98,32.19,2.24,12.84,14.89,2.12
Bhopal,01-08-2021,2,247,0,3.51,23.6,2.35,12.87,14.64,1.74
Bhopal,02-08-2021,1,247,0,3.43,25.75,2.21,9.46,9.92,1.17
Bhopal,03-08-2021,1,267.03,0,4.2,24.32,2,9.38,10.45,1.39
Bhopal,04-08-2021,1,270.37,0,3.3,28.97,1.7,6.11,7.11,1.82
Bhopal,05-08-2021,2,273.71,0,5.57,22.89,2.68,16.67,19.17,2.19
Bhopal,06-08-2021,1,290.39,0,6.68,24.68,4.71,9.95,11.33,1.9
Bhopal,07-08-2021,2,320.44,0,5.66,31.11,3.99,12.68,13.76,1.69
Bhopal,08-08-2021,2,357.15,0.02,6.17,14.31,1.62,11.09,11.84,2.06
Bhopal,09-08-2021,1,317.1,0.03,5.01,14.84,1.91,9.46,11.74,2.95
Bhopal,10-08-2021,2,333.79,0.03,7.2,14.31,3.16,10.42,12.73,2.98
Bhopal,11-08-2021,2,323.77,0,5.14,37.19,2.83,13.52,16.4,3.2
Bhopal,12-08-2021,2,340.46,0.01,6.86,24.32,3.04,14.77,18.75,3.8
Bhopal,13-08-2021,2,370.5,0,7.11,30.4,3.64,15.96,19.87,4.5
Bhopal,14-08-2021,3,343.8,0,5.31,43.99,3.19,21.29,25.05,3.96
Bhopal,15-08-2021,2,300.41,0,4.37,32.54,1.89,13.53,16.83,3.99
Bhopal,16-08-2021,4,377.18,0,6.26,43.27,3.28,34.22,39.7,4.5
Bhopal,17-08-2021,4,654.22,0.02,11.82,21.1,4.83,39.07,54.93,6.59
Bhopal,18-08-2021,4,647.54,0.03,10.54,16.99,5.84,42.19,49.76,4.94
Bhopal,19-08-2021,4,560.76,0.16,10.03,7.87,3.43,36.62,42.69,4.02
Bhopal,20-08-2021,2,350.48,0.03,6.17,16.81,2.68,12.66,15.53,2.98
Bhopal,21-08-2021,2,453.95,0.13,9.94,8.94,4.77,16,18.28,3.67
Bhopal,22-08-2021,4,393.87,0.01,5.44,19.49,2.12,26.03,27.46,2.95
Bhopal,23-08-2021,2,343.8,0,4.28,25.39,1.97,13.77,16.43,3.39
Bhopal,24-08-2021,3,370.5,0,4.63,36.12,2.71,21.92,25.62,3.45
Bhopal,25-08-2021,2,350.48,0,5.4,31.47,2.71,15.52,18.85,3.33
Bhopal,26-08-2021,1,320.44,0.01,5.66,22.35,2.71,7.76,10.87,4.12
Bhopal,27-08-2021,2,390.53,0.11,7.88,10.64,2.56,10.13,17.55,5.76
Bhopal,28-08-2021,4,467.3,0.01,10.03,23.6,3.55,25.1,32.06,5
Bhopal,29-08-2021,5,1361.85,14.08,12.51,0.02,6.26,75.87,98.49,12.79
Bhopal,30-08-2021,4,467.3,0,7.8,28.61,4.47,36.48,38.79,3.74
Bhopal,31-08-2021,3,574.11,0.03,9.51,14.13,3.99,24.42,26.26,3.1
Bhopal,01-09-2021,2,410.56,0,4.46,39.7,3.28,15.84,16.92,2.44
Bhopal,02-09-2021,2,390.53,0,4.76,27.18,2.3,10.41,11.69,2.95
Bhopal,03-09-2021,2,343.8,0,5.23,27.9,2.53,19.02,23.09,3.77
Bhopal,04-09-2021,4,467.3,0.03,8.23,18.95,2.92,30.37,36.62,4.69
Bhopal,05-09-2021,2,387.19,0.02,4.46,15.91,1.79,14.89,16.84,3.23
Bhopal,06-09-2021,4,720.98,3.21,10.8,0.6,3.49,27.12,35.77,8.23
Bhopal,07-09-2021,3,607.49,0.02,10.54,16.81,5.31,20.42,25.26,4.37
Bhopal,08-09-2021,2,494,0,4.93,45.78,3.79,17.15,17.98,2.38
Bhopal,09-09-2021,3,554.09,0.02,7.2,13.41,3.22,22.07,23.25,2.38
Bhopal,10-09-2021,1,350.48,0.02,8.48,16.63,4.71,9.09,11.07,2.79
Bhopal,11-09-2021,1,293.73,0.05,6.34,11.44,2.98,8.7,9.84,2.25
Bhopal,12-09-2021,1,257.02,0.02,3.04,16.81,1.39,4.53,5.7,2.85
Bhopal,13-09-2021,4,340.46,0,4.46,33.62,2.33,29.55,31.65,3.42
Bhopal,14-09-2021,3,567.44,0.06,9.51,12.52,4.89,21.25,24.36,4.62
Bhopal,15-09-2021,3,714.3,0.03,9.17,15.91,3.87,20.34,24.53,4.31
Bhopal,16-09-2021,2,420.57,0.01,5.91,23.25,3.55,15.74,17.17,2.85
Bhopal,17-09-2021,1,323.77,0.01,7.63,18.06,3.01,8.53,9.88,2.38
Bhopal,18-09-2021,2,330.45,0,5.57,29.68,3.31,13.64,16.52,2.82
Bhopal,19-09-2021,1,300.41,0.01,4.28,23.25,2.21,8.16,9.74,2.91
Bhopal,20-09-2021,1,310.42,0.01,4.41,21.1,1.97,7.57,11.05,3.8
Bhopal,21-09-2021,1,373.84,0.03,5.74,15.2,2.56,8.86,11.39,3.58
Bhopal,22-09-2021,4,534.06,0.17,8.91,9.84,2.92,28.18,33.62,4.81
Bhopal,23-09-2021,5,1281.74,0.99,21.25,3.71,7.09,70.61,79.48,12.16
Bhopal,24-09-2021,4,781.06,0.01,9.85,24.68,4.89,31.93,36.99,5.32
Bhopal,25-09-2021,4,694.28,0.07,9.68,12.88,3.13,25.72,31.25,4.31
Bhopal,26-09-2021,2,607.49,0.01,8.23,20.56,3.07,17.07,21.27,5.19
Bhopal,27-09-2021,4,934.6,0.06,13.88,15.74,6.08,36.77,42.25,13.43
Bhopal,28-09-2021,2,547.41,0,5.48,32.9,4.35,11.58,12.59,2.41
Bhopal,29-09-2021,2,420.57,0,3.3,62.23,3.37,18.94,19.82,2.19
Bhopal,30-09-2021,3,500.68,0.06,11.14,18.06,3.37,21.5,29.15,5.64
Bhopal,01-10-2021,5,1708.98,6.37,31.87,0.18,16.21,77.47,88.78,12.16
Bhopal,02-10-2021,4,687.6,0,8.65,26.11,3.93,33.75,41.2,4.88
Bhopal,03-10-2021,4,694.28,0.03,8.74,16.63,2.86,38.3,45.58,5.51
Bhopal,04-10-2021,4,580.79,0.03,6.51,16.81,2.06,29.84,37.18,5.13
Bhopal,05-10-2021,4,974.66,2.85,14.74,0.77,4.29,42,58.35,6.33
Bhopal,06-10-2021,5,2029.42,17.88,30.16,0.01,17.17,92.13,111.13,34.45
Bhopal,07-10-2021,5,1588.82,19.45,15.25,0.01,6.56,85.11,106.03,10.13
Bhopal,08-10-2021,5,1949.31,12.63,33.24,0.06,11.44,116.8,141.29,22.04
Bhopal,09-10-2021,5,654.22,0.05,10.88,13.77,3.01,55.16,67.29,5.26
Bhopal,10-10-2021,5,1375.2,9.72,18.34,0.05,6.97,103.31,133.01,18.75
Bhopal,11-10-2021,5,1575.47,0.01,35.99,17.88,14.42,101.92,136.35,45.09
Bhopal,12-10-2021,5,2510.07,18.55,56.89,0.02,31.47,150.94,199.09,73.97
Bhopal,13-10-2021,5,1121.52,2.21,22.62,2.12,6.91,87.03,120.18,15.96
Bhopal,14-10-2021,5,1228.33,2.29,28.1,1.68,6.86,74.59,104.56,21.03
Bhopal,15-10-2021,5,514.03,0,8.14,85.12,13.35,71.84,93.4,14.44
Bhopal,16-10-2021,5,781.06,0,16.11,30.4,6.14,66.98,84.03,20.77
Bhopal,17-10-2021,5,660.9,0,4.76,77.96,4.41,72.64,74.82,2.69
Bhopal,18-10-2021,4,821.11,0,8.48,43.27,6.26,33.15,35.1,4.56
Bhopal,19-10-2021,5,634.19,0,5.83,61.51,5.31,52.88,55.73,4.31
Bhopal,20-10-2021,5,1281.74,0.75,20.05,4.78,6.44,76.03,94.6,13.81
Bhopal,21-10-2021,5,894.55,0.06,16.11,16.99,5.13,70.32,86.77,15.83
Bhopal,22-10-2021,5,1201.63,0.59,23.99,6.53,8.23,91.66,133.14,26.35
Bhopal,23-10-2021,5,547.41,0,9.25,28.97,3.4,50.57,68.89,16.21
Bhopal,24-10-2021,5,614.17,0.02,11.82,21.28,2.86,56.14,71.9,14.19
Bhopal,25-10-2021,5,867.84,0.24,23.99,10.55,10.85,61.98,79.34,41.04
Bhopal,26-10-2021,5,1562.12,4.97,33.59,0.73,7.63,93.27,113.21,17.99
Bhopal,27-10-2021,5,660.9,0,11.82,51.5,6.2,73.33,82.78,7.22
Bhopal,28-10-2021,5,560.76,0,7.97,79.39,7.15,78.3,99.41,14.69
Bhopal,29-10-2021,5,814.44,0,13.2,65.09,7.09,71.38,91.16,16.97
Bhopal,30-10-2021,5,1014.71,0.01,20.39,30.76,6.08,69.91,89.66,20.27
Bhopal,31-10-2021,5,961.3,0.01,19.02,27.54,5.07,71.23,83.17,14.95
Bhopal,01-11-2021,5,707.63,0,10.11,72.24,4.77,54.79,64.97,16.47
Bhopal,02-11-2021,5,1548.77,0.04,26.05,18.42,10.85,86.43,101.51,30.91
Bhopal,03-11-2021,5,821.11,0,19.71,43.63,7.39,62.78,72.57,22.55
Bhopal,04-11-2021,5,560.76,0,9.51,80.11,7.09,57.06,66.36,15.45
Bhopal,05-11-2021,4,634.19,0,13.88,42.56,5.3,49.85,57.95,18.49
Bhopal,06-11-2021,5,867.84,0,18.85,44.35,5.78,73.64,83.9,16.97
Bhopal,07-11-2021,5,834.47,0.01,17.65,27.89,4.29,82.15,94.75,18.75
Bhopal,08-11-2021,5,947.95,0,16.28,41.48,4.29,97.55,114.65,20.52
Bhopal,09-11-2021,5,867.84,0,16.79,45.78,6.56,82.5,101.72,20.01
Bhopal,10-11-2021,5,794.41,0,15.42,59.37,5.96,68.13,83.2,18.75
Bhopal,11-11-2021,5,881.2,0,16.79,58.65,7.09,73.36,88.68,20.52
Bhopal,12-11-2021,5,1001.36,0,6.94,171.66,10.61,141.09,153.12,11.27
Bhopal,13-11-2021,5,801.09,0,6.08,125.89,4.89,121.2,129.44,11.78
Bhopal,14-11-2021,5,620.84,0,5.36,125.89,9.18,106.27,114.73,11.27
Bhopal,15-11-2021,5,741,0,7.28,86.55,6.56,123.44,131.43,14.19
Bhopal,16-11-2021,5,821.11,0,7.45,108.72,9.89,109.28,116.57,15.33
Bhopal,17-11-2021,5,607.49,0,6.51,92.98,5.9,74.12,78.75,14.57
Bhopal,18-11-2021,5,674.25,0,7.03,75.82,5.36,135.41,142.36,12.79
Bhopal,19-11-2021,5,707.63,0,5.83,80.82,5.9,150.74,157.59,12.41
Bhopal,20-11-2021,5,747.68,0,6,87.26,6.08,163.23,170.74,14.19
Bhopal,21-11-2021,5,560.76,0,5.27,77.96,4.11,136.05,142,11.15
Bhopal,22-11-2021,5,514.03,0,5.27,76.53,3.76,106.45,111.41,10.51
Bhopal,23-11-2021,5,747.68,0,14.39,31.47,5.54,75.97,83.08,18.49
Bhopal,24-11-2021,5,720.98,0,12.85,37.19,5.6,64.06,70.34,18.24
Bhopal,25-11-2021,5,1014.71,0.08,19.54,15.91,6.62,87.52,97.84,21.53
Bhopal,26-11-2021,5,754.36,0,16.11,31.47,5.48,74.5,82.91,19.51
Bhopal,27-11-2021,5,767.71,0.02,13.88,31.11,4.89,73.8,83.5,21.03
Bhopal,28-11-2021,4,480.65,0,7.28,49.35,5.25,43.82,52.52,15.83
Bhopal,29-11-2021,5,727.65,0.21,16.11,14.66,4.53,57.78,68.9,21.03
Bhopal,30-11-2021,5,600.81,0,12.34,43.27,5.66,54.07,63.71,18.75
Bhopal,01-12-2021,5,507.35,0,7.63,76.53,6.08,82.85,89.54,14.82
Bhopal,02-12-2021,5,634.19,0,5.1,117.3,4.65,126.65,135.03,9.37
Bhopal,03-12-2021,5,854.49,0,5.01,108.72,11.09,226.86,231.37,1.38
Bhopal,04-12-2021,5,734.33,0,5.23,73.67,4.05,183.9,188.93,6.84
Bhopal,05-12-2021,5,554.08,0,6.25,57.22,3.7,114.57,118.76,14.06
Bhopal,06-12-2021,5,660.9,0,6.94,55.07,4.05,120.17,125.33,15.45
Bhopal,07-12-2021,5,580.79,0,5.18,103,13.59,140.11,144.15,6.78
Bhopal,08-12-2021,5,620.84,0,6.17,89.41,9.89,101.38,106.82,10.13
Bhopal,09-12-2021,5,520.71,0,6.17,70.1,6.02,59.63,64.19,13.05
Bhopal,10-12-2021,5,547.41,0,8.14,53.64,5.9,73.39,79.06,10.64
Bhopal,11-12-2021,5,654.22,0,13.02,50.07,6.26,75.85,82.96,16.47
Bhopal,12-12-2021,5,747.68,0,14.39,35.41,4.53,83.29,90.62,14.19
Bhopal,13-12-2021,5,781.06,0.01,15.94,26.82,3.78,74.11,82.07,9.37
Bhopal,14-12-2021,5,473.98,0,6.85,69.38,4.83,70.3,75.98,11.53
Bhopal,15-12-2021,5,660.9,0.01,14.39,29.33,5.54,73.85,84.29,17.99
Bhopal,16-12-2021,5,881.2,0.74,22.62,6.44,4.59,114.15,131.91,21.53
Bhopal,17-12-2021,5,507.35,0,6.51,80.11,3.73,111.78,120.34,11.27
Bhopal,18-12-2021,5,714.3,0,5.44,110.15,10.13,145.19,149.26,6.59
Bhopal,19-12-2021,4,460.62,0,7.11,70.1,4.95,35.57,39.06,14.19
Bhopal,20-12-2021,4,714.3,0,17.14,37.91,4.71,38.04,44.51,21.03
Bhopal,21-12-2021,5,1255.04,0.24,33.24,13.95,7.33,80.76,91.68,28.37
Bhopal,22-12-2021,5,1602.17,0.1,45.24,18.06,10.01,102.44,117.88,31.92
Bhopal,23-12-2021,5,1001.36,0.17,26.39,14.66,5.78,71.8,86.11,22.55
Bhopal,24-12-2021,5,934.6,0.99,24.68,6.08,6.38,68.16,85.33,28.12
Bhopal,25-12-2021,5,761.03,0.01,16.96,32.54,6.08,65.27,79.35,22.8
Bhopal,26-12-2021,5,640.87,0,9.17,81.54,6.2,99.86,107.78,12.67
Bhopal,27-12-2021,5,741,0,12.51,44.7,5.42,106.27,118.13,17.99
Bhopal,28-12-2021,5,1348.5,0.57,30.16,7.15,6.85,138.2,159.84,23.05
Bhopal,29-12-2021,5,881.2,0.01,14.22,28.25,5.3,73.47,83.14,6.59
Bhopal,30-12-2021,4,620.84,0,7.2,65.8,3.87,44.2,46.94,4.69
Bhopal,31-12-2021,4,453.95,0,6.77,55.07,3.87,30.65,34.22,8.04
Bhopal,01-01-2022,4,540.73,0,8.57,44.35,3.7,27.03,31.05,10.77
Bhopal,02-01-2022,5,580.79,0,7.45,45.06,2.68,73.85,79.1,4.75
Bhopal,03-01-2022,5,547.41,0,7.45,50.07,2.83,65.29,69.37,4.81
Bhopal,04-01-2022,5,694.27,0,13.02,37.91,3.99,71.11,77.68,6.97
Bhopal,05-01-2022,5,921.25,0.99,20.05,7.06,4.71,59.08,69.18,14.06
Bhopal,06-01-2022,5,1081.47,0,24.68,37.55,7.63,94.16,102.87,5.83
Bhopal,07-01-2022,5,640.87,0,8.14,42.56,5.6,68.04,70.27,3.67
Bhopal,08-01-2022,5,807.76,0,14.22,32.54,8.11,81.09,85.97,4.56
Bhopal,09-01-2022,5,1308.44,8.27,18.85,0.2,6.2,102.31,114.61,15.2
Bhopal,10-01-2022,4,534.06,0,5.65,55.79,4.23,32.45,35.45,5.07
Bhopal,11-01-2022,4,574.11,0,8.83,52.21,3.7,30.2,33.59,4.37
Bhopal,12-01-2022,5,767.71,0.01,14.57,29.68,4.11,57.5,65.31,5.57
Bhopal,13-01-2022,5,781.06,0,14.22,48.64,4.35,70.87,78.56,4.81
Bhopal,14-01-2022,4,500.68,0,7.37,56.51,3.64,41.84,45.56,4.56
Bhopal,15-01-2022,4,500.68,0,6.6,64.37,3.52,46.71,50.62,7.09
Bhopal,16-01-2022,5,480.65,0,5.83,77.96,3.93,63.02,66.58,3.96
Bhopal,17-01-2022,5,580.79,0,7.54,53.64,2.92,79.91,84.35,3.45
Bhopal,18-01-2022,5,734.33,0.01,11.31,33.62,3.64,91.13,97.78,4.62
Bhopal,19-01-2022,5,801.09,0.07,15.42,17.88,4.11,89.59,100.32,5.19
Bhopal,20-01-2022,5,3685,29.06,64.43,0.01,18.12,275.74,300.51,49.65
Bhopal,21-01-2022,5,567.44,0,7.2,70.1,8.23,82.63,93.95,16.21
Bhopal,22-01-2022,5,587.46,0,9.68,67.95,7.99,83.79,93.04,11.91
Bhopal,23-01-2022,2,440.6,0.01,7.2,33.26,2.09,19.48,24.04,3.8
Bhopal,24-01-2022,5,647.54,0,12,42.56,7.63,55.86,70.28,5.95
Bhopal,25-01-2022,4,687.6,0,11.31,47.92,4.59,43.69,49.47,15.07
Bhopal,26-01-2022,5,907.9,0.04,23.65,28.97,5.25,52.54,62.76,12.54
Bhopal,27-01-2022,5,1255.04,0.15,30.5,14.13,5.84,76.83,90.78,9.88
Bhopal,28-01-2022,5,1268.39,1.34,30.5,4.38,5.07,74.9,88.69,10.51
Bhopal,29-01-2022,5,1201.63,0.01,25.36,31.83,6.44,67.2,76.32,15.71
Bhopal,30-01-2022,5,1281.74,0.04,28.1,20.21,6.56,62.88,71.91,20.01
Bhopal,31-01-2022,4,393.87,0,5.57,59.37,2.24,25.16,30.14,15.07
Bhopal,01-02-2022,5,2990.72,34.42,49.35,0,24.56,171.1,195.73,46.1
Bhopal,02-02-2022,5,1148.22,1.15,27.76,4.69,7.21,80.68,117.4,26.6
Bhopal,03-02-2022,4,363.83,0,5.01,75.1,3.1,36.68,49.68,12.92
Bhopal,04-02-2022,5,370.5,0,6.17,84.4,6.38,52.49,106.63,13.43
Bhopal,05-02-2022,4,634.19,0,13.54,47.92,5.01,39.09,53.76,20.77
Bhopal,06-02-2022,5,1014.71,0,21.59,34.69,9.54,63.24,92.64,19.76
Bhopal,07-02-2022,5,1615.52,10.28,32.9,0.39,9.78,96.7,119.52,24.32
Bhopal,08-02-2022,5,1615.52,9.5,35.99,0.3,25.03,102.04,136,74.98
Bhopal,09-02-2022,5,647.54,0,12.34,57.94,6.5,66.81,81.93,21.28
Bhopal,10-02-2022,5,413.89,0,7.63,95.84,21.7,80.93,100.1,9.5
Bhopal,11-02-2022,5,667.57,0,12.85,52.93,5.78,63.33,70.61,19.25
Bhopal,12-02-2022,5,1361.85,0.13,31.19,19.13,6.38,102.07,119.55,20.52
Bhopal,13-02-2022,5,921.25,0.02,21.93,25.03,5.13,57.17,66.9,24.57
Bhopal,14-02-2022,4,547.41,0,10.97,45.06,4.47,37.77,43.14,19
Bhopal,15-02-2022,4,447.27,0,7.11,71.53,5.25,37.09,41.81,14.57
Bhopal,16-02-2022,4,447.27,0,7.11,70.1,5.78,36.67,40.95,14.69
Bhopal,17-02-2022,4,460.62,0,7.28,72.24,6.26,40.9,45.57,15.07
Bhopal,18-02-2022,4,387.19,0,6.51,62.94,5.01,26.68,32.73,13.55
Bhopal,19-02-2022,5,1348.5,6.09,27.76,0.73,8.94,82.25,97.75,27.87
Bhopal,20-02-2022,5,1014.71,0.39,24.33,7.78,5.48,97.1,115.75,25.84
Bhopal,21-02-2022,4,487.33,0,9.77,57.22,5.54,31.52,45.22,20.01
Bhopal,22-02-2022,5,1335.14,7.15,33.59,0.55,10.97,88.16,124.98,31.92
Bhopal,23-02-2022,5,961.3,0.08,24.33,16.81,10.49,80.78,120.98,41.54
Bhopal,24-02-2022,5,574.11,0,9.77,83.68,9.3,73.99,94.12,18.24
Bhopal,25-02-2022,5,440.6,0,8.31,89.41,19.31,67.99,101.59,13.17
Bhopal,26-02-2022,5,787.73,0,13.19,45.78,7.39,100,119.69,19.76
Bhopal,27-02-2022,4,427.25,0,6.94,80.82,7.45,41.73,52.51,15.07
Bhopal,28-02-2022,5,527.38,0,4.5,135.9,17.17,95.9,106.49,12.41
Bhopal,01-03-2022,5,580.79,0,8.31,92.98,7.63,70.97,82.11,16.72
Bhopal,02-03-2022,4,507.35,0,7.71,75.82,6.79,46.76,54.74,15.96
Bhopal,03-03-2022,4,654.22,0,13.19,54.36,7.51,36.31,44.61,18.24
Bhopal,04-03-2022,5,560.76,0,8.74,55.79,9.06,67.24,77.14,16.72
Bhopal,05-03-2022,5,473.98,0,7.03,120.16,21.7,58.63,67.07,12.03
Bhopal,06-03-2022,4,487.33,0,7.37,76.53,5.54,28.87,33.9,12.79
Bhopal,07-03-2022,4,741,0,15.59,32.54,6.79,39.6,48,19.76
Bhopal,08-03-2022,5,574.11,0,9.51,55.79,6.2,50.28,59.24,16.21
Bhopal,09-03-2022,5,2777.1,10.17,80.2,0.16,45.78,147.23,174.41,76
Bhopal,10-03-2022,5,767.71,0,15.08,40.77,6.5,53.23,63.39,19.51
Bhopal,11-03-2022,4,554.08,0,8.23,76.53,8.11,46.32,51.31,14.19
Bhopal,12-03-2022,5,614.17,0,11.14,60.08,7.27,55.12,66.43,15.71
Bhopal,13-03-2022,4,417.23,0,6,103,12.16,37.79,54.26,11.65
Bhopal,14-03-2022,4,574.11,0,10.54,58.65,6.44,40.81,69.38,15.83
Bhopal,15-03-2022,5,540.73,0,9.68,63.66,9.89,50.49,86.04,15.83
Bhopal,16-03-2022,5,473.98,0,8.74,83.68,10.61,53.34,87.08,14.57
Bhopal,17-03-2022,5,567.44,0,11.14,74.39,10.01,55.91,84.27,16.21
Bhopal,18-03-2022,5,554.08,0,12.68,74.39,17.64,61.9,85.69,16.47
Bhopal,19-03-2022,5,620.84,0,7.88,89.41,8.34,103.39,123.23,15.2
Bhopal,20-03-2022,5,640.87,0,9.6,55.79,7.33,107.29,124.88,16.97
Bhopal,21-03-2022,4,460.62,0,8.31,54.36,5.84,32.96,44.43,19.51
Bhopal,22-03-2022,4,447.27,0,9.42,82.97,11.56,43.1,92.2,14.31
Bhopal,23-03-2022,5,480.65,0,7.63,130.18,21.93,76.72,103.61,12.92
Bhopal,24-03-2022,5,921.25,0,19.88,27.89,12.16,63.18,89.75,23.05
Bhopal,25-03-2022,4,580.79,0,12.85,45.42,7.87,43.37,63.9,19.51
Bhopal,26-03-2022,5,607.49,0,12.51,47.92,8.46,50.14,65.22,18.49
Bhopal,27-03-2022,4,560.76,0,12.68,65.8,10.37,46.73,68.45,18.24
Bhopal,28-03-2022,5,1348.5,0,32.22,21.46,20.5,70.65,97.99,24.83
Bhopal,29-03-2022,4,500.68,0,8.57,70.81,6.85,34.04,47.75,17.73
Bhopal,30-03-2022,4,487.33,0,10.28,47.21,6.38,38.16,63.25,19.51
Bhopal,31-03-2022,5,1161.58,5.36,26.73,0.58,17.4,71.53,131.24,35.97
Bhopal,01-04-2022,5,774.38,0.01,17.48,24.68,11.44,51.09,75.1,24.32
Bhopal,02-04-2022,5,1214.98,0.01,26.73,21.64,20.74,78.1,111.38,24.83
Bhopal,03-04-2022,5,1068.12,0,28.1,40.41,19.79,79.8,116.1,53.2
Bhopal,04-04-2022,5,1201.63,0,28.45,36.48,17.64,77.58,104.53,24.57
Bhopal,05-04-2022,5,694.27,0,13.71,65.8,13.95,51.06,74.08,18.24
Bhopal,06-04-2022,5,2082.82,0.02,55.52,15.38,38.15,114.76,155.52,62.82
Bhopal,07-04-2022,4,921.25,0,19.36,55.79,13.83,49.85,63.2,19.51
Bhopal,08-04-2022,4,907.9,0,20.56,44.35,13.47,47.18,63.89,20.52
Bhopal,09-04-2022,5,1375.2,0,29.82,57.94,20.98,67.93,91.03,26.09
Bhopal,10-04-2022,5,1895.9,0,41.13,18.06,28.37,90.92,117.33,43.57
Bhopal,11-04-2022,4,574.11,0,10.97,47.21,8.34,40.11,57.6,22.04
Bhopal,12-04-2022,4,367.16,0,3.81,100.14,5.13,45.07,56.75,11.78
Bhopal,13-04-2022,5,433.92,0,5.48,92.98,5.9,59.11,78.28,15.71
Bhopal,14-04-2022,4,427.25,0,7.03,74.39,5.19,39.49,55.59,15.58
Bhopal,15-04-2022,4,660.9,0,15.59,44.35,9.54,45.67,83.86,21.53
Bhopal,16-04-2022,4,467.3,0,8.65,75.82,6.56,37.47,68.73,17.48
Bhopal,17-04-2022,4,420.57,0,8.91,61.51,5.9,37.44,68.85,18.24
Bhopal,18-04-2022,4,494,0,9.08,41.13,6.32,38.72,73.55,19.25
Bhopal,19-04-2022,4,574.11,0,12.17,42.56,7.99,49.36,98.46,22.04
Bhopal,20-04-2022,5,841.14,0,19.36,25.03,13.23,59.41,105.68,26.09
Bhopal,21-04-2022,5,947.95,0,20.91,29.68,15.74,60.86,103.8,34.45
Bhopal,22-04-2022,5,1308.44,0.01,32.9,23.6,15.26,60.97,77.62,23.81
Bhopal,23-04-2022,5,961.3,0.01,30.5,18.6,13.71,50.15,84.17,32.42
Bhopal,24-04-2022,3,410.56,0,8.31,55.07,5.25,19.54,39.97,17.48
Bhopal,25-04-2022,4,547.41,0,12.85,51.5,7.75,31.37,61.35,21.79
Bhopal,26-04-2022,3,350.48,0,5.18,91.55,5.25,19.22,36.55,13.43
Bhopal,27-04-2022,4,494,0,10.8,49.35,7.51,28.99,51.04,21.03
Bhopal,28-04-2022,5,988.01,0,21.08,25.39,15.14,53.83,88.58,26.85
Bhopal,29-04-2022,4,700.95,0,15.25,40.05,10.97,40.35,67.11,27.36
Bhopal,30-04-2022,3,333.79,0,4.8,76.53,4.05,21.93,33.85,13.05
Bhopal,01-05-2022,4,307.08,0,4.67,79.39,4.47,29.59,56.07,12.41
Bhopal,02-05-2022,4,473.98,0,9.77,41.84,6.14,39.68,81.26,19.51
Bhopal,03-05-2022,4,667.57,0,17.65,45.42,11.32,42.39,73.18,24.07
Bhopal,04-05-2022,4,373.84,0,6,73.67,6.02,32.83,67.26,14.82
Bhopal,05-05-2022,4,323.77,0,4.88,80.11,4.83,28.16,71.34,12.29
Bhopal,06-05-2022,5,403.88,0,6.6,83.68,6.91,45.3,124.75,15.2
Bhopal,07-05-2022,5,467.3,0,8.57,72.24,10.61,53.4,128.05,15.07
Bhopal,08-05-2022,5,1148.22,0,26.05,25.39,13.83,92.47,175.15,26.09
Bhopal,09-05-2022,4,487.33,0,9.68,75.1,10.85,44.77,85.97,16.47
Bhopal,10-05-2022,5,500.68,0,4.93,95.84,8.23,56.86,87.3,13.55
Bhopal,11-05-2022,5,594.14,0,5.91,131.61,14.66,83.64,110.99,13.68
Bhopal,12-05-2022,5,774.38,0,11.48,73.67,13.11,77.73,102.31,17.48
Bhopal,13-05-2022,5,1214.98,0,28.1,22.89,20.74,87.79,129.78,36.48
Bhopal,14-05-2022,4,410.56,0,6.94,67.95,5.42,33.97,66.1,19.76
Bhopal,15-05-2022,4,370.5,0,6,52.21,4.71,47.55,87.23,17.99
Bhopal,16-05-2022,4,317.1,0,5.06,73.67,5.01,40.7,82.06,14.19
Bhopal,17-05-2022,5,320.43,0,4.24,95.84,6.62,54.77,102.85,11.27
Bhopal,18-05-2022,5,360.49,0,4.93,90.12,6.14,77.93,188.66,10.64
Bhopal,19-05-2022,5,330.45,0,4.93,88.69,5.66,64.7,173.55,13.55
Bhopal,20-05-2022,5,440.6,0,7.37,63.66,6.2,65.76,152.52,15.2
Bhopal,21-05-2022,5,303.75,0,3.64,101.57,6.14,58.64,124.79,11.02
Bhopal,22-05-2022,4,233.65,0,2.06,92.98,2.44,40.29,91.17,6.4
Bhopal,23-05-2022,4,243.66,0,2.12,86.55,2.71,23.44,58.6,6.14
Bhopal,24-05-2022,4,620.84,0,15.77,43.99,6.32,28,39.46,12.03
Bhopal,25-05-2022,5,1068.12,0.39,31.87,8.14,14.19,81.81,250.18,34.96
Bhopal,26-05-2022,5,587.46,0,16.96,45.06,7.09,45.58,124.87,16.47
Bhopal,27-05-2022,5,600.81,0,14.39,28.25,7.63,44,100.38,21.53
Bhopal,28-05-2022,3,270.37,0,3.13,87.98,3.49,19.68,47.57,8.49
Bhopal,29-05-2022,3,247,0,2.59,83.68,3.31,12.89,39.52,7.73
Bhopal,30-05-2022,4,257.02,0,3.21,77.25,4.05,21.75,71.24,9.88
Bhopal,31-05-2022,5,277.04,0,3.68,77.96,4.29,31.48,100.76,9.5
Bhopal,01-06-2022,5,263.69,0,3.56,77.96,3.81,46.29,168.63,10.26
Bhopal,02-06-2022,5,347.14,0,6.6,67.23,6.62,50.47,173.39,15.96
Bhopal,03-06-2022,4,253.68,0,3.77,80.82,3.78,33.78,95.76,9.12
Bhopal,04-06-2022,4,293.73,0,5.01,87.98,5.6,29.28,66.63,13.17
Bhopal,05-06-2022,5,547.41,0,12.68,31.47,8.34,50.5,170.15,20.27
Bhopal,06-06-2022,4,283.72,0,5.1,67.23,3.49,25.32,56.13,13.68
Bhopal,07-06-2022,3,240.33,0,3.43,85.12,3.22,19.55,46.29,9.12
Bhopal,08-06-2022,4,263.69,0,3.98,77.96,3.87,24.91,52.14,10.39
Bhopal,09-06-2022,2,300.41,0,4.07,71.53,4.47,17.48,29.63,11.65
Bhopal,10-06-2022,2,323.77,0,5.83,67.95,5.25,14.79,29.24,13.43
Bhopal,11-06-2022,3,330.45,0,5.57,72.96,4.59,23.13,46.6,14.06
Bhopal,12-06-2022,2,297.07,0,3.81,66.52,4.71,15.85,21.97,8.99
Bhopal,13-06-2022,2,310.42,0,3.73,57.22,3.19,13.51,16.83,7.28
Bhopal,14-06-2022,3,540.73,0,11.14,29.68,4.23,20.49,28.88,7.85
Bhopal,15-06-2022,1,273.7,0,4.33,60.08,4.23,5.94,8.14,9.25
Bhopal,16-06-2022,1,283.72,0,4.67,46.49,3.31,5.67,8.55,10.39
Bhopal,17-06-2022,1,323.77,0,6.08,27.18,3.4,7.98,11.92,8.87
Bhopal,18-06-2022,1,333.79,0,6.51,31.11,3.07,8.01,12.19,4.05
Bhopal,19-06-2022,1,277.04,0.02,3.77,17.17,1.85,3.43,4.77,2.85
Bhopal,20-06-2022,1,263.69,0,3.34,44.7,2.24,5.63,6.9,2.5
Bhopal,21-06-2022,1,310.42,0,4.88,27.89,2.53,6.39,9.74,4.31
Bhopal,22-06-2022,1,353.81,0,5.74,23.6,2.59,9.12,13.35,4.81
Bhopal,23-06-2022,5,1201.63,0.5,26.39,6.35,8.34,52.9,69.7,13.05
Bhopal,24-06-2022,5,1094.82,0.68,22.28,5.05,6.5,65.98,87.33,18.49
Bhopal,25-06-2022,4,427.25,0,5.91,67.23,3.76,41.7,69.94,14.95
Bhopal,26-06-2022,5,1214.98,0,39.41,25.03,18.6,90.36,164.31,58.77
Bhopal,27-06-2022,4,500.68,0,5.83,53.64,3.07,44.84,54.09,6.27
Bhopal,28-06-2022,2,300.41,0,3,67.95,2.74,15.05,15.86,2.94
Bhopal,29-06-2022,1,307.08,0,5.4,23.25,2.71,3.85,5.93,4.75
Bhopal,30-06-2022,1,327.11,0,5.36,27.54,2.89,8.07,11.22,4.31
Bhopal,01-07-2022,1,347.14,0.01,4.97,22.53,2.38,9.29,11.49,3.04
Bhopal,02-07-2022,1,303.75,0.02,5.74,18.42,2.09,4.09,5.29,2.34
Bhopal,03-07-2022,1,300.41,0.01,4.67,23.25,2.21,6.09,8.3,3.61
Bhopal,04-07-2022,1,313.76,0.01,4.97,22.35,2.18,6.99,8.5,3.04
Bhopal,05-07-2022,2,473.98,0.02,10.62,18.6,5.78,14.93,18.48,4.69
Bhopal,06-07-2022,1,297.07,0.01,5.36,20.21,2.15,7.48,8.3,2.28
Bhopal,07-07-2022,2,403.88,0.03,8.14,15.91,3.93,11.53,14.75,3.8
Bhopal,08-07-2022,1,347.14,0.06,6.68,11.8,2.53,9.47,10.97,2.44
Bhopal,09-07-2022,1,403.88,0.04,8.65,14.31,2.95,9.85,14.76,4.24
Bhopal,10-07-2022,1,293.73,0,4.88,23.6,2.53,6.32,7.11,1.96
Bhopal,11-07-2022,2,333.79,0,4.88,43.63,3.49,12.29,13.49,2.85
Bhopal,12-07-2022,2,480.65,0.01,9.17,20.21,3.99,12.96,15.99,3.36
Bhopal,13-07-2022,2,480.65,0,8.4,27.18,6.32,15.29,16.73,2.79
Bhopal,14-07-2022,2,534.06,0,8.4,35.41,6.02,17.56,19.48,3.45
Bhopal,15-07-2022,4,667.57,0,12.34,34.33,14.66,38.2,40.53,4.12
Bhopal,16-07-2022,1,347.14,0.02,6.34,16.99,2.18,8.44,9.49,2.09
Bhopal,17-07-2022,1,347.14,0.02,5.14,17.34,1.97,7.77,10.45,3.39
Bhopal,18-07-2022,1,323.77,0.01,4.67,23.6,2.12,5.86,6.58,2.12
Bhopal,19-07-2022,2,447.27,0,5.27,34.33,2.95,10.39,12.08,2.75
Bhopal,20-07-2022,1,283.72,0,4.67,23.96,1.67,4.01,5.39,3.23
Bhopal,22-07-2022,2,343.8,0,5.57,31.11,4.29,12.95,14.48,2.31
Bhopal,23-07-2022,2,397.21,0.04,7.63,13.95,3.07,10.44,12.61,3.2
Bhopal,24-07-2022,2,407.22,0.01,6.77,19.67,2.18,16.01,17.18,2.63
Bhopal,25-07-2022,1,280.38,0.01,4.5,20.56,1.64,5.21,5.97,2.12
Bhopal,26-07-2022,2,390.53,0.04,6.85,14.84,2.68,14.34,17.89,3.55
Bhopal,27-07-2022,2,400.54,0.1,7.97,10.01,2.68,14.34,19.87,4.02
Bhopal,28-07-2022,2,417.23,0.07,7.37,11,2.62,14.65,18.73,3.89
Bhopal,29-07-2022,2,514.03,0.32,11.14,6.53,3.16,18.22,27.24,5.07
Bhopal,30-07-2022,2,427.25,0,7.8,24.68,3.13,14.9,20.9,4.31
Bhopal,31-07-2022,2,350.48,0,5.91,32.54,2.65,13.01,16.01,4.56
Bhopal,01-08-2022,2,307.08,0,4.8,41.13,2.65,10.6,13.47,6.21
Bhopal,02-08-2022,2,410.56,0.03,8.91,15.74,3.28,10.32,16.09,5.57
Bhopal,03-08-2022,3,540.73,0.39,13.19,5.14,3.73,20.72,30.47,5.38
Bhopal,04-08-2022,5,1642.23,23.25,17.99,0,9.78,69.14,87.99,16.21
Bhopal,05-08-2022,5,1214.98,12.29,18.85,0.05,6.91,67.48,84.33,11.27
Bhopal,06-08-2022,4,560.76,0.15,10.2,8.49,3.07,33.03,39.79,4.94
Bhopal,07-08-2022,4,410.56,0,4.16,42.92,1.65,29.68,31.93,2.79
Bhopal,08-08-2022,4,907.9,0.8,14.57,4.43,4.77,35.87,42.1,6.65
Bhopal,09-08-2022,2,540.73,0,5.57,40.05,4.05,11.7,12.96,2.98
Bhopal,10-08-2022,4,834.47,0.04,12.51,15.91,7.75,33.69,36.71,5.13
Bhopal,11-08-2022,4,834.47,0.04,18.51,13.77,9.89,30.31,35.38,5.57
Bhopal,12-08-2022,2,280.38,0,4.5,29.68,3.25,13.16,13.89,1.54
Bhopal,13-08-2022,1,223.64,0.01,3.51,18.95,1.86,5.77,6.62,1.84
Bhopal,14-08-2022,1,267.03,0,3.56,41.13,2.06,6.69,7.99,3.17
Bhopal,15-08-2022,1,300.41,0.01,5.65,20.03,2.59,7.26,7.93,1.93
Bhopal,16-08-2022,1,303.75,0.01,5.01,19.31,1.68,7.69,8.05,1.25
Bhopal,17-08-2022,2,283.72,0.02,9.25,16.27,6.56,14.39,15.9,1.57
Bhopal,18-08-2022,1,257.02,0,2.91,41.48,1.86,9.59,11.1,2.37
Bhopal,19-08-2022,2,297.07,0,5.27,31.11,3.37,11.17,14.93,3.64
Bhopal,20-08-2022,1,290.39,0,4.93,32.54,3.07,9.88,11.04,2.31
Bhopal,21-08-2022,2,300.41,0,4.03,32.9,1.94,15,16.31,2.44
Bhopal,22-08-2022,1,260.35,0.01,3.13,23.6,1.1,2.77,3.04,1.12
Bhopal,23-08-2022,1,283.72,0.01,5.48,21.1,2.24,6.47,6.8,1
Bhopal,24-08-2022,2,303.75,0,4.46,31.47,2.44,18.4,22.95,3.2
Bhopal,25-08-2022,2,534.06,0.96,11.82,2.39,3.43,14.15,23.17,5.45
Bhopal,26-08-2022,5,1348.5,20.34,9.34,0,5.48,57.02,79.82,8.74
Bhopal,27-08-2022,4,500.68,0,8.4,38.27,4.41,38.37,46.43,4.88
Bhopal,28-08-2022,4,634.19,0.11,11.48,12.16,3.55,29.09,39.75,6.71
Bhopal,29-08-2022,5,1455.31,14.98,28.79,0.05,21.93,54.49,66.74,58.26
Bhopal,30-08-2022,5,1789.09,24.36,15.77,0,8.58,82.89,97.14,11.02
Bhopal,31-08-2022,5,1695.63,17.88,27.76,0.01,23.84,76.83,98.08,59.28
Bhopal,01-09-2022,4,934.6,2.07,18.85,3.84,4.95,36.04,44.11,4.75
Bhopal,02-09-2022,5,2056.12,34.42,13.88,0,12.28,83.34,104.53,27.11
Bhopal,03-09-2022,5,2002.72,21.23,33.93,0,31.95,83.49,106.54,70.93
Bhopal,04-09-2022,3,500.68,0,5.44,32.19,2.09,23.24,27.61,4.62
Bhopal,05-09-2022,2,390.53,0.01,5.1,20.56,2.18,19.3,22.47,3.83
Bhopal,06-09-2022,4,627.52,0.05,11.65,20.74,3.49,29.33,40.41,5.76
Bhopal,07-09-2022,5,2136.23,25.03,30.85,0,25.75,107.2,126.33,49.14
Bhopal,08-09-2022,5,1922.61,22.8,13.88,0,7.51,84.81,106.65,11.53
Bhopal,09-09-2022,5,1094.82,0.05,13.54,16.63,5.36,50.1,57.82,7.03
Bhopal,10-09-2022,4,714.3,0.01,9.25,20.92,4.65,41.6,45.62,4.05
Bhopal,11-09-2022,4,627.52,0,6.34,46.49,3.46,40.51,43.19,4.43
Bhopal,12-09-2022,4,654.22,0,7.03,42.2,4.47,28.1,29.87,4.37
Bhopal,13-09-2022,4,614.17,0.01,9.51,25.03,5.54,25.6,27.7,4.12
Bhopal,14-09-2022,2,560.76,0,5.57,22.89,2.35,15.72,16.63,2.12
Bhopal,15-09-2022,1,340.46,0,3.21,24.32,1.62,4.17,4.74,1.74
Bhopal,16-09-2022,1,347.14,0.02,6.17,15.38,2.77,6.42,7.1,1.85
Bhopal,17-09-2022,2,420.57,0,5.74,32.54,3.04,15.41,17.92,3.1
Bhopal,18-09-2022,2,460.62,0.03,7.54,16.27,2.24,15.92,23.26,4.75
Bhopal,19-09-2022,4,480.65,0,7.88,26.82,3.07,28.69,42.19,5
Bhopal,20-09-2022,4,427.25,0,7.45,38.62,4.17,27.29,45.53,5
Bhopal,21-09-2022,4,467.3,0,8.83,45.78,5.3,38.79,58.88,6.27
Bhopal,22-09-2022,2,323.77,0,5.57,49.35,3.25,14.02,22.73,10.01
Bhopal,23-09-2022,1,257.02,0,3.77,52.21,3.22,6.37,6.97,1.49
Bhopal,24-09-2022,1,287.06,0,4.97,39.7,3.37,7.54,8.12,1.55
Bhopal,25-09-2022,2,303.75,0,5.31,33.26,2.35,16.06,21.44,4.56
Bhopal,26-09-2022,4,694.27,0.28,11.82,8.4,3.46,39.46,52.57,6.33
Bhopal,27-09-2022,4,634.19,0.03,11.14,17.17,4.17,32.79,46.72,5.64
Bhopal,28-09-2022,5,1388.55,13.63,19.71,0.03,14.19,70.66,101.09,35.97
Bhopal,29-09-2022,4,734.33,0.31,14.22,7.78,4.89,45.95,76.04,7.22
Bhopal,30-09-2022,5,1134.87,10.95,19.54,0.13,5.96,66.24,106.47,10.39
Bhopal,01-10-2022,5,500.68,0,8.48,67.95,9.66,71.32,102.16,9.88
Bhopal,02-10-2022,4,433.92,0,7.88,47.92,5.3,45,61.1,10.39
Bhopal,03-10-2022,4,400.54,0,7.37,43.99,5.01,32.44,44.49,12.41
Bhopal,04-10-2022,4,330.45,0,7.37,67.23,11.21,29.91,45.61,12.16
Bhopal,05-10-2022,4,440.6,0,9.34,48.64,5.19,38.05,58.41,12.92
Bhopal,06-10-2022,4,1014.71,0.02,11.48,17.88,5.96,32.24,35.96,4.43
Bhopal,07-10-2022,2,734.33,0.01,5.91,19.49,3.87,10.47,11.69,3.42
Bhopal,08-10-2022,1,433.92,0,3.3,45.78,3.01,6.62,7.17,1.73
Bhopal,09-10-2022,2,407.22,0,3.56,55.79,2.65,13.03,14.11,2.28
Bhopal,10-10-2022,2,417.23,0,7.2,26.46,2.86,18.03,22.69,4.62
Bhopal,11-10-2022,5,2937.32,49.62,31.53,0,28.85,141.07,162.26,55.22
Bhopal,12-10-2022,4,921.25,0.54,19.54,5.14,8.94,38.37,45.94,11.78
Bhopal,13-10-2022,5,921.25,0.23,17.31,9.75,5.07,53.6,64.51,8.87
Bhopal,14-10-2022,5,881.2,0,14.22,37.91,4.53,78.33,86.81,9.5
Bhopal,15-10-2022,5,947.95,0.05,18.85,18.78,4.65,70.18,85.43,8.04
Bhopal,16-10-2022,5,847.82,0.01,14.57,26.46,4.17,85.5,103.03,13.05
Bhopal,17-10-2022,5,500.68,0,6.34,77.25,4.65,65.72,72.98,11.15
Bhopal,18-10-2022,4,494,0,9.34,50.07,4.35,43.09,48.43,13.43
Bhopal,19-10-2022,5,660.9,0,11.82,38.98,4.47,55.6,62.82,13.17
Bhopal,20-10-2022,5,1068.12,2.35,22.28,2.15,5.9,86.61,101.76,13.17
Bhopal,21-10-2022,5,834.47,0.23,17.31,10.73,5.54,63.81,75.12,18.75
Bhopal,22-10-2022,4,574.11,0,13.19,40.77,5.13,44.12,56.01,16.47
Bhopal,23-10-2022,5,640.87,0.01,15.25,28.25,4.65,52.15,74.13,19.51
Bhopal,24-10-2022,5,600.81,0,11.31,42.92,5.19,69.01,85.72,18.24
Bhopal,25-10-2022,5,674.25,0,13.02,65.8,9.54,75.08,89.11,20.27
Bhopal,26-10-2022,5,867.84,0,18.85,41.13,9.06,67.95,86.89,21.79
Bhopal,27-10-2022,5,1428.6,2.4,34.62,2.41,8.94,100.61,138.53,28.37
Bhopal,28-10-2022,5,2162.93,2.26,57.58,1.74,19.55,142.66,194.79,47.12
Bhopal,29-10-2022,5,1014.71,0.15,22.96,12.87,7.75,79.49,127.72,23.31
Bhopal,30-10-2022,5,1001.36,0.32,22.96,8.23,7.09,88.32,136.7,26.6
Bhopal,31-10-2022,5,634.19,0,9.94,53.64,5.78,82.25,103.12,17.73
Bhopal,01-11-2022,5,654.22,0,8.65,72.96,5.9,82.31,91.41,16.09
Bhopal,02-11-2022,5,734.33,0,14.91,41.13,5.48,89.37,98.85,19.51
Bhopal,03-11-2022,5,2483.37,19.22,54.15,0.04,18.6,154.81,194.08,40.02
Bhopal,04-11-2022,5,1480,0.14,33.13,12.84,11.66,136,191.5,40.02
Bhopal,05-11-2022,5,1428,5.36,28.06,0.61,8.69,114.5,149.5,21.53
Bhopal,06-11-2022,5,1001.36,0.07,23.99,16.45,7.75,84.51,112.73,21.53
Bhopal,07-11-2022,5,654.22,0,11.65,45.42,5.36,91.01,115.49,18.24
Bhopal,08-11-2022,5,961.3,0.27,19.19,9.39,7.75,97.56,118.08,22.29
Bhopal,09-11-2022,5,647.54,0,12.68,38.27,5.3,64.31,75.84,19
Bhopal,10-11-2022,5,907.9,0.66,23.31,12.16,6.08,73.64,90.69,21.28
Bhopal,11-11-2022,5,741,0,15.59,35.41,5.13,76.18,89.49,19.76
Bhopal,12-11-2022,5,614.17,0,9.42,87.98,10.25,86.83,96.58,15.2
Bhopal,13-11-2022,5,881.2,0.11,20.91,14.48,5.25,55.15,70.28,23.31
Bhopal,14-11-2022,5,974.66,0.21,20.56,12.16,5.42,65.16,82.44,24.57
Bhopal,15-11-2022,5,947.95,0.02,20.05,23.6,6.85,52.38,64.63,21.28
Bhopal,16-11-2022,5,1241.68,0.13,26.05,15.02,7.45,66.86,79.12,26.09
Bhopal,17-11-2022,5,707.63,0,15.42,57.22,6.5,50.9,62.97,17.48
Bhopal,18-11-2022,4,460.62,0,9.85,61.51,5.66,29.03,41.06,15.07
Bhopal,19-11-2022,5,1134.87,0.2,28.79,12.87,7.75,66.78,88.32,26.6
Bhopal,20-11-2022,4,727.65,0,15.08,44.7,4.71,38.65,46.88,20.01
Bhopal,21-11-2022,5,694.27,0,9.08,91.55,7.75,110.46,117.11,14.57
Bhopal,22-11-2022,5,807.76,0,12.85,75.1,8.11,116.16,125.09,17.23
Bhopal,23-11-2022,5,1615.52,11.18,36.67,0.11,14.42,96.64,130.73,41.04
Bhopal,24-11-2022,5,881.2,0,21.25,38.27,5.42,76.55,92.75,20.27
Bhopal,25-11-2022,4,674.25,0,14.22,47.21,5.66,45.58,53.82,18.24
Bhopal,26-11-2022,4,580.79,0,13.19,47.21,4.83,36.72,43.53,19
Bhopal,27-11-2022,5,1482.01,12.63,31.87,0.08,11.92,88.61,106.61,40.53
Bhopal,28-11-2022,4,801.09,0,18.68,33.62,4.71,48.4,56.23,21.28
Bhopal,29-11-2022,5,627.52,0,12.34,40.41,6.08,66.79,74.29,19.25
Bhopal,30-11-2022,5,567.44,0,7.71,79.39,8.11,92.39,98.19,14.82
Bhopal,01-12-2022,5,580.79,0,10.71,59.37,5.36,79.51,86,15.96
Bhopal,02-12-2022,5,1548.77,0.07,36.67,17.34,8.23,148.58,163.23,23.81
Bhopal,03-12-2022,5,1321.79,0.02,25.02,23.96,7.45,145.56,158.87,21.53
Bhopal,04-12-2022,5,841.14,0.02,16.11,23.96,3.93,111.14,120.07,14.69
Bhopal,05-12-2022,5,894.55,0.03,18.34,22.35,4.29,113.69,122.38,20.27
Bhopal,06-12-2022,5,540.73,0,7.63,60.8,4.77,98.1,103.95,14.31
Bhopal,07-12-2022,5,507.35,0,11.48,45.42,4.83,52.76,58.36,17.48
Bhopal,08-12-2022,5,974.66,0.07,21.76,18.24,7.75,64.27,75.08,21.79
Bhopal,09-12-2022,4,417.23,0,8.4,72.96,6.79,38.01,46.24,13.43
Bhopal,11-12-2022,5,807.76,0,6,72.96,4.17,168.43,176.22,4.94
Bhopal,12-12-2022,5,634.19,0,6.51,67.95,6.85,128.51,134.19,15.71
Bhopal,13-12-2022,5,787.73,0.05,15.59,19.31,5.54,93.65,103.12,14.69
Bhopal,14-12-2022,5,494,0,8.65,55.79,7.21,54.18,60.64,15.07
Bhopal,15-12-2022,4,427.25,0,7.03,76.53,8.58,39.87,46.02,13.3
Bhopal,16-12-2022,5,600.81,0,12.51,41.84,5.42,50.19,57.17,16.21
Bhopal,17-12-2022,5,881.2,0.1,20.22,15.91,5.19,68.47,79.1,17.23
Bhopal,18-12-2022,4,487.33,0,9.34,45.78,3.93,46.14,51.99,16.47
Bhopal,19-12-2022,4,567.44,0.01,13.54,31.83,4.05,28.86,34.36,19.25
Bhopal,20-12-2022,4,614.17,0,13.19,40.77,5.42,38.45,44.94,18.49
Bhopal,21-12-2022,4,594.14,0.01,13.54,30.76,4.71,38.18,44.81,18.75
Bhopal,22-12-2022,4,417.23,0,6.85,39.7,3.46,35.67,40.83,14.57
Bhopal,23-12-2022,5,907.9,0.79,21.42,11.09,5.6,67.77,78.09,15.33
Bhopal,24-12-2022,5,567.44,0,7.8,79.39,8.11,113.02,122.57,14.57
Bhopal,25-12-2022,5,580.79,0,8.4,66.52,7.03,119.25,126.03,12.16
Bhopal,26-12-2022,5,647.54,0,7.03,59.37,6.62,143.47,150.16,9.88
Bhopal,27-12-2022,5,587.46,0,7.8,77.25,6.38,108.36,115.31,13.93
Bhopal,28-12-2022,5,961.3,0,19.36,42.2,6.68,130.89,142.44,8.61
Bhopal,29-12-2022,4,1081.47,0.01,24.68,27.89,7.21,69.72,79.77,22.29
Bhopal,30-12-2022,3,767.71,0.08,18.16,18.06,5.19,46.78,57.42,22.8
Bhopal,31-12-2022,5,2216.34,16.09,42.84,0.05,12.64,181.21,214.68,29.89
Bhopal,01-01-2023,4,587.46,0,11.82,39.34,4.17,69.89,82.44,19
Bhopal,02-01-2023,5,614.17,0,10.2,60.8,3.55,87.18,93.89,8.11
Bhopal,03-01-2023,5,600.81,0,9.25,60.08,4.23,92.69,98.97,8.11
Bhopal,04-01-2023,5,520.71,0,6.34,85.12,4.59,98.22,103.98,6.21
Bhopal,05-01-2023,5,567.44,0,6.25,83.68,7.39,131.21,137.16,4.31
Bhopal,06-01-2023,5,634.19,0,6.25,82.97,4.95,118.11,123.06,6.02
Bhopal,07-01-2023,4,614.17,0,10.88,44.35,3.7,67.23,72.1,12.41
Bhopal,08-01-2023,5,961.3,0.02,20.91,25.75,3.93,88.74,96.76,11.02
Bhopal,09-01-2023,4,674.25,0,14.57,38.27,3.87,51.3,57.15,19.76
Bhopal,10-01-2023,4,1081.47,0.07,27.08,19.49,6.44,72.08,82.87,20.01
Bhopal,11-01-2023,5,1241.68,0.03,28.45,22.17,9.42,76.88,85.29,19
Bhopal,12-01-2023,4,741,0.31,19.54,11.62,4.77,54.21,70.13,25.59
Bhopal,13-01-2023,4,467.3,0,5.23,85.12,7.09,74.07,84.3,14.06
Bhopal,14-01-2023,3,600.81,0,13.19,41.13,4.41,44.99,75.44,14.69
Bhopal,15-01-2023,5,634.19,0,9.6,51.5,3.4,82.49,99.22,16.47
Bhopal,16-01-2023,5,747.68,0,13.71,56.51,5.42,99.47,111.47,17.99
Bhopal,17-01-2023,4,560.76,0,7.88,72.24,5.19,64.79,71.15,14.44
Bhopal,18-01-2023,4,460.62,0,7.97,90.84,9.66,53.75,58.87,12.79
Bhopal,19-01-2023,3,507.35,0,8.83,67.95,5.36,43.81,48.74,16.47
Bhopal,20-01-2023,4,527.38,0,9.51,52.21,4.41,53.32,58.92,14.19
Bhopal,21-01-2023,5,801.09,0,15.25,33.62,5.42,102.43,114.11,8.36
Bhopal,22-01-2023,5,1415.25,1.19,29.47,3.84,8.46,167.65,183.5,19
Bhopal,23-01-2023,5,854.49,0.01,17.14,26.11,6.2,99.49,113.07,21.79
Bhopal,24-01-2023,5,1201.63,1.76,26.39,2.73,6.79,101.43,123.68,27.36
Bhopal,25-01-2023,5,1842.5,3.24,39.07,2.03,9.89,155.63,179.88,19
Bhopal,26-01-2023,5,2964.02,25.7,67.17,0,31.95,180.08,192.71,58.26
Bhopal,27-01-2023,3,647.54,0,7.03,56.51,6.56,37.24,39.19,2.56
Bhopal,28-01-2023,5,594.14,0,7.45,52.93,3.99,78.3,83.8,3.99
Bhopal,29-01-2023,3,473.98,0,8.31,35.41,3.4,41.98,46.45,8.49
Bhopal,30-01-2023,4,480.65,0,5.83,60.8,7.33,68.8,73.7,12.29
Bhopal,31-01-2023,5,600.81,0,5.48,81.54,9.66,125.16,130.45,3.83
Bhopal,01-02-2023,3,494,0,8.74,46.49,3.76,36.5,41,5.89
Bhopal,02-02-2023,5,1495.36,11.18,28.45,0.23,6.91,108.81,132.1,13.68
Bhopal,03-02-2023,4,1041.41,0.04,22.28,22.89,5.48,64.29,80.25,13.81
Bhopal,04-02-2023,4,1134.87,0.13,26.73,16.81,6.26,66.67,82.99,19.25
Bhopal,05-02-2023,5,1602.17,0.18,35.99,13.77,10.73,77.03,88.89,18.75
Bhopal,06-02-2023,4,821.11,0,18.34,38.27,5.9,58.34,73.9,30.65
Bhopal,07-02-2023,3,567.44,0.01,12.68,28.25,4.59,40.37,53.66,21.28
Bhopal,08-02-2023,5,674.25,0,12.85,68.66,8.94,77.41,107.15,16.47
Bhopal,09-02-2023,5,2189.64,0.13,54.15,14.66,24.56,126.56,149,38.5
Bhopal,10-02-2023,4,821.11,0.07,20.22,18.06,4.71,70.5,89.64,24.32
Bhopal,11-02-2023,4,487.33,0,9.08,70.81,10.49,50.3,62.6,18.49
Bhopal,12-02-2023,3,620.84,0.01,14.91,27.54,5.01,47.94,85.99,19.51
Bhopal,13-02-2023,4,447.27,0,9,89.41,15.97,54.66,82.96,13.43
Bhopal,14-02-2023,4,787.73,0,16.62,55.79,9.89,55.96,69.15,20.27
Bhopal,15-02-2023,5,1094.82,0,24.33,57.94,19.79,84.92,107.47,34.45
Bhopal,16-02-2023,5,1054.76,0,21.76,32.9,9.89,86.38,122.33,25.59
Bhopal,17-02-2023,5,707.63,0,13.54,69.38,17.17,97.68,143.09,18.49
Bhopal,18-02-2023,5,1375.2,1.63,34.27,7.87,7.09,153.81,183.27,21.28
Bhopal,19-02-2023,5,1428.6,0.18,29.13,11.98,7.57,141.62,159.1,24.57
Bhopal,20-02-2023,5,1375.2,0,25.7,41.84,12.4,122.95,144.39,25.33
Bhopal,21-02-2023,5,594.14,0,7.88,59.37,4.77,90.3,102.35,18.49
Bhopal,22-02-2023,5,554.08,0,8.74,94.41,12.28,83.64,94.55,18.49
Bhopal,23-02-2023,3,520.71,0,9.85,46.49,4.35,48.89,71.1,21.28
Bhopal,25-02-2023,5,1668.93,0.4,31.87,11.62,8.34,157.13,187.03,23.81
Bhopal,26-02-2023,5,1575.47,0.56,47.98,5.81,22.65,108.91,138.97,82.08
Bhopal,27-02-2023,5,2510.07,7.26,79.51,0.32,32.9,145.37,174.59,74.98
Bhopal,28-02-2023,5,1335.14,0.01,29.82,23.25,11.8,94.91,112.78,29.64
Bhopal,01-03-2023,5,1628.88,0.22,43.53,10.55,19.55,105.88,125.49,24.57
Bhopal,02-03-2023,4,547.41,0,8.05,71.53,9.78,74.79,82.68,13.43
Bhopal,03-03-2023,5,727.65,0,13.37,55.07,9.06,83.02,92.22,17.23
Bhopal,04-03-2023,4,627.52,0,10.88,53.64,7.51,63.2,74.37,17.23
Bhopal,05-03-2023,4,440.6,0,4.76,85.12,4.53,51.21,57.12,11.4
Bhopal,06-03-2023,4,1001.36,0,22.28,37.91,8.94,74.66,85.82,27.61
Bhopal,07-03-2023,4,1134.87,0.01,25.36,26.11,7.87,59.9,69.43,17.23
Bhopal,08-03-2023,4,1495.36,0.08,30.16,16.45,8.46,70.22,82.42,14.95
Bhopal,09-03-2023,3,487.33,0,7.88,60.08,4.53,25.09,29.57,12.54
Bhopal,10-03-2023,3,574.11,0,10.28,52.21,5.01,35.51,42.16,14.19
Bhopal,11-03-2023,3,547.41,0,8.31,65.09,6.14,37.55,42.31,14.06
Bhopal,12-03-2023,3,647.54,0,12.17,52.21,5.13,49.26,55.81,17.48
Bhopal,13-03-2023,3,700.95,0,13.88,41.13,6.02,45.51,55.13,18.24
Bhopal,14-03-2023,4,921.25,0.01,20.22,22.89,9.54,59.93,72.25,21.28
Bhopal,15-03-2023,3,560.76,0,9.08,40.41,4.05,47.95,55.66,16.97
Bhopal,16-03-2023,3,400.54,0,3.04,80.82,3.49,39.51,43.06,10.13
Bhopal,17-03-2023,5,1428.6,0.53,34.96,6.97,11.44,78,93.98,29.64
Bhopal,18-03-2023,5,1695.63,9.95,39.41,0.25,26.7,81.42,106.89,78.02
Bhopal,19-03-2023,3,807.76,0,15.42,36.48,3.73,32.09,37.6,11.65
Bhopal,20-03-2023,4,1441.96,2.07,41.81,3.84,17.64,72.27,87.92,59.28
Bhopal,21-03-2023,5,1895.9,10.17,32.9,0.19,6.91,93.06,118.55,13.55
Bhopal,22-03-2023,3,894.55,0,17.65,32.54,6.2,34.49,44.36,17.99
Bhopal,23-03-2023,5,2296.45,0.33,58.95,8.58,37.19,103.94,126.22,69.92
Bhopal,24-03-2023,5,1842.5,5.76,58.26,0.98,19.07,92.82,118.89,53.7
Bhopal,25-03-2023,3,540.73,0,12.85,30.4,4.29,27.89,38.16,17.73
Bhopal,26-03-2023,3,440.6,0,8.23,53.64,5.48,25.74,38.65,17.23
Bhopal,27-03-2023,2,413.89,0,6.6,80.11,4.29,21.89,45.96,16.21
Bhopal,28-03-2023,4,1108.17,0.03,26.05,19.85,9.89,61.42,87.09,23.31
Bhopal,29-03-2023,5,1522.06,0,30.5,23.25,16.21,84.66,109.03,22.55
Bhopal,30-03-2023,3,413.89,0,6.85,81.54,6.62,31.05,44.34,15.07
Bhopal,31-03-2023,3,700.95,0,16.28,49.35,7.45,43.92,62.54,18.49
Bhopal,01-04-2023,2,377.18,0,7.63,59.37,5.6,19.74,28.7,16.21
Bhopal,02-04-2023,4,1388.55,2.29,37.36,1.72,13.59,61.81,87.59,39.01
Bhopal,03-04-2023,3,640.87,0,13.37,40.77,6.44,32.44,49.69,18.49
Bhopal,04-04-2023,2,380.52,0,5.18,82.97,5.42,22.84,36.74,13.81
Bhopal,05-04-2023,3,507.35,0,11.82,45.42,6.91,36.06,79.44,15.83
Bhopal,06-04-2023,3,660.9,0.01,17.82,30.4,9.06,29.02,54.13,21.28
Bhopal,07-04-2023,3,787.73,0.01,18.68,25.75,10.01,45.16,74.16,21.28
Bhopal,08-04-2023,3,507.35,0,7.8,61.51,5.78,46.93,74.74,12.92
Bhopal,09-04-2023,3,854.49,0,17.31,26.46,4.65,41.62,51.41,12.16
Bhopal,10-04-2023,3,433.92,0,10.54,60.08,13.71,31.09,37.01,11.4
Bhopal,11-04-2023,5,2056.12,0,45.93,20.74,21.22,127.1,156.96,24.57
Bhopal,12-04-2023,4,680.92,0,11.82,32.9,7.15,54.75,76.13,21.28
Bhopal,13-04-2023,3,547.41,0,9.25,65.09,6.91,41.64,52.3,19
Bhopal,14-04-2023,2,327.11,0,5.27,66.52,4.65,18.11,27.68,14.06
Bhopal,15-04-2023,3,514.03,0,8.57,57.94,4.53,30.72,44.24,18.49
Bhopal,16-04-2023,4,373.84,0,3.17,71.53,3.25,51.28,60.66,10.51
Bhopal,17-04-2023,3,534.06,0,6.94,62.23,4.89,46.27,55.58,17.48
Bhopal,18-04-2023,3,413.89,0,5.65,85.12,4.95,30.44,38.08,14.06
Bhopal,19-04-2023,2,473.98,0,7.71,75.82,5.6,24.76,34.45,16.72
Bhopal,20-04-2023,3,453.95,0,6.68,59.37,5.13,33.97,46.72,16.72
Bhopal,21-04-2023,3,400.54,0,3.26,92.98,4.65,39.39,48.54,9.75
Bhopal,22-04-2023,2,520.71,0,10.97,55.07,7.87,20.07,36.95,16.72
Bhopal,23-04-2023,2,310.42,0,3.86,87.98,5.42,20.92,43.84,11.4
Bhopal,24-04-2023,3,494,0,7.71,68.66,6.62,29.81,47.82,16.97
Bhopal,25-04-2023,3,427.25,0,4.28,105.86,6.44,27.86,33.24,10.01
Bhopal,26-04-2023,4,847.82,0,10.62,88.69,8.58,59.8,71.12,19.25
Bhopal,27-04-2023,3,781.06,0,15.42,42.2,7.75,48.06,55.72,18.75
Bhopal,28-04-2023,3,494,0,7.37,65.8,4.05,27.56,31.66,12.16
Bhopal,29-04-2023,3,594.14,0,9.34,50.78,4.47,26.82,32.2,5.95
Bhopal,30-04-2023,3,514.03,0,7.28,43.27,2.86,29.71,34.77,5.51
Bhopal,01-05-2023,2,500.68,0,4.76,55.79,2.98,23.58,26.54,3.7
Bhopal,02-05-2023,5,2082.82,7.71,56.89,0.17,30.99,88.06,108.49,69.92
Bhopal,03-05-2023,3,607.49,0,11.65,45.78,6.02,31.88,38.15,5.95
Bhopal,04-05-2023,4,1228.33,0.01,23.99,20.38,6.91,66.27,79.03,5.7
Bhopal,05-05-2023,3,547.41,0,9.6,31.47,3.28,34.04,40.92,6.9
Bhopal,06-05-2023,3,714.3,0,13.02,50.78,6.2,46.73,58.22,15.45
Bhopal,07-05-2023,3,587.46,0,9.25,46.49,4.77,44.45,56.37,16.72
Bhopal,08-05-2023,3,654.22,0,10.45,26.11,4.11,46.11,64.15,17.23
Bhopal,09-05-2023,5,1508.71,0.13,31.87,9.75,18.84,76.14,110.72,33.44
Bhopal,10-05-2023,3,440.6,0,8.48,94.41,12.28,29.49,51.21,14.95
Bhopal,11-05-2023,3,520.71,0,10.2,90.12,14.9,31.93,50.32,16.21
Bhopal,12-05-2023,5,2590.18,0,55.52,18.06,30.99,124.49,168.88,37.49
Bhopal,13-05-2023,3,680.92,0,12.85,66.52,9.89,36.38,55.93,16.72
Bhopal,14-05-2023,3,587.46,0,11.82,66.52,11.09,38.95,67.97,15.96
Bhopal,15-05-2023,2,280.38,0,3,90.84,5.42,18.44,39.28,10.13
Bhopal,16-05-2023,3,323.77,0,4.37,74.39,5.3,21.53,52.44,12.29
Bhopal,17-05-2023,4,1335.14,0.44,35.99,6.44,13.95,62.13,103.81,28.12
Bhopal,18-05-2023,3,947.95,0.01,22.96,20.03,11.21,45.75,91.57,23.56
Bhopal,19-05-2023,3,313.76,0,4.93,67.95,3.93,19.07,52.33,13.17
Bhopal,20-05-2023,2,403.88,0,7.45,53.64,5.13,18.81,43.37,17.48
Bhopal,21-05-2023,3,353.81,0,4.8,72.24,4.29,20.75,50.07,13.93
Bhopal,22-05-2023,2,357.15,0,5.57,70.81,5.13,20.31,41.25,12.79
Bhopal,23-05-2023,3,620.84,0,13.88,39.7,8.58,36.34,66.94,19.25
Bhopal,24-05-2023,3,320.43,0,4.11,91.55,5.42,26.9,51.91,11.4
Bhopal,25-05-2023,3,297.07,0,4.28,88.69,6.68,26.72,60.02,10.89
Brajrajnagar,30-11-2020,5,440.6,3.16,24.68,151.63,144.96,93.46,101.83,1.77
Brajrajnagar,01-12-2020,5,974.66,0.05,21.42,14.66,3.46,107.97,121.42,23.81
Brajrajnagar,02-12-2020,5,1161.58,0,39.76,24.68,18.6,176.35,201.09,58.26
Brajrajnagar,03-12-2020,5,961.3,0.01,26.05,22.17,5.19,196.16,220.45,25.33
Brajrajnagar,04-12-2020,5,894.55,0.03,25.02,16.99,5.48,208.06,226.91,13.17
Brajrajnagar,05-12-2020,5,1094.82,0.03,39.07,16.09,11.21,187.8,209.66,40.03
Brajrajnagar,06-12-2020,5,1001.36,0.18,42.5,7.78,19.79,162.06,182.28,41.04
Brajrajnagar,07-12-2020,5,1081.47,0,55.52,31.11,89.65,212.64,233.5,95.25
Brajrajnagar,08-12-2020,5,894.55,0.01,22.28,20.03,5.42,189.01,209.6,20.01
Brajrajnagar,09-12-2020,5,667.57,0.01,21.42,22.89,8.7,100.49,112.85,21.79
Brajrajnagar,10-12-2020,5,774.38,0.33,30.5,6.26,5.84,76.35,93.31,28.88
Brajrajnagar,11-12-2020,5,947.95,0.09,28.79,11.98,3.99,129.94,146.99,25.33
Brajrajnagar,12-12-2020,5,974.66,0.01,28.45,18.42,6.44,113.47,126.12,35.97
Brajrajnagar,13-12-2020,5,714.3,0.01,19.19,20.03,2.03,87.16,95.59,21.53
Brajrajnagar,14-12-2020,5,634.19,0.01,19.71,21.99,5.13,91.68,99.12,20.27
Brajrajnagar,15-12-2020,5,741.01,0,12.34,47.92,5.36,160.1,170.99,16.47
Brajrajnagar,16-12-2020,5,794.41,0,7.97,73.67,6.14,206.66,216,7.28
Brajrajnagar,17-12-2020,5,734.33,0,7.97,69.38,8.23,201.89,210.68,8.36
Brajrajnagar,18-12-2020,5,534.06,0,11.14,41.49,8.46,93.23,99.17,7.47
Brajrajnagar,19-12-2020,4,407.22,0,11.65,35.76,3.79,35.93,41.06,17.23
Brajrajnagar,20-12-2020,5,487.33,0,13.71,38.27,7.39,54.39,59.38,20.01
Brajrajnagar,21-12-2020,5,393.87,0,15.08,43.99,21.46,59.41,65.97,14.57
Brajrajnagar,22-12-2020,5,667.57,0.09,26.39,17.88,12.99,85.03,94.94,23.31
Brajrajnagar,23-12-2020,5,921.25,0.04,38.39,17.17,17.64,156.31,177.24,61.81
Brajrajnagar,24-12-2020,5,1268.39,0,40.1,27.54,26.23,183.13,207.77,96.26
Brajrajnagar,25-12-2020,5,1121.52,0.02,26.39,20.92,4.35,193.17,210.01,26.09
Brajrajnagar,26-12-2020,5,754.36,0,18.17,35.76,13.23,152.64,163.42,21.03
Brajrajnagar,27-12-2020,5,1068.12,0,43.18,35.05,30.99,189.31,208.3,90.18
Brajrajnagar,28-12-2020,5,801.09,0.44,25.02,4.87,3.99,118.98,136.82,28.37
Brajrajnagar,29-12-2020,5,1121.52,0.2,38.04,8.14,6.62,139.17,159.37,36.48
Brajrajnagar,30-12-2020,5,1148.22,0.12,46.61,10.19,16.21,196.51,217.44,34.45
Brajrajnagar,31-12-2020,5,801.09,0,12,62.94,16.45,193.5,205,11.78
Brajrajnagar,01-01-2021,5,747.68,0,10.63,70.1,5.84,162.61,171.17,11.78
Brajrajnagar,02-01-2021,5,1054.76,0.03,21.94,17.17,3.49,192.99,207.4,19.76
Brajrajnagar,03-01-2021,5,1121.52,0.01,32.56,20.39,12.76,190.21,210.1,79.04
Brajrajnagar,04-01-2021,5,867.84,0.15,16.79,8.94,1.89,146.4,161.89,20.52
Brajrajnagar,05-01-2021,5,801.09,0,11.31,53.64,19.31,172.38,184.59,14.44
Brajrajnagar,06-01-2021,5,660.9,0,13.02,36.12,22.41,124.89,135.71,15.45
Brajrajnagar,07-01-2021,5,680.92,0,10.28,67.23,6.08,132.91,140.22,16.47
Brajrajnagar,08-01-2021,5,854.49,0.31,34.27,5.99,10.49,188.37,201.64,33.44
Brajrajnagar,09-01-2021,5,741.01,0,14.74,26.11,4.53,126.19,136.56,18.49
Brajrajnagar,10-01-2021,5,1134.87,0,30.5,40.77,13.47,260.77,278.09,57.25
Brajrajnagar,11-01-2021,5,700.95,0,9.08,49.35,7.03,187.31,201.28,16.97
Brajrajnagar,12-01-2021,5,600.82,0.02,13.88,19.67,3.52,91.12,98,20.52
Brajrajnagar,13-01-2021,4,427.25,0,9.25,36.84,3.76,28.17,32.02,15.45
Brajrajnagar,14-01-2021,4,387.19,0,10.8,52.21,10.37,27,31.93,16.47
Brajrajnagar,15-01-2021,5,687.6,0.1,26.39,12.16,8.7,58.16,70.29,29.13
Brajrajnagar,16-01-2021,5,540.73,0.02,27.08,19.85,17.64,54.1,65.54,22.8
Brajrajnagar,17-01-2021,5,841.14,0.02,35.99,18.24,15.02,123.41,138.07,61.3
Brajrajnagar,18-01-2021,5,847.82,0,12.68,28.25,3.43,171.15,183.54,19.51
Brajrajnagar,19-01-2021,5,1201.63,0.02,25.02,18.42,4.53,199.05,215.17,34.45
Brajrajnagar,20-01-2021,5,801.09,0.01,17.48,22.53,4.89,118.34,133.25,25.84
Brajrajnagar,21-01-2021,5,453.95,0,6.86,61.51,8.35,73.85,78.86,13.68
Brajrajnagar,22-01-2021,5,747.68,0.21,28.1,7.87,8.35,62.25,74.79,29.39
Brajrajnagar,23-01-2021,5,947.95,0.22,34.96,7.78,7.03,98.45,116.64,30.15
Brajrajnagar,24-01-2021,5,841.14,0.01,25.36,22.89,7.75,125.51,145.17,36.48
Brajrajnagar,25-01-2021,5,894.55,0,26.05,31.47,8.46,131.23,149.53,54.21
Brajrajnagar,26-01-2021,5,747.68,0,9.51,105.86,35.29,177.07,188.25,8.99
Brajrajnagar,27-01-2021,5,827.79,0,11.65,77.96,18.36,195.88,208.81,11.91
Brajrajnagar,28-01-2021,5,974.66,0,7.63,72.96,14.07,267.04,283.37,3.45
Brajrajnagar,29-01-2021,5,881.2,0,15.77,43.27,8.35,192.52,206.01,13.17
Brajrajnagar,30-01-2021,5,814.44,0,11.14,71.53,10.01,176.95,186.79,19
Brajrajnagar,31-01-2021,5,377.18,0,8.91,82.97,23.6,63.74,67.45,10.77
Brajrajnagar,01-02-2021,5,734.33,0,20.91,40.77,10.61,65.25,72.02,37.49
Brajrajnagar,02-02-2021,5,667.57,0.01,21.94,22.35,10.37,63.68,74.42,26.6
Brajrajnagar,03-02-2021,5,921.25,0.13,32.56,11.09,7.57,88.35,107.88,30.91
Brajrajnagar,04-02-2021,5,841.14,0,29.13,22.17,6.74,65.66,88.68,34.96
Brajrajnagar,05-02-2021,5,854.49,0.03,22.62,16.99,6.44,77.34,98.44,28.37
Brajrajnagar,06-02-2021,5,1028.06,0,28.1,34.69,14.9,149.22,171.01,40.03
Brajrajnagar,07-02-2021,5,520.71,0,4.76,98.71,12.52,52.25,54.76,9.5
Brajrajnagar,08-02-2021,4,547.41,0,11.14,61.51,6.14,49.22,55.03,22.04
Brajrajnagar,09-02-2021,5,667.57,0,12.85,48.64,6.5,87.9,100.89,22.8
Brajrajnagar,10-02-2021,5,847.82,0,19.71,27.9,6.2,122.66,142.35,28.12
Brajrajnagar,11-02-2021,5,974.66,0.01,29.13,24.32,11.68,143.42,161.69,26.09
Brajrajnagar,12-02-2021,5,847.82,0,14.91,83.69,14.42,126.68,138.01,25.59
Brajrajnagar,13-02-2021,5,1068.12,0,36.33,39.7,10.01,183.22,204.13,55.73
Brajrajnagar,14-02-2021,5,854.49,0,22.96,33.98,8.11,211.65,231.3,24.57
Brajrajnagar,15-02-2021,5,547.41,0,10.37,67.23,5.84,69.54,76.31,21.28
Brajrajnagar,16-02-2021,5,781.06,0.01,24.33,22.35,6.56,106.42,119.46,25.33
Brajrajnagar,17-02-2021,5,380.52,0,6.94,125.89,31.47,51.9,53.56,3.42
Brajrajnagar,18-02-2021,5,720.98,0.03,29.82,17.7,9.06,62.36,71.48,23.81
Brajrajnagar,19-02-2021,5,1014.71,0.04,29.82,14.48,8.23,117.33,129.77,21.03
Brajrajnagar,20-02-2021,5,807.76,0,15.25,37.19,3.58,74.1,81.6,16.72
Brajrajnagar,21-02-2021,5,894.55,0,9.25,69.38,3.43,122.99,127.96,4.62
Brajrajnagar,22-02-2021,5,1028.06,0,20.39,45.42,4.17,174.54,186.54,26.85
Brajrajnagar,23-02-2021,5,834.47,0,19.36,36.84,9.66,144.55,160.77,28.88
Brajrajnagar,24-02-2021,5,680.92,0,15.59,32.9,8.35,107.49,123.29,24.83
Brajrajnagar,25-02-2021,5,580.79,0,10.37,62.94,12.16,96.63,109.76,19.51
Brajrajnagar,26-02-2021,5,567.44,0,11.48,59.37,12.76,99.13,108.74,19.25
Brajrajnagar,27-02-2021,4,520.71,0,13.88,41.84,5.19,43.6,51.51,21.79
Brajrajnagar,28-02-2021,5,540.73,0.01,14.91,23.6,7.45,54.31,66.84,26.09
Brajrajnagar,01-03-2021,5,574.11,0.01,19.02,23.6,10.73,60.23,77.92,26.09
Brajrajnagar,02-03-2021,5,647.54,0.04,17.48,14.66,7.57,59.7,85.68,23.81
Brajrajnagar,03-03-2021,5,410.56,0,5.83,88.69,9.06,57.93,78.79,15.07
Brajrajnagar,04-03-2021,5,714.3,0,17.99,37.55,9.06,68.12,88.35,41.04
Brajrajnagar,05-03-2021,5,761.03,0,16.79,46.49,10.97,95.57,114.28,28.12
Brajrajnagar,06-03-2021,4,440.6,0,6.08,77.25,10.97,44.22,50.73,14.69
Brajrajnagar,07-03-2021,4,500.68,0.01,14.74,22.17,6.5,31.53,40.84,24.07
Brajrajnagar,08-03-2021,5,794.41,0,20.39,57.22,12.76,75.44,96.12,52.18
Brajrajnagar,09-03-2021,4,507.36,0,5.83,94.41,10.01,46.21,61.95,12.29
Brajrajnagar,10-03-2021,5,720.98,0,15.25,27.54,8.11,85.75,107.3,21.79
Brajrajnagar,11-03-2021,5,667.57,0,20.05,29.33,15.02,94.07,118.48,31.67
Brajrajnagar,12-03-2021,5,574.11,0,16.11,38.98,13.83,77.59,97.31,19.25
Brajrajnagar,13-03-2021,5,520.71,0,7.54,92.98,21.7,98.43,113.1,9.25
Brajrajnagar,14-03-2021,5,707.63,0.01,11.48,18.95,1.64,69.02,75.79,9.12
Brajrajnagar,15-03-2021,5,620.84,0,15.08,34.33,7.75,70.01,81.42,21.28
Brajrajnagar,16-03-2021,5,620.84,0,14.22,45.06,7.99,57.44,70.78,21.28
Brajrajnagar,17-03-2021,5,594.14,0,12.17,53.64,6.32,55.13,69.95,25.08
Brajrajnagar,18-03-2021,5,480.65,0,7.03,61.51,5.48,60.74,79.83,16.72
Brajrajnagar,19-03-2021,5,741.01,0,14.74,43.99,7.45,93.62,127.29,27.61
Brajrajnagar,20-03-2021,5,360.49,0,3.51,94.41,8.11,52.24,74.3,8.74
Brajrajnagar,21-03-2021,4,520.71,0,7.54,67.95,7.87,49.86,54.81,15.58
Brajrajnagar,22-03-2021,4,447.27,0,5.31,51.5,3.1,38.88,44.98,14.69
Brajrajnagar,23-03-2021,5,560.76,0,9.34,47.21,7.21,51.95,61.5,16.72
Brajrajnagar,24-03-2021,5,620.84,0,15.77,32.9,12.99,79.18,92.58,22.04
Brajrajnagar,25-03-2021,5,547.41,0,11.65,62.94,17.17,71.74,81.27,16.97
Brajrajnagar,26-03-2021,5,600.82,0,10.28,50.07,8.11,69,83.72,18.49
Brajrajnagar,27-03-2021,5,460.63,0,10.88,61.51,14.66,57.12,79.29,16.21
Brajrajnagar,28-03-2021,5,634.19,0,16.97,28.61,12.52,66.44,90.53,24.32
Brajrajnagar,29-03-2021,5,527.38,0,9.51,55.08,8.46,64.99,102.31,16.47
Brajrajnagar,30-03-2021,5,587.46,0,13.71,35.41,8.46,63.45,114.26,24.32
Brajrajnagar,31-03-2021,4,427.25,0,6.68,73.67,17.88,47.25,70.22,11.65
Brajrajnagar,01-04-2021,4,397.21,0,8.05,64.37,3.87,28.12,46.35,18.49
Brajrajnagar,02-04-2021,5,473.98,0,6.68,64.37,5.25,50.3,89.65,17.23
Brajrajnagar,03-04-2021,4,674.25,0,12.85,52.21,8.23,39.28,54.75,32.93
Brajrajnagar,04-04-2021,4,447.27,0,6.08,72.24,18.12,37.19,55.87,8.99
Brajrajnagar,05-04-2021,5,574.11,0,6.77,97.28,18.36,74.4,97.18,16.47
Brajrajnagar,06-04-2021,5,947.95,0,28.79,33.98,31.47,84.24,111.46,55.73
Brajrajnagar,07-04-2021,5,520.71,0,5.4,70.1,13.71,60.52,76.51,12.29
Brajrajnagar,08-04-2021,5,741.01,0,9.6,55.79,9.54,83.74,105.63,15.83
Brajrajnagar,09-04-2021,5,547.41,0,7.71,117.3,77.25,79.95,93.93,8.11
Brajrajnagar,10-04-2021,5,640.87,0,7.03,80.11,6.68,89.53,102.64,10.77
Brajrajnagar,11-04-2021,5,600.82,0,6.34,28.97,1.88,55.16,63.97,17.48
Brajrajnagar,12-04-2021,5,620.84,0,5.91,104.43,14.19,86.88,102.17,11.91
Brajrajnagar,13-04-2021,5,707.63,0,8.57,55.08,4.53,105.22,118.3,16.21
Brajrajnagar,14-04-2021,5,674.25,0,6.68,115.87,16.69,100.4,112.3,12.16
Brajrajnagar,15-04-2021,5,547.41,0,2.49,89.41,5.78,66.07,72.75,5.57
Brajrajnagar,16-04-2021,5,600.82,0,4.97,82.25,6.74,50.81,57.53,11.02
Brajrajnagar,17-04-2021,5,907.9,0,17.14,21.82,11.68,111.05,131.78,19
Brajrajnagar,18-04-2021,5,714.3,0,10.45,30.4,5.96,78.86,97.21,20.27
Brajrajnagar,19-04-2021,5,654.22,0,10.63,50.78,7.21,78.51,98.54,18.49
Brajrajnagar,20-04-2021,5,747.68,0,12.34,41.13,6.97,77.92,102.09,20.27
Brajrajnagar,21-04-2021,5,514.03,0,5.48,70.81,10.97,63.53,80.13,9.75
Brajrajnagar,22-04-2021,5,587.46,0,4.11,69.38,3.55,59.84,68.49,12.41
Brajrajnagar,23-04-2021,5,540.73,0,7.71,83.69,13.11,84.42,101.92,15.33
Brajrajnagar,24-04-2021,5,1001.36,0,22.62,17.52,8.35,110.5,138.51,23.56
Brajrajnagar,25-04-2021,5,574.11,0,7.71,62.23,5.31,66.24,85.12,13.43
Brajrajnagar,26-04-2021,5,587.46,0,13.02,33.26,11.68,77.48,113.17,21.53
Brajrajnagar,27-04-2021,4,460.63,0,9.08,73.67,14.9,43.43,56.16,17.99
Brajrajnagar,28-04-2021,5,554.09,0,7.03,69.38,6.86,80.8,96.31,18.49
Brajrajnagar,29-04-2021,5,907.9,0,17.31,26.46,15.74,109.45,135.41,35.47
Brajrajnagar,30-04-2021,5,473.98,0,4.11,72.96,6.97,62.7,73.76,7.79
Brajrajnagar,01-05-2021,5,487.33,0,5.57,73.67,22.89,70.08,80.47,7.16
Brajrajnagar,02-05-2021,5,460.63,0,3.04,84.4,7.99,56.27,64.55,5.76
Brajrajnagar,03-05-2021,4,487.33,0,6.26,70.81,11.8,42.16,50.75,12.92
Brajrajnagar,04-05-2021,5,620.84,0,9.6,40.41,7.15,56.86,66,16.21
Brajrajnagar,05-05-2021,5,560.76,0,6.6,80.11,10.85,65.7,69.82,8.04
Brajrajnagar,06-05-2021,4,487.33,0,4.67,73.67,3.34,46.42,51.23,4.81
Brajrajnagar,07-05-2021,5,473.98,0,4.28,82.25,6.02,55.69,62.54,9.37
Brajrajnagar,08-05-2021,4,410.56,0,3.38,50.78,2,33.72,38.67,3.64
Brajrajnagar,09-05-2021,4,367.17,0,7.2,74.39,26.46,45.11,48.52,4.5
Brajrajnagar,10-05-2021,3,473.98,0,7.37,41.84,4.53,23.78,26.91,10.01
Brajrajnagar,11-05-2021,4,634.19,0,11.48,28.97,2.68,37.27,46.25,10.01
Brajrajnagar,12-05-2021,4,554.09,0,7.54,40.77,1.77,32.08,39.45,7.54
Brajrajnagar,13-05-2021,4,467.3,0,3,90.84,4.47,42.62,47.66,3.07
Brajrajnagar,14-05-2021,4,594.14,0,8.48,21.82,1.58,43.12,51.2,7.47
Brajrajnagar,15-05-2021,4,453.95,0,4.93,62.94,5.19,48.36,60.45,9.25
Brajrajnagar,16-05-2021,5,574.11,0,4.63,178.81,51.02,154.1,161.49,0.06
Brajrajnagar,17-05-2021,1,290.39,0,3.09,33.26,4.05,7.01,9.63,6.84
Brajrajnagar,18-05-2021,2,337.12,0,3.81,28.97,3.82,10.43,14.12,8.04
Brajrajnagar,19-05-2021,4,447.27,0,5.66,104.43,10.25,31.07,34.75,11.65
Brajrajnagar,20-05-2021,2,347.14,0,3.47,40.05,1.62,13.58,18.3,9.5
Brajrajnagar,21-05-2021,2,367.17,0,3.98,57.22,3.46,11.73,16.13,10.51
Brajrajnagar,22-05-2021,2,440.6,0,4.97,52.21,2.92,17.95,22.03,6.84
Brajrajnagar,23-05-2021,5,754.36,0.01,15.08,16.99,2.86,89.25,115.86,23.31
Brajrajnagar,24-05-2021,5,410.56,0,3.94,60.08,2.98,59.49,95.32,13.17
Brajrajnagar,25-05-2021,5,347.14,0,4.5,108.72,11.92,59.41,103.62,7.28
Brajrajnagar,26-05-2021,5,467.3,0,3.6,131.61,8.94,68.8,74.86,5.51
Brajrajnagar,27-05-2021,2,420.57,0,4.37,47.21,4.53,12.09,12.25,1
Brajrajnagar,28-05-2021,4,514.03,0,11.65,20.39,5.9,29.8,34,2.82
Brajrajnagar,29-05-2021,5,527.38,0,4.16,56.51,3.99,88.57,110.9,6.27
Brajrajnagar,30-05-2021,5,407.22,0,2.55,37.55,1.94,75.37,98.67,4.62
Brajrajnagar,31-05-2021,5,554.09,0,5.36,31.11,2.53,69.22,89.89,9.37
Brajrajnagar,01-06-2021,5,607.49,0,7.37,50.78,5.84,84.69,125.02,13.3
Brajrajnagar,02-06-2021,5,580.79,0,6.94,47.92,3.49,57.67,80.2,8.04
Brajrajnagar,03-06-2021,4,527.38,0,8.74,27.54,3.28,32.84,41.33,6.52
Brajrajnagar,04-06-2021,4,580.79,0,8.91,33.62,2.21,42.32,52.61,7.03
Brajrajnagar,05-06-2021,4,507.36,0,5.18,57.22,2.71,32.1,38.3,5.38
Brajrajnagar,06-06-2021,4,514.03,0,6.77,32.19,1.46,31.01,37.67,9.75
Brajrajnagar,07-06-2021,5,534.06,0,6.51,62.94,3.04,51.99,58.34,8.23
Brajrajnagar,08-06-2021,4,507.36,0,4.28,84.4,6.2,43.98,48.36,8.49
Brajrajnagar,09-06-2021,4,397.21,0,4.07,77.96,4.83,32.6,35.31,3.74
Brajrajnagar,10-06-2021,3,387.19,0,8.48,47.92,11.68,20.32,21.49,2.15
Brajrajnagar,11-06-2021,5,453.95,0.66,33.59,0.49,33.38,57.61,59.51,2.88
Brajrajnagar,12-06-2021,5,680.92,0.01,16.62,20.56,12.16,86.25,92.05,20.27
Brajrajnagar,13-06-2021,5,674.25,0,9.34,57.22,18.84,82.99,84.77,0.9
Brajrajnagar,14-06-2021,4,567.44,0,5.66,27.9,6.08,26.42,28.53,3.26
Brajrajnagar,15-06-2021,4,447.27,0,12.17,26.11,13.47,40.07,43.03,1.52
Brajrajnagar,16-06-2021,2,327.11,0,4.54,22.17,4.11,15.42,16.1,1.62
Brajrajnagar,17-06-2021,3,413.9,0,7.71,24.68,8.82,21.46,22.18,1.19
Brajrajnagar,18-06-2021,2,340.46,0,5.57,23.6,5.31,10.24,10.8,1.41
Brajrajnagar,19-06-2021,2,333.79,0,5.18,25.03,2.98,12.4,13.18,1.85
Brajrajnagar,20-06-2021,1,310.42,0,3.77,26.11,1.62,8.07,9.6,2.6
Brajrajnagar,21-06-2021,1,277.04,0,2.57,44.7,1.89,9.99,13.21,6.33
Brajrajnagar,22-06-2021,4,540.73,0.03,9.17,13.77,2.86,37.77,47.44,7.92
Brajrajnagar,23-06-2021,4,363.83,0,6.34,36.48,8.35,25.14,26.13,1.71
Brajrajnagar,24-06-2021,2,360.49,0,6,25.75,5.07,11.86,12.44,1.55
Brajrajnagar,25-06-2021,2,393.87,0,8.65,37.19,9.78,19.58,20.17,0.95
Brajrajnagar,26-06-2021,4,460.63,0,5.27,43.63,2.65,49.78,53.17,4.24
Brajrajnagar,27-06-2021,4,587.46,0,4.03,50.78,2.21,45.37,47.02,2.53
Brajrajnagar,28-06-2021,4,494,0,5.66,24.32,2.24,49.16,52.38,5.32
Brajrajnagar,29-06-2021,3,494,0,5.83,34.33,1.65,21.57,24.77,3.74
Brajrajnagar,30-06-2021,1,427.25,0,4.88,32.19,1.36,9.78,13.18,4.81
Brajrajnagar,01-07-2021,2,380.52,0,3.51,53.64,2.59,12.82,14.39,3.36
Brajrajnagar,02-07-2021,2,377.18,0,5.48,32.19,4.05,12.8,13.91,2.34
Brajrajnagar,03-07-2021,2,337.12,0,5.18,29.68,3.43,15.1,16.41,1.9
Brajrajnagar,04-07-2021,3,360.49,0,4.8,25.39,1.34,20.35,23.29,3.61
Brajrajnagar,05-07-2021,4,427.25,0.01,5.83,23.25,1.85,37.33,39.67,6.71
Brajrajnagar,06-07-2021,5,614.17,0.62,10.71,2.84,2.15,53.6,63.66,9.63
Brajrajnagar,07-07-2021,5,560.76,0,7.28,30.4,2.15,51.1,56.69,3.74
Brajrajnagar,08-07-2021,4,460.63,0,6.77,27.9,5.25,35.84,37.56,3.39
Brajrajnagar,09-07-2021,3,427.25,0,7.97,21.64,5.72,21.9,23.39,2.91
Brajrajnagar,10-07-2021,4,520.71,0,8.14,27.18,2.15,40.06,44,4.5
Brajrajnagar,11-07-2021,5,460.63,0,19.88,19.13,22.17,67.22,69.76,0.42
Brajrajnagar,12-07-2021,3,357.15,0,9,40.41,14.31,23.16,24.6,1.19
Brajrajnagar,13-07-2021,4,380.52,0,15.94,28.25,25.27,33.47,36.02,0.93
Brajrajnagar,14-07-2021,2,307.08,0,15.77,23.96,22.89,17.1,19.87,0.9
Brajrajnagar,15-07-2021,3,310.42,0,12.51,32.9,16.21,23.33,26.66,1.5
Brajrajnagar,16-07-2021,2,277.04,0,8.05,36.48,9.06,13.85,16.78,1.87
Brajrajnagar,17-07-2021,3,330.45,0,5.23,43.99,5.42,24.31,26.75,2.34
Brajrajnagar,18-07-2021,2,367.17,0,4.5,19.67,0.92,15.09,18.26,3.64
Brajrajnagar,19-07-2021,2,400.54,0,6.08,19.13,2.77,17.09,18.82,3.14
Brajrajnagar,20-07-2021,2,480.65,0.02,9.17,10.28,3.99,15.42,19.09,3.83
Brajrajnagar,21-07-2021,4,387.19,0.02,15.94,9.57,11.33,33.31,34.99,1.62
Brajrajnagar,22-07-2021,4,387.19,0.05,12.85,9.66,10.61,28.35,29.87,2.44
Brajrajnagar,23-07-2021,5,747.68,0,7.11,53.64,16.45,62.12,63.37,1.46
Brajrajnagar,24-07-2021,4,547.41,0.44,37.36,1.63,45.78,46.36,46.95,0
Brajrajnagar,25-07-2021,2,317.1,0,4.97,28.61,2.77,10.17,11.7,2.66
Brajrajnagar,26-07-2021,2,320.44,0,2.87,45.78,1.88,10.31,12.37,3.07
Brajrajnagar,27-07-2021,1,310.42,0,5.66,23.96,5.9,5.58,8.33,3.61
Brajrajnagar,28-07-2021,2,363.83,0,11.65,22.71,9.89,16.54,17.15,0.8
Brajrajnagar,29-07-2021,3,340.46,0.01,12.85,16.99,8.35,22.22,24.23,1.22
Brajrajnagar,30-07-2021,4,453.95,0.06,20.39,8.67,15.26,35.7,37.27,0.83
Brajrajnagar,31-07-2021,2,340.46,0.01,9.77,23.6,9.54,14.92,15.9,0.78
Brajrajnagar,01-08-2021,1,290.39,0,3.64,28.61,2.21,7.91,10,4.24
Brajrajnagar,02-08-2021,1,283.72,0,3.34,21.1,1.18,7.35,9.94,4.02
Brajrajnagar,03-08-2021,2,317.1,0,3.98,28.61,2.68,14.52,17.39,2.5
Brajrajnagar,04-08-2021,4,370.5,0,8.57,28.25,8.46,26.11,32.37,3.48
Brajrajnagar,05-08-2021,2,357.15,0.01,7.2,12.7,2.92,15.47,19.81,3.26
Brajrajnagar,06-08-2021,2,327.11,0,4.07,31.83,2.44,14.17,15.41,2.09
Brajrajnagar,07-08-2021,4,377.18,0,4.8,37.55,1.62,26.59,28.9,3.1
Brajrajnagar,08-08-2021,2,383.85,0,5.06,29.33,2.06,18.87,20.54,3.58
Brajrajnagar,09-08-2021,4,540.73,0.92,9.6,2.12,1.83,26.83,32.87,7.03
Brajrajnagar,10-08-2021,2,367.17,0,3.9,33.98,1.51,13.49,15.2,3.01
Brajrajnagar,11-08-2021,2,350.48,0,6.43,23.25,3.79,13.39,16.72,2.44
Brajrajnagar,12-08-2021,4,380.52,0.02,13.54,9.21,8.46,33.07,38.26,2.22
Brajrajnagar,13-08-2021,4,467.3,0.19,11.82,6.17,3.87,30.97,35.65,7.79
Brajrajnagar,14-08-2021,4,547.41,0,6.94,32.54,2.3,48.56,53.14,3.39
Brajrajnagar,15-08-2021,5,574.11,0.02,12.34,14.84,7.75,54.79,58.82,10.64
Brajrajnagar,16-08-2021,5,600.82,0.4,11.31,2.82,3.61,68.62,72.94,8.99
Brajrajnagar,17-08-2021,4,741.01,0.07,9.25,8.23,2.15,47.18,53.24,6.4
Brajrajnagar,18-08-2021,4,554.09,0.29,15.08,3.35,24.56,34.9,37.59,2.41
Brajrajnagar,19-08-2021,2,587.46,0.02,7.03,7.87,3.37,17.54,19.01,3.23
Brajrajnagar,20-08-2021,2,460.63,0.02,4.54,10.55,1.34,17.87,20.65,4.56
Brajrajnagar,21-08-2021,4,534.06,0.06,6.34,9.84,1.7,27.21,30.01,6.14
Brajrajnagar,22-08-2021,4,567.44,0.46,9.6,3.49,2.21,36.08,41.17,11.02
Brajrajnagar,23-08-2021,4,480.65,0,6.51,23.96,1.74,35.92,39.63,3.52
Brajrajnagar,24-08-2021,3,547.41,0.03,8.57,11.62,1.34,20.27,26.38,5.19
Brajrajnagar,25-08-2021,3,417.23,0,6.26,24.32,2.44,23.7,25.94,3.42
Brajrajnagar,26-08-2021,3,400.54,0,8.4,17.88,4.17,22.31,24.06,2.12
Brajrajnagar,27-08-2021,5,667.57,7.38,18.68,0.03,6.86,80.57,88.21,4.18
Brajrajnagar,28-08-2021,5,473.98,2.99,26.73,0.03,5.72,61.18,63.37,3.83
Brajrajnagar,29-08-2021,4,754.36,0,8.23,17.17,4.95,38.41,40.82,3.71
Brajrajnagar,30-08-2021,2,327.11,0,15.08,20.56,19.07,19.19,21.06,1.14
Brajrajnagar,31-08-2021,4,433.92,0,19.19,19.67,24.32,31.74,35.18,1.05
Brajrajnagar,01-09-2021,3,283.72,0.06,19.54,7.6,15.74,23.64,27.01,1.52
Brajrajnagar,02-09-2021,2,337.12,0,3.86,28.61,1.8,10.11,12.03,3.1
Brajrajnagar,03-09-2021,4,410.56,0,15.77,25.39,22.65,29.03,30.92,2.91
Brajrajnagar,04-09-2021,4,514.03,0.02,6.17,16.45,1.59,40.38,45.41,3.42
Brajrajnagar,05-09-2021,5,520.71,0.01,9.43,19.31,5.78,77.93,82.07,9.25
Brajrajnagar,06-09-2021,5,547.41,0,4.93,37.91,5.31,67.16,69.2,3.48
Brajrajnagar,07-09-2021,4,554.09,0.08,22.62,9.84,25.99,34.36,36.03,0.96
Brajrajnagar,08-09-2021,2,290.39,0.04,21.08,11.27,23.37,19.51,22.6,1.01
Brajrajnagar,09-09-2021,5,440.6,2.99,19.88,0.06,6.14,67.85,74.48,7.35
Brajrajnagar,10-09-2021,2,417.23,0.02,6.17,14.13,1.64,14.07,18.32,5.13
Brajrajnagar,11-09-2021,5,480.65,0.09,25.36,14.13,21.46,69.05,72.37,3.33
Brajrajnagar,12-09-2021,5,647.54,0.02,17.48,10.28,16.93,84.14,85.65,0.01
Brajrajnagar,13-09-2021,1,317.1,0.01,5.66,14.66,5.6,8.27,8.89,1.79
Brajrajnagar,14-09-2021,2,393.87,0.01,15.77,18.95,23.6,18.15,18.49,0.38
Brajrajnagar,15-09-2021,1,317.1,0.01,7.45,16.45,7.75,7.26,7.71,1.14
Brajrajnagar,16-09-2021,2,373.84,0.05,4.5,7.06,1.77,11.45,13.69,2.91
Brajrajnagar,17-09-2021,2,487.33,0.05,10.2,8.94,2.35,19.84,24.67,3.8
Brajrajnagar,18-09-2021,2,380.52,0,4.88,28.61,2.38,14.76,15.98,2.69
Brajrajnagar,19-09-2021,2,417.23,0.03,6.51,13.95,1.65,17.22,21.19,7.47
Brajrajnagar,20-09-2021,5,574.11,4.47,13.02,0.13,7.27,53.85,58.79,10.26
Brajrajnagar,21-09-2021,5,567.44,1.87,28.1,1.32,20.03,66.08,68.6,5.76
Brajrajnagar,22-09-2021,5,560.76,0,10.54,21.28,10.49,76.43,80.5,3.99
Brajrajnagar,23-09-2021,4,620.84,0.05,15.59,7.15,14.19,47.05,48.43,1.6
Brajrajnagar,24-09-2021,4,413.9,0.02,16.45,13.41,12.52,42.74,44.94,1.96
Brajrajnagar,25-09-2021,5,600.82,0.04,9.43,15.2,4.53,82.92,91.26,6.78
Brajrajnagar,26-09-2021,5,634.19,0,12.68,23.25,13.11,93.04,97.33,2.85
Brajrajnagar,27-09-2021,4,407.22,0.01,13.88,21.28,17.88,26.54,28.87,1.38
Brajrajnagar,28-09-2021,3,370.5,0,6.86,36.48,11.44,20.18,23.97,1.44
Brajrajnagar,29-09-2021,4,427.25,0.05,14.22,9.3,16.45,36.39,38.79,2.57
Brajrajnagar,30-09-2021,3,607.49,0.01,8.48,16.63,6.32,23.45,26.31,3.83
Brajrajnagar,01-10-2021,4,500.68,0,7.54,19.49,8.7,29.61,31.16,2.5
Brajrajnagar,02-10-2021,4,453.95,0,5.1,34.33,4.59,27.89,29.55,1.82
Brajrajnagar,03-10-2021,2,507.36,0,4.46,32.19,1.57,18.08,20.73,3.64
Brajrajnagar,04-10-2021,4,567.44,0.02,6.77,15.2,1.82,40.07,43.36,7.22
Brajrajnagar,05-10-2021,5,687.6,0.01,9.51,14.84,4.29,68.19,72.27,3.8
Brajrajnagar,06-10-2021,4,654.22,0.03,6.51,11.44,1.74,37.01,43.65,7.79
Brajrajnagar,07-10-2021,4,654.22,0.28,11.31,4.16,2.15,40.22,49.28,11.27
Brajrajnagar,08-10-2021,5,741.01,0,9.6,25.75,2.35,83.46,93.76,5.26
Brajrajnagar,09-10-2021,5,647.54,0,6.86,55.08,3.82,189.41,201.49,4.37
Brajrajnagar,10-10-2021,5,774.38,0.01,13.71,17.7,4.89,197.51,213.93,23.81
Brajrajnagar,11-10-2021,5,907.9,0.01,20.05,16.63,8.23,176.21,205.48,31.16
Brajrajnagar,12-10-2021,5,974.66,1.37,17.99,0.84,3.16,134.64,158.13,12.54
Brajrajnagar,13-10-2021,5,854.49,0,15.77,21.64,4.95,121.32,137.94,12.03
Brajrajnagar,14-10-2021,5,607.49,0,9.77,42.2,5.48,99.37,111.32,15.45
Brajrajnagar,15-10-2021,5,947.95,0,10.88,35.41,6.86,136.56,139.51,3.48
Brajrajnagar,16-10-2021,5,841.14,0.23,9.68,5.41,1.76,56.48,64.63,10.64
Brajrajnagar,17-10-2021,4,500.68,0.03,8.05,7.69,8.46,32.43,34.3,2.47
Brajrajnagar,18-10-2021,5,1001.36,0.15,19.71,2.55,8.35,54.26,55.71,3.42
Brajrajnagar,19-10-2021,2,607.49,0,5.18,26.11,5.19,14.16,15.32,2.12
Brajrajnagar,20-10-2021,3,714.3,0.01,8.05,17.7,6.5,20.81,22.67,3.86
Brajrajnagar,21-10-2021,5,660.9,0.07,11.65,11.98,2.24,73.84,83.64,9.12
Brajrajnagar,22-10-2021,5,554.09,0,9.43,34.69,5.72,80.31,91.12,14.57
Brajrajnagar,23-10-2021,5,720.98,0.66,17.82,2.66,3.43,95.42,151.31,23.05
Brajrajnagar,24-10-2021,5,714.3,0.01,11.48,20.74,5.36,83.63,113.06,13.93
Brajrajnagar,25-10-2021,5,794.41,0.61,13.2,3.09,1.65,88.92,127,6.84
Brajrajnagar,26-10-2021,5,781.06,0.21,20.39,7.42,3.25,92.51,115.02,9.12
Brajrajnagar,27-10-2021,5,894.55,0,9.77,51.5,4.17,135.59,145.03,11.02
Brajrajnagar,28-10-2021,5,640.87,0,8.23,50.07,3.64,95.39,102.19,8.49
Brajrajnagar,29-10-2021,5,847.82,0,11.65,41.84,5.31,143.81,153.36,5.45
Brajrajnagar,30-10-2021,5,907.9,0.01,13.37,21.82,4.95,139.09,150.64,6.97
Brajrajnagar,31-10-2021,5,881.2,0.55,18.68,2.95,1.94,114.87,128.81,11.4
Brajrajnagar,01-11-2021,5,660.9,0,8.14,23.96,2.35,141.6,151.65,5.19
Brajrajnagar,02-11-2021,5,714.3,0,8.83,39.34,3.13,165.1,176.27,6.02
Brajrajnagar,03-11-2021,5,620.84,0.07,18.34,12.7,7.75,149.52,156.66,7.41
Brajrajnagar,04-11-2021,5,921.25,0.01,11.48,18.24,1.74,171.71,186,7.92
Brajrajnagar,05-11-2021,5,1014.71,0.05,14.74,12.87,2.29,214.07,230.33,12.41
Brajrajnagar,06-11-2021,5,1001.36,0,11.31,47.92,4.29,269.11,283.3,8.74
Brajrajnagar,07-11-2021,5,907.9,0.78,19.19,2.77,1.64,126.53,142.85,14.44
Brajrajnagar,08-11-2021,5,787.73,0.02,16.28,17.7,2.29,100.46,113.06,16.97
Brajrajnagar,09-11-2021,5,1041.41,0,19.88,37.19,4.95,129.72,144.86,24.07
Brajrajnagar,10-11-2021,5,1188.28,0.13,21.08,10.46,2.83,144.3,160.82,8.74
Brajrajnagar,11-11-2021,5,1094.82,0.16,20.05,8.49,1.88,175.56,194.81,9.5
Brajrajnagar,12-11-2021,5,947.95,0,7.63,63.66,3.64,249.12,261.84,7.28
Brajrajnagar,13-11-2021,5,574.11,0,4.37,43.63,2.21,80.09,82.05,3.07
Brajrajnagar,14-11-2021,4,587.46,0.06,20.73,5.9,20.5,48.01,49.15,1.79
Brajrajnagar,15-11-2021,5,554.08,0.05,15.59,9.03,15.74,51.8,53.57,1.76
Brajrajnagar,16-11-2021,5,1001.36,0.17,16.96,4.87,4.59,73.23,79.75,4.02
Brajrajnagar,17-11-2021,5,934.6,0.03,12.51,16.99,4.95,151.25,160.26,5.95
Brajrajnagar,18-11-2021,5,1108.17,0,12.85,34.69,6.38,255.66,268.71,4.5
Brajrajnagar,19-11-2021,5,961.3,0.21,12.85,7.15,1.58,208.39,224.09,6.59
Brajrajnagar,20-11-2021,5,741,0,11.82,29.68,9.66,198.08,210.73,6.21
Brajrajnagar,21-11-2021,5,567.44,0.01,9.51,21.46,4.23,118.59,127.07,6.27
Brajrajnagar,22-11-2021,5,614.17,0.01,8.05,19.85,1.51,78.35,84.38,8.61
Brajrajnagar,23-11-2021,5,767.71,0.03,14.57,15.02,8.34,147.71,157.6,8.74
Brajrajnagar,24-11-2021,5,1081.47,0.3,26.39,5.19,6.79,341.25,364.8,26.85
Brajrajnagar,25-11-2021,5,1148.22,0.01,22.62,19.49,11.92,246.67,269.4,22.29
Brajrajnagar,26-11-2021,5,934.6,0.17,19.54,8.31,4.83,212.69,232.23,13.3
Brajrajnagar,27-11-2021,5,988.01,0,15.25,25.03,5.01,210.83,225.58,6.52
Brajrajnagar,28-11-2021,5,1121.52,0,13.54,53.64,8.82,303.99,318.15,10.64
Brajrajnagar,29-11-2021,5,894.55,0,14.22,26.82,2.26,147.2,158.27,10.89
Brajrajnagar,30-11-2021,5,1268.39,0.16,26.39,8.67,3.4,226.14,247.71,19.51
Brajrajnagar,01-12-2021,5,1094.82,0.02,22.28,19.13,2.06,181.32,192.76,6.71
Brajrajnagar,02-12-2021,5,894.55,0.04,19.71,15.38,4.83,125.85,136.9,6.46
Brajrajnagar,03-12-2021,5,1041.41,0.16,20.39,9.75,1.89,167.09,182.25,8.87
Brajrajnagar,04-12-2021,5,774.38,0,14.74,50.07,10.01,151.32,160.86,7.09
Brajrajnagar,05-12-2021,5,827.79,0,6.94,94.41,14.9,200.61,207.91,0
Brajrajnagar,06-12-2021,5,747.68,0,16.45,37.19,30.04,73.86,77.88,1.88
Brajrajnagar,07-12-2021,5,687.6,0,11.82,37.19,3.04,56.97,63.9,5.76
Brajrajnagar,08-12-2021,5,834.47,0,10.45,45.78,3.19,147.96,159.03,4.31
Brajrajnagar,09-12-2021,5,894.55,0,11.14,27.18,3.1,176.63,190.96,6.65
Brajrajnagar,10-12-2021,5,988.01,0.05,16.79,15.2,3.01,207.35,220.52,8.49
Brajrajnagar,11-12-2021,5,1121.52,3.32,34.62,0.41,6.08,131.96,153.87,27.87
Brajrajnagar,12-12-2021,5,947.95,0.24,21.93,6.79,2.32,121.49,132.38,23.56
Brajrajnagar,13-12-2021,5,867.84,0.01,11.65,20.74,1.89,153.26,163.67,9.12
Brajrajnagar,14-12-2021,5,1094.82,0.17,29.47,8.76,6.44,244.11,264.48,20.52
Brajrajnagar,15-12-2021,5,1134.87,0,27.42,25.75,7.57,266.69,283.39,10.39
Brajrajnagar,16-12-2021,5,894.55,0.02,24.68,18.95,2.56,101.86,112.85,16.47
Brajrajnagar,17-12-2021,5,1028.06,0.05,30.16,13.59,3.01,103.5,114.06,19.76
Brajrajnagar,18-12-2021,5,1054.76,0.31,33.93,6.35,4.29,111.74,128.54,17.99
Brajrajnagar,19-12-2021,5,554.08,0,5.65,75.1,3.87,99.84,105.32,14.44
Brajrajnagar,20-12-2021,4,397.21,0,10.54,61.51,16.45,40.7,44.67,13.68
Brajrajnagar,21-12-2021,5,1028.06,0.53,39.07,5.01,7.33,100.75,119.01,30.65
Brajrajnagar,22-12-2021,5,594.14,0,17.48,37.55,3.93,84.1,99.51,19
Brajrajnagar,23-12-2021,5,674.25,0,16.11,38.98,7.21,80.14,93.09,22.04
Brajrajnagar,24-12-2021,5,1148.22,0.02,48.67,18.24,21.7,155.15,177.71,81.06
Brajrajnagar,25-12-2021,5,774.38,0.44,28.45,5.36,10.01,154.85,173.65,12.79
Brajrajnagar,26-12-2021,5,934.6,0.16,27.76,8.76,6.14,158.38,179,54.72
Brajrajnagar,27-12-2021,5,1041.41,0.03,26.73,15.74,8.94,206.93,225.93,21.03
Brajrajnagar,28-12-2021,5,640.87,0.01,12.51,21.46,4.83,129.56,137.76,3.8
Brajrajnagar,29-12-2021,5,534.06,0,14.74,53.64,27.18,84.83,87.06,0.83
Brajrajnagar,30-12-2021,5,821.11,0.28,19.88,5.72,15.14,86.19,89.92,7.92
Brajrajnagar,31-12-2021,5,787.73,0.01,14.91,18.6,2.29,50.94,57.81,4.62
Brajrajnagar,01-01-2022,5,1068.12,0.02,17.14,16.81,3.07,110.29,118.39,8.87
Brajrajnagar,02-01-2022,5,807.76,0,16.45,31.83,2.24,88.15,95.93,11.02
Brajrajnagar,03-01-2022,5,1081.47,0.01,26.73,21.99,8.23,98.13,111.19,70.93
Brajrajnagar,04-01-2022,5,1295.09,0.41,36.67,5.54,16.69,174.4,194.96,45.6
Brajrajnagar,05-01-2022,5,1241.68,0.42,32.22,5.32,12.28,196.25,219.81,30.15
Brajrajnagar,06-01-2022,5,1161.58,0.06,33.93,13.95,30.04,271.29,297.92,39.52
Brajrajnagar,07-01-2022,5,921.25,0.08,16.11,13.23,2.86,232.57,251.76,8.49
Brajrajnagar,08-01-2022,5,781.06,0,7.54,62.94,14.78,253.13,266.57,2.85
Brajrajnagar,09-01-2022,5,600.81,0,12.51,55.07,32.42,178.23,185.8,4.05
Brajrajnagar,10-01-2022,5,527.38,0,12.68,52.21,29.09,122.58,129.66,5.83
Brajrajnagar,11-01-2022,5,767.71,0.07,14.74,12.52,1.79,93.74,102.11,5.45
Brajrajnagar,12-01-2022,5,654.22,0.01,22.62,15.02,57.7,87.85,91.52,2.72
Brajrajnagar,13-01-2022,5,787.73,18.55,39.76,0,25.99,100.06,104.14,6.21
Brajrajnagar,14-01-2022,5,907.9,0.81,13.37,3.44,1.73,71.44,83.2,7.22
Brajrajnagar,15-01-2022,4,767.71,0.01,6.25,24.68,2.26,48.56,51.3,5.95
Brajrajnagar,16-01-2022,5,787.73,0,9.68,33.26,1.97,65.38,70.03,3.61
Brajrajnagar,17-01-2022,5,1174.93,0.01,23.99,23.25,7.75,169.15,182.43,45.6
Brajrajnagar,18-01-2022,5,1161.58,0.24,36.33,7.51,14.42,153.48,173.28,61.81
Brajrajnagar,19-01-2022,5,714.3,0.01,14.05,25.39,3.25,153.92,172.09,8.99
Brajrajnagar,20-01-2022,5,687.6,0.33,26.39,6.44,4.65,159.08,177.72,12.41
Brajrajnagar,21-01-2022,5,934.6,0.14,25.02,10.82,9.42,177.57,199.82,23.81
Brajrajnagar,22-01-2022,5,1108.17,1.52,49.35,1.4,25.27,175.38,197.59,62.32
Brajrajnagar,23-01-2022,5,547.41,0,5.91,55.07,6.08,129.96,139.73,6.59
Brajrajnagar,24-01-2022,5,827.79,4.58,13.19,0.12,4.41,77.01,82.37,42.56
Brajrajnagar,25-01-2022,4,494,0,13.19,35.76,4.71,45.66,69.78,8.04
Brajrajnagar,26-01-2022,5,580.79,0,10.11,58.65,6.32,94.62,111.16,8.49
Brajrajnagar,27-01-2022,4,507.35,0,11.48,54.36,4.41,49.34,56.14,12.41
Brajrajnagar,28-01-2022,4,473.98,0,9.42,51.5,2.18,29.43,33.72,16.47
Brajrajnagar,29-01-2022,5,634.19,0,14.57,31.47,2.89,59.51,72.46,16.21
Brajrajnagar,30-01-2022,5,473.98,0,8.65,52.21,3.31,52.59,61.19,11.91
Brajrajnagar,31-01-2022,5,640.87,0.01,14.74,27.89,1.89,65.28,77.62,21.28
Brajrajnagar,01-02-2022,5,988.01,0.02,22.96,19.85,3.78,140.72,160.77,15.71
Brajrajnagar,02-02-2022,5,814.44,0.6,26.73,4.2,3.04,71.69,91.65,32.17
Brajrajnagar,03-02-2022,5,827.79,0,16.11,30.76,5.25,112.89,130.97,26.6
Brajrajnagar,04-02-2022,5,403.88,0,4.41,68.66,3.87,55.13,59.42,4.81
Brajrajnagar,05-02-2022,5,494,0,13.02,57.94,11.21,57.82,74.67,16.72
Brajrajnagar,06-02-2022,4,654.22,0.02,17.99,22.53,3.31,50,66.56,34.96
Brajrajnagar,07-02-2022,5,974.66,0.09,30.85,13.23,7.21,143.79,164.05,34.96
Brajrajnagar,08-02-2022,5,947.95,0.02,23.65,18.6,4.17,137.19,158.61,20.01
Brajrajnagar,09-02-2022,5,781.06,0,13.19,46.49,7.27,149.04,166.87,11.91
Brajrajnagar,10-02-2022,5,460.62,0,5.31,76.53,5.01,64.23,71.33,7.6
Brajrajnagar,11-02-2022,5,520.71,0,12,67.23,16.93,72.32,80.81,14.19
Brajrajnagar,12-02-2022,5,634.19,0.01,19.02,26.11,3.99,63.88,75.25,32.42
Brajrajnagar,13-02-2022,5,807.76,0,19.19,27.54,2.62,72.31,83.25,23.31
Brajrajnagar,14-02-2022,5,1094.82,0,45.93,43.27,26.46,134.94,155.09,95.25
Brajrajnagar,15-02-2022,5,1028.06,0.06,33.93,14.66,6.26,139.4,160.52,29.13
Brajrajnagar,16-02-2022,5,961.3,0.01,24.68,20.38,5.36,118.85,134.42,28.88
Brajrajnagar,17-02-2022,5,921.25,0,26.39,31.83,8.94,153.77,168.49,26.85
Brajrajnagar,18-02-2022,5,834.47,0.09,30.16,12.16,7.39,142.69,159.42,31.16
Brajrajnagar,19-02-2022,5,1121.52,0.05,27.76,13.59,6.08,148.53,165.12,28.12
Brajrajnagar,20-02-2022,5,413.89,0,9.17,82.25,23.37,89.39,100.28,10.51
Brajrajnagar,21-02-2022,5,734.33,0.69,19.54,5.41,2.44,69.09,81.77,29.89
Brajrajnagar,22-02-2022,5,674.25,0.03,16.62,19.67,3.01,55.87,75.22,26.6
Brajrajnagar,23-02-2022,5,1094.82,0.08,23.65,11.98,3.46,86.33,106.19,29.13
Brajrajnagar,24-02-2022,5,747.68,0,13.88,35.41,6.02,131.35,149.31,12.41
Brajrajnagar,25-02-2022,5,720.98,0,17.14,41.48,9.78,82.28,95.48,24.07
Brajrajnagar,26-02-2022,5,487.33,0,9.08,91.55,23.84,81.91,91.53,10.39
Brajrajnagar,27-02-2022,5,487.33,0,7.71,68.66,20.5,85.29,92.76,12.29
Brajrajnagar,28-02-2022,5,494,0,8.83,54.36,4.23,52.92,58.33,18.24
Brajrajnagar,01-03-2022,5,520.71,0,7.71,75.1,9.89,70.44,76.09,16.09
Brajrajnagar,02-03-2022,5,560.76,0,7.88,66.52,5.84,60.24,66.01,14.44
Brajrajnagar,03-03-2022,5,1094.82,0,22.62,35.41,20.98,142.59,159.69,30.91
Brajrajnagar,04-03-2022,5,734.33,0,11.82,57.94,18.84,116.26,127.51,18.24
Brajrajnagar,05-03-2022,5,947.95,0,22.96,29.33,7.75,166.68,185.89,27.61
Brajrajnagar,06-03-2022,5,507.35,0,9.17,47.92,4.29,59.95,68.46,19.76
Brajrajnagar,07-03-2022,5,961.3,0,23.99,23.6,9.89,87.75,104.63,61.3
Brajrajnagar,08-03-2022,5,934.6,0,15.94,52.21,10.97,150.48,164.29,24.32
Brajrajnagar,09-03-2022,5,534.06,0,7.2,88.69,8.94,58.58,65.64,14.82
Brajrajnagar,10-03-2022,5,427.25,0,7.71,95.84,27.18,54.38,63.43,14.31
Brajrajnagar,11-03-2022,5,480.65,0,6.25,120.16,20.5,72.16,80.35,13.17
Brajrajnagar,12-03-2022,5,514.03,0,6.34,104.43,15.02,74.74,82.39,14.44
Brajrajnagar,13-03-2022,4,427.25,0,6.77,69.38,5.07,39.99,51.99,16.47
Brajrajnagar,14-03-2022,4,514.03,0,10.71,35.76,6.56,38.37,51.61,22.04
Brajrajnagar,15-03-2022,5,567.44,0,10.45,40.77,10.13,60.41,75.45,20.52
Brajrajnagar,16-03-2022,5,814.44,0,22.62,36.84,10.37,91.01,131.92,33.94
Brajrajnagar,17-03-2022,5,767.71,0,15.59,41.84,10.13,127.92,160.04,26.6
Brajrajnagar,18-03-2022,5,487.33,0,8.48,72.96,23.6,106.91,123.69,7.98
Brajrajnagar,19-03-2022,5,387.19,0,4.58,85.12,14.78,65.31,77.22,7.16
Brajrajnagar,20-03-2022,5,527.38,0,7.45,51.5,6.74,76.34,88.69,14.57
Brajrajnagar,21-03-2022,5,687.6,0,11.31,32.19,4.65,85.11,99.82,21.28
Brajrajnagar,22-03-2022,5,827.79,0,14.22,45.42,11.8,157.2,178.26,19.76
Brajrajnagar,23-03-2022,5,834.47,0,15.59,36.84,12.76,148.32,167.9,25.33
Brajrajnagar,24-03-2022,5,847.82,0,19.36,28.97,14.19,111.98,134.34,22.04
Brajrajnagar,25-03-2022,5,667.57,0,19.71,20.56,22.89,78.78,96.49,26.6
Brajrajnagar,26-03-2022,5,467.3,0,5.31,74.39,6.91,70.95,82.66,12.16
Brajrajnagar,27-03-2022,5,467.3,0,6.25,75.1,13.23,81.87,93.61,14.44
Brajrajnagar,28-03-2022,5,574.11,0,14.57,34.69,12.16,59.93,79.13,23.56
Brajrajnagar,29-03-2022,5,534.06,0,12,49.35,9.66,56.83,75.54,21.03
Brajrajnagar,30-03-2022,5,654.22,0,14.22,36.48,11.68,94.95,121.3,24.83
Brajrajnagar,31-03-2022,5,761.03,0,12.51,53.64,10.61,105.22,132.24,20.52
Brajrajnagar,01-04-2022,5,620.84,0,6.94,82.25,10.01,86.5,106.5,13.3
Brajrajnagar,02-04-2022,5,660.9,0,5.65,104.43,14.07,87.26,110.83,12.92
Brajrajnagar,03-04-2022,5,814.44,0,9.77,56.51,15.74,122.74,149.45,21.03
Brajrajnagar,04-04-2022,5,794.41,0,15.25,51.5,14.31,114.78,140.61,30.15
Brajrajnagar,05-04-2022,5,494,0,4.11,90.12,18.84,76.07,89.7,9.63
Brajrajnagar,06-04-2022,5,547.41,0,4.71,58.65,6.85,65.17,77.77,11.15
Brajrajnagar,07-04-2022,5,627.52,0,6.51,105.86,17.88,100.28,119.59,14.06
Brajrajnagar,08-04-2022,5,520.71,0,5.1,55.79,8.58,71.76,83.32,11.4
Brajrajnagar,09-04-2022,5,720.98,0,11.65,47.92,7.09,86.66,101.41,19.51
Brajrajnagar,10-04-2022,5,620.84,0,10.37,37.91,6.14,61.51,74.83,20.01
Brajrajnagar,11-04-2022,5,607.49,0,6.68,60.08,6.38,58.17,69.73,15.45
Brajrajnagar,12-04-2022,5,680.92,0,14.22,32.54,7.51,54.78,71.82,27.11
Brajrajnagar,13-04-2022,5,714.3,0,12.17,29.33,6.85,56.08,70.44,18.24
Brajrajnagar,14-04-2022,5,520.71,0,3.77,97.27,8.58,63.59,74.38,11.15
Brajrajnagar,15-04-2022,4,467.3,0,6.43,55.07,7.87,26.41,32.92,12.92
Brajrajnagar,16-04-2022,4,383.85,0,3.08,68.66,3.81,33.59,40.23,7.22
Brajrajnagar,17-04-2022,4,393.87,0,3.3,56.51,2.47,30.87,33.63,7.92
Brajrajnagar,18-04-2022,4,507.35,0,5.1,62.94,5.6,44.57,62.69,14.69
Brajrajnagar,19-04-2022,5,700.95,0,10.88,40.05,6.44,65.74,87.62,20.77
Brajrajnagar,20-04-2022,5,700.95,0,12.68,38.98,9.42,64.05,89.66,18.75
Brajrajnagar,21-04-2022,5,674.25,0,12.34,62.94,11.44,83.95,107.67,32.93
Brajrajnagar,22-04-2022,5,447.27,0,6.85,111.58,41.48,72.7,84.95,6.14
Brajrajnagar,23-04-2022,5,620.84,0,12.51,45.78,20.5,68.29,88.34,16.97
Brajrajnagar,24-04-2022,5,507.35,0,3.81,78.68,4.95,56.8,68.03,11.78
Brajrajnagar,25-04-2022,5,494,0,6.77,53.64,10.85,54.75,73.35,16.47
Brajrajnagar,26-04-2022,5,894.55,0,18.51,18.6,8.58,100.61,139.55,25.08
Brajrajnagar,27-04-2022,5,660.9,0,7.54,97.27,15.26,93.83,119.46,14.95
Brajrajnagar,28-04-2022,5,867.84,0,15.42,58.65,22.65,127.44,156.26,23.31
Brajrajnagar,29-04-2022,5,847.82,0,12.34,41.48,15.14,93.92,120.5,20.52
Brajrajnagar,30-04-2022,5,567.44,0,6.51,85.83,9.54,63.07,85.44,14.82
Brajrajnagar,01-05-2022,5,427.25,0,4.11,55.07,5.01,52.07,67.5,10.77
Brajrajnagar,02-05-2022,4,407.22,0,2.31,67.95,4.41,49.18,58.53,8.11
Brajrajnagar,03-05-2022,5,417.23,0,3.34,134.47,19.79,69.99,83.77,6.59
Brajrajnagar,04-05-2022,4,367.16,0,7.8,63.66,15.26,31.23,40.36,4.12
Brajrajnagar,05-05-2022,5,547.41,0,7.03,94.41,11.21,75.81,98.8,16.47
Brajrajnagar,06-05-2022,5,423.91,0,14.22,70.81,52.93,61.53,72.81,3.48
Brajrajnagar,07-05-2022,5,507.35,0,6.85,82.97,13.71,73.47,93.87,11.53
Brajrajnagar,08-05-2022,5,687.6,0,10.62,47.21,8.82,95.84,127.37,19
Brajrajnagar,09-05-2022,4,420.57,0,10.02,85.83,34.81,42.19,55.54,4.94
Brajrajnagar,10-05-2022,2,507.35,0,16.28,23.96,30.52,17.61,20.85,2.09
Brajrajnagar,11-05-2022,3,307.08,0.01,24.68,21.82,39.1,20.43,23.48,0
Brajrajnagar,12-05-2022,1,310.42,0,4.07,50.07,7.63,4.68,7.74,4.75
Brajrajnagar,13-05-2022,1,310.42,0,4.67,34.69,5.72,6.02,7.45,4.75
Brajrajnagar,14-05-2022,4,500.68,0,4.41,80.82,6.32,49.35,62.15,9.63
Brajrajnagar,15-05-2022,3,353.81,0,5.18,36.48,6.08,23.16,29.1,6.52
Brajrajnagar,16-05-2022,4,373.84,0,9.77,52.21,20.5,36,39.7,2.56
Brajrajnagar,17-05-2022,4,473.98,0,5.74,44.7,8.11,45.84,56.49,8.23
Brajrajnagar,18-05-2022,4,397.21,0,3.21,65.8,3.93,42.73,54.09,5.45
Brajrajnagar,19-05-2022,4,467.3,0,5.91,57.94,4.83,37.01,40.91,3.39
Brajrajnagar,20-05-2022,3,393.87,0,3.94,52.93,2.5,20.28,24.59,7.92
Brajrajnagar,21-05-2022,3,367.16,0,4.11,43.27,2.56,23.1,33.27,8.11
Brajrajnagar,22-05-2022,4,467.3,0,6.08,37.55,3.16,40.38,58.35,14.31
Brajrajnagar,23-05-2022,5,343.8,0,3.64,117.3,17.88,51.71,66.84,4.56
Brajrajnagar,24-05-2022,5,420.57,0,3.34,107.29,7.27,69.27,98.72,5.13
Brajrajnagar,25-05-2022,5,627.52,0,8.23,91.55,15.02,108.71,144.79,13.93
Brajrajnagar,26-05-2022,5,720.98,0,14.91,15.56,4.77,81.69,111.51,21.28
Brajrajnagar,27-05-2022,5,403.88,0,3.34,105.86,9.3,56.66,83.29,9.37
Brajrajnagar,28-05-2022,5,560.76,0,9.6,50.07,5.96,56.4,92.92,15.45
Brajrajnagar,29-05-2022,5,594.14,0,13.02,34.69,3.7,62.72,101.18,20.77
Brajrajnagar,30-05-2022,5,761.03,0,18.16,13.23,3.58,68.71,102.3,29.89
Brajrajnagar,31-05-2022,5,410.56,0,5.65,70.81,8.11,54.07,105.55,13.81
Brajrajnagar,01-06-2022,5,827.79,0,16.11,30.04,10.25,120.46,201.45,22.29
Brajrajnagar,02-06-2022,5,514.03,0,5.36,85.83,9.42,145.55,225.54,10.89
Brajrajnagar,03-06-2022,5,774.38,0,17.99,28.97,7.39,155.66,230.58,21.53
Brajrajnagar,04-06-2022,5,507.35,0,5.65,89.41,23.84,163.49,198.73,6.14
Brajrajnagar,05-06-2022,5,410.56,0,5.1,113.01,25.99,105.56,127.38,3.23
Brajrajnagar,06-06-2022,5,357.15,0,6.43,68.66,11.21,63.68,76.66,6.14
Brajrajnagar,07-06-2022,5,433.92,0,4.84,73.67,7.87,77.88,110.6,8.74
Brajrajnagar,08-06-2022,5,427.25,0,6.34,46.49,3.37,75.01,114.76,11.65
Brajrajnagar,09-06-2022,5,514.03,0,7.97,72.96,21.7,146.58,193.92,8.74
Brajrajnagar,10-06-2022,5,460.62,0,4.5,121.59,15.97,164.63,190.22,3.29
Brajrajnagar,11-06-2022,3,357.15,0,4.03,72.96,7.27,22.11,26.8,10.01
Brajrajnagar,12-06-2022,2,313.76,0,2.7,70.81,2.29,10,13.26,7.28
Brajrajnagar,13-06-2022,4,353.81,0,3.17,85.12,4.89,30.64,33.84,8.36
Brajrajnagar,14-06-2022,4,397.21,0,5.74,77.96,9.78,41.83,49.07,11.15
Brajrajnagar,15-06-2022,4,400.54,0,4.67,62.94,3.81,31.57,36,9.5
Brajrajnagar,16-06-2022,4,447.27,0,13.37,29.33,11.09,32.68,36.33,5.38
Brajrajnagar,17-06-2022,2,380.52,0,5.4,31.83,3.28,10.04,12.35,4.69
Brajrajnagar,18-06-2022,1,410.56,0,6.43,22.17,4.23,7.84,9.22,2.63
Brajrajnagar,19-06-2022,2,447.27,0,5.01,27.54,2.12,12.18,13.55,3.39
Brajrajnagar,20-06-2022,2,460.62,0,4.76,30.04,3.43,16.09,17.24,2.44
Brajrajnagar,21-06-2022,2,453.95,0,5.83,23.25,3.19,12.07,15.8,3.55
Brajrajnagar,22-06-2022,2,487.33,0.09,10.45,7.06,3.07,17.39,21.59,8.36
Brajrajnagar,23-06-2022,4,547.41,0,9,16.99,5.9,27.66,30.95,3.29
Brajrajnagar,24-06-2022,4,507.35,0,6.08,48.64,5.19,34.79,36.69,2.69
Brajrajnagar,25-06-2022,4,480.65,0,6.25,32.19,5.01,25.22,26.46,2.28
Brajrajnagar,26-06-2022,1,400.54,0.01,3.6,10.37,0.91,8.48,10.66,3.74
Brajrajnagar,27-06-2022,5,453.95,0,5.57,56.51,6.68,51.58,53.52,2.37
Brajrajnagar,28-06-2022,3,343.8,0,4.54,50.07,4.95,20.68,22.82,3.2
Brajrajnagar,29-06-2022,2,393.87,0,6.34,26.46,4.23,11.49,13.7,4.02
Brajrajnagar,30-06-2022,3,413.89,0.08,23.99,7.69,31.95,22.27,24.75,2.53
Brajrajnagar,01-07-2022,2,480.65,0.01,7.28,15.02,3.67,17.9,20.46,5.26
Brajrajnagar,02-07-2022,4,554.08,0,8.05,28.25,4.11,36.64,40.54,3.86
Brajrajnagar,03-07-2022,4,460.62,0.43,25.7,2.86,14.66,49.67,52.44,7.28
Brajrajnagar,04-07-2022,3,433.92,0,8.4,22.53,7.15,23.96,25.1,2.53
Brajrajnagar,05-07-2022,2,363.83,0,5.1,20.03,1.79,13.01,15.78,3.2
Brajrajnagar,06-07-2022,4,377.18,0,9.34,21.99,18.12,25.76,27.3,1.74
Brajrajnagar,07-07-2022,5,460.62,0.64,40.1,0.69,22.41,69.33,72.13,1.16
Brajrajnagar,08-07-2022,4,370.5,0,6.43,31.11,8.34,33.94,37.84,2.88
Brajrajnagar,09-07-2022,4,440.6,0,12.17,29.68,19.79,32.9,36.04,1.55
Brajrajnagar,10-07-2022,1,330.45,0,3.34,28.61,4.41,8.79,10.48,2.31
Brajrajnagar,11-07-2022,2,400.54,0.02,7.28,11.09,3.04,13.54,15.91,3.8
Brajrajnagar,12-07-2022,4,634.19,0.02,14.39,12.52,10.01,35.01,38.08,3.07
Brajrajnagar,13-07-2022,3,460.62,0,10.71,21.64,11.44,21.26,22.98,2.44
Brajrajnagar,14-07-2022,3,440.6,0,7.97,22.89,9.06,20.77,22.9,2.88
Brajrajnagar,15-07-2022,4,487.33,1.54,29.47,0.12,16.45,43.3,44.46,1.08
Brajrajnagar,16-07-2022,4,507.35,0.27,19.54,4.02,18.36,39.05,42.97,5.26
Brajrajnagar,17-07-2022,4,594.14,1.17,23.31,1.32,27.18,46.51,48.87,5.13
Brajrajnagar,18-07-2022,4,307.08,0,12.85,35.41,18.12,25.48,26.87,0.9
Brajrajnagar,19-07-2022,1,347.14,0,5.83,22.17,3.28,8.65,11.22,2.82
Brajrajnagar,20-07-2022,4,363.83,0,4.03,48.64,2.44,32.39,36.09,3.23
Brajrajnagar,22-07-2022,4,387.19,1.73,17.82,0.82,14.9,29.28,31.36,1.22
Brajrajnagar,23-07-2022,3,547.41,2.37,19.88,0.39,18.6,23.38,24.87,1.82
Brajrajnagar,24-07-2022,5,567.44,0.38,25.7,1.99,8.34,74.21,76.86,4.43
Brajrajnagar,25-07-2022,2,357.15,0.01,4.71,12.87,3.1,11.26,12.28,2.6
Brajrajnagar,26-07-2022,4,494,0.01,8.05,10.73,6.2,28.24,29.63,1.96
Brajrajnagar,27-07-2022,2,333.79,0,3.94,31.47,3.37,17.5,19.07,2.44
Brajrajnagar,28-07-2022,4,700.95,0.16,14.05,6.88,2.8,45.56,51.76,7.41
Brajrajnagar,29-07-2022,4,594.14,0,7.63,18.24,2.65,41.73,46.64,4.31
Brajrajnagar,30-07-2022,3,460.62,0.01,6.68,18.24,1.39,20.13,24.44,5.38
Brajrajnagar,31-07-2022,2,427.25,0.01,5.83,18.06,2.68,19.64,22,8.36
Brajrajnagar,01-08-2022,4,554.08,0.05,7.28,10.64,1.51,38.7,44.93,8.99
Brajrajnagar,02-08-2022,5,741,4.47,14.05,0.26,2.32,70.89,83.93,11.53
Brajrajnagar,03-08-2022,5,627.52,0.17,16.96,5.41,10.01,54.93,58.07,6.78
Brajrajnagar,04-08-2022,5,520.71,0.11,17.99,6.88,8.58,78.46,82.1,3.89
Brajrajnagar,05-08-2022,4,320.43,0.05,9.42,10.55,6.38,32.59,39.61,3.58
Brajrajnagar,06-08-2022,4,440.6,0.6,12.85,2.15,3.93,45.29,53.26,7.92
Brajrajnagar,07-08-2022,4,527.38,0.33,16.79,3,8.58,48.35,51.85,10.39
Brajrajnagar,08-08-2022,3,507.35,0.05,13.88,6.53,7.87,23.33,25.27,2.79
Brajrajnagar,09-08-2022,4,494,0.02,18.51,11.27,14.66,25.64,27.52,1.57
Brajrajnagar,10-08-2022,3,514.03,0.16,20.05,4.16,22.89,22.84,23.66,1.35
Brajrajnagar,11-08-2022,1,290.39,0,5.74,22.17,5.19,5.78,6.33,1.35
Brajrajnagar,12-08-2022,2,353.81,0,7.8,18.06,6.56,10.8,11.7,1.93
Brajrajnagar,13-08-2022,4,393.87,0,7.88,27.89,10.49,31.4,32.78,1.42
Brajrajnagar,14-08-2022,2,293.73,0,4.58,28.61,5.42,14.18,14.91,1.35
Brajrajnagar,15-08-2022,1,307.08,0.01,5.23,18.95,5.72,6.29,6.59,0.86
Brajrajnagar,16-08-2022,1,273.7,0,5.36,27.54,4.83,4.94,6.92,3.7
Brajrajnagar,17-08-2022,3,527.38,0.07,8.83,10.46,1.27,24.18,31.63,6.59
Brajrajnagar,18-08-2022,4,433.92,0,5.48,31.47,2.32,40.12,44.47,3.7
Brajrajnagar,19-08-2022,4,320.43,0.02,21.25,10.37,20.27,33.52,36.1,1.95
Brajrajnagar,20-08-2022,4,343.8,0.07,29.47,6.35,41.96,35.04,35.94,0.72
Brajrajnagar,21-08-2022,2,363.83,0,8.4,23.25,5.3,11.57,11.82,1
Brajrajnagar,22-08-2022,1,323.77,0,4.76,22.89,1.28,9.87,11.55,2.98
Brajrajnagar,23-08-2022,3,520.71,0.06,9.17,9.83,1.46,24.18,30.5,5
Brajrajnagar,24-08-2022,3,347.14,0,7.03,42.56,12.04,22.35,25.57,3.45
Brajrajnagar,25-08-2022,5,433.92,0.35,31.19,2.55,24.32,78.91,83.06,2.75
Brajrajnagar,26-08-2022,5,427.25,0,4.46,40.05,1.33,51.72,57.92,4.24
Brajrajnagar,27-08-2022,5,403.88,0,4.63,45.78,1.97,52.72,59.33,4.37
Brajrajnagar,28-08-2022,4,560.76,0.02,14.74,14.66,10.85,43.97,47.21,19.25
Brajrajnagar,29-08-2022,4,420.57,0.04,7.45,7.42,3.13,27.47,30.59,3.26
Brajrajnagar,30-08-2022,4,514.03,0.01,7.8,18.95,3.25,40.91,46.31,4.43
Brajrajnagar,31-08-2022,4,500.68,0.06,11.14,10.82,4.95,34.09,40.63,4.31
Brajrajnagar,01-09-2022,2,467.3,0.08,6.6,6.17,1.48,13.26,17.18,4.81
Brajrajnagar,02-09-2022,4,514.03,0.01,9.68,18.06,2.56,26.96,32.16,7.22
Brajrajnagar,03-09-2022,4,640.87,0,10.11,24.68,3.52,47,53.94,4.75
Brajrajnagar,04-09-2022,4,527.38,0,5.57,40.05,2.77,36.82,39.41,3.83
Brajrajnagar,05-09-2022,4,540.73,0,6.77,27.18,3.37,44.83,47.42,2.72
Brajrajnagar,06-09-2022,5,867.84,0.67,21.25,3.53,6.44,58.8,66.71,14.19
Brajrajnagar,07-09-2022,4,787.73,2.12,10.28,0.45,2.06,45.08,57.31,12.41
Brajrajnagar,08-09-2022,4,514.03,0.01,6.85,14.84,2.03,42.83,46.83,4.69
Brajrajnagar,09-09-2022,2,350.48,0.05,8.05,9.12,3.55,13.19,17.71,3.36
Brajrajnagar,10-09-2022,1,383.85,0.02,6.25,10.46,2.62,8.52,11.17,3.17
Brajrajnagar,11-09-2022,2,407.22,0.13,16.79,8.14,16.69,16.58,18.63,1.36
Brajrajnagar,12-09-2022,3,433.92,0.02,13.54,10.28,11.56,22.74,23.61,1.82
Brajrajnagar,13-09-2022,1,380.52,0,4.11,25.75,4.23,9.3,10.08,1.71
Brajrajnagar,14-09-2022,2,373.84,0.05,10.54,6.97,12.4,15.14,16.71,2.98
Brajrajnagar,15-09-2022,1,350.48,0.01,5.65,11.62,1.91,9,11.86,3.77
Brajrajnagar,16-09-2022,2,453.95,0.02,8.57,8.58,1.37,13.87,19.47,4.43
Brajrajnagar,17-09-2022,2,363.83,0,6.17,37.91,3.46,16.22,17.75,2.72
Brajrajnagar,18-09-2022,3,423.91,0,10.88,23.96,12.4,21.2,22.83,3.86
Brajrajnagar,19-09-2022,5,520.71,5.98,34.96,0.02,47.68,66.28,68.07,1.57
Brajrajnagar,20-09-2022,3,574.11,0,5.65,25.39,3.76,20.7,22.37,2.63
Brajrajnagar,21-09-2022,5,587.46,11.62,52.09,0.08,65.8,79.41,81.51,0
Brajrajnagar,22-09-2022,2,514.03,0.04,6.68,9.21,6.02,11.77,14.3,5.57
Brajrajnagar,23-09-2022,2,433.92,0.01,9.51,16.81,9.89,14.75,16.22,3.67
Brajrajnagar,24-09-2022,4,433.92,0,6.68,18.95,2.15,26.12,29.09,3.7
Brajrajnagar,25-09-2022,5,554.08,0.25,10.02,5.81,1.48,60.49,71.65,10.51
Brajrajnagar,26-09-2022,4,540.73,0,8.57,25.03,2.65,46.25,51.52,5.26
Brajrajnagar,27-09-2022,5,627.52,1.15,22.96,2.66,13.83,85.95,93.93,9.5
Brajrajnagar,28-09-2022,5,680.92,5.25,28.45,0.63,12.99,171.34,181.95,2.44
Brajrajnagar,29-09-2022,5,754.36,0.1,11.31,9.12,2.38,134.26,142.77,12.16
Brajrajnagar,30-09-2022,5,1068.12,2.12,17.48,0.67,6.08,66.55,76.8,34.96
Brajrajnagar,01-10-2022,4,947.95,0.17,11.65,7.24,2.21,34.99,41.34,8.36
Brajrajnagar,02-10-2022,5,947.95,0.01,10.37,16.09,2.56,60.28,66.11,7.54
Brajrajnagar,03-10-2022,5,921.25,0,6.77,23.25,1.56,53.12,56.62,5.26
Brajrajnagar,04-10-2022,5,1148.22,0,7.2,21.28,5.01,51.7,53.38,3.61
Brajrajnagar,05-10-2022,3,370.5,0.02,19.02,14.31,20.74,21.11,22.98,0.99
Brajrajnagar,06-10-2022,3,300.41,0.06,23.99,7.42,22.41,22.4,25.27,1.68
Brajrajnagar,07-10-2022,2,263.69,0.29,21.93,2.7,18.6,13.58,15.47,1.57
Brajrajnagar,08-10-2022,5,417.23,0.16,25.02,5.1,15.26,60.24,65.76,2.88
Brajrajnagar,09-10-2022,5,473.98,0,8.83,32.54,11.92,77.4,81.59,3.83
Brajrajnagar,10-10-2022,4,487.33,0.01,20.22,11.44,16.21,38.75,41.34,1.63
Brajrajnagar,11-10-2022,5,390.53,2.12,22.62,0.06,10.13,65.39,69.6,3.07
Brajrajnagar,12-10-2022,4,527.38,0.01,9.34,19.67,4.71,27.17,29.56,2.98
Brajrajnagar,13-10-2022,4,540.73,0.18,13.71,7.33,7.09,29.79,35.26,14.19
Brajrajnagar,14-10-2022,5,620.84,0.14,11.14,6.62,1.61,88.6,94.07,5.76
Brajrajnagar,15-10-2022,5,654.22,0,8.65,22.71,1.97,64.32,68.86,5.32
Brajrajnagar,16-10-2022,5,881.2,0,6.77,31.47,2.86,121.37,125.33,3.51
Brajrajnagar,17-10-2022,5,974.66,0,7.2,25.75,2.74,180.58,187.28,11.53
Brajrajnagar,18-10-2022,5,1041.41,0.53,17.14,3.4,4.59,159,166.41,32.42
Brajrajnagar,19-10-2022,5,774.38,0.2,10.28,6.17,1.86,87.56,94.63,8.49
Brajrajnagar,20-10-2022,5,700.95,0,11.31,31.47,8.34,81.96,88.33,3.74
Brajrajnagar,21-10-2022,5,714.3,0.02,13.37,15.2,1.76,85.12,94.46,9.12
Brajrajnagar,22-10-2022,5,694.27,0.01,11.82,20.38,1.76,99.45,113.05,9.63
Brajrajnagar,23-10-2022,5,460.62,0,5.23,35.05,1.65,66.71,73.29,12.16
Brajrajnagar,24-10-2022,5,453.95,0,3,81.54,3.28,82.36,88.15,9.5
Brajrajnagar,25-10-2022,5,480.65,0,5.14,91.55,11.32,121.62,135.89,11.27
Brajrajnagar,26-10-2022,5,794.41,0.08,18.85,11.18,4.41,121.95,142.15,25.59
Brajrajnagar,27-10-2022,5,974.66,0.01,28.45,15.91,8.94,160.22,185.49,63.33
Brajrajnagar,28-10-2022,5,694.27,0.24,16.79,6.35,3.55,97.11,112.9,15.96
Brajrajnagar,29-10-2022,5,707.63,0,17.14,23.25,5.01,61.44,72.79,31.16
Brajrajnagar,30-10-2022,5,781.06,0.02,19.19,18.78,4.05,104.42,118.88,25.08
Brajrajnagar,31-10-2022,5,781.06,0,19.54,26.82,10.13,112.86,126,29.89
Brajrajnagar,01-11-2022,5,1094.82,0.01,25.7,18.42,6.97,162.64,182.49,40.02
Brajrajnagar,02-11-2022,5,847.82,0.04,17.48,14.13,4.35,144.64,160.75,16.47
Brajrajnagar,03-11-2022,5,607.49,0,11.48,25.03,2.44,105.55,114.65,12.92
Brajrajnagar,04-11-2022,5,1112,0.01,31.56,19,15.5,123.75,141.5,12.92
Brajrajnagar,05-11-2022,5,948,0.25,33,6.36,11.94,178.5,202,57.76
Brajrajnagar,06-11-2022,5,961.3,0.07,34.27,10.01,13.35,173.07,210.91,57.76
Brajrajnagar,07-11-2022,5,947.95,0.01,18.68,21.46,3.81,222.45,259.33,11.27
Brajrajnagar,08-11-2022,5,1161.58,0.25,26.73,5.99,9.42,266.61,303.13,42.56
Brajrajnagar,09-11-2022,5,1161.58,0.42,19.54,4.16,4.17,290.65,322.72,22.04
Brajrajnagar,10-11-2022,5,1268.39,1.24,27.42,1.54,3.4,229.16,250.91,16.47
Brajrajnagar,11-11-2022,5,988.01,0,14.39,38.98,10.49,185.62,199.06,12.79
Brajrajnagar,12-11-2022,5,961.3,0,15.94,33.62,7.03,139.63,151.74,15.2
Brajrajnagar,13-11-2022,5,587.46,0,10.8,37.91,2.8,62.46,70.94,22.55
Brajrajnagar,14-11-2022,5,600.81,0,12.68,55.79,5.6,52.1,61.1,28.88
Brajrajnagar,15-11-2022,5,881.2,0,21.25,38.27,6.74,73.66,86.05,34.96
Brajrajnagar,16-11-2022,5,841.14,0.01,20.05,23.6,4.35,103.93,119.79,10.39
Brajrajnagar,17-11-2022,5,720.98,0,13.54,50.78,6.02,94.8,109.63,17.73
Brajrajnagar,18-11-2022,5,747.68,0,17.65,25.39,3.99,64.58,75.82,27.61
Brajrajnagar,19-11-2022,5,774.38,0,13.02,69.38,6.2,101.93,114.26,21.79
Brajrajnagar,20-11-2022,5,700.95,0,16.79,23.96,2.65,61.73,70.29,24.32
Brajrajnagar,21-11-2022,5,934.6,0.51,25.36,4.02,2.41,101.51,115.15,23.56
Brajrajnagar,22-11-2022,5,934.6,0.07,26.73,12.16,12.04,120.11,136.61,50.66
Brajrajnagar,23-11-2022,5,961.3,0.03,21.59,16.27,2.62,135.81,149.5,12.54
Brajrajnagar,24-11-2022,5,894.55,0,18.68,33.97,6.79,178.42,190.72,12.54
Brajrajnagar,25-11-2022,5,847.82,0,16.96,53.64,6.68,106.98,118.29,20.52
Brajrajnagar,26-11-2022,5,907.9,0.04,28.79,16.09,7.21,101.31,116.8,25.08
Brajrajnagar,27-11-2022,5,794.41,0.01,26.73,20.38,5.72,108.41,121.01,30.65
Brajrajnagar,28-11-2022,5,947.95,0.04,38.73,13.59,22.89,125.83,145.44,64.85
Brajrajnagar,29-11-2022,5,1201.63,0.02,35.3,18.24,15.26,153.08,174.79,69.92
Brajrajnagar,30-11-2022,5,1121.52,0.02,32.9,18.24,7.15,171.44,193,34.45
Brajrajnagar,01-12-2022,5,1214.98,0.03,31.19,15.02,11.32,206.86,230.18,65.86
Brajrajnagar,02-12-2022,5,1281.74,0,33.93,35.05,26.46,225.07,247.56,85.12
Brajrajnagar,03-12-2022,5,1201.63,0.14,29.47,9.57,9.54,243.14,264.13,13.68
Brajrajnagar,04-12-2022,5,1108.17,0.01,37.01,21.46,25.51,241.74,260.58,57.76
Brajrajnagar,05-12-2022,5,921.25,0.02,20.39,19.31,3.1,199.39,212.38,12.16
Brajrajnagar,06-12-2022,5,867.84,0,21.08,50.78,14.66,160.28,171.26,21.03
Brajrajnagar,07-12-2022,5,614.17,0,10.45,60.08,10.49,114.5,123.79,15.71
Brajrajnagar,08-12-2022,5,694.27,0,14.91,34.33,5.07,115.15,124.4,21.28
Brajrajnagar,09-12-2022,5,894.55,0,19.02,55.79,3.78,136.46,147.51,10.64
Brajrajnagar,11-12-2022,5,1174.93,0.04,14.05,13.95,2.5,373.33,391.29,4.12
Brajrajnagar,12-12-2022,5,974.66,0.91,23.99,2.24,2.95,177.87,194.26,30.4
Brajrajnagar,13-12-2022,5,1161.58,0.13,28.1,10.01,6.38,218.97,240.26,43.57
Brajrajnagar,14-12-2022,5,647.54,0,15.08,38.98,5.19,87.29,95.97,24.57
Brajrajnagar,15-12-2022,4,514.03,0,12,33.62,7.75,41.83,48.18,17.99
Brajrajnagar,16-12-2022,4,433.92,0,11.48,47.92,13.83,39,45.77,15.71
Brajrajnagar,17-12-2022,4,427.25,0,10.2,45.78,7.87,34.49,39.59,16.97
Brajrajnagar,18-12-2022,5,680.92,0,17.48,44.35,5.54,72.82,81.04,21.79
Brajrajnagar,19-12-2022,5,947.95,0.02,30.5,17.88,7.87,93.01,108.5,62.82
Brajrajnagar,20-12-2022,5,1028.06,0.16,41.47,8.94,10.61,153.38,172.72,34.96
Brajrajnagar,21-12-2022,5,1121.52,0.31,30.85,6.79,5.13,168.15,187.15,22.55
Brajrajnagar,22-12-2022,5,961.3,0,30.16,30.76,6.85,127.55,140.79,48.13
Brajrajnagar,23-12-2022,5,961.3,0.02,32.22,17.34,3.78,99.85,111.8,30.65
Brajrajnagar,24-12-2022,5,714.3,0.11,17.48,11.27,5.54,82.08,96.37,20.77
Brajrajnagar,25-12-2022,5,560.76,0,8.57,37.55,8.34,83.87,89.98,14.95
Brajrajnagar,26-12-2022,5,747.68,0.85,14.39,3.93,1.65,114.25,123.92,7.6
Brajrajnagar,27-12-2022,5,841.14,0.03,21.93,17.52,4.47,96.22,113.84,24.07
Brajrajnagar,28-12-2022,5,574.11,0,10.97,53.64,9.18,148.43,158.65,12.41
Brajrajnagar,29-12-2022,2,370.5,0,7.88,58.65,6.91,24.18,28.24,14.95
Brajrajnagar,30-12-2022,3,594.14,0.06,22.62,15.74,5.48,40.71,50.28,22.04
Brajrajnagar,31-12-2022,5,921.25,0.68,44.55,3.62,15.5,91.28,113.52,57.25
Brajrajnagar,01-01-2023,5,600.81,0,15.59,47.21,22.65,92.96,103.78,17.48
Brajrajnagar,02-01-2023,5,988.01,0,16.28,37.91,7.09,196.09,209.87,21.53
Brajrajnagar,03-01-2023,5,854.49,0,12,42.56,5.36,181.22,192.57,10.77
Brajrajnagar,04-01-2023,5,934.6,0,15.42,32.9,2.71,162.93,174.57,11.65
Brajrajnagar,05-01-2023,5,1108.17,0,12.34,75.1,25.51,267.91,280.79,6.84
Brajrajnagar,06-01-2023,5,1041.41,0,10.2,80.82,16.69,252.34,264.03,7.35
Brajrajnagar,07-01-2023,3,547.41,0,14.39,32.54,3.07,32.92,38.57,19.76
Brajrajnagar,08-01-2023,3,594.14,0.02,19.19,18.42,3.67,40.06,47.07,28.37
Brajrajnagar,09-01-2023,3,754.36,0.11,24.68,11,2.44,48.01,55.76,23.31
Brajrajnagar,10-01-2023,5,847.82,0.2,26.05,8.67,6.62,110.31,127.29,26.85
Brajrajnagar,11-01-2023,4,620.84,0.19,30.85,8.85,10.37,72.07,88.26,23.05
Brajrajnagar,12-01-2023,5,821.11,1.36,33.24,1.81,12.64,87.91,111.62,49.65
Brajrajnagar,13-01-2023,5,847.82,0.03,20.39,17.7,4.77,108.51,126.25,27.11
Brajrajnagar,14-01-2023,5,1028.06,0.03,27.76,16.09,5.84,144.04,164.84,30.4
Brajrajnagar,15-01-2023,5,587.46,0.01,15.42,21.99,2.95,75.73,87.16,22.29
Brajrajnagar,16-01-2023,5,514.03,0,9.85,50.07,5.01,81.97,91.55,17.23
Brajrajnagar,17-01-2023,5,647.54,0,21.42,32.9,9.89,105.56,118.93,20.01
Brajrajnagar,18-01-2023,5,754.36,0,20.56,40.41,13.59,153.87,167.66,19.76
Brajrajnagar,19-01-2023,5,834.47,0,13.88,61.51,20.03,208.99,222.31,13.43
Brajrajnagar,20-01-2023,5,1001.36,0,22.28,28.61,6.2,220.71,239.45,13.93
Brajrajnagar,21-01-2023,5,974.66,0.02,31.53,17.7,11.09,157.56,172.51,29.39
Brajrajnagar,22-01-2023,5,907.9,0.01,20.56,22.35,3.04,160.97,174.87,24.07
Brajrajnagar,23-01-2023,5,894.55,0,17.48,25.75,4.59,162.2,175.46,24.83
Brajrajnagar,24-01-2023,5,1134.87,0,32.56,28.61,12.76,155.16,173.54,46.1
Brajrajnagar,25-01-2023,5,1041.41,0.02,30.16,18.06,10.61,134.57,150,29.39
Brajrajnagar,26-01-2023,5,1001.36,0.01,25.7,19.85,9.66,166.09,182.7,29.89
Brajrajnagar,27-01-2023,5,1121.52,0.02,35.99,18.06,8.46,196.28,212.4,36.98
Brajrajnagar,28-01-2023,5,921.25,0,15.08,58.65,12.52,195.26,205.92,19.51
Brajrajnagar,29-01-2023,5,947.95,0,12.51,50.07,8.46,190.97,201.6,19.76
Brajrajnagar,30-01-2023,5,700.95,0,6.25,66.52,7.87,169.41,177.69,11.78
Brajrajnagar,31-01-2023,5,1068.12,0.01,21.93,22.89,6.5,181.86,200.32,40.02
Brajrajnagar,01-02-2023,5,694.27,0,12.17,71.53,7.75,103.29,110.65,18.75
Brajrajnagar,02-02-2023,3,370.5,0,7.63,87.98,18.36,37.38,41.76,11.91
Brajrajnagar,03-02-2023,4,881.2,0.28,39.07,7.33,15.5,67.9,87.1,39.01
Brajrajnagar,04-02-2023,3,403.88,0,11.31,64.37,15.5,33.7,40.75,15.96
Brajrajnagar,05-02-2023,3,534.06,0.01,17.31,24.32,6.26,38.71,51.43,24.57
Brajrajnagar,06-02-2023,4,627.52,0.04,16.28,17.17,3.46,52.92,70.29,27.36
Brajrajnagar,07-02-2023,4,487.33,0,13.88,45.06,12.04,57.57,72.52,19.76
Brajrajnagar,08-02-2023,5,747.68,0.01,16.96,23.6,6.26,87.11,104.17,27.11
Brajrajnagar,09-02-2023,3,393.87,0,6.68,71.53,6.44,39.81,48.57,16.21
Brajrajnagar,10-02-2023,5,1001.36,0.03,40.44,16.63,15.97,124.02,144.31,41.04
Brajrajnagar,11-02-2023,5,841.14,0.02,29.13,19.31,12.87,104.18,132.21,42.56
Brajrajnagar,12-02-2023,4,514.03,0,12,44.7,10.13,57.73,67.56,20.01
Brajrajnagar,13-02-2023,4,377.18,0,7.63,91.55,20.03,52.24,77.03,14.19
Brajrajnagar,14-02-2023,3,393.87,0,9.68,81.54,11.32,28.28,35.6,15.33
Brajrajnagar,15-02-2023,3,487.33,0,9.77,54.36,4.89,32.31,43.53,20.52
Brajrajnagar,16-02-2023,3,494,0,11.65,41.13,6.32,38.18,55.58,21.03
Brajrajnagar,17-02-2023,5,781.06,0,15.08,45.42,7.15,87.5,110.15,22.29
Brajrajnagar,18-02-2023,5,827.79,0,14.39,50.07,6.44,127.76,147.5,20.77
Brajrajnagar,19-02-2023,5,714.3,0,12,37.55,6.02,89.91,104.86,26.09
Brajrajnagar,20-02-2023,5,687.6,0,12.68,31.83,4.89,117.3,137.76,28.88
Brajrajnagar,21-02-2023,5,794.41,0.09,22.62,12.16,8.7,91.06,106.31,31.16
Brajrajnagar,22-02-2023,5,947.95,0,20.73,39.7,10.37,122.59,142.88,28.88
Brajrajnagar,23-02-2023,5,560.76,0,11.65,80.11,18.12,81.33,91.13,17.99
Brajrajnagar,25-02-2023,5,500.68,0,5.48,72.24,4.95,80,97.95,15.45
Brajrajnagar,26-02-2023,5,867.84,0,17.14,63.66,15.74,102.06,128.07,55.73
Brajrajnagar,27-02-2023,5,847.82,0,19.71,25.39,9.42,118.19,139.65,27.36
Brajrajnagar,28-02-2023,5,1041.41,0,37.7,31.11,20.27,123.41,148.09,53.7
Brajrajnagar,01-03-2023,5,1081.47,0,25.7,24.68,17.17,140.07,167.87,38.5
Brajrajnagar,02-03-2023,5,934.6,0,21.25,21.1,14.31,129.67,148.78,33.44
Brajrajnagar,03-03-2023,5,774.38,0.01,20.56,16.99,7.27,89.12,109.54,32.93
Brajrajnagar,04-03-2023,4,634.19,0,14.57,32.9,6.5,58.12,70.68,21.03
Brajrajnagar,05-03-2023,4,640.87,0.03,15.08,15.56,2.86,65.78,81.52,25.59
Brajrajnagar,06-03-2023,3,387.19,0,5.83,71.53,9.06,41.07,50.47,14.06
Brajrajnagar,07-03-2023,5,988.01,0,25.36,27.18,12.04,95.07,113.69,43.06
Brajrajnagar,08-03-2023,3,453.95,0,5.18,75.1,7.87,45.28,51.38,12.67
Brajrajnagar,09-03-2023,5,674.25,0,8.74,76.53,16.45,117.82,128.19,11.53
Brajrajnagar,10-03-2023,5,1001.36,0,27.08,31.47,15.02,119.99,137.36,42.05
Brajrajnagar,11-03-2023,5,647.54,0,7.8,77.96,7.03,140.32,149.52,15.2
Brajrajnagar,12-03-2023,5,640.87,0,7.37,57.94,4.29,90.32,96.91,14.19
Brajrajnagar,13-03-2023,5,907.9,0,17.14,32.54,11.92,129.6,146.26,36.48
Brajrajnagar,14-03-2023,5,934.6,0,22.28,36.12,9.3,117.93,133.81,31.92
Brajrajnagar,15-03-2023,5,554.08,0,5.44,62.23,3.61,93.12,100.86,13.68
Brajrajnagar,16-03-2023,5,534.06,0,9.34,68.66,27.66,84.28,89.79,10.51
Brajrajnagar,17-03-2023,4,827.79,0.03,15.08,12.34,3.55,69.44,79.05,26.6
Brajrajnagar,18-03-2023,4,947.95,0.09,29.47,9.83,6.91,68.86,81.3,32.42
Brajrajnagar,19-03-2023,2,507.35,0,13.19,31.11,17.64,20.85,21.42,1.49
Brajrajnagar,20-03-2023,3,714.3,0,13.54,19.85,9.89,26.42,29.08,4.94
Brajrajnagar,21-03-2023,3,894.55,0.22,19.02,7.15,2.15,40.27,49.15,7.98
Brajrajnagar,22-03-2023,3,707.63,0,12.68,37.19,7.87,47.92,55.45,11.27
Brajrajnagar,23-03-2023,3,647.54,0,8.91,31.83,1.71,44.76,53.62,9.25
Brajrajnagar,24-03-2023,5,1041.41,0,27.76,18.42,11.92,149.86,170.9,51.68
Brajrajnagar,25-03-2023,5,747.68,0,11.31,69.38,17.88,116.69,127.16,13.3
Brajrajnagar,26-03-2023,5,1014.71,0.01,23.99,12.34,4.71,90.02,103.85,33.44
Brajrajnagar,27-03-2023,5,807.76,0,10.8,47.21,9.78,127.79,136.11,16.21
Brajrajnagar,28-03-2023,5,854.49,0,21.25,25.03,4.53,90.03,102.13,27.61
Brajrajnagar,29-03-2023,4,600.81,0,6.25,71.53,14.19,74.69,85.01,12.41
Brajrajnagar,30-03-2023,4,520.71,0,6.25,57.22,5.6,50.4,57.47,11.53
Brajrajnagar,31-03-2023,4,560.76,0,8.23,75.82,8.7,65.32,74.07,11.27
Brajrajnagar,01-04-2023,3,620.84,0,10.54,34.69,3.34,48.58,54.08,4.37
Brajrajnagar,02-04-2023,4,614.17,0,6.85,56.51,6.68,71.37,76.79,6.59
Brajrajnagar,03-04-2023,3,473.98,0,10.54,50.07,11.21,33.16,42.67,17.99
Brajrajnagar,04-04-2023,4,734.33,0,17.48,33.62,13.59,70.76,89.33,23.56
Brajrajnagar,05-04-2023,4,574.11,0,5.48,71.53,6.74,58.12,66.8,13.3
Brajrajnagar,06-04-2023,3,534.06,0,12,29.68,4.05,46.91,78.64,20.77
Brajrajnagar,07-04-2023,5,1014.71,0,36.33,9.57,14.31,88.6,130.01,53.7
Brajrajnagar,08-04-2023,5,1014.71,0,26.73,13.77,7.33,137.6,174.14,27.61
Brajrajnagar,09-04-2023,4,410.56,0,4.33,71.53,3.99,61.63,77.98,13.81
Brajrajnagar,10-04-2023,2,447.27,0,5.57,55.79,5.84,18.53,21.63,14.44
Brajrajnagar,11-04-2023,3,607.49,0,5.4,97.27,11.32,41.4,49.3,13.68
Brajrajnagar,12-04-2023,3,460.62,0,7.71,61.51,5.78,34.22,44.81,16.97
Brajrajnagar,13-04-2023,4,787.73,0,17.31,35.05,8.94,63.23,83.83,22.8
Brajrajnagar,14-04-2023,4,667.57,0,16.11,31.83,15.5,74.15,92.83,28.63
Brajrajnagar,15-04-2023,5,787.73,0,16.11,43.63,20.74,103.01,126.05,45.09
Brajrajnagar,16-04-2023,3,420.57,0,6,47.21,4.29,49.57,60.83,15.71
Brajrajnagar,17-04-2023,3,460.62,0,9.42,55.07,19.79,44.3,52.44,15.83
Brajrajnagar,18-04-2023,4,734.33,0,19.36,22.53,16.45,69.21,88.75,32.93
Brajrajnagar,19-04-2023,4,540.73,0,8.14,55.07,6.5,55.31,66.06,17.48
Brajrajnagar,20-04-2023,3,547.41,0,12.68,43.99,17.64,36.82,49.7,21.79
Brajrajnagar,21-04-2023,2,410.56,0,13.19,52.21,40.53,24.71,34.1,10.51
Brajrajnagar,22-04-2023,3,547.41,0,6.25,53.64,2.38,40.95,45.5,14.82
Brajrajnagar,23-04-2023,3,447.27,0,4.07,78.68,5.6,35.58,38.72,8.36
Brajrajnagar,24-04-2023,4,654.22,0,10.37,40.77,4.29,55.81,60.84,13.43
Brajrajnagar,25-04-2023,5,620.84,0,6.51,107.29,21.22,103.07,107.81,3.77
Brajrajnagar,26-04-2023,3,794.41,0.01,14.39,14.66,2.12,37.37,43.96,9.63
Brajrajnagar,27-04-2023,3,500.68,0,3.77,43.63,3.22,28.69,33.27,9.88
Brajrajnagar,28-04-2023,3,614.17,0,13.37,48.64,12.52,43.65,51.25,17.99
Brajrajnagar,29-04-2023,4,881.2,0.16,28.79,7.6,7.39,58.95,75.23,34.96
Brajrajnagar,30-04-2023,4,680.92,0,11.31,36.84,2.92,68.33,74.88,16.97
Brajrajnagar,01-05-2023,2,480.65,0,4.88,44.7,3.81,16.48,19.54,7.6
Brajrajnagar,02-05-2023,3,634.19,0,11.65,20.21,2.38,40.26,46.1,16.97
Brajrajnagar,03-05-2023,2,554.08,0,6.08,35.76,1.88,22.31,26.95,5
Brajrajnagar,04-05-2023,3,547.41,0,7.88,36.48,3.67,27.8,31.23,4.18
Brajrajnagar,05-05-2023,4,767.71,0,16.28,26.11,5.42,53,64.79,21.79
Brajrajnagar,06-05-2023,3,507.35,0,3.56,125.89,12.52,40.3,45.58,7.92
Brajrajnagar,07-05-2023,4,647.54,0,17.65,38.62,8.94,52.04,64.16,38
Brajrajnagar,08-05-2023,4,660.9,0,9.94,47.92,8.82,66.94,80.76,21.03
Brajrajnagar,09-05-2023,4,594.14,0,4.54,97.27,7.45,66.87,78.75,13.17
Brajrajnagar,10-05-2023,4,574.11,0,5.01,63.66,5.19,63.36,68.4,11.15
Brajrajnagar,11-05-2023,4,560.76,0,5.57,64.37,5.42,67.98,80.79,13.17
Brajrajnagar,12-05-2023,4,403.88,0,6.25,143.05,25.75,48.29,64.48,12.29
Brajrajnagar,13-05-2023,4,500.68,0,8.83,62.23,16.69,54.18,67.93,12.79
Brajrajnagar,14-05-2023,3,567.44,0,8.4,65.09,18.12,46.8,53.4,14.69
Brajrajnagar,15-05-2023,3,453.95,0,6.68,60.8,4.35,42.77,54.71,16.72
Brajrajnagar,16-05-2023,5,654.22,0,10.28,62.23,16.45,95.26,114.56,16.97
Brajrajnagar,17-05-2023,5,547.41,0,8.74,74.39,11.56,92.75,124.17,15.96
Brajrajnagar,18-05-2023,3,507.35,0,13.71,51.5,8.7,35.19,60.45,29.64
Brajrajnagar,19-05-2023,3,397.21,0,4.03,73.67,5.25,34.14,55.68,11.4
Brajrajnagar,20-05-2023,4,514.03,0,7.71,111.58,21.7,72.76,111.31,14.57
Brajrajnagar,21-05-2023,3,423.91,0,4.84,61.51,6.38,43.08,68.73,11.15
Brajrajnagar,22-05-2023,3,390.53,0,4.28,57.94,3.7,28.6,42.89,12.03
Brajrajnagar,23-05-2023,3,403.88,0,3.13,68.66,5.84,31.69,38.18,8.87
Brajrajnagar,24-05-2023,3,494,0,6.51,89.41,12.28,49.91,60.25,15.58
Brajrajnagar,25-05-2023,3,440.6,0,4.37,62.94,6.85,40.01,49.57,10.77
Chandigarh,30-11-2020,5,834.47,5.2,38.73,148.77,117.3,141.57,152.34,6.46
Chandigarh,01-12-2020,5,1148.22,0,29.47,48.64,7.51,147.92,168.24,9.25
Chandigarh,02-12-2020,5,921.25,0,25.71,55.08,12.64,150.68,167.92,7.28
Chandigarh,03-12-2020,5,1014.71,0,22.96,70.1,6.32,150.05,167.06,9.88
Chandigarh,04-12-2020,5,1188.28,4.53,47.3,1.48,3.1,97.01,124.23,8.23
Chandigarh,05-12-2020,5,814.44,0,21.94,58.65,3.34,106.24,119.56,5.83
Chandigarh,06-12-2020,4,547.41,0,16.62,51.5,3.43,39.57,49.13,19.76
Chandigarh,07-12-2020,5,554.09,0,18.17,58.65,7.99,59.87,71.26,11.15
Chandigarh,08-12-2020,5,687.6,0,26.73,45.42,7.33,65.57,79.45,15.33
Chandigarh,09-12-2020,5,1108.17,8.72,47.3,0.25,4.29,71.35,100.45,18.75
Chandigarh,10-12-2020,5,1214.98,15.42,38.39,0.01,3.19,68.45,106.31,9.5
Chandigarh,11-12-2020,4,801.09,0.51,35.99,10.82,3.79,40.09,58.98,11.78
Chandigarh,12-12-2020,5,1415.25,0.15,47.98,21.99,10.97,83.33,101.69,34.96
Chandigarh,13-12-2020,4,947.95,11.18,26.73,0.08,2.44,47.47,77.83,7.66
Chandigarh,14-12-2020,5,781.06,0,17.82,44.35,4.89,90.71,101.88,4.56
Chandigarh,15-12-2020,5,1014.71,0.3,34.62,15.02,3.67,93.92,118.26,6.27
Chandigarh,16-12-2020,5,854.49,0,28.1,41.84,5.72,91.44,106.86,6.46
Chandigarh,17-12-2020,5,841.14,0,23.31,53.64,6.91,89.13,102.78,6.21
Chandigarh,18-12-2020,5,1001.36,0,23.99,57.22,7.15,127.85,141.93,6.08
Chandigarh,19-12-2020,5,1228.33,0,31.87,51.5,7.03,158.46,176.8,8.99
Chandigarh,20-12-2020,5,834.47,0,20.05,56.51,5.78,110.69,122.37,11.15
Chandigarh,21-12-2020,5,774.38,0,19.54,58.65,6.32,93.6,104.36,16.47
Chandigarh,22-12-2020,5,1482.01,11.4,42.5,0.14,5.07,143.17,188.06,14.19
Chandigarh,23-12-2020,5,1375.2,12.96,50.72,0.09,4.53,114.96,156.1,14.82
Chandigarh,24-12-2020,5,1081.47,0.33,48.67,12.34,4.23,95.73,120.32,8.99
Chandigarh,25-12-2020,5,714.3,0,27.76,55.79,7.57,72.97,86.77,8.61
Chandigarh,26-12-2020,5,1375.2,9.05,60.32,0.28,2.62,114.05,146.09,6.97
Chandigarh,27-12-2020,5,1161.58,5.92,42.84,0.77,3.82,138.71,173.03,15.96
Chandigarh,28-12-2020,5,660.9,0,10.28,95.84,13.71,123.42,125.93,4.02
Chandigarh,29-12-2020,5,847.82,0,38.04,38.62,8.58,97.98,118.33,10.26
Chandigarh,30-12-2020,5,881.2,0,28.45,41.84,4.77,93.63,111.24,5.13
Chandigarh,31-12-2020,5,1228.33,0.56,50.04,9.21,3.87,145.13,172.32,6.59
Chandigarh,01-01-2021,5,2136.23,32.19,41.81,0,5.25,162.66,218.64,16.97
Chandigarh,02-01-2021,5,1214.98,7.94,38.39,0.61,3.01,127.66,154.03,12.41
Chandigarh,03-01-2021,4,1014.71,12.74,27.42,0.15,3.99,41.25,69.21,28.37
Chandigarh,04-01-2021,4,460.63,0,5.83,80.11,3.16,25.34,28.59,4.43
Chandigarh,05-01-2021,1,460.63,0,6.26,66.52,2.21,6.07,9.01,5.7
Chandigarh,06-01-2021,1,323.77,0,4.37,72.96,2.71,6.54,7.99,3.64
Chandigarh,07-01-2021,4,947.95,7.26,29.47,0.36,3.16,40.32,63.37,5.13
Chandigarh,08-01-2021,5,1188.28,15.65,24.33,0.02,3.04,89.92,128.11,7.03
Chandigarh,09-01-2021,5,1041.41,0.35,43.53,11.27,11.21,135.63,157.35,4.81
Chandigarh,10-01-2021,5,894.55,0.01,21.25,27.18,4.11,125.48,143.23,5.76
Chandigarh,11-01-2021,5,1041.41,0,16.79,39.34,4.53,131.64,141.09,5.19
Chandigarh,12-01-2021,5,1121.52,0,17.65,54.36,6.62,135.51,150.51,5
Chandigarh,13-01-2021,5,1201.63,0,19.36,57.22,8.23,155.99,171.2,5.13
Chandigarh,14-01-2021,5,1482.01,0.14,43.87,18.77,6.68,184.88,219.04,14.44
Chandigarh,15-01-2021,5,1895.9,18.11,67.86,0.04,21.94,224.55,281.4,58.26
Chandigarh,16-01-2021,5,1508.71,3.16,48.67,3.17,3.67,296.81,339.69,5.83
Chandigarh,17-01-2021,5,1789.09,0.37,32.56,10.28,5.84,219.87,241.56,17.48
Chandigarh,18-01-2021,5,1028.06,0.26,29.13,14.84,2.47,178.52,199.3,6.71
Chandigarh,19-01-2021,5,1174.93,4.14,40.44,1.52,3.04,189.91,218.14,5.95
Chandigarh,20-01-2021,5,754.36,0,21.08,47.21,6.32,106.76,119.86,6.71
Chandigarh,21-01-2021,5,1388.55,0,18.17,75.1,7.75,260.89,277.77,4.94
Chandigarh,22-01-2021,5,1682.28,3.86,60.32,1.7,4.35,189.81,228.24,13.93
Chandigarh,23-01-2021,5,921.25,0,6.43,117.3,4.83,201.41,211.89,5.32
Chandigarh,24-01-2021,5,720.98,0,7.37,104.43,8.35,131.81,136.56,4.18
Chandigarh,25-01-2021,5,1001.36,0.03,24.33,23.96,3.31,137.39,149.96,4.94
Chandigarh,26-01-2021,5,974.66,0,25.36,45.78,5.36,109.38,129.09,4.75
Chandigarh,27-01-2021,5,921.25,0,17.82,70.1,6.56,130.82,147.19,4.94
Chandigarh,28-01-2021,5,934.6,0.02,25.02,41.13,4.41,134.26,152.81,5.83
Chandigarh,29-01-2021,5,1148.22,0,22.28,86.55,9.18,202.22,220.95,6.65
Chandigarh,30-01-2021,5,1108.17,0,16.28,83.69,6.14,206.23,221.67,5.19
Chandigarh,31-01-2021,5,894.55,0,12.51,97.28,8.94,150.93,163.46,9.63
Chandigarh,01-02-2021,5,1081.47,1.54,45.93,4.83,3.46,143.17,168.41,8.99
Chandigarh,02-02-2021,5,867.84,0,29.82,44.7,6.08,90.23,108.78,9.37
Chandigarh,03-02-2021,5,1214.98,2.29,65.12,3.58,10.01,139.51,172.68,7.98
Chandigarh,04-02-2021,4,767.71,0.06,27.42,27.54,3.99,27.18,44.32,17.23
Chandigarh,05-02-2021,4,1121.52,5.03,36.33,1.26,4.11,45.01,73.02,10.64
Chandigarh,06-02-2021,4,781.06,0.01,34.96,33.98,6.8,49.29,66.51,7.41
Chandigarh,07-02-2021,5,587.46,0,14.91,67.23,6.56,51.65,61.13,8.99
Chandigarh,08-02-2021,5,847.82,0,19.36,72.24,6.86,111.39,125.36,9.25
Chandigarh,09-02-2021,5,988.01,0,21.08,70.81,7.57,159.23,177.48,7.66
Chandigarh,10-02-2021,5,1214.98,0.86,36.33,8.14,4.59,218.84,250.76,7.85
Chandigarh,11-02-2021,5,1041.41,0.02,33.59,35.41,4.95,141.26,167.79,6.21
Chandigarh,12-02-2021,5,1228.33,0.02,28.79,35.41,3.93,210.7,237.57,4.43
Chandigarh,13-02-2021,5,1308.44,0,25.36,67.23,7.63,294.86,323.35,4.62
Chandigarh,14-02-2021,5,1174.93,4.81,39.07,0.87,3.04,211.74,243.67,6.08
Chandigarh,15-02-2021,5,1148.22,0.01,23.31,40.41,3.31,239.43,260.21,4.62
Chandigarh,16-02-2021,5,1482.01,6.87,49.35,0.62,3.99,312.01,354.11,6.21
Chandigarh,17-02-2021,5,1201.63,0.08,51.41,22.35,15.74,229.07,255.35,16.21
Chandigarh,18-02-2021,5,1255.04,12.07,62.38,0.07,6.38,152.5,185.92,15.33
Chandigarh,19-02-2021,5,1108.17,0.18,52.09,17.52,12.64,207.18,233.44,9.5
Chandigarh,20-02-2021,5,1068.12,0,24.33,67.95,6.44,196.94,218.95,11.27
Chandigarh,21-02-2021,5,1121.52,0,20.05,56.51,3.93,247.32,268.97,5.89
Chandigarh,22-02-2021,5,1121.52,0,12.17,97.28,6.91,298.74,317.56,8.04
Chandigarh,23-02-2021,5,1028.06,0,14.91,101.57,7.21,256.83,279.79,12.92
Chandigarh,24-02-2021,5,894.55,0,34.27,40.41,5.72,140.39,166.08,19.76
Chandigarh,25-02-2021,5,774.38,0.08,37.7,21.28,7.87,52.26,75.43,22.8
Chandigarh,26-02-2021,4,540.73,0,20.91,54.36,6.56,40.22,59.34,18.49
Chandigarh,27-02-2021,5,587.46,0,28.79,36.12,20.03,53.76,71.82,15.45
Chandigarh,28-02-2021,5,794.41,0,23.99,47.92,7.33,53.26,79.07,24.57
Chandigarh,01-03-2021,5,734.33,0.01,37.7,30.4,5.84,54.62,85.2,25.33
Chandigarh,02-03-2021,4,460.63,0,10.97,105.86,6.97,38.81,50.45,14.95
Chandigarh,03-03-2021,5,600.82,0,12.17,108.72,8.82,59.64,70.61,17.99
Chandigarh,04-03-2021,5,834.47,0,28.1,52.21,5.66,89.09,111.81,22.04
Chandigarh,05-03-2021,5,707.63,0,26.39,50.78,7.87,55.15,79.13,21.28
Chandigarh,06-03-2021,5,700.95,0,14.91,103,8.7,79.71,96.8,20.01
Chandigarh,07-03-2021,3,547.41,0.01,22.28,35.05,3.93,22.25,36.79,21.79
Chandigarh,08-03-2021,2,270.37,0,3.38,82.97,2.53,8.47,15.58,4.94
Chandigarh,09-03-2021,4,867.84,0.01,26.39,24.68,6.74,37.93,59.75,22.04
Chandigarh,10-03-2021,5,867.84,1.9,50.04,3.4,8.82,62.89,103.1,26.35
Chandigarh,11-03-2021,4,847.82,0.17,42.84,15.02,4.95,47.21,78.59,27.11
Chandigarh,12-03-2021,5,961.3,0.09,35.64,18.42,8.46,73.66,130.76,29.13
Chandigarh,13-03-2021,4,974.66,6.87,37.36,0.54,3.93,46.35,77.66,25.33
Chandigarh,14-03-2021,4,540.73,0,15.42,62.23,4.83,37.43,51.75,19.76
Chandigarh,15-03-2021,4,587.46,0,14.57,65.09,5.13,48.65,68,19
Chandigarh,16-03-2021,4,587.46,0,17.65,62.23,5.54,47.58,85.59,18.49
Chandigarh,17-03-2021,4,540.73,0,16.11,66.52,6.8,46.75,89.78,17.99
Chandigarh,18-03-2021,5,660.9,0,21.25,50.07,4.89,63.58,121.87,18.49
Chandigarh,19-03-2021,4,767.71,0.04,33.59,21.64,6.02,47.22,84.61,22.04
Chandigarh,20-03-2021,4,480.65,0,14.57,68.67,6.56,36.49,63.84,17.48
Chandigarh,21-03-2021,5,647.54,0,17.48,65.09,4.71,65.75,95.84,20.01
Chandigarh,22-03-2021,4,587.46,0,20.56,45.42,6.32,32.79,52.62,19.76
Chandigarh,23-03-2021,4,494,0,11.48,61.51,4.05,31.68,43.48,17.23
Chandigarh,24-03-2021,3,500.68,0,15.08,46.49,4.35,24,39.16,16.21
Chandigarh,25-03-2021,3,460.63,0,16.28,51.5,8.11,21.3,37.06,16.09
Chandigarh,26-03-2021,4,547.41,0,15.94,70.81,7.03,29.49,42.13,16.21
Chandigarh,27-03-2021,5,694.28,0,13.54,104.43,8.94,59.75,74.26,16.21
Chandigarh,28-03-2021,5,734.33,0,27.42,46.49,6.38,71.35,96.05,24.07
Chandigarh,29-03-2021,5,634.19,0,10.37,147.34,16.21,105,129.61,19.51
Chandigarh,30-03-2021,5,674.25,0,21.42,51.5,5.78,74.08,120.39,19.25
Chandigarh,31-03-2021,5,607.49,0,11.65,111.58,15.02,105.78,159.26,20.27
Chandigarh,01-04-2021,4,527.38,0,12.68,105.86,10.01,33.08,42.97,19
Chandigarh,02-04-2021,3,500.68,0,16.79,85.12,11.44,20.14,31.51,17.23
Chandigarh,03-04-2021,4,660.9,0,34.96,48.64,20.74,33.94,55.75,22.29
Chandigarh,04-04-2021,4,534.06,0,16.79,77.25,6.32,25.35,35.55,18.49
Chandigarh,05-04-2021,2,247,0,2.87,104.43,1.55,13.29,22.25,4.62
Chandigarh,06-04-2021,3,487.33,0,15.25,47.21,4.29,23.92,39.38,16.47
Chandigarh,07-04-2021,4,367.17,0,4.93,113.01,3.46,33.97,47.02,9.12
Chandigarh,08-04-2021,5,1054.76,0.02,50.72,23.6,12.04,89.96,141.59,42.56
Chandigarh,09-04-2021,5,974.66,0.08,45.93,18.6,7.87,63.77,106.44,31.67
Chandigarh,10-04-2021,4,587.46,0,22.28,53.64,8.35,29.41,47.41,20.77
Chandigarh,11-04-2021,4,534.06,0,17.48,65.09,6.2,32.05,48.23,21.28
Chandigarh,12-04-2021,4,507.36,0,16.28,58.65,5.48,37.74,80.97,18.49
Chandigarh,13-04-2021,4,781.06,0.02,30.5,25.75,5.9,45.77,76.55,23.81
Chandigarh,14-04-2021,4,480.65,0,14.57,81.54,7.15,35.35,59.07,17.73
Chandigarh,15-04-2021,4,587.46,0,20.91,42.92,6.91,31.9,58.88,20.27
Chandigarh,16-04-2021,4,754.36,0.09,36.67,17.17,7.99,41.02,72.89,27.61
Chandigarh,17-04-2021,4,340.46,0,4.24,121.59,5.36,30.01,35.55,6.33
Chandigarh,18-04-2021,3,587.46,0.01,16.79,25.75,3.07,24.2,35.96,18.75
Chandigarh,19-04-2021,2,473.98,0,13.2,51.5,4.11,11.5,19.33,13.55
Chandigarh,20-04-2021,3,574.11,0,21.59,43.99,6.26,23.49,40.81,18.75
Chandigarh,21-04-2021,2,290.39,0,2.55,117.3,2.3,15.82,18.69,3.67
Chandigarh,22-04-2021,2,487.33,0,11.48,52.93,4.23,15.3,21.93,7.35
Chandigarh,23-04-2021,2,547.41,0,13.54,50.78,3.64,13.76,21.9,15.07
Chandigarh,24-04-2021,1,467.3,0,12,67.23,3.13,9.69,15.18,11.02
Chandigarh,25-04-2021,4,627.52,0,17.82,46.49,4.41,31.42,45.6,17.99
Chandigarh,26-04-2021,4,534.06,0,13.37,88.69,5.9,29.93,39.36,15.2
Chandigarh,27-04-2021,4,540.73,0,17.48,62.23,6.2,26.91,39.19,16.21
Chandigarh,28-04-2021,4,660.9,0,24.68,35.76,5.31,40.95,59.54,21.03
Chandigarh,29-04-2021,4,881.2,1.36,43.18,4.02,6.62,48.38,82.21,29.89
Chandigarh,30-04-2021,4,974.66,3.91,37.7,1.21,6.68,43.3,74.67,26.09
Chandigarh,01-05-2021,5,1108.17,1.13,45.24,4.51,8.11,51.58,91.69,31.92
Chandigarh,02-05-2021,4,881.2,0,30.16,23.96,5.42,47.52,70.78,32.93
Chandigarh,03-05-2021,5,754.36,0,12.34,87.26,10.01,57.14,72.27,21.79
Chandigarh,04-05-2021,5,974.66,0,19.88,79.39,10.01,61.06,79.91,26.09
Chandigarh,05-05-2021,5,1174.93,0.09,39.07,12.88,7.63,60.56,86.8,35.97
Chandigarh,06-05-2021,5,1214.98,1.16,50.04,3.49,7.51,63.98,108.43,32.93
Chandigarh,07-05-2021,5,1361.85,0.57,34.96,6.71,5.42,71.93,101.5,23.81
Chandigarh,08-05-2021,5,1228.33,3.21,41.13,1.03,4.11,61.01,98.32,14.69
Chandigarh,09-05-2021,4,921.25,0.13,31.19,10.91,4.59,41.17,67.74,29.39
Chandigarh,10-05-2021,3,774.38,0.15,28.1,10.73,3.52,22.44,40.56,21.79
Chandigarh,11-05-2021,4,1028.06,0,23.99,33.62,6.44,47.03,65.9,25.59
Chandigarh,12-05-2021,5,1281.74,1.44,44.55,3.17,5.78,70.44,108.59,24.83
Chandigarh,13-05-2021,5,1068.12,0,19.36,65.09,9.06,61.62,76.3,18.75
Chandigarh,14-05-2021,4,1094.82,0.11,33.24,12.52,4.41,43.66,71.32,16.47
Chandigarh,15-05-2021,4,847.82,0.01,25.71,29.33,4.05,40.19,59.17,17.73
Chandigarh,16-05-2021,4,801.09,0,27.08,27.54,3.55,48,66.18,21.28
Chandigarh,17-05-2021,4,761.03,0,21.25,39.7,4.05,37.39,52.98,20.01
Chandigarh,18-05-2021,5,827.79,0,33.93,33.26,6.2,58.13,126.57,32.42
Chandigarh,19-05-2021,4,580.79,0,11.82,90.12,11.68,47.17,57.93,22.29
Chandigarh,20-05-2021,5,1041.41,0,18.51,104.43,20.74,185.33,208.72,8.99
Chandigarh,21-05-2021,5,1014.71,0,19.71,62.23,8.82,101.5,131.15,19
Chandigarh,22-05-2021,5,988.01,0,23.31,45.06,6.86,85.6,114.92,19.51
Chandigarh,23-05-2021,5,720.98,0,23.65,33.98,5.13,74.06,103.57,22.29
Chandigarh,24-05-2021,4,514.03,0,9.85,70.1,7.33,36.72,49.04,17.23
Chandigarh,25-05-2021,4,567.44,0,13.54,84.4,6.32,47.17,65.83,16.47
Chandigarh,26-05-2021,3,487.33,0,14.91,81.54,7.09,24.2,35.72,15.45
Chandigarh,27-05-2021,4,720.98,0,28.45,50.78,7.21,42.75,63.35,24.32
Chandigarh,28-05-2021,5,894.55,0,31.87,62.23,10.85,57.58,86.63,35.97
Chandigarh,29-05-2021,5,607.49,0,6.94,197.41,27.42,100.91,116.03,14.57
Chandigarh,30-05-2021,5,554.09,0,4.16,170.23,11.09,76.39,86.67,9.75
Chandigarh,31-05-2021,5,1094.82,0.01,33.59,18.95,5.42,92.59,130.99,23.05
Chandigarh,01-06-2021,5,1081.47,0,27.42,39.7,8.7,74.1,101.56,27.11
Chandigarh,02-06-2021,4,974.66,0,27.42,38.27,8.46,44.24,63.83,31.67
Chandigarh,03-06-2021,5,1134.87,0,30.16,29.68,6.44,69.07,94.1,22.8
Chandigarh,04-06-2021,5,1188.28,0.84,46.61,4.29,6.02,68.65,103.43,29.39
Chandigarh,05-06-2021,5,1161.58,0.02,43.87,18.77,8.23,81.43,120.33,20.52
Chandigarh,06-06-2021,5,1188.28,0.12,35.3,8.05,3.99,62.17,99,16.72
Chandigarh,07-06-2021,4,894.55,0.15,31.53,11.36,5.42,46.14,74.29,28.12
Chandigarh,08-06-2021,5,821.11,0,19.02,46.49,6.68,51.93,69.71,20.27
Chandigarh,09-06-2021,5,767.71,0,23.65,65.09,13.59,85.45,150.58,21.53
Chandigarh,10-06-2021,5,687.6,0,12,141.62,21.46,101.68,214.85,21.79
Chandigarh,11-06-2021,4,514.03,0,5.44,111.58,7.03,39.38,70.78,8.49
Chandigarh,12-06-2021,4,494,0,4.84,94.41,4.59,39.5,65.17,7.54
Chandigarh,13-06-2021,2,627.52,0,3.73,79.39,4.05,19.13,23.21,5.19
Chandigarh,14-06-2021,4,614.17,0,4.07,123.02,6.26,31.77,38.1,8.36
Chandigarh,15-06-2021,5,894.55,0,16.11,117.3,13.83,126.01,145.79,13.05
Chandigarh,16-06-2021,5,974.66,0,22.62,57.22,7.99,95.63,123.1,23.81
Chandigarh,17-06-2021,5,1081.47,0,15.94,62.94,6.8,115.4,130.61,4.75
Chandigarh,18-06-2021,5,867.84,0,11.31,92.98,8.23,67.79,78.66,10.51
Chandigarh,19-06-2021,5,1348.5,9.16,30.16,0.1,5.19,54.78,89.27,16.72
Chandigarh,20-06-2021,1,367.17,0,6.43,32.19,2.71,5.53,9.17,12.79
Chandigarh,21-06-2021,2,473.98,0,10.54,29.68,3.31,11,18.92,12.67
Chandigarh,22-06-2021,5,821.11,0,24.68,40.05,6.26,68.76,91.11,18.75
Chandigarh,23-06-2021,5,1028.06,0.04,32.22,18.6,6.02,95.16,127.05,25.33
Chandigarh,24-06-2021,5,947.95,0,22.28,62.23,10.85,117.01,139.21,22.04
Chandigarh,25-06-2021,5,1161.58,0.27,40.44,9.48,5.6,113.35,150.71,22.04
Chandigarh,26-06-2021,5,894.55,0,21.94,53.64,7.39,88.31,112.73,18.49
Chandigarh,27-06-2021,5,767.71,0,17.48,49.35,4.83,81.13,104.02,16.47
Chandigarh,28-06-2021,5,934.6,0,21.25,59.37,7.87,159.45,217.68,23.05
Chandigarh,29-06-2021,5,988.01,0,28.45,44.35,8.23,159.82,242.85,22.55
Chandigarh,30-06-2021,5,1148.22,0.02,40.1,19.67,9.66,129.72,242.94,27.36
Chandigarh,01-07-2021,5,961.3,0,32.9,37.19,10.49,92.9,214.26,27.11
Chandigarh,02-07-2021,5,847.82,0.14,32.9,12.52,5.66,104.22,284.03,22.04
Chandigarh,03-07-2021,5,974.66,0.36,42.5,8.14,7.99,105.35,253.6,28.63
Chandigarh,04-07-2021,5,974.66,1.41,37.7,2.77,5.6,101.76,280.58,23.56
Chandigarh,05-07-2021,5,767.71,0.09,28.79,14.48,4.65,100.25,223.71,23.31
Chandigarh,06-07-2021,5,734.33,0,21.42,43.99,5.66,116.38,201.98,17.73
Chandigarh,07-07-2021,5,654.22,0,21.25,49.35,7.39,101.01,206.36,18.49
Chandigarh,08-07-2021,5,787.74,0,30.85,30.4,7.63,90.02,181.18,22.8
Chandigarh,09-07-2021,5,574.11,0,7.71,118.73,14.78,102.47,190.3,17.99
Chandigarh,10-07-2021,4,614.17,0,4.84,110.15,4.41,44.55,58.75,9.25
Chandigarh,11-07-2021,2,383.85,0,3,77.25,3.31,10.94,13.13,6.14
Chandigarh,12-07-2021,1,380.52,0,2.83,47.21,1.73,1.55,2.74,3.55
Chandigarh,13-07-2021,1,353.81,0,5.74,38.27,5.01,4.76,8.28,7.79
Chandigarh,14-07-2021,2,674.25,0.24,17.65,9.12,5.19,17.84,32.28,11.15
Chandigarh,15-07-2021,4,821.11,0,17.14,41.84,9.3,33.53,47.61,9.63
Chandigarh,16-07-2021,4,560.76,0,10.54,56.51,6.74,25.55,33.35,11.15
Chandigarh,17-07-2021,5,1375.2,2.35,36.67,2.33,5.72,72.04,108.37,9.63
Chandigarh,18-07-2021,5,961.3,0.04,25.36,16.27,4.29,87.49,112.18,9.75
Chandigarh,19-07-2021,1,580.79,0,6.08,21.64,3.67,8.65,10.08,3.2
Chandigarh,20-07-2021,1,540.73,0,4.93,33.26,3.16,8.22,10.55,3.04
Chandigarh,21-07-2021,2,554.09,0,6.34,41.13,3.73,16.82,20.66,3.99
Chandigarh,22-07-2021,5,700.95,0,11.48,65.8,10.37,53.45,61.04,5.64
Chandigarh,23-07-2021,4,988.01,1.31,19.54,2.48,4.29,29.37,44.74,7.79
Chandigarh,24-07-2021,4,1028.06,0,19.54,35.05,4.29,42.66,60.35,6.97
Chandigarh,25-07-2021,5,1094.82,0,19.02,27.18,5.6,68.34,86.5,6.52
Chandigarh,26-07-2021,5,667.57,0,6,123.02,11.56,81.71,87.76,4.62
Chandigarh,27-07-2021,4,614.17,0,11.14,36.48,9.18,25.6,31.77,5.19
Chandigarh,28-07-2021,5,894.55,0,9.6,103,22.17,117.53,121.37,3.9
Chandigarh,29-07-2021,3,781.06,0.01,11.14,16.27,8.11,23.71,25.6,3.42
Chandigarh,30-07-2021,5,1241.68,0.57,22.96,6.53,6.68,76.15,96.18,9.63
Chandigarh,31-07-2021,4,781.06,0,13.88,38.62,7.87,40.55,50.91,8.11
Chandigarh,01-08-2021,5,907.9,0.11,26.39,11.18,5.6,70.23,101.9,14.44
Chandigarh,02-08-2021,5,921.25,0.01,22.28,21.46,7.75,73.77,93.1,8.11
Chandigarh,03-08-2021,5,2002.72,7.6,33.59,0.37,9.06,76.35,105.46,18.75
Chandigarh,04-08-2021,5,1161.58,0,16.97,70.1,20.5,86.47,96.6,4.18
Chandigarh,05-08-2021,5,647.54,0,9.43,64.37,6.26,53.79,60.44,5.19
Chandigarh,06-08-2021,5,921.25,0,14.4,62.23,7.63,52.55,65.73,7.92
Chandigarh,07-08-2021,5,1281.74,0,21.08,80.82,23.13,162.03,179.5,3.55
Chandigarh,08-08-2021,4,674.25,0,9.68,62.23,5.07,32.32,39.89,7.16
Chandigarh,09-08-2021,3,807.76,0,12,30.04,4.83,22.98,32.99,7.22
Chandigarh,10-08-2021,5,1241.68,6.2,24.33,0.25,4.17,113.45,147.94,7.6
Chandigarh,11-08-2021,5,1001.36,0.03,20.91,21.1,4.05,68.65,90.13,6.14
Chandigarh,12-08-2021,5,1001.36,5.36,22.62,0.49,4.11,74.42,120.28,10.01
Chandigarh,13-08-2021,5,1081.47,9.16,21.25,0.11,4.59,86.68,149.17,10.01
Chandigarh,14-08-2021,5,1041.41,12.85,19.71,0.04,4.83,70.97,142.76,12.67
Chandigarh,15-08-2021,4,627.52,0.65,19.71,5.68,3.99,49.34,95.19,17.48
Chandigarh,16-08-2021,4,520.71,0.08,16.11,17.35,3.55,39.61,99.1,6.21
Chandigarh,17-08-2021,5,767.71,0.29,23.65,10.73,3.73,62.66,105.04,6.65
Chandigarh,18-08-2021,5,801.09,0.12,24.68,15.38,4.11,77.05,118.7,7.79
Chandigarh,19-08-2021,5,1068.12,4.69,27.08,0.64,4.23,93.64,140.43,8.49
Chandigarh,20-08-2021,5,774.38,0,7.28,111.58,10.13,72.24,81.19,5.32
Chandigarh,21-08-2021,2,574.11,0,10.45,24.68,3.07,12.47,17.48,4.12
Chandigarh,22-08-2021,2,547.41,0.02,9.08,15.56,2.5,10.92,18.08,5.64
Chandigarh,23-08-2021,4,961.3,0.51,16.97,4.78,3.99,32.95,53.44,8.87
Chandigarh,24-08-2021,5,2296.45,10.39,38.04,0.16,11.68,157.53,194.79,14.69
Chandigarh,25-08-2021,5,1428.6,10.17,36.33,0.08,14.42,74.44,111.28,49.14
Chandigarh,26-08-2021,5,1348.5,2.24,39.41,2.01,12.04,76.58,118.62,34.45
Chandigarh,27-08-2021,5,647.54,0,17.31,38.27,8.82,116.78,253.73,6.33
Chandigarh,28-08-2021,5,534.06,0,8.4,77.25,4.29,67.61,173.88,5.26
Chandigarh,29-08-2021,5,654.22,0,9,77.25,6.44,91.4,151.64,7.09
Chandigarh,30-08-2021,5,520.71,0,5.27,107.29,9.54,68.82,83.55,4.24
Chandigarh,31-08-2021,3,594.14,0.05,13.71,20.92,3.28,23.24,33.15,6.65
Chandigarh,01-09-2021,4,754.36,0.4,19.19,7.96,3.76,28.64,45.17,7.66
Chandigarh,02-09-2021,5,1388.55,19.22,17.48,0,4.77,81.95,124.8,8.36
Chandigarh,03-09-2021,5,1028.06,0.1,27.08,18.06,8.7,64.34,85.53,5.76
Chandigarh,04-09-2021,5,1188.28,0.01,22.62,18.42,7.45,59.64,75.94,8.23
Chandigarh,05-09-2021,5,1842.5,8.61,22.62,0.08,4.35,132.28,171.86,9.88
Chandigarh,06-09-2021,5,1482.01,1.23,26.05,4.74,5.19,118.04,147.61,9.37
Chandigarh,07-09-2021,5,1241.68,0,11.31,113.01,11.44,121.9,133.07,8.87
Chandigarh,08-09-2021,2,634.19,0,6.43,49.35,3.55,11.37,15.33,7.47
Chandigarh,09-09-2021,2,707.63,0.19,15.94,9.3,3.67,16.92,29.14,6.4
Chandigarh,10-09-2021,2,560.76,0,11.31,28.25,3.49,11.27,17.73,7.03
Chandigarh,11-09-2021,3,854.49,2.4,25.71,1.95,3.61,23,37.08,7.41
Chandigarh,12-09-2021,4,947.95,9.84,22.28,0.03,3.58,33.15,62.26,10.39
Chandigarh,13-09-2021,4,1081.47,14.53,17.14,0.02,4.17,49.25,82.78,12.92
Chandigarh,14-09-2021,4,894.55,0.52,22.28,7.15,4.17,47.51,72.89,7.47
Chandigarh,15-09-2021,3,814.44,4.58,23.65,1.08,3.37,24.28,46.16,10.26
Chandigarh,16-09-2021,3,694.28,0,20.39,28.97,11.33,23.91,34.85,16.97
Chandigarh,17-09-2021,5,1214.98,15.65,20.05,0.02,5.78,60.12,97.42,13.3
Chandigarh,18-09-2021,5,1455.31,14.98,26.73,0.04,6.86,90.05,132.65,16.47
Chandigarh,19-09-2021,5,961.3,0,19.02,37.91,15.14,113.54,131.79,7.22
Chandigarh,20-09-2021,5,1134.87,0,19.02,72.24,16.93,162.73,183.19,9.88
Chandigarh,21-09-2021,5,947.95,0,13.02,60.08,6.08,72.98,83.81,5.51
Chandigarh,22-09-2021,4,734.33,0,12,52.21,7.75,36,43.93,5.57
Chandigarh,23-09-2021,4,947.95,0,14.74,27.9,4.83,45.47,59.21,8.36
Chandigarh,24-09-2021,4,1255.04,12.74,21.42,0.04,4.59,48.89,85.21,12.03
Chandigarh,25-09-2021,5,1388.55,11.62,21.25,0.06,4.05,87.07,127.58,8.04
Chandigarh,26-09-2021,5,694.28,0,11.82,62.94,8.46,58.83,67.68,6.46
Chandigarh,27-09-2021,5,1054.76,0,16.62,34.69,4.17,114.09,132.95,5.76
Chandigarh,28-09-2021,5,1148.22,0.41,30.16,9.48,5.42,85.5,110.41,7.85
Chandigarh,29-09-2021,5,1108.17,2.24,28.1,2.46,4.71,73.08,101.95,6.27
Chandigarh,30-09-2021,5,847.82,0,14.4,61.51,7.57,83.06,99.35,8.49
Chandigarh,01-10-2021,5,1375.2,3.19,32.56,3.49,8.82,136.05,169.58,7.6
Chandigarh,02-10-2021,5,1214.98,8.49,25.02,0.18,3.76,80.04,110.78,6.65
Chandigarh,03-10-2021,3,774.38,0,9.25,75.82,4.89,22.03,29.48,5.83
Chandigarh,04-10-2021,4,767.71,0,15.25,33.26,3.64,41.14,54.37,8.11
Chandigarh,05-10-2021,5,1014.71,7.1,27.76,0.24,6.32,87.72,121.38,15.2
Chandigarh,06-10-2021,5,934.6,0.03,27.76,24.68,7.45,107.72,135.3,6.59
Chandigarh,07-10-2021,5,727.65,0,13.02,69.38,6.5,65.2,80.48,8.61
Chandigarh,08-10-2021,5,714.3,0,14.4,65.09,6.14,69.55,95.58,11.78
Chandigarh,09-10-2021,5,700.95,0,11.82,79.39,5.72,77.52,103.05,11.4
Chandigarh,10-10-2021,5,734.33,0,15.94,45.78,3.87,84.4,110.34,14.44
Chandigarh,11-10-2021,5,774.38,0,29.47,35.41,6.97,89.96,125.33,29.89
Chandigarh,12-10-2021,5,841.14,0.01,29.47,26.46,4.83,82.04,126.59,19
Chandigarh,13-10-2021,5,974.66,2.93,43.53,2.1,7.99,90.59,163.32,24.32
Chandigarh,14-10-2021,5,607.49,0,16.11,61.51,8.23,78.22,131.5,13.17
Chandigarh,15-10-2021,5,881.2,0.04,30.85,23.25,4.53,83.3,120.84,12.29
Chandigarh,16-10-2021,5,1201.63,1.62,50.04,3.4,6.26,155.44,193.87,18.75
Chandigarh,17-10-2021,5,881.2,0.09,32.22,15.2,4.95,107.4,138.58,23.05
Chandigarh,18-10-2021,2,647.54,3.41,18.17,0.35,2.56,18.99,28.19,5.45
Chandigarh,19-10-2021,4,1028.06,6.87,26.05,0.03,6.38,40.75,65.2,8.36
Chandigarh,20-10-2021,4,647.54,0,15.42,37.91,4.53,36.33,50.3,5.57
Chandigarh,21-10-2021,5,700.95,0,14.74,71.53,7.21,63.04,77.17,11.53
Chandigarh,22-10-2021,5,894.55,0,21.94,52.93,6.2,96.05,119.01,10.89
Chandigarh,23-10-2021,5,794.41,0,10.37,145.91,20.03,120.44,205.89,13.93
Chandigarh,24-10-2021,5,480.65,0,9.08,78.68,4.41,54.69,68.04,9.12
Chandigarh,25-10-2021,4,754.36,7.38,13.2,0.17,2.74,49.1,72.04,9.37
Chandigarh,26-10-2021,5,680.92,0,17.99,43.63,6.86,56.86,71.31,6.27
Chandigarh,27-10-2021,5,794.41,0,21.59,50.07,6.56,65.67,85.05,9.12
Chandigarh,28-10-2021,5,720.98,0,22.28,36.48,5.54,53.92,70.92,9.5
Chandigarh,29-10-2021,5,947.95,0.06,32.56,22.89,3.67,79.31,103.02,8.87
Chandigarh,30-10-2021,5,714.3,0,18.68,61.51,6.44,67.36,84.03,11.4
Chandigarh,31-10-2021,5,547.41,0,10.71,87.26,6.62,55.78,66.69,12.03
Chandigarh,01-11-2021,5,714.3,0.02,28.1,28.61,3.01,59.16,80.91,19.51
Chandigarh,02-11-2021,5,947.95,0.19,40.78,15.56,3.37,67.79,90.77,18.49
Chandigarh,03-11-2021,3,447.27,0,11.14,72.96,3.64,21.28,33.44,14.06
Chandigarh,04-11-2021,5,881.2,0.18,47.3,16.63,4.65,59.44,88.75,25.59
Chandigarh,05-11-2021,5,1014.71,4.64,47.3,1.21,3.99,74.51,105.94,22.55
Chandigarh,06-11-2021,5,634.19,0,19.71,69.38,8.46,53.24,68.38,12.03
Chandigarh,07-11-2021,5,607.49,0,13.19,83.68,6.32,68.14,87.38,12.54
Chandigarh,08-11-2021,5,700.95,0,16.11,81.54,7.57,81.95,100.21,14.57
Chandigarh,09-11-2021,5,747.68,0,26.05,43.27,5.6,58.72,75.81,15.71
Chandigarh,10-11-2021,5,867.84,0,32.22,36.84,5.78,76.1,96.2,17.99
Chandigarh,11-11-2021,5,667.57,0,19.71,69.38,6.68,65.81,80.29,13.3
Chandigarh,12-11-2021,5,821.11,0,28.1,41.84,5.54,77.12,99.52,15.83
Chandigarh,13-11-2021,5,867.84,0,29.82,47.92,5.72,91.49,115.77,15.71
Chandigarh,14-11-2021,5,720.98,0,19.02,67.95,6.38,85.21,102.23,14.19
Chandigarh,15-11-2021,5,767.71,0,28.45,43.63,7.99,124.79,144.03,12.79
Chandigarh,16-11-2021,5,707.63,0,19.71,67.23,8.58,82.89,97.91,12.54
Chandigarh,17-11-2021,5,1028.06,0.03,38.73,29.33,4.77,109.71,132.57,15.2
Chandigarh,18-11-2021,5,1214.98,1.82,49.35,4.83,4.05,172.04,205.5,7.54
Chandigarh,19-11-2021,5,1161.58,5.87,47.3,1.08,7.33,219.01,256.14,6.9
Chandigarh,20-11-2021,5,1295.09,9.83,47.3,0.37,3.67,187.41,223.06,7.92
Chandigarh,21-11-2021,5,801.09,0.01,29.82,32.19,3.93,109.45,128.46,8.11
Chandigarh,22-11-2021,5,587.46,0,14.74,66.52,6.56,60.92,70.66,12.92
Chandigarh,23-11-2021,5,867.84,0,14.57,103,15.14,117.25,129.08,13.05
Chandigarh,24-11-2021,5,1255.04,0.86,51.41,8.14,3.93,135.88,161.87,15.83
Chandigarh,25-11-2021,5,1054.76,0,34.96,48.64,4.59,126.14,146.73,21.03
Chandigarh,26-11-2021,5,827.79,0,23.65,75.1,17.4,141.17,157.52,11.78
Chandigarh,27-11-2021,5,1188.28,4.53,48.67,1.79,3.87,123.06,149.14,9.12
Chandigarh,28-11-2021,5,947.95,0.03,30.85,26.11,2.83,166.29,189.52,6.78
Chandigarh,29-11-2021,5,747.68,0,26.05,42.56,7.63,124.86,141.99,10.01
Chandigarh,30-11-2021,5,687.6,0,18.85,67.95,11.21,76.04,87.19,12.92
Chandigarh,01-12-2021,5,1068.12,1.47,48.67,5.59,3.58,110.98,141.52,9.25
Chandigarh,02-12-2021,5,1174.93,0.08,45.24,17.52,5.78,147.05,176.1,17.48
Chandigarh,03-12-2021,5,1348.5,11.73,39.07,0.12,4.53,151.39,184.29,12.54
Chandigarh,04-12-2021,4,1108.17,18.78,35.64,0.02,4.59,46.64,80.66,16.09
Chandigarh,05-12-2021,5,947.95,9.72,31.87,0.22,7.57,73.62,98.55,10.77
Chandigarh,06-12-2021,5,727.65,0.5,32.9,8.85,3.16,60.16,76.25,6.78
Chandigarh,07-12-2021,4,680.92,0.01,29.13,28.61,4.23,27.94,40.75,6.08
Chandigarh,08-12-2021,4,834.47,0.16,35.3,17.88,3.99,45.03,61.54,11.91
Chandigarh,09-12-2021,5,1188.28,10.39,48.67,0.17,3.37,99.04,131.94,9.5
Chandigarh,10-12-2021,5,934.6,0.33,52.78,10.73,25.03,167.86,187.98,5.7
Chandigarh,11-12-2021,5,774.38,0,19.02,69.38,8.7,89.61,101.65,8.74
Chandigarh,12-12-2021,5,947.95,3.8,47.3,1.5,2.32,63.96,85.59,14.82
Chandigarh,13-12-2021,5,1028.06,1.27,32.56,5.41,2.71,157.21,183.01,6.97
Chandigarh,14-12-2021,5,1268.39,0.66,37.36,9.75,2.92,218.74,242.66,5.26
Chandigarh,15-12-2021,5,1214.98,4.47,42.5,1.45,2.86,201.59,232.92,5.19
Chandigarh,16-12-2021,5,1255.04,9.72,56.89,0.32,3.73,133.87,168.95,12.67
Chandigarh,17-12-2021,5,947.95,0.16,50.04,16.99,7.63,118.89,141.48,10.89
Chandigarh,18-12-2021,5,667.57,0,21.25,55.07,7.27,68,79.78,10.51
Chandigarh,19-12-2021,5,841.14,0,16.62,65.8,6.2,101.16,112.56,7.16
Chandigarh,20-12-2021,5,1068.12,0,21.76,67.23,6.74,149.38,163.32,11.02
Chandigarh,21-12-2021,5,1361.85,9.72,61.01,0.35,5.13,155.94,198.37,15.83
Chandigarh,22-12-2021,5,1094.82,5.09,62.38,1.5,3.58,106.46,136.06,11.27
Chandigarh,23-12-2021,5,1148.22,8.72,58.26,0.41,3.52,88.69,119.46,12.92
Chandigarh,24-12-2021,5,1054.76,2.29,44.55,3.67,2.98,107.34,135.59,6.33
Chandigarh,25-12-2021,5,1001.36,1.23,48.67,6.44,2.56,91.88,118.19,5.32
Chandigarh,26-12-2021,5,781.06,3.8,42.84,1.61,3.87,88.04,110.68,5.13
Chandigarh,27-12-2021,5,867.84,0.24,30.5,14.31,3.99,72.08,89.41,16.97
Chandigarh,28-12-2021,5,961.3,8.05,43.18,0.42,2.86,70.92,99.08,7.47
Chandigarh,29-12-2021,5,1535.42,13.52,45.24,0.18,4.71,96.15,128.96,14.44
Chandigarh,30-12-2021,5,1214.98,0.31,44.55,14.31,3.7,114.11,142.17,9.25
Chandigarh,31-12-2021,5,867.84,0.01,33.59,33.97,5.78,95.39,114.32,6.78
Chandigarh,01-01-2022,5,1295.09,11.85,51.41,0.11,2.56,113.83,146.21,6.46
Chandigarh,02-01-2022,5,1148.22,6.09,49.35,0.61,2.53,120.67,151.03,8.36
Chandigarh,03-01-2022,5,907.9,0.08,35.64,23.6,2.89,84,102.19,8.61
Chandigarh,04-01-2022,5,1548.77,14.08,47.3,0.03,4.53,131.98,175.82,20.52
Chandigarh,05-01-2022,4,1001.36,11.73,25.02,0.13,3.28,34.8,57.39,9.25
Chandigarh,06-01-2022,2,480.65,0,12.51,40.77,7.03,11.98,16.05,4.62
Chandigarh,07-01-2022,4,947.95,13.3,23.65,0.07,2.56,36.07,60.29,6.21
Chandigarh,08-01-2022,2,377.18,0,3.21,79.39,3.1,15.54,17.19,3.8
Chandigarh,09-01-2022,1,410.56,0,8.31,50.78,5.19,7.17,9.7,3.7
Chandigarh,10-01-2022,2,514.03,0,12.17,51.5,3.46,10.05,14.36,3.23
Chandigarh,11-01-2022,5,1054.76,3.49,39.76,1.36,5.25,76.85,102.7,6.27
Chandigarh,12-01-2022,4,767.71,0,22.62,44.7,3.73,35.83,46.43,4.62
Chandigarh,13-01-2022,5,988.01,1.84,47.3,3.76,8.58,92.68,115.03,5.26
Chandigarh,14-01-2022,5,1054.76,0.07,45.93,20.38,10.61,150.48,171.9,4.56
Chandigarh,15-01-2022,5,1174.93,0.01,31.19,33.62,5.07,161.86,179.09,5.19
Chandigarh,16-01-2022,5,1001.36,0.03,30.5,26.46,4.17,129,148.33,7.85
Chandigarh,17-01-2022,5,1308.44,0.79,33.59,7.78,3.55,166.69,193.24,8.49
Chandigarh,18-01-2022,5,1348.5,6.37,47.3,0.32,11.8,174.47,199.86,10.01
Chandigarh,19-01-2022,5,1441.96,0.2,29.13,18.42,3.1,207.43,219.9,4.24
Chandigarh,20-01-2022,5,1602.17,17.88,32.22,0.01,5.78,177.63,216.35,11.15
Chandigarh,21-01-2022,5,1401.9,10.17,31.53,0.18,4.29,167.73,192.01,4.05
Chandigarh,22-01-2022,4,527.38,0,8.05,67.23,2.62,30.38,35.52,8.99
Chandigarh,23-01-2022,2,340.46,0,3.08,80.11,2.15,7.73,8.42,1.66
Chandigarh,24-01-2022,4,854.49,4.3,24.68,2.28,10.01,36.65,60.17,50.66
Chandigarh,25-01-2022,5,1241.68,16.76,32.9,0.05,4.17,57.25,91.25,10.13
Chandigarh,26-01-2022,5,907.9,0.05,33.59,21.64,4.53,54.45,72.7,6.21
Chandigarh,27-01-2022,5,894.55,0,17.82,64.37,6.56,92.26,104.2,4.05
Chandigarh,28-01-2022,5,1028.06,0,13.71,92.98,7.63,130.6,142.27,5.7
Chandigarh,29-01-2022,5,988.01,0,20.05,72.24,9.18,117.58,131.59,7.98
Chandigarh,30-01-2022,5,894.55,0,12.34,84.4,7.57,139.34,150.91,5.64
Chandigarh,31-01-2022,5,1108.17,0,18.51,62.94,5.25,165.01,182.66,6.9
Chandigarh,01-02-2022,5,1295.09,0.03,29.47,29.33,6.08,215.86,253.37,15.58
Chandigarh,02-02-2022,5,894.55,0,17.99,67.95,7.57,151.03,186.44,8.49
Chandigarh,03-02-2022,5,747.68,0,4.5,131.61,9.18,104.8,116.69,4.31
Chandigarh,04-02-2022,4,988.01,3.02,37.01,2.82,5.36,45.16,57.63,4.81
Chandigarh,05-02-2022,4,1094.82,11.73,37.36,0.37,2.98,46.25,75.82,6.08
Chandigarh,06-02-2022,5,1134.87,4.69,34.62,1.05,2.56,77.7,112.2,7.98
Chandigarh,07-02-2022,5,1014.71,2.24,45.24,3.76,5.19,134.63,162,11.15
Chandigarh,08-02-2022,5,1081.47,4.14,45.24,1.61,3.58,93.36,128.05,11.53
Chandigarh,09-02-2022,5,1268.39,12.96,54.15,0.1,9.78,128.15,175.17,16.47
Chandigarh,10-02-2022,5,1134.87,5.25,52.09,1.12,7.63,137.23,167.62,5.57
Chandigarh,11-02-2022,5,741,0,13.88,92.98,6.38,87.15,100.05,11.65
Chandigarh,12-02-2022,5,947.95,0,17.31,95.84,9.42,127.43,143.53,9.88
Chandigarh,13-02-2022,5,801.09,0,18.85,69.38,5.48,86.33,100.17,11.4
Chandigarh,14-02-2022,5,907.9,0.46,37.36,11.09,2.74,102.9,124.64,5.57
Chandigarh,15-02-2022,5,727.65,0,22.28,62.94,6.2,84.06,100.17,5.89
Chandigarh,16-02-2022,5,961.3,0,29.13,50.07,5.3,138.62,159.62,6.97
Chandigarh,17-02-2022,5,794.41,0,22.96,53.64,5.3,83.11,100.61,12.67
Chandigarh,18-02-2022,5,934.6,0,30.85,45.06,5.78,76.02,96.9,19.51
Chandigarh,19-02-2022,5,1094.82,0.14,40.44,18.95,3.61,114.53,144.14,21.28
Chandigarh,20-02-2022,5,894.55,0,14.22,85.12,6.08,112.75,125.56,11.4
Chandigarh,21-02-2022,5,1014.71,0.19,28.1,25.03,4.59,104.24,125.66,24.07
Chandigarh,22-02-2022,5,1508.71,0,22.96,103,15.5,227.11,252.98,21.53
Chandigarh,23-02-2022,3,400.54,0,2.27,134.47,3.34,24.63,26.68,4.69
Chandigarh,24-02-2022,4,687.6,0.02,25.02,31.47,3.16,25.64,39.34,7.54
Chandigarh,25-02-2022,4,1161.58,8.16,50.72,0.48,5.96,46.24,81.59,23.05
Chandigarh,26-02-2022,2,357.15,0,4.2,105.86,2.68,4.85,7.46,6.59
Chandigarh,27-02-2022,4,1028.06,9.83,33.24,0.27,7.99,36.63,67.87,34.96
Chandigarh,28-02-2022,4,580.79,0,15.25,58.65,5.07,32.08,42.51,8.87
Chandigarh,01-03-2022,5,947.95,0,21.76,69.38,6.26,109.54,127.37,9.88
Chandigarh,02-03-2022,5,907.9,0.01,34.27,35.41,3.87,56.63,75.77,11.91
Chandigarh,03-03-2022,5,821.11,0.09,37.36,20.03,6.02,59.6,83.39,12.16
Chandigarh,04-03-2022,3,734.33,0.16,27.76,17.34,5.42,24.34,43.44,19.76
Chandigarh,05-03-2022,4,660.9,0,16.45,62.94,6.44,41.1,53.25,6.52
Chandigarh,06-03-2022,5,680.92,0,10.88,80.11,5.07,73.46,83.61,8.36
Chandigarh,07-03-2022,5,894.55,0,14.05,86.55,4.53,112.67,129.32,13.17
Chandigarh,08-03-2022,5,934.6,0,33.59,38.62,4.65,90.22,110.53,15.45
Chandigarh,09-03-2022,5,774.38,0,21.59,54.36,5.6,67.59,85.4,12.29
Chandigarh,10-03-2022,4,567.44,0,14.74,67.23,6.68,46.16,61.09,15.2
Chandigarh,11-03-2022,5,774.38,0,16.62,75.82,6.91,86.5,104.35,14.06
Chandigarh,12-03-2022,5,687.6,0,16.28,65.8,6.26,72.29,90.95,13.93
Chandigarh,13-03-2022,5,707.63,0,11.65,95.84,6.68,101.37,125.98,15.71
Chandigarh,14-03-2022,5,781.06,0,15.59,83.68,5.6,105.73,133.13,15.71
Chandigarh,15-03-2022,5,801.09,0,22.96,55.79,4.77,91.93,121.67,15.33
Chandigarh,16-03-2022,5,747.68,0,12.85,90.12,6.02,113.89,142.48,14.82
Chandigarh,17-03-2022,5,734.33,0,21.93,57.94,7.27,80.19,111.87,19.25
Chandigarh,18-03-2022,5,694.27,0,6.94,127.32,9.06,154.85,184.13,11.02
Chandigarh,19-03-2022,5,881.2,0,20.39,60.08,5.66,129.59,154.71,14.57
Chandigarh,20-03-2022,5,867.84,0.02,30.5,24.32,3.28,83.93,103.96,21.79
Chandigarh,21-03-2022,5,667.57,0,23.99,67.95,15.5,79.92,98.03,18.49
Chandigarh,22-03-2022,5,547.41,0,12.17,89.41,7.27,67.68,84.86,16.09
Chandigarh,23-03-2022,5,614.17,0,11.14,114.44,6.85,75.28,102.37,15.71
Chandigarh,24-03-2022,5,821.11,0,32.9,35.41,6.85,71.07,118.64,26.35
Chandigarh,25-03-2022,5,660.9,0,22.62,78.68,12.87,96.41,126.56,18.24
Chandigarh,26-03-2022,5,640.87,0,14.74,100.14,6.08,69.66,100.83,16.97
Chandigarh,27-03-2022,5,480.65,0,8.74,111.58,5.13,54.95,71.54,14.31
Chandigarh,28-03-2022,5,614.17,0,16.45,74.39,5.96,77.04,104,20.52
Chandigarh,29-03-2022,5,514.03,0,17.82,73.67,8.23,57.43,112.01,17.48
Chandigarh,30-03-2022,5,640.87,0,27.42,38.62,6.62,71.98,136.75,21.79
Chandigarh,31-03-2022,5,801.09,0,41.13,40.05,17.4,78.03,139.51,32.42
Chandigarh,01-04-2022,5,480.65,0,13.71,91.55,7.75,60.69,103.74,16.21
Chandigarh,02-04-2022,5,934.6,0,23.99,85.83,8.94,128.05,169.66,23.31
Chandigarh,03-04-2022,4,427.25,0,11.65,135.9,24.56,38.29,47.26,14.95
Chandigarh,04-04-2022,5,707.63,0,24.33,87.98,15.5,67.37,105.4,38.5
Chandigarh,05-04-2022,5,594.14,0,17.65,88.69,7.87,58.35,83.32,18.49
Chandigarh,06-04-2022,4,554.08,0,15.42,95.84,7.21,45.93,62.9,17.48
Chandigarh,07-04-2022,5,600.81,0,17.14,92.98,9.89,52.85,68.94,19
Chandigarh,08-04-2022,5,727.65,0,20.91,77.25,9.42,68.81,90.78,21.03
Chandigarh,09-04-2022,5,587.46,0,12,118.73,9.78,73.8,94.47,17.23
Chandigarh,10-04-2022,4,447.27,0,12.17,82.97,7.87,32.94,50.5,15.71
Chandigarh,11-04-2022,4,403.88,0,7.8,108.72,5.78,40.28,65.28,14.19
Chandigarh,12-04-2022,5,580.79,0,13.19,110.15,6.74,67.52,96.65,17.48
Chandigarh,13-04-2022,5,1602.17,0.09,54.15,14.13,20.5,110.3,158.15,33.94
Chandigarh,14-04-2022,5,640.87,0,17.48,79.39,7.39,66.22,81.98,18.24
Chandigarh,15-04-2022,4,527.38,0,15.59,82.25,5.96,34.75,52.3,16.09
Chandigarh,16-04-2022,4,787.73,0.01,32.56,26.46,5.25,45.89,68.67,24.07
Chandigarh,17-04-2022,4,774.38,0.01,35.99,24.68,5.78,39.69,65.52,28.37
Chandigarh,18-04-2022,4,654.22,0,29.13,30.04,7.27,36.2,57.98,26.09
Chandigarh,19-04-2022,4,473.98,0,12.51,83.68,8.11,34.41,47.96,16.47
Chandigarh,20-04-2022,4,620.84,0,22.28,43.99,9.3,40.51,66.3,20.01
Chandigarh,21-04-2022,4,363.83,0,8.23,88.69,6.14,34.17,69.17,10.26
Chandigarh,22-04-2022,5,647.54,0,26.39,40.05,7.09,55.67,96.98,20.01
Chandigarh,23-04-2022,4,453.95,0,11.65,90.84,12.64,35.32,68.19,11.91
Chandigarh,24-04-2022,3,400.54,0,6.43,111.58,3.87,23.19,35.64,12.67
Chandigarh,25-04-2022,4,383.85,0,5.36,138.76,4.17,27.34,37.55,11.78
Chandigarh,26-04-2022,4,554.08,0,19.88,42.2,7.75,32.15,66.05,23.05
Chandigarh,27-04-2022,4,567.44,0,17.65,80.11,7.45,31.61,53,17.73
Chandigarh,28-04-2022,4,507.35,0,10.45,124.45,6.68,37.43,55.51,15.07
Chandigarh,29-04-2022,4,500.68,0,10.54,114.44,7.09,41.06,62.04,15.83
Chandigarh,30-04-2022,4,567.44,0,16.79,90.84,8.46,49.1,74.33,18.24
Chandigarh,01-05-2022,4,654.22,0,17.48,65.09,5.3,33.11,49.73,22.29
Chandigarh,02-05-2022,4,534.06,0,7.45,92.98,5.01,38.08,48.89,16.47
Chandigarh,03-05-2022,5,714.3,0,11.82,82.25,5.78,60.65,71.15,18.49
Chandigarh,04-05-2022,5,821.11,0,21.42,55.79,4.35,52.34,64.37,20.27
Chandigarh,05-05-2022,5,1014.71,1.01,37.36,4.78,5.72,60.05,108.92,25.08
Chandigarh,06-05-2022,5,594.14,0,12.85,90.12,9.54,54.07,81.43,14.69
Chandigarh,07-05-2022,4,700.95,0,24.68,42.92,7.63,39.61,69.1,22.8
Chandigarh,08-05-2022,4,774.38,0.02,27.08,20.03,6.32,38.49,65.27,24.07
Chandigarh,09-05-2022,5,821.11,0,19.88,65.09,10.73,54.01,74.75,25.59
Chandigarh,10-05-2022,5,814.44,0,12.17,120.16,16.21,63.93,82.45,18.24
Chandigarh,11-05-2022,5,1121.52,0,20.05,77.96,18.12,84.86,107.86,26.6
Chandigarh,12-05-2022,5,1335.14,0.02,38.73,20.38,10.01,108.91,149.21,29.13
Chandigarh,13-05-2022,5,640.87,0,7.2,157.36,14.78,75.15,98.91,13.68
Chandigarh,14-05-2022,5,627.52,0,17.48,80.11,9.3,58.81,91.79,16.97
Chandigarh,15-05-2022,5,774.38,0,25.02,55.07,7.63,64.53,91.46,23.56
Chandigarh,16-05-2022,5,794.41,0,21.93,85.83,15.14,84.88,120.68,30.4
Chandigarh,17-05-2022,5,787.73,0,23.31,50.78,17.64,99.02,158.19,20.01
Chandigarh,18-05-2022,5,1121.52,0,44.55,23.6,21.7,104.03,228.27,40.53
Chandigarh,19-05-2022,5,974.66,0,34.96,26.11,10.97,111.98,190.57,25.08
Chandigarh,20-05-2022,5,587.46,0,13.71,98.71,10.37,74.79,133.27,16.97
Chandigarh,21-05-2022,4,323.77,0,3.9,137.33,6.5,38.21,81.27,6.78
Chandigarh,22-05-2022,5,694.27,0,21.93,30.76,6.38,49.64,109.9,24.07
Chandigarh,23-05-2022,5,500.68,0,9.85,98.71,9.06,61.22,120.95,18.49
Chandigarh,24-05-2022,3,387.19,0,2.38,120.16,3.19,21.9,23.06,2.94
Chandigarh,25-05-2022,4,761.03,0.02,27.42,20.74,4.71,32.66,52.55,24.57
Chandigarh,26-05-2022,5,1001.36,0.19,42.84,13.05,8.7,62.21,96.81,25.84
Chandigarh,27-05-2022,5,867.84,0,27.08,32.9,6.2,63.17,86.27,21.28
Chandigarh,28-05-2022,5,834.47,0,18.34,78.68,8.58,69.59,85.11,20.27
Chandigarh,29-05-2022,5,687.6,0,12.17,89.41,7.75,88.16,140.1,17.99
Chandigarh,30-05-2022,5,667.57,0,15.25,60.8,5.54,79.04,185.17,23.31
Chandigarh,31-05-2022,5,847.82,0,23.65,27.89,7.63,85.79,193.6,25.08
Chandigarh,01-06-2022,5,827.79,0,32.22,32.9,9.06,109.4,228.2,22.55
Chandigarh,02-06-2022,5,567.44,0,14.39,85.12,8.7,75.67,149.51,17.48
Chandigarh,03-06-2022,5,634.19,0,21.76,58.65,8.11,63.14,113.93,20.01
Chandigarh,04-06-2022,4,774.38,0,32.56,35.05,9.42,47.48,75.86,26.09
Chandigarh,05-06-2022,5,574.11,0,18.68,72.24,10.01,52.53,85.41,22.55
Chandigarh,06-06-2022,5,667.57,0,27.42,50.78,17.17,59.12,116.26,31.92
Chandigarh,07-06-2022,5,714.3,0,33.93,38.62,17.88,79.28,188.01,26.35
Chandigarh,08-06-2022,5,827.79,0,28.1,59.37,14.66,84.24,155.63,24.57
Chandigarh,09-06-2022,5,1108.17,0.07,45.93,15.38,16.45,87.2,200.85,30.65
Chandigarh,10-06-2022,5,1014.71,0,43.87,27.54,16.45,103.69,229.91,36.48
Chandigarh,11-06-2022,5,680.92,0.02,34.96,20.21,9.3,72.15,253.46,26.6
Chandigarh,12-06-2022,5,427.25,0,11.31,79.39,9.89,78.49,246.51,16.72
Chandigarh,13-06-2022,5,567.44,0,20.73,53.64,12.04,76.89,213.59,21.28
Chandigarh,14-06-2022,5,654.22,0,18.16,72.96,10.37,59.61,109.67,20.77
Chandigarh,15-06-2022,5,774.38,0,23.31,51.5,13.95,53.09,100.59,27.61
Chandigarh,16-06-2022,5,907.9,0.07,41.81,14.31,14.19,52.03,109.31,27.61
Chandigarh,17-06-2022,4,727.65,0,22.96,47.21,6.56,46.05,80.46,20.77
Chandigarh,18-06-2022,4,694.27,0,20.05,52.93,9.54,39.85,66.02,18.49
Chandigarh,19-06-2022,5,607.49,0,17.82,47.21,11.32,51.04,67.67,12.41
Chandigarh,20-06-2022,5,814.44,0.11,31.19,12.16,8.46,61.43,87.85,18.49
Chandigarh,21-06-2022,5,1308.44,1.37,43.53,3.22,7.87,98.39,134.87,20.01
Chandigarh,22-06-2022,2,423.91,0,4.33,54.36,2.98,15.87,17.91,6.08
Chandigarh,23-06-2022,5,660.9,0,13.54,78.68,7.63,64.91,76.41,13.55
Chandigarh,24-06-2022,4,634.19,0,13.19,78.68,6.97,44.85,59.01,18.75
Chandigarh,25-06-2022,5,1041.41,0.47,40.1,7.51,6.14,59.61,96.26,24.32
Chandigarh,26-06-2022,5,894.55,0,29.47,41.13,10.97,87.11,120.25,23.05
Chandigarh,27-06-2022,4,787.73,0,5.83,110.15,6.38,35.91,42.53,13.3
Chandigarh,28-06-2022,5,1134.87,0,18.51,95.84,21.46,70.19,88.62,17.99
Chandigarh,29-06-2022,5,1081.47,0,32.56,35.41,10.25,76.49,106,20.27
Chandigarh,30-06-2022,3,634.19,0,4.41,72.96,4.47,22.58,24.68,4.5
Chandigarh,01-07-2022,2,647.54,0,6.08,38.98,3.19,13.48,17.73,4.18
Chandigarh,02-07-2022,4,1308.44,0.23,28.1,9.12,4.89,43.29,64.71,7.6
Chandigarh,03-07-2022,4,634.19,0,4.88,82.25,4.11,25.81,29.4,6.27
Chandigarh,04-07-2022,4,841.14,0.02,14.22,23.6,3.22,29.03,41.14,7.16
Chandigarh,05-07-2022,4,1134.87,0,18.34,42.92,5.48,48.01,65.71,10.39
Chandigarh,06-07-2022,4,747.68,0,8.74,77.96,4.29,46.83,51.43,5.51
Chandigarh,07-07-2022,1,607.49,0,6.77,71.53,2.71,9.4,13.59,6.14
Chandigarh,08-07-2022,3,841.14,0,15.77,44.35,5.6,23.53,37.39,8.36
Chandigarh,09-07-2022,5,847.82,0,14.39,57.94,7.09,59.31,72.7,8.36
Chandigarh,10-07-2022,2,560.76,0,5.74,39.34,3.28,14.71,16.93,3.32
Chandigarh,11-07-2022,5,1468.66,8.49,21.42,0.16,4.89,57.68,89.35,13.05
Chandigarh,12-07-2022,5,1842.5,5.87,35.99,0.64,6.56,156.96,200.73,7.79
Chandigarh,13-07-2022,5,720.98,0,6.25,135.9,8.7,60.31,64.27,2.98
Chandigarh,14-07-2022,2,694.27,0,14.22,25.03,3.58,17.53,29.4,7.66
Chandigarh,15-07-2022,4,1108.17,12.29,20.73,0.02,4.17,41.91,74.04,8.61
Chandigarh,16-07-2022,4,1335.14,0.87,34.96,6.17,7.09,49,69.72,13.17
Chandigarh,17-07-2022,4,640.87,0,10.45,52.93,4.41,40.52,51.69,9.12
Chandigarh,18-07-2022,5,1522.06,3.91,27.42,0.25,4.53,65,106.45,9.63
Chandigarh,19-07-2022,5,1081.47,5.2,28.45,0.55,5.25,73.5,109.82,10.01
Chandigarh,20-07-2022,5,1588.82,0,27.42,50.78,14.9,149.92,171.34,10.01
Chandigarh,22-07-2022,2,741,0.04,9.51,19.67,4.95,15.68,21.09,6.65
Chandigarh,23-07-2022,2,627.52,0,10.45,23.6,3.87,11.94,17.82,4.56
Chandigarh,24-07-2022,5,1201.63,4.36,21.93,0.18,3.13,50.02,82.15,6.78
Chandigarh,25-07-2022,1,433.92,0,6.34,38.98,3.78,8.42,12.56,7.35
Chandigarh,26-07-2022,2,467.3,0,6.85,56.51,4.17,12.94,16.84,6.65
Chandigarh,27-07-2022,2,460.62,0,6.25,42.2,4.11,10.17,14.65,5.26
Chandigarh,28-07-2022,3,634.19,0,8.65,48.64,6.74,20.2,24.27,5
Chandigarh,29-07-2022,5,841.14,0,16.79,41.48,16.21,51.55,56.85,5.64
Chandigarh,30-07-2022,4,881.2,0,17.82,23.96,9.18,39.35,43.62,5.38
Chandigarh,31-07-2022,2,587.46,0,9.08,33.26,4.77,19.34,22.59,5.07
Chandigarh,01-08-2022,4,540.73,0.01,19.36,17.88,16.45,36.4,39.41,4.5
Chandigarh,02-08-2022,5,1949.31,16.09,22.28,0,7.99,81.39,123.31,15.33
Chandigarh,03-08-2022,5,1295.09,9.28,23.99,0.11,5.13,92.43,129.71,10.26
Chandigarh,04-08-2022,5,761.03,0,7.2,77.25,9.3,58.57,63.46,3.77
Chandigarh,05-08-2022,3,947.95,3.46,14.91,0.79,3.87,22.91,39.2,7.35
Chandigarh,06-08-2022,5,1241.68,0.13,22.62,11.62,6.62,63.91,80.44,11.02
Chandigarh,07-08-2022,5,1068.12,0,10.54,94.41,13.71,90.28,99.25,3.96
Chandigarh,08-08-2022,3,1001.36,0.35,13.02,8.23,3.46,22.84,35.64,6.9
Chandigarh,09-08-2022,5,1869.2,0.23,31.19,10.19,7.57,110.27,139.84,10.51
Chandigarh,10-08-2022,5,1321.79,6.03,29.13,0.2,6.85,145.56,190.73,18.75
Chandigarh,11-08-2022,4,587.46,0,5.65,107.29,7.21,45.35,48.72,5.51
Chandigarh,12-08-2022,4,1134.87,13.52,22.96,0.01,4.47,47.29,81.75,15.2
Chandigarh,13-08-2022,5,1094.82,0,25.36,34.33,10.97,97.99,123.6,7.47
Chandigarh,14-08-2022,4,687.6,0,14.22,39.34,3.93,47.69,61.2,8.23
Chandigarh,15-08-2022,5,741,0,9.51,56.51,6.44,109.3,117.46,7.47
Chandigarh,16-08-2022,4,934.6,4.3,23.65,0.17,4.41,36.3,56.79,6.84
Chandigarh,17-08-2022,2,397.21,0,5.44,40.41,2.47,12.35,14.48,3.01
Chandigarh,18-08-2022,4,500.68,0,9.68,54.36,4.47,39.03,46.86,5.76
Chandigarh,19-08-2022,5,1081.47,0.01,29.47,22.17,15.97,178.99,212.56,8.11
Chandigarh,20-08-2022,5,680.92,0,13.37,40.77,4.23,50.72,59.35,3.96
Chandigarh,21-08-2022,5,907.9,1.08,27.08,2.08,8.46,92.45,114.99,5.95
Chandigarh,22-08-2022,3,580.79,0,12.68,22.17,3.52,21.93,33.61,5.38
Chandigarh,23-08-2022,5,1121.52,0,19.71,32.54,4.77,103.97,123.33,6.21
Chandigarh,24-08-2022,2,423.91,0,2.68,86.55,2.77,9.1,10.22,2.53
Chandigarh,25-08-2022,2,600.81,0,9.34,36.48,4.83,13.2,19.83,5.64
Chandigarh,26-08-2022,5,1495.36,2.74,33.93,1.16,5.36,100.59,145.76,11.15
Chandigarh,27-08-2022,5,720.98,0,12.34,52.93,6.91,74.55,84.95,5.38
Chandigarh,28-08-2022,4,674.25,0,10.11,50.78,5.48,47.37,54.97,5.07
Chandigarh,29-08-2022,5,1068.12,7.26,20.39,0.13,4.35,71.2,100.29,10.01
Chandigarh,30-08-2022,5,1869.2,0.07,32.56,14.48,7.09,129.67,163.62,10.13
Chandigarh,31-08-2022,5,841.14,0.02,20.91,24.32,5.36,104.57,125.59,5.38
Chandigarh,01-09-2022,4,741,0,16.45,40.77,4.77,46.43,60.93,5.76
Chandigarh,02-09-2022,5,1001.36,4.08,25.02,0.82,4.65,52.09,79.66,10.89
Chandigarh,03-09-2022,5,947.95,0.24,27.76,11.18,4.59,79.48,107.7,7.98
Chandigarh,04-09-2022,4,640.87,0,13.71,33.97,3.64,39.66,55.06,12.54
Chandigarh,05-09-2022,5,781.06,0.24,23.65,10.55,4.71,83.83,118.73,9.12
Chandigarh,06-09-2022,5,988.01,0.39,33.93,8.85,5.9,159.81,212.57,12.54
Chandigarh,07-09-2022,5,807.76,0.13,25.02,16.99,4.89,79.47,113.66,7.85
Chandigarh,08-09-2022,5,1054.76,9.39,25.36,0.08,4.53,69.95,110.99,9.63
Chandigarh,09-09-2022,5,961.3,0,19.19,89.41,28.85,152.12,175.21,8.99
Chandigarh,10-09-2022,5,934.6,0,14.22,90.84,8.58,107.69,122.72,14.57
Chandigarh,11-09-2022,5,867.84,0,11.48,100.14,11.32,86.46,99.42,9.12
Chandigarh,12-09-2022,4,734.33,0,12.68,69.38,5.54,37.64,49.07,10.89
Chandigarh,13-09-2022,5,1201.63,6.76,32.56,0.25,4.77,90.69,131.4,9.88
Chandigarh,14-09-2022,5,1041.41,0,19.19,65.8,14.9,78.06,93.52,15.2
Chandigarh,15-09-2022,4,627.52,0,10.8,47.21,7.51,40.71,46.26,4.18
Chandigarh,16-09-2022,5,767.71,0,20.05,40.41,20.5,79.87,90.63,5.83
Chandigarh,17-09-2022,5,1081.47,0.01,22.62,29.33,5.42,76.89,99.25,8.99
Chandigarh,18-09-2022,5,921.25,0.52,23.31,6.79,3.16,79.2,107.64,8.36
Chandigarh,19-09-2022,5,988.01,1.69,23.99,2.86,3.67,78.39,112.6,12.03
Chandigarh,20-09-2022,5,1001.36,0,18.16,57.22,9.3,95.76,120.42,10.64
Chandigarh,21-09-2022,5,1134.87,0.53,23.65,9.3,4.47,94.1,117.23,5.64
Chandigarh,22-09-2022,5,988.01,0,22.28,57.94,15.5,125.41,148.56,6.02
Chandigarh,23-09-2022,4,907.9,5.25,23.31,0.23,4.41,34.72,57.54,8.36
Chandigarh,24-09-2022,5,1668.93,23.02,23.31,0,6.2,84.41,134.7,16.97
Chandigarh,25-09-2022,4,627.52,0.03,18.68,14.31,7.39,46.9,52.31,4.56
Chandigarh,26-09-2022,4,1201.63,14.31,22.62,0.01,11.44,35.42,64.06,62.32
Chandigarh,27-09-2022,5,974.66,0.24,22.96,12.7,4.89,82.1,107.28,13.17
Chandigarh,28-09-2022,5,961.3,0.06,21.42,22.53,4.59,89.4,111.89,5.64
Chandigarh,29-09-2022,5,1121.52,0.38,25.02,10.37,4.59,99.61,127.21,7.16
Chandigarh,30-09-2022,5,1054.76,0.06,22.28,21.64,5.42,137.63,168.25,12.41
Chandigarh,01-10-2022,5,934.6,0.02,20.39,27.89,3.93,87.73,112.16,5.95
Chandigarh,02-10-2022,5,961.3,1.72,20.39,2.53,3.25,116.65,154.38,9.63
Chandigarh,03-10-2022,5,674.25,0,10.11,65.8,5.01,94.33,116.36,11.53
Chandigarh,04-10-2022,5,620.84,0,13.19,65.8,8.58,70.13,91.48,11.4
Chandigarh,05-10-2022,5,947.95,0,20.22,66.52,11.44,102.3,130.52,8.36
Chandigarh,06-10-2022,5,781.06,0,7.28,155.93,29.8,189.85,207.85,3.07
Chandigarh,07-10-2022,5,1001.36,0,18.34,68.66,17.64,155.41,179.72,7.16
Chandigarh,08-10-2022,4,881.2,0.24,25.36,12.7,8.34,42.42,56.9,11.65
Chandigarh,09-10-2022,5,1361.85,0.5,33.93,7.15,7.09,72.49,101.15,15.33
Chandigarh,10-10-2022,4,1014.71,1.9,29.82,2.7,4.41,37.46,58.43,11.78
Chandigarh,11-10-2022,5,741,0,25.02,57.94,43.87,96.27,104.3,0.32
Chandigarh,12-10-2022,5,1335.14,17.43,16.28,0.01,5.9,65.6,107.51,17.73
Chandigarh,13-10-2022,4,801.09,0,22.28,27.18,5.42,34.79,49.4,9.25
Chandigarh,14-10-2022,5,667.57,0,14.57,59.37,8.11,50.29,63.65,9.75
Chandigarh,15-10-2022,5,660.9,0,11.65,83.68,8.23,63.83,79.78,9.37
Chandigarh,16-10-2022,5,821.11,0.01,19.02,32.54,3.19,94.82,121.66,8.61
Chandigarh,17-10-2022,5,774.38,0,13.37,57.94,4.65,96.21,118.27,8.36
Chandigarh,18-10-2022,5,747.68,0,13.88,75.1,7.57,102.16,126.43,13.17
Chandigarh,19-10-2022,5,961.3,0.36,39.41,11.62,7.75,77.63,107.99,35.46
Chandigarh,20-10-2022,5,1014.71,0.28,41.81,12.34,4.65,87.03,133.64,24.32
Chandigarh,21-10-2022,4,834.47,0.75,41.13,7.78,4.11,36.92,60.34,26.35
Chandigarh,22-10-2022,5,934.6,0.32,44.55,11,5.3,81.02,128.11,28.63
Chandigarh,23-10-2022,5,674.25,0,23.31,41.48,5.54,78.85,106.5,15.33
Chandigarh,24-10-2022,5,821.11,1.34,32.9,4.07,2.86,73.23,102,14.69
Chandigarh,25-10-2022,4,614.17,0,18.85,58.65,7.33,47.16,62.93,13.93
Chandigarh,26-10-2022,5,627.52,0,15.59,80.82,8.34,59.16,72.14,12.54
Chandigarh,27-10-2022,5,781.06,0.02,28.45,27.89,4.11,65.61,87.02,16.47
Chandigarh,28-10-2022,5,727.65,0,22.96,48.64,4.65,67.12,86.63,15.96
Chandigarh,29-10-2022,5,734.33,0,15.59,88.69,7.63,90.14,114.43,12.67
Chandigarh,30-10-2022,5,867.84,0.06,25.7,20.38,3.07,97.17,129.28,14.57
Chandigarh,31-10-2022,5,714.3,0,20.22,39.34,3.34,72.84,94.56,11.27
Chandigarh,01-11-2022,5,1014.71,0.21,35.3,14.13,3.93,107.84,141.08,11.02
Chandigarh,02-11-2022,4,647.54,0,22.96,45.42,6.85,45.22,58.56,17.23
Chandigarh,03-11-2022,4,467.3,0,17.48,56.51,8.58,34.71,53.52,12.03
Chandigarh,04-11-2022,5,948,0.03,37.37,25.06,5.02,84.25,117.75,12.03
Chandigarh,05-11-2022,5,922,0,30.56,43.37,3.73,110,146.5,7.6
Chandigarh,06-11-2022,5,627.52,0,13.88,60.08,2.95,97.41,127.48,7.6
Chandigarh,07-11-2022,5,794.41,0.02,29.82,26.11,3.49,67.67,93.63,17.48
Chandigarh,08-11-2022,5,667.57,0.07,34.27,20.21,7.99,51.05,73.96,16.72
Chandigarh,09-11-2022,5,787.73,0,22.28,41.84,5.25,69.82,88.42,14.57
Chandigarh,10-11-2022,4,894.55,6.37,30.16,0.56,3.61,31.44,50.94,10.01
Chandigarh,11-11-2022,4,654.22,0,21.93,50.78,7.03,29.78,43.54,13.43
Chandigarh,12-11-2022,4,714.3,0,21.08,55.79,6.32,49.91,63.95,11.91
Chandigarh,13-11-2022,4,620.84,0,17.99,62.94,6.2,45.2,56.39,14.06
Chandigarh,14-11-2022,4,714.3,0.12,34.27,16.99,3.87,36.9,55.23,21.28
Chandigarh,15-11-2022,4,814.44,2.68,30.5,2.28,3.7,28.4,45.27,16.47
Chandigarh,16-11-2022,4,620.84,0,22.62,51.5,7.15,42.47,62.28,10.51
Chandigarh,17-11-2022,5,747.68,0,17.14,73.67,9.06,73.86,88.97,7.54
Chandigarh,18-11-2022,4,607.49,0,17.31,65.8,8.23,45.04,56.43,7.28
Chandigarh,19-11-2022,5,961.3,0.18,38.73,15.56,3.55,94.01,118.28,6.14
Chandigarh,20-11-2022,5,720.98,0,23.31,41.13,4.53,93.8,110.06,9.12
Chandigarh,21-11-2022,5,674.25,0,20.22,50.07,5.07,68.02,79.98,14.57
Chandigarh,22-11-2022,5,894.55,0,19.71,70.81,9.54,110.09,126.32,12.03
Chandigarh,23-11-2022,5,1001.36,0,24.68,62.23,6.85,128.78,149.51,11.02
Chandigarh,24-11-2022,5,1068.12,0,23.31,67.23,8.23,150.38,167.36,10.13
Chandigarh,25-11-2022,5,1134.87,2.6,54.15,3.4,3.49,95.46,120.79,14.57
Chandigarh,26-11-2022,5,734.33,0,22.62,83.68,16.21,95.65,108.23,11.02
Chandigarh,27-11-2022,5,734.33,0,19.02,68.66,6.74,104.27,116.97,12.03
Chandigarh,28-11-2022,5,841.14,0,34.96,37.91,4.65,109.68,128.02,18.24
Chandigarh,29-11-2022,5,934.6,0.12,41.81,18.42,7.99,132.91,156.53,9.75
Chandigarh,30-11-2022,5,1148.22,0.54,45.24,9.57,3.46,122.25,149.12,6.52
Chandigarh,01-12-2022,5,1148.22,0,35.3,38.62,5.84,147.55,169.92,7.03
Chandigarh,02-12-2022,5,1214.98,3.38,50.72,2.32,3.04,132.7,161.53,6.4
Chandigarh,03-12-2022,5,1255.04,2.1,41.13,4.74,5.01,244.76,273.52,11.27
Chandigarh,04-12-2022,5,894.55,0,28.1,47.21,10.01,178.74,196.66,7.09
Chandigarh,05-12-2022,5,1094.82,4.3,37.36,0.99,2.62,159.11,190.4,8.04
Chandigarh,06-12-2022,5,1068.12,0,27.08,52.93,8.58,181.58,203.01,8.36
Chandigarh,07-12-2022,5,767.71,0,16.28,79.39,10.37,111.31,124.18,13.05
Chandigarh,08-12-2022,5,774.38,0,17.65,77.96,12.28,102.8,116.12,12.67
Chandigarh,09-12-2022,5,894.55,0.05,44.55,23.6,7.51,62.35,80.59,19.25
Chandigarh,11-12-2022,4,423.91,0,13.71,49.35,3.22,26.39,36.99,15.71
Chandigarh,12-12-2022,4,560.76,0,23.65,38.27,7.21,35.29,48.23,15.71
Chandigarh,13-12-2022,5,687.6,0,26.05,40.77,9.78,51.65,65.2,16.21
Chandigarh,14-12-2022,4,567.44,0,16.79,61.51,8.58,46.96,56.59,14.06
Chandigarh,15-12-2022,5,921.25,0,20.39,77.25,11.92,107.37,123.37,10.64
Chandigarh,16-12-2022,5,974.66,0,18.34,80.82,10.37,142.77,158.53,11.02
Chandigarh,17-12-2022,5,1228.33,0.01,45.24,33.97,6.2,147.4,171.97,10.01
Chandigarh,18-12-2022,5,1121.52,1.98,45.93,2.77,2.89,117.51,143.54,12.79
Chandigarh,19-12-2022,5,907.9,0.6,40.1,8.85,3.64,122.99,146.49,6.33
Chandigarh,20-12-2022,5,1001.36,0,32.56,43.99,7.21,142.49,161.98,5.45
Chandigarh,21-12-2022,5,1228.33,0.01,36.33,30.4,5.36,184.95,208.07,6.71
Chandigarh,22-12-2022,5,1188.28,0,32.9,47.21,6.68,178.84,199.25,9.63
Chandigarh,23-12-2022,5,1482.01,12.85,55.52,0.08,3.1,146.3,184.63,8.36
Chandigarh,24-12-2022,5,1188.28,5.98,43.18,1.15,3.13,163.49,194.68,8.74
Chandigarh,25-12-2022,5,1228.33,0.01,27.76,31.83,2.95,198.59,217.83,4.69
Chandigarh,26-12-2022,5,947.95,1.76,32.56,5.23,4.59,83.1,105.82,10.13
Chandigarh,27-12-2022,5,1255.04,0,25.36,52.21,8.94,214.34,233.77,10.26
Chandigarh,28-12-2022,5,1348.5,0,20.22,62.23,6.44,207.73,225.32,6.71
Chandigarh,29-12-2022,5,1174.93,0,22.28,60.08,6.74,162.69,179.72,12.79
Chandigarh,30-12-2022,3,694.27,0.03,25.36,27.18,2.89,25.87,37.63,6.84
Chandigarh,31-12-2022,3,827.79,1.65,41.47,7.24,3.99,34.09,52.39,7.09
Chandigarh,01-01-2023,5,921.25,0.03,27.42,27.18,2.98,96.5,116.99,5.32
Chandigarh,02-01-2023,5,894.55,2.68,50.72,2.95,10.61,100.17,134.06,31.66
Chandigarh,03-01-2023,5,1241.68,12.74,47.98,0.08,6.26,176.01,218.6,12.03
Chandigarh,04-01-2023,5,1134.87,0,25.02,44.7,6.2,164.17,179.68,5
Chandigarh,05-01-2023,5,1482.01,0.2,49.35,15.91,3.87,180.24,208.64,6.65
Chandigarh,06-01-2023,5,1134.87,0.02,47.3,28.25,7.39,117.81,139.02,7.66
Chandigarh,07-01-2023,5,1161.58,19.89,50.72,0.01,7.87,92.04,125.33,17.99
Chandigarh,08-01-2023,5,1308.44,4.47,35.99,0.78,2.8,170.58,200.96,10.77
Chandigarh,09-01-2023,5,1068.12,3.46,39.41,1.16,4.05,81.32,108.88,9.63
Chandigarh,10-01-2023,5,1522.06,21.9,38.39,0,7.27,192.48,230.42,9.37
Chandigarh,11-01-2023,5,1295.09,0.09,34.62,16.09,5.54,154.37,174.4,6.84
Chandigarh,12-01-2023,3,714.3,0.01,20.73,40.41,3.76,38.78,45.52,9.12
Chandigarh,13-01-2023,2,554.08,0.01,21.59,35.76,3.01,23.96,35.06,6.4
Chandigarh,14-01-2023,3,554.08,0,18.85,47.21,4.71,25.83,35.07,3.48
Chandigarh,15-01-2023,4,814.44,0,15.94,38.62,5.3,71.58,80.43,4.5
Chandigarh,16-01-2023,5,1188.28,0,21.08,52.93,4.65,147.56,167.12,6.71
Chandigarh,17-01-2023,5,1014.71,0,23.31,56.51,5.72,118.3,137.98,6.21
Chandigarh,18-01-2023,5,1068.12,0,22.28,72.24,8.7,140.33,158.25,8.87
Chandigarh,19-01-2023,5,1361.85,0,27.76,50.78,5.54,220.01,244.84,6.97
Chandigarh,20-01-2023,5,2376.56,14.53,53.47,0.26,8.46,311.6,357.55,13.55
Chandigarh,21-01-2023,2,754.36,0.35,45.93,12.16,2.35,24.67,39.63,11.65
Chandigarh,22-01-2023,4,894.55,11.29,33.59,0.12,2.65,58.75,88.67,5.89
Chandigarh,23-01-2023,4,781.06,1.65,40.44,4.16,2.15,57.72,78.19,7.98
Chandigarh,24-01-2023,4,961.3,1.84,57.58,4.16,8.82,70.5,104.47,45.09
Chandigarh,25-01-2023,2,480.65,0,7.97,75.1,4.65,21.16,24.28,3.96
Chandigarh,26-01-2023,3,1068.12,5.31,44.55,1.63,11.09,42.22,72.5,47.12
Chandigarh,27-01-2023,4,854.49,0,19.88,38.27,6.56,68.66,78.97,4.88
Chandigarh,28-01-2023,5,1228.33,0,19.88,60.8,7.27,169.54,187.14,5.07
Chandigarh,29-01-2023,5,1028.06,1.75,35.64,3.44,2.38,118.85,147.69,9.37
Chandigarh,30-01-2023,2,640.87,0,22.62,59.37,7.63,17.06,29.41,32.17
Chandigarh,31-01-2023,3,1121.52,19.89,30.5,0.01,3.04,43.02,71.9,7.85
Chandigarh,01-02-2023,3,580.79,0,15.94,47.21,7.51,34.64,43.91,4.5
Chandigarh,02-02-2023,5,1054.76,0,19.54,64.37,7.87,135.51,151.94,5.95
Chandigarh,03-02-2023,5,1415.25,0,18.68,78.68,8.23,235.59,258.36,7.66
Chandigarh,04-02-2023,5,1401.9,0,19.54,82.25,8.34,239.75,264.31,8.61
Chandigarh,05-02-2023,5,1014.71,0,13.71,72.24,5.3,178.56,196.45,7.41
Chandigarh,06-02-2023,5,881.2,0.03,27.08,28.61,2.8,107.94,130.95,5.32
Chandigarh,07-02-2023,3,781.06,1.79,34.96,4.2,4.41,29.91,58.94,19.76
Chandigarh,08-02-2023,4,667.57,0,18.16,62.94,6.68,58.42,72.64,10.51
Chandigarh,09-02-2023,4,687.6,0,20.73,65.8,9.89,68.31,82.56,13.05
Chandigarh,10-02-2023,2,333.79,0,5.83,82.25,3.7,15.28,23.37,10.77
Chandigarh,11-02-2023,2,447.27,0,16.11,59.37,2.38,16.54,25.79,5.19
Chandigarh,12-02-2023,5,907.9,0.1,42.5,19.49,6.26,89.88,125.15,29.64
Chandigarh,13-02-2023,3,433.92,0,8.31,101.57,6.38,23.65,29.5,13.81
Chandigarh,14-02-2023,5,741,0,13.88,113.01,11.8,91.17,101.36,16.47
Chandigarh,15-02-2023,5,707.63,0,16.28,94.41,12.4,82.34,95.47,14.57
Chandigarh,16-02-2023,5,1308.44,1.15,46.61,5.9,5.48,124.96,161.07,26.35
Chandigarh,17-02-2023,5,1642.23,6.09,51.41,1.1,6.85,201.8,243.09,13.81
Chandigarh,18-02-2023,5,1121.52,0,21.93,85.12,9.3,282.68,306.66,5.45
Chandigarh,19-02-2023,5,1161.58,0.14,35.64,15.74,3.99,133.83,170.91,13.05
Chandigarh,20-02-2023,5,1081.47,0,23.31,70.1,4.41,256.34,288.9,5.13
Chandigarh,21-02-2023,4,440.6,0,6.68,101.57,4.29,63.11,87.32,12.67
Chandigarh,22-02-2023,4,1081.47,9.61,36.67,0.32,6.44,52.62,87.12,27.11
Chandigarh,23-02-2023,4,694.27,0,23.65,54.36,9.54,66.11,88.21,16.21
Chandigarh,25-02-2023,3,574.11,0,20.22,56.51,7.15,42.02,54.35,19
Chandigarh,26-02-2023,5,787.73,0.01,31.19,32.19,3.73,83.39,109.43,22.55
Chandigarh,27-02-2023,3,647.54,0,24.68,37.91,3.99,36.51,51.55,19.25
Chandigarh,28-02-2023,3,640.87,0,24.33,46.49,6.14,31.47,50.84,19.76
Chandigarh,01-03-2023,2,540.73,0,17.31,50.07,4.05,13.19,22.01,16.97
Chandigarh,02-03-2023,3,814.44,0.02,33.24,27.18,4.83,32.31,51.98,18.75
Chandigarh,03-03-2023,3,547.41,0,16.79,60.08,6.62,31.2,47.99,13.55
Chandigarh,04-03-2023,3,620.84,0,18.16,56.51,6.32,42.86,58.3,16.72
Chandigarh,05-03-2023,2,460.62,0,14.39,44.7,4.77,17.02,26.01,14.57
Chandigarh,06-03-2023,3,687.6,0,18.51,45.42,4.59,45.85,59.72,17.23
Chandigarh,07-03-2023,3,741,0.01,28.1,35.76,5.84,38.59,56.22,19.25
Chandigarh,08-03-2023,4,894.55,0.14,38.39,16.99,4.41,55.65,77.33,20.01
Chandigarh,09-03-2023,4,961.3,1.16,40.44,5.81,3.87,52.9,77.86,22.04
Chandigarh,10-03-2023,5,907.9,0.61,43.87,8.49,4.23,76.19,104.24,18.75
Chandigarh,11-03-2023,5,1001.36,0.01,36.33,29.33,5.07,112.69,143.21,22.8
Chandigarh,12-03-2023,5,600.81,0,10.54,98.71,6.56,86.91,104.97,16.72
Chandigarh,13-03-2023,4,881.2,0.14,33.59,15.56,3.25,70.32,98.68,17.73
Chandigarh,14-03-2023,4,787.73,0.01,30.16,32.19,5.42,58.84,79.6,11.91
Chandigarh,15-03-2023,4,1068.12,0.68,45.24,7.51,7.21,63.85,102.98,35.97
Chandigarh,16-03-2023,3,934.6,0.37,38.04,11.62,4.83,47.28,74.16,26.6
Chandigarh,17-03-2023,3,934.6,0.08,34.27,18.06,3.76,39.95,62.18,25.59
Chandigarh,18-03-2023,3,1041.41,5.2,38.04,0.98,3.46,40.79,66.49,16.72
Chandigarh,19-03-2023,2,774.38,0.08,20.56,18.78,2.74,19.95,35.33,11.15
Chandigarh,20-03-2023,3,1188.28,6.09,29.47,0.48,2.98,49.39,81.07,7.35
Chandigarh,21-03-2023,3,1201.63,0.82,24.33,5.63,4.47,41.83,62.79,9.88
Chandigarh,22-03-2023,3,961.3,2.79,29.47,2.55,4.65,42.24,66.69,6.27
Chandigarh,23-03-2023,2,814.44,0,21.42,33.97,4.29,21.16,35.37,8.61
Chandigarh,24-03-2023,3,1068.12,5.92,31.87,0.5,3.52,44.79,75.24,13.55
Chandigarh,25-03-2023,3,754.36,0,12,82.97,8.11,40.73,46.96,6.78
Chandigarh,26-03-2023,2,527.38,0,12.68,41.13,2.09,19.06,24.72,8.11
Chandigarh,27-03-2023,3,620.84,0,20.22,35.05,4.83,40.82,63.04,13.3
Chandigarh,28-03-2023,3,687.6,0,21.93,38.27,5.84,40.08,59.65,11.27
Chandigarh,29-03-2023,4,881.2,1.31,35.99,4.83,3.61,50.77,77.65,13.81
Chandigarh,30-03-2023,5,974.66,0.02,35.64,25.75,8.46,122.43,154.99,17.99
Chandigarh,31-03-2023,3,761.03,0,22.96,49.35,6.85,37.07,55.24,13.55
Chandigarh,01-04-2023,2,594.14,0,12,44.7,3.61,22.22,29.8,9.5
Chandigarh,02-04-2023,3,1081.47,6.2,19.88,0.35,2.62,40.68,66.76,7.6
Chandigarh,03-04-2023,4,707.63,0,15.77,55.79,4.35,53.62,66.82,6.97
Chandigarh,04-04-2023,2,554.08,0,14.22,48.64,2.89,11.95,18.88,13.05
Chandigarh,05-04-2023,2,487.33,0,16.11,55.07,5.01,16.55,26.64,9.88
Chandigarh,06-04-2023,3,640.87,0,20.05,42.56,4.29,29.16,43.2,16.47
Chandigarh,07-04-2023,2,494,0,14.22,68.66,6.79,21.84,33.77,16.47
Chandigarh,08-04-2023,3,540.73,0,13.37,79.39,7.39,33.33,47.32,15.83
Chandigarh,09-04-2023,4,694.27,0,19.88,51.5,4.83,51.73,69.3,19
Chandigarh,10-04-2023,3,634.19,0,23.65,36.12,5.13,36.85,55.03,22.29
Chandigarh,11-04-2023,3,554.08,0,16.11,73.67,6.5,40.79,54.82,18.24
Chandigarh,12-04-2023,3,527.38,0,10.37,110.15,6.14,42.52,61.54,15.07
Chandigarh,13-04-2023,4,841.14,0.31,35.99,10.73,6.56,51.39,83.88,23.81
Chandigarh,14-04-2023,3,627.52,0,21.76,58.65,7.51,48.08,82.57,18.49
Chandigarh,15-04-2023,3,741,0,32.22,31.47,7.63,48.39,85.98,27.61
Chandigarh,16-04-2023,3,514.03,0,15.42,80.82,3.99,26.06,39.9,17.99
Chandigarh,17-04-2023,3,634.19,0,24.68,30.04,6.85,46.38,77.7,24.32
Chandigarh,18-04-2023,4,680.92,0,28.45,34.69,10.37,54.88,101.11,22.04
Chandigarh,19-04-2023,3,473.98,0,13.02,65.8,3.87,26.19,37.82,15.96
Chandigarh,20-04-2023,1,350.48,0,5.57,57.22,3.67,6.23,9.75,9.12
Chandigarh,21-04-2023,1,360.49,0,7.54,45.42,2.24,3.98,7.55,7.85
Chandigarh,22-04-2023,3,881.2,2.29,38.73,2.7,4.23,35.46,62.82,23.31
Chandigarh,23-04-2023,2,620.84,0.02,24.68,24.32,4.47,22.58,42.55,28.37
Chandigarh,24-04-2023,3,841.14,0.24,38.04,9.57,5.42,42.15,72.07,28.63
Chandigarh,25-04-2023,3,500.68,0,7.28,108.72,11.44,32.05,41.69,14.19
Chandigarh,26-04-2023,4,827.79,0,25.02,55.07,8.11,54.2,71.51,21.53
Chandigarh,27-04-2023,3,1001.36,0.7,42.5,6.53,5.6,40.59,65.42,26.6
Chandigarh,28-04-2023,3,947.95,0,37.36,28.97,6.56,36.91,64,38
Chandigarh,29-04-2023,4,1014.71,0.24,45.93,12.7,8.11,66.49,96.94,26.6
Chandigarh,30-04-2023,2,607.49,0,10.28,69.38,5.01,22,30.65,17.23
Chandigarh,01-05-2023,2,560.76,0,5.48,75.1,6.91,16.87,20.42,9.25
Chandigarh,02-05-2023,3,847.82,0.01,20.91,21.46,3.87,28.08,41.47,7.03
Chandigarh,03-05-2023,3,1174.93,6.59,26.05,0.52,3.67,40.91,64.67,8.61
Chandigarh,04-05-2023,3,1028.06,4.41,31.87,0.64,4.89,36.86,70.39,17.73
Chandigarh,05-05-2023,4,814.44,0,21.25,53.64,7.99,52.31,72.13,11.53
Chandigarh,06-05-2023,2,600.81,0,12.85,60.08,5.07,19.1,28.73,11.02
Chandigarh,07-05-2023,3,827.79,0,30.85,21.99,3.01,37.11,55.55,25.59
Chandigarh,08-05-2023,2,594.14,0,14.05,60.8,5.07,23.18,44.53,20.52
Chandigarh,09-05-2023,2,417.23,0,12.17,50.07,3.25,12.34,21.81,15.07
Chandigarh,10-05-2023,3,417.23,0,9.17,108.72,5.6,19.83,29.35,11.65
Chandigarh,11-05-2023,3,640.87,0,21.42,59.37,6.2,33.98,50.61,19.25
Chandigarh,12-05-2023,5,660.9,0,20.91,104.43,18.36,76.73,91.55,15.83
Chandigarh,13-05-2023,5,807.76,0,26.39,77.96,10.61,77.33,101.44,22.8
Chandigarh,14-05-2023,3,714.3,0,26.39,38.27,7.57,49.69,68.59,23.05
Chandigarh,15-05-2023,3,423.91,0,10.11,78.68,5.78,26.44,45.22,14.44
Chandigarh,16-05-2023,2,453.95,0,12.85,80.11,8.46,22.34,41.38,12.41
Chandigarh,17-05-2023,3,473.98,0,13.19,69.38,5.54,26.2,45.57,15.33
Chandigarh,18-05-2023,3,894.55,0.16,37.01,11.98,9.3,44.71,87.91,26.09
Chandigarh,19-05-2023,4,947.95,0,33.59,35.41,8.82,55.51,89.23,26.09
Chandigarh,20-05-2023,3,527.38,0,14.57,78.68,5.84,28.55,45.71,15.2
Chandigarh,21-05-2023,3,694.27,0,25.7,30.04,5.25,38.66,59.13,22.8
Chandigarh,22-05-2023,3,554.08,0,12.68,80.82,8.46,38.39,59.29,19.51
Chandigarh,23-05-2023,5,814.44,0,23.99,72.96,12.28,95.34,140.52,20.01
Chandigarh,24-05-2023,4,520.71,0,7.63,140.19,10.13,61.85,82.37,9.37
Chandigarh,25-05-2023,3,881.2,0.61,26.73,5.9,4.23,37.02,56.64,8.04
Chennai,30-11-2020,5,534.06,0.21,15.25,110.15,26.23,91.17,111.72,2.41
Chennai,01-12-2020,5,587.46,0,16.97,90.84,17.17,84.63,111.47,3.61
Chennai,02-12-2020,5,473.98,0,14.05,101.57,20.27,59.01,76.1,2.63
Chennai,03-12-2020,4,460.63,0,12,67.95,13.95,35.79,38,1.62
Chennai,04-12-2020,4,527.38,0,9.85,71.53,11.33,30.13,31.87,1.39
Chennai,05-12-2020,4,487.33,0,11.31,60.8,12.04,25.23,27.21,1.58
Chennai,06-12-2020,2,507.36,0,8.57,55.08,9.42,17.62,19.37,1.24
Chennai,07-12-2020,2,453.95,0,8.74,44.35,7.87,15.05,16.56,1.5
Chennai,08-12-2020,4,707.63,0,17.14,57.22,14.31,38.78,42.12,2.98
Chennai,09-12-2020,5,774.38,0,23.31,59.37,18.6,85.84,92.13,3.45
Chennai,10-12-2020,5,934.6,0,31.87,53.64,17.41,94.23,115.9,5.07
Chennai,11-12-2020,5,1762.39,0,63.75,38.27,27.18,170,198.49,9.37
Chennai,12-12-2020,5,1468.66,0,54.15,41.13,22.65,151.07,173.54,6.78
Chennai,13-12-2020,5,3364.56,45.6,73.34,0,29.33,253.07,305.96,13.68
Chennai,14-12-2020,5,1174.93,0,36.33,51.5,16.69,92.76,108.62,6.78
Chennai,15-12-2020,5,1535.42,0.01,53.47,34.69,23.6,140.8,163.28,8.11
Chennai,16-12-2020,5,594.14,0,15.42,81.54,14.78,79.16,94.76,3.17
Chennai,17-12-2020,5,614.17,0,16.62,81.54,14.66,52.84,56.16,2.82
Chennai,18-12-2020,4,514.03,0,14.57,77.96,15.26,42.3,57.95,2.85
Chennai,19-12-2020,5,527.38,0,13.37,82.25,15.02,67.69,83.21,1.92
Chennai,20-12-2020,5,640.87,0,10.97,110.15,12.4,86.79,96.17,0.03
Chennai,21-12-2020,5,514.03,0,11.48,115.87,13.47,74.75,96.32,1.93
Chennai,22-12-2020,5,660.9,0,21.25,98.71,21.22,72.36,95.49,5.89
Chennai,23-12-2020,5,1001.36,0,34.27,82.97,22.17,94.98,124.21,8.23
Chennai,24-12-2020,5,1562.12,0,61.01,43.63,27.18,107.23,135.41,11.53
Chennai,25-12-2020,5,1976.01,0.19,78.83,18.42,28.85,134.81,167.28,15.33
Chennai,26-12-2020,5,607.49,0,19.54,95.84,19.07,61.96,78.34,5.45
Chennai,27-12-2020,5,947.95,0,29.13,85.83,16.93,102.53,124.92,6.97
Chennai,28-12-2020,5,921.25,0,24.33,108.72,18.6,143.02,168.23,4.24
Chennai,29-12-2020,5,767.71,0,21.94,101.57,20.27,103.34,128.17,5.7
Chennai,30-12-2020,5,560.76,0,16.11,113.01,19.79,89.12,115.1,2.91
Chennai,31-12-2020,5,460.63,0,11.82,103,13.59,62.12,68.4,1.92
Chennai,01-01-2021,5,527.38,0,15.25,100.14,15.5,80.6,108.01,3.1
Chennai,02-01-2021,5,1108.17,0,43.87,42.92,20.98,69.84,93.46,8.36
Chennai,03-01-2021,4,440.6,0,11.65,74.39,11.68,32.79,43.36,2.28
Chennai,04-01-2021,4,540.73,0,13.54,67.95,10.13,25.72,34.62,2.5
Chennai,05-01-2021,4,734.33,0,17.99,57.94,15.97,48.11,52.22,3.1
Chennai,06-01-2021,5,867.84,0.01,25.71,34.69,14.07,51.89,56.17,4.31
Chennai,07-01-2021,5,1428.6,9.39,43.53,0.35,35.76,84.53,93.16,7.73
Chennai,08-01-2021,5,974.66,0.38,34.27,13.23,19.31,58.78,67.51,5.57
Chennai,09-01-2021,5,1054.76,1.26,37.36,7.42,19.55,71.17,83.35,6.33
Chennai,10-01-2021,4,560.76,0,17.31,52.21,14.54,49.87,55.64,2.85
Chennai,11-01-2021,5,654.22,0,20.56,51.5,15.26,65.53,80.93,2.98
Chennai,12-01-2021,5,654.22,0,21.76,47.92,18.12,54.75,69.6,3.67
Chennai,13-01-2021,5,540.73,0,19.02,48.64,17.17,51.24,60.37,2.85
Chennai,14-01-2021,5,841.14,0,28.79,43.63,16.93,82.64,102.1,3.26
Chennai,15-01-2021,5,881.2,0,28.1,49.35,15.26,107.11,126.8,2.03
Chennai,16-01-2021,5,1588.82,4.36,57.58,2.75,21.7,107.07,134.75,5.95
Chennai,17-01-2021,5,1455.31,0.46,52.09,13.41,22.65,90.68,108.17,13.05
Chennai,18-01-2021,4,520.71,0,13.71,83.69,10.25,42.71,51.78,2.91
Chennai,19-01-2021,5,974.66,0,31.87,58.65,17.17,70.16,86.12,4.81
Chennai,20-01-2021,5,867.84,0,29.82,70.81,20.74,89.25,107.59,4.24
Chennai,21-01-2021,5,1255.04,0.01,45.24,35.05,20.27,84.68,104.57,6.02
Chennai,22-01-2021,5,2082.82,25.03,46.61,0.02,27.66,117.04,134.26,16.09
Chennai,23-01-2021,5,1468.66,12.63,38.39,0.28,19.31,75.59,88.97,8.11
Chennai,24-01-2021,5,2296.45,40.23,42.84,0,41.49,117.83,139.32,31.41
Chennai,25-01-2021,5,1415.25,2.12,50.72,5.99,22.41,65.92,79.4,14.82
Chennai,26-01-2021,5,2216.34,16.54,63.06,0.18,31.47,102.71,124.81,16.72
Chennai,27-01-2021,5,1482.01,0.16,55.52,20.21,20.74,111.46,129.31,9.12
Chennai,28-01-2021,5,801.09,0,22.62,87.26,16.45,85.73,101.16,3.67
Chennai,29-01-2021,5,787.74,0,22.28,98.71,15.14,87.35,107.31,4.31
Chennai,30-01-2021,5,1308.44,0,42.16,69.38,20.03,157,185.5,5.13
Chennai,31-01-2021,5,1308.44,0,36.67,63.66,15.74,185.7,213.55,3.8
Chennai,01-02-2021,4,467.3,0,13.2,74.39,10.49,48.31,61.16,2.34
Chennai,02-02-2021,5,700.95,0,21.59,70.81,14.31,61.36,78.65,5.32
Chennai,03-02-2021,5,787.74,0,19.71,117.3,17.41,129.06,155.78,3.55
Chennai,04-02-2021,5,947.95,0,32.22,83.69,20.5,93.15,124.44,5.57
Chennai,05-02-2021,5,1028.06,0,35.3,94.41,23.84,101.57,129.39,7.54
Chennai,06-02-2021,5,1068.12,0,35.64,88.69,22.41,111.61,137.49,7.22
Chennai,07-02-2021,5,1482.01,0,56.21,38.62,19.79,121.74,149.2,6.78
Chennai,08-02-2021,4,600.82,0,19.19,62.94,11.44,46.07,58.66,3.52
Chennai,09-02-2021,5,1094.82,0,35.64,82.97,22.17,88.55,110.51,11.15
Chennai,10-02-2021,5,1415.25,0,52.78,66.52,25.03,110.43,133.89,9.5
Chennai,11-02-2021,5,3097.53,22.35,98.71,0.04,48.16,186.61,228.55,29.13
Chennai,12-02-2021,5,2029.42,4.02,75.4,3.35,32.42,124.14,150.68,19.25
Chennai,13-02-2021,5,2429.96,21.91,76.77,0.04,38.62,124.87,156.12,22.55
Chennai,14-02-2021,4,1014.71,0.04,37.7,29.33,13.83,42.47,52.31,6.59
Chennai,15-02-2021,5,1388.55,8.49,41.13,0.68,18.6,53.89,65.95,9.88
Chennai,16-02-2021,4,707.63,0,21.76,41.13,11.92,47.13,55.91,3.86
Chennai,17-02-2021,5,654.22,0,17.65,91.55,11.09,96.83,109.06,2.01
Chennai,18-02-2021,5,801.09,0,23.65,81.54,13.71,90.43,104.92,4.75
Chennai,19-02-2021,5,1201.63,0,44.55,52.93,20.74,108.19,130.06,9.12
Chennai,20-02-2021,5,1335.14,1.5,52.09,6.71,30.04,63.48,75.14,7.28
Chennai,21-02-2021,5,814.44,0,21.08,86.55,13.35,65.39,70.09,3.42
Chennai,22-02-2021,5,988.01,0,28.79,52.93,14.19,55.68,68.43,4.12
Chennai,23-02-2021,5,1628.88,1.22,57.58,10.82,22.65,86.87,108.78,8.11
Chennai,24-02-2021,5,1789.09,7.94,54.84,1.13,23.6,99.69,119.51,11.15
Chennai,25-02-2021,5,1508.71,3.02,48.67,4.65,19.31,120.98,139.1,9.63
Chennai,26-02-2021,5,2536.77,48.28,49.35,0,43.39,136.72,168.81,37.49
Chennai,27-02-2021,5,1321.79,6.82,42.84,1.29,16.45,72.45,89.57,8.74
Chennai,28-02-2021,5,974.66,1.22,31.87,8.76,11.09,55.94,69.25,6.27
Chennai,01-03-2021,5,1468.66,17.43,38.73,0.05,20.74,75.87,98.02,17.73
Chennai,02-03-2021,4,687.6,0.03,23.31,27.54,9.89,44.42,55.75,3.58
Chennai,03-03-2021,5,1268.39,4.25,46.61,2.53,15.97,89.31,107.8,8.36
Chennai,04-03-2021,5,1188.28,1.73,45.93,6.62,15.02,79.79,94.38,7.41
Chennai,05-03-2021,5,2777.1,54.09,47.98,0,30.28,154.63,179.27,12.92
Chennai,06-03-2021,5,1695.63,22.13,43.87,0.03,27.66,103.45,127.23,19.25
Chennai,07-03-2021,5,1214.98,15.2,28.45,0.07,15.97,63.9,79.97,10.77
Chennai,08-03-2021,3,507.36,0.67,13.71,8.67,6.91,23.74,29.98,2.44
Chennai,09-03-2021,5,1388.55,32.63,14.91,0,19.79,51.63,63.88,8.49
Chennai,10-03-2021,4,814.44,5.92,23.31,1.02,14.42,28.4,36.38,6.21
Chennai,11-03-2021,2,423.91,0.2,14.91,15.74,9.18,11.86,17.61,2.98
Chennai,12-03-2021,3,614.17,0.94,20.56,8.4,9.54,21.97,29.24,3.71
Chennai,13-03-2021,5,2056.12,45.6,32.56,0,30.28,90.56,111.44,20.77
Chennai,14-03-2021,4,934.6,8.27,25.71,0.57,13.11,34.86,43.55,6.46
Chennai,15-03-2021,5,2002.72,40.68,29.82,0,29.33,87.27,106.6,19
Chennai,16-03-2021,4,988.01,2.74,33.59,5.63,13.47,37.53,47.51,5.07
Chennai,17-03-2021,5,2189.64,42.92,34.96,0,28.61,95.8,120.09,17.99
Chennai,18-03-2021,4,867.84,0.95,31.87,8.67,12.16,38,49.99,5.13
Chennai,19-03-2021,5,1789.09,6.76,61.01,1.32,28.37,126.15,153.29,19.25
Chennai,20-03-2021,5,1108.17,0.01,39.41,40.05,13.35,117.71,138.78,5.38
Chennai,21-03-2021,5,1081.47,0.18,37.01,17.88,13.23,81.8,95.42,7.92
Chennai,22-03-2021,5,1001.36,0.5,34.27,12.52,11.56,73.5,84.74,5.45
Chennai,23-03-2021,5,1241.68,4.41,39.76,2.33,16.93,95.7,109.86,8.23
Chennai,24-03-2021,5,1708.98,4.41,58.26,2.57,25.99,162.34,198.05,15.45
Chennai,25-03-2021,5,2723.69,50.07,47.98,0,31.95,190.1,227.22,18.75
Chennai,26-03-2021,5,1428.6,6.65,47.98,1.43,20.74,131.6,156.62,12.16
Chennai,27-03-2021,5,801.09,0,23.31,38.98,10.97,98.27,110.97,3.52
Chennai,28-03-2021,4,627.52,0.01,15.59,31.47,7.75,42.89,50.77,2.69
Chennai,29-03-2021,4,567.44,0,11.48,37.19,7.03,44.42,50.87,1.95
Chennai,30-03-2021,2,614.17,0.18,11.14,14.48,8.82,16.53,20.43,2.12
Chennai,31-03-2021,2,574.11,0,16.62,52.21,9.18,16.2,25.37,2.72
Chennai,01-04-2021,2,440.6,0.01,11.48,32.54,7.57,8.65,20.19,2.47
Chennai,02-04-2021,2,440.6,0,10.11,43.27,8.7,10.13,21.51,2.09
Chennai,03-04-2021,4,417.23,0,11.48,68.67,7.57,29.67,44.78,2.22
Chennai,04-04-2021,4,373.84,0,10.03,67.95,7.45,35.19,56.52,1.93
Chennai,05-04-2021,4,407.22,0,11.31,53.64,7.51,41.31,64.3,2.15
Chennai,06-04-2021,5,1375.2,1.5,48.67,6.8,20.27,72.69,101.63,9.88
Chennai,07-04-2021,4,961.3,3.21,31.19,3.04,13.23,43.92,61.54,5.89
Chennai,08-04-2021,3,634.19,0,21.94,43.27,10.01,21.61,33.06,3.83
Chennai,09-04-2021,2,587.46,0.02,19.88,30.04,9.42,17.97,25.1,3.67
Chennai,10-04-2021,2,640.87,0.99,19.54,8.23,9.78,16.26,21.7,3.61
Chennai,11-04-2021,2,700.95,5.64,17.48,0.76,10.13,17.61,24.6,4.94
Chennai,12-04-2021,2,614.17,0.39,20.56,12.34,9.66,15.21,20,4.24
Chennai,13-04-2021,3,801.09,5.31,25.02,1.88,13.83,22.54,30.18,5.45
Chennai,14-04-2021,2,587.46,2.71,19.02,2.41,13.47,12.65,17.93,4.5
Chennai,15-04-2021,2,720.98,11.51,13.71,0.05,14.07,15.57,22.02,5.13
Chennai,16-04-2021,4,714.3,0.56,32.56,9.92,13.83,40.86,47.13,3.61
Chennai,17-04-2021,3,560.76,0,21.25,55.08,12.16,24.38,31.17,3.52
Chennai,18-04-2021,4,494,0,13.71,63.66,8.11,25.79,30.92,2.31
Chennai,19-04-2021,1,353.81,0.01,9.94,32.54,6.86,5.6,10.04,1.81
Chennai,20-04-2021,4,507.36,0,13.71,70.1,9.89,25.48,35.32,2.19
Chennai,21-04-2021,2,453.95,0,13.02,67.23,8.82,19.69,29.13,1.95
Chennai,22-04-2021,2,400.54,0.01,14.74,32.19,10.85,10.37,16.69,2.44
Chennai,23-04-2021,2,514.03,0.05,21.08,22.89,11.8,12.61,18.91,3.48
Chennai,24-04-2021,2,507.36,0.01,20.74,29.68,12.52,13.78,21.01,3.36
Chennai,25-04-2021,2,520.71,0.03,18.51,25.75,9.3,12.4,18.93,3.48
Chennai,26-04-2021,2,400.54,0,9.94,34.33,6.91,14.2,21.63,2.03
Chennai,27-04-2021,4,801.09,0.41,30.16,11.98,13.59,35.25,46.69,5.57
Chennai,28-04-2021,3,500.68,0.04,19.02,24.32,10.49,20.41,26.25,3.26
Chennai,29-04-2021,2,420.57,0,14.22,35.41,9.89,14.15,19.58,2.53
Chennai,30-04-2021,2,393.87,0.02,13.88,28.61,9.78,12.15,17.07,2.57
Chennai,01-05-2021,2,587.46,0.06,21.42,22.53,11.33,19.69,25.56,4.02
Chennai,02-05-2021,2,480.65,0.28,17.48,14.13,8.82,11.29,15.84,3.52
Chennai,03-05-2021,1,494,0.18,16.62,15.02,9.06,9.75,13.71,3.42
Chennai,04-05-2021,2,667.57,6.26,18.85,0.64,12.16,15.12,21.81,5.7
Chennai,05-05-2021,1,473.98,0.5,16.79,10.55,10.85,7.71,11.63,3.45
Chennai,06-05-2021,1,473.98,4.81,12,1.03,10.13,8.45,12.76,3.74
Chennai,07-05-2021,1,453.95,2.26,10.03,2.55,8.7,6.5,9.51,2.63
Chennai,08-05-2021,2,734.33,8.49,13.37,0.26,11.92,16.06,21.18,4.43
Chennai,09-05-2021,2,614.17,0.54,16.28,9.03,9.3,10.72,14.36,3.71
Chennai,10-05-2021,2,674.25,6.04,13.54,0.44,10.13,16.63,22.07,4.31
Chennai,11-05-2021,2,480.65,0.11,12.34,16.99,10.25,11.86,15.28,2.38
Chennai,12-05-2021,1,347.14,0.19,12.17,14.13,9.89,5.26,10.64,2.12
Chennai,13-05-2021,1,333.79,0.4,14.4,9.57,10.97,6.25,12.24,2.22
Chennai,14-05-2021,1,330.45,0,9.68,34.33,9.18,5.38,9.29,1.73
Chennai,15-05-2021,1,297.07,0,7.71,37.91,7.27,8.44,18.18,1.06
Chennai,16-05-2021,4,694.28,0.18,32.22,14.13,15.74,31.31,35.53,3.33
Chennai,17-05-2021,2,357.15,0.01,12.34,31.11,9.18,10.88,18.28,2.31
Chennai,18-05-2021,1,293.73,0.01,8.48,32.9,8.23,8.12,15.57,1.49
Chennai,19-05-2021,1,337.12,0,10.63,38.27,9.66,8.31,16.03,2
Chennai,20-05-2021,1,320.44,0.02,12.68,26.11,9.66,8.25,15.99,2.47
Chennai,21-05-2021,5,707.63,0,26.05,61.51,22.17,57.46,63.72,3.96
Chennai,22-05-2021,2,514.03,0.01,21.25,23.6,14.66,18.1,22.3,4.88
Chennai,23-05-2021,4,1161.58,9.05,43.18,0.57,12.76,40.35,52.91,5.19
Chennai,24-05-2021,3,540.73,0,16.62,53.64,10.37,24.53,31.64,7.09
Chennai,25-05-2021,1,574.11,0,18.51,38.27,11.68,9.19,14.55,9.5
Chennai,26-05-2021,1,447.27,0,14.22,35.76,10.73,8.77,11.44,5.26
Chennai,27-05-2021,1,427.25,0,15.94,43.27,11.21,7.47,12.17,8.04
Chennai,28-05-2021,4,514.03,0,17.65,66.52,10.37,30.04,47.69,4.56
Chennai,29-05-2021,2,357.15,0,10.88,72.24,8.35,18.23,31.62,2.28
Chennai,30-05-2021,2,427.25,0,13.37,46.49,7.75,18.18,27.35,3.86
Chennai,31-05-2021,4,417.23,0,12.68,107.29,14.66,46.71,54.58,3.52
Chennai,01-06-2021,4,440.6,0,15.08,70.81,12.76,28.19,40.29,5.19
Chennai,02-06-2021,3,397.21,0,14.57,65.09,12.4,22.17,32.08,2.76
Chennai,03-06-2021,5,480.65,0,15.94,105.86,13.59,55.43,64.82,2.44
Chennai,04-06-2021,2,333.79,0.01,13.02,31.47,10.85,10.01,15.98,2.34
Chennai,05-06-2021,1,387.19,0.07,21.59,20.74,20.98,9.42,11.98,2.69
Chennai,06-06-2021,5,1108.17,0.2,43.18,16.09,15.97,63.09,72.92,7.03
Chennai,07-06-2021,2,423.91,0,12.85,52.21,8.58,19.98,27.88,2.47
Chennai,08-06-2021,2,347.14,0,10.2,63.66,8.58,18.58,27.74,1.79
Chennai,09-06-2021,4,400.54,0,12.85,73.67,13.59,33.04,40.23,3.14
Chennai,10-06-2021,2,514.03,0.01,21.08,30.76,14.54,13.88,16.61,5.32
Chennai,11-06-2021,2,594.14,0.12,27.42,15.91,12.28,17.01,25.01,9.88
Chennai,12-06-2021,4,1068.12,7.82,51.41,0.39,16.93,31.44,47.66,17.99
Chennai,13-06-2021,1,403.88,0,14.91,35.05,7.87,7.54,11.08,6.08
Chennai,14-06-2021,1,283.72,0,9.6,31.11,10.73,3.75,5.42,3.42
Chennai,15-06-2021,1,327.11,0.01,12.68,28.25,12.04,4.66,6.2,3.07
Chennai,16-06-2021,1,350.48,0.01,13.88,27.18,14.9,4.8,7.37,4.94
Chennai,17-06-2021,1,407.22,0.02,16.79,27.18,14.54,7.45,10.24,5
Chennai,18-06-2021,1,380.52,0.06,15.25,18.6,13.95,4.97,7.83,5.7
Chennai,19-06-2021,2,567.44,0.48,26.39,9.12,11.21,14.98,23.28,7.73
Chennai,20-06-2021,2,420.57,0,15.25,40.05,7.99,17.71,27.89,6.08
Chennai,21-06-2021,3,500.68,0,18.85,42.92,8.35,23.45,33.74,7.16
Chennai,22-06-2021,3,370.5,0,12.17,67.95,10.37,22.36,31.39,3.23
Chennai,23-06-2021,4,410.56,0,13.71,60.8,12.64,35.88,46.25,2.53
Chennai,24-06-2021,3,467.3,0.1,27.42,17.88,23.6,24.76,26.53,1.52
Chennai,25-06-2021,5,787.74,1.02,42.5,6.53,19.31,52.65,64.36,5.76
Chennai,26-06-2021,4,487.33,0,16.97,73.67,10.73,33.48,46.8,4.12
Chennai,27-06-2021,1,487.33,0.17,19.88,14.48,9.89,9.9,11.87,2.44
Chennai,28-06-2021,1,413.9,0.02,13.88,24.68,6.8,8.38,10.49,2.12
Chennai,29-06-2021,4,417.23,0,13.54,76.53,10.37,28.01,37.13,2.53
Chennai,30-06-2021,2,343.8,0,11.65,37.91,9.3,10.71,18.66,2.06
Chennai,01-07-2021,4,423.91,0,15.25,56.51,15.5,26.11,31.3,1.93
Chennai,02-07-2021,5,714.3,0,26.39,57.94,22.17,58.64,66.06,3.61
Chennai,03-07-2021,5,1588.82,0.52,60.32,11.62,29.56,106.47,119.05,10.89
Chennai,04-07-2021,5,487.33,0,12.17,103,10.97,71.44,75.49,1.43
Chennai,05-07-2021,5,1762.39,32.63,36.67,0,17.88,72.52,91.21,9.75
Chennai,06-07-2021,5,907.9,0,33.93,65.09,16.69,83.62,94.65,4.37
Chennai,07-07-2021,4,427.25,0,13.02,75.82,9.66,30.71,35.87,1.95
Chennai,08-07-2021,4,640.87,0,26.39,37.91,12.99,33.87,41.42,3.64
Chennai,09-07-2021,5,634.19,0,19.71,87.98,17.64,76.24,80.2,2.19
Chennai,10-07-2021,4,614.17,0,22.28,38.27,17.41,39.46,42.14,1.88
Chennai,11-07-2021,1,367.17,0.01,12.51,25.03,8.23,6.31,9.35,6.02
Chennai,12-07-2021,1,400.54,0.02,15.08,23.25,8.58,8.4,10.48,3.61
Chennai,13-07-2021,4,720.98,0.23,35.99,15.02,13.83,46.18,60.23,4.31
Chennai,14-07-2021,2,534.06,1.59,23.99,3.31,12.04,12.66,16.12,2.98
Chennai,15-07-2021,2,507.36,0.05,21.25,20.56,11.92,13.3,15.91,3.33
Chennai,16-07-2021,1,413.9,0.02,16.11,23.6,10.49,9.22,12.63,6.14
Chennai,17-07-2021,5,1869.2,42.92,35.64,0,18.84,72.32,88.21,7.35
Chennai,18-07-2021,4,520.71,0.01,19.36,29.33,13.59,38.53,40.53,1.49
Chennai,19-07-2021,1,353.81,0,10.11,32.19,6.97,7.97,10.34,3.77
Chennai,20-07-2021,2,614.17,0.05,24.68,21.1,11.56,15.82,21.88,8.87
Chennai,21-07-2021,1,427.25,0.16,17.65,14.48,12.76,8.65,12.56,7.47
Chennai,22-07-2021,2,487.33,0.34,21.94,10.55,10.25,10.88,15.36,6.97
Chennai,23-07-2021,1,350.48,0.02,14.91,25.75,12.76,6.77,9.58,4.62
Chennai,24-07-2021,2,534.06,0.12,23.99,16.63,8.94,14.8,20.87,5.07
Chennai,25-07-2021,2,447.27,0.01,16.79,27.54,7.33,11.64,16,5.19
Chennai,26-07-2021,2,507.36,0.03,20.39,22.35,8.7,18.56,23.44,3.45
Chennai,27-07-2021,3,727.65,0.51,34.27,9.12,12.52,22.38,31.17,11.27
Chennai,28-07-2021,4,620.84,0.45,34.27,9.39,16.45,25.95,34.62,8.23
Chennai,29-07-2021,2,600.82,0.21,28.45,13.23,11.44,17.17,26.34,8.49
Chennai,30-07-2021,2,574.11,2.18,22.62,3.76,14.78,12.39,17.8,9.5
Chennai,31-07-2021,3,694.28,0.47,33.93,10.1,12.04,22.78,32.29,9.25
Chennai,01-08-2021,4,540.73,0,17.14,75.82,10.85,48.43,54.81,4.37
Chennai,02-08-2021,4,580.79,0,23.31,32.9,8.94,25.57,34.73,9.12
Chennai,03-08-2021,4,741.01,0.01,31.87,31.47,13.11,26.57,37.78,10.51
Chennai,04-08-2021,4,574.11,0,21.42,55.08,11.68,35.29,45.67,5.45
Chennai,05-08-2021,2,660.9,0.29,31.19,20.03,14.66,17.92,24.51,10.01
Chennai,06-08-2021,3,567.44,0.03,24.68,24.32,12.52,23.29,28.93,3.52
Chennai,07-08-2021,3,640.87,0.43,29.13,10.37,11.68,22.61,27.8,3.39
Chennai,08-08-2021,4,507.36,0,21.42,37.55,14.54,42.25,46.02,3.14
Chennai,09-08-2021,4,407.22,0,12.68,90.12,11.44,45.23,51.38,2.19
Chennai,10-08-2021,5,907.9,0,34.62,60.8,18.6,86,93.84,4.56
Chennai,11-08-2021,4,527.38,0,16.11,57.94,12.88,42.52,45.78,1.81
Chennai,12-08-2021,4,554.09,0,18.51,39.7,13.11,25.46,27.8,2.22
Chennai,13-08-2021,2,614.17,5.81,22.62,0.34,14.31,13.95,17.97,3.52
Chennai,14-08-2021,2,680.92,2.65,28.79,2.37,13.95,17.5,21.48,3.14
Chennai,15-08-2021,1,433.92,0.01,14.4,26.46,7.87,8.71,11.67,4.43
Chennai,16-08-2021,2,627.52,2.79,26.73,1.7,10.73,14.03,19.83,7.22
Chennai,17-08-2021,4,947.95,9.84,34.96,0.2,15.14,32.2,39.38,4.88
Chennai,18-08-2021,4,467.3,0,16.45,62.94,17.64,42.2,46.28,1.82
Chennai,19-08-2021,4,841.14,3.63,37.36,1.61,18.36,41.35,46.25,3.42
Chennai,20-08-2021,5,867.84,0,36.33,36.48,16.45,72.58,86.73,5.19
Chennai,21-08-2021,4,447.27,0,15.59,63.66,11.68,32.71,39.59,2.12
Chennai,22-08-2021,2,467.3,0.04,19.36,21.82,9.06,18.16,24.79,3.04
Chennai,23-08-2021,1,337.12,0.03,12.17,24.32,7.75,9.19,11.63,2.15
Chennai,24-08-2021,5,587.46,0,19.88,74.39,15.26,52.91,60.56,3.26
Chennai,25-08-2021,3,403.88,0,17.99,45.78,13.83,24.31,31.96,2.95
Chennai,26-08-2021,4,607.49,0,25.02,38.27,24.08,28.4,32.3,2.76
Chennai,27-08-2021,5,674.25,0,30.85,73.67,31.95,74.02,80.12,2.6
Chennai,28-08-2021,3,640.87,3.21,25.71,1.59,18.12,20.71,23.88,3.2
Chennai,29-08-2021,2,560.76,0.08,19.02,17.88,8.35,19.3,21.68,2.19
Chennai,30-08-2021,2,440.6,0.23,16.28,11.62,7.87,12.18,14.07,2.03
Chennai,31-08-2021,5,841.14,1.15,37.36,7.78,15.97,53.48,62.55,4.37
Chennai,01-09-2021,5,680.92,0,26.05,66.52,14.54,75.26,86.96,3.33
Chennai,02-09-2021,5,1281.74,2.99,53.47,4.69,19.31,101.32,113.07,4.69
Chennai,03-09-2021,4,754.36,0.18,31.87,16.09,21.7,45.73,49.36,2.66
Chennai,04-09-2021,2,647.54,0.52,25.02,9.39,12.4,16.81,20.17,3.1
Chennai,05-09-2021,1,433.92,0.07,15.42,17.35,7.75,9.07,10.62,1.82
Chennai,06-09-2021,1,423.91,0.17,16.11,13.05,7.27,9.45,12.73,2.28
Chennai,07-09-2021,2,460.63,0.01,17.48,31.11,10.01,15.37,18.69,3.71
Chennai,08-09-2021,4,500.68,0.48,30.85,9.03,18.6,30.98,35.93,2.22
Chennai,09-09-2021,4,614.17,0,23.99,50.78,11.56,41.03,53.94,3.52
Chennai,10-09-2021,5,560.76,0,18.85,73.67,11.68,63.35,79.62,4.05
Chennai,11-09-2021,4,534.06,0,21.42,39.7,11.33,38.87,52.61,3.26
Chennai,12-09-2021,4,934.6,4.08,39.07,1.45,11.33,42.89,54.93,5.19
Chennai,13-09-2021,3,500.68,0.22,25.36,11.98,11.21,22.51,29.74,3.8
Chennai,14-09-2021,4,587.46,0.06,26.73,21.46,11.44,28.27,42.37,4.31
Chennai,15-09-2021,3,400.54,0,15.59,46.49,11.44,21.85,34.41,2.85
Chennai,16-09-2021,4,520.71,0,21.42,50.07,18.84,40.97,48.96,3.64
Chennai,17-09-2021,5,574.11,0,23.31,37.91,15.02,60.84,70.86,2.5
Chennai,18-09-2021,5,587.46,0,16.62,98.71,17.41,95.15,101.32,0.98
Chennai,19-09-2021,5,1335.14,6.37,52.09,1.2,16.45,65.81,80.69,7.16
Chennai,20-09-2021,4,487.33,0,14.91,65.8,9.3,33.07,37.79,2.47
Chennai,21-09-2021,5,654.22,0,20.91,85.83,13.35,59.62,66.71,3.2
Chennai,22-09-2021,5,1228.33,4.64,47.3,2.03,18.12,53.27,61.82,5.26
Chennai,23-09-2021,5,961.3,0.02,38.73,27.9,19.31,62.56,68.61,3.83
Chennai,24-09-2021,5,761.03,0,30.85,37.55,20.03,56.76,61.74,3.04
Chennai,25-09-2021,5,827.79,0,34.62,46.49,14.07,55.99,64.69,3.61
Chennai,26-09-2021,3,667.57,0.11,23.65,16.45,13.95,23.24,26.69,3.17
Chennai,27-09-2021,4,527.38,0,16.28,50.07,12.52,45.92,50.87,1.77
Chennai,28-09-2021,1,507.36,1.2,22.96,4.2,13.83,9.04,13.09,7.28
Chennai,29-09-2021,4,854.49,3.91,34.27,1.5,15.74,33.47,46.88,5.07
Chennai,30-09-2021,5,894.55,0,30.5,75.1,15.74,82.75,92.39,4.05
Chennai,01-10-2021,5,5981.45,137.69,70.6,0,80.11,391.25,436.45,50.16
Chennai,02-10-2021,5,1708.98,30.4,33.59,0,25.27,74.58,88.01,11.4
Chennai,03-10-2021,1,393.87,0.25,14.91,12.7,13.47,8.46,10.4,2.06
Chennai,04-10-2021,5,4219.06,126.96,30.5,0,29.8,214.48,247.79,10.77
Chennai,05-10-2021,5,3070.83,99.24,35.3,0,55.79,150.05,170.15,15.45
Chennai,06-10-2021,2,540.73,0.02,18.34,26.82,16.45,14.95,18.54,2.06
Chennai,07-10-2021,2,634.19,0.05,25.02,23.6,12.04,19.29,24.94,3.8
Chennai,08-10-2021,5,907.9,0,29.82,58.65,20.74,79,83.63,3.58
Chennai,09-10-2021,4,1268.39,10.62,30.85,0.14,18.12,39.22,45.45,4.69
Chennai,10-10-2021,5,3177.64,98.35,25.02,0,40.05,139.47,167.64,32.93
Chennai,11-10-2021,4,974.66,10.17,30.16,0.16,10.13,29.15,38.58,3.77
Chennai,12-10-2021,5,974.66,8.49,35.3,0.2,27.66,54.13,59.72,3.17
Chennai,13-10-2021,5,1028.06,0.65,40.78,8.05,19.55,57.44,63.56,3.58
Chennai,14-10-2021,4,867.84,0.01,26.73,29.68,12.88,41.56,47.69,3.39
Chennai,15-10-2021,4,867.84,0.13,31.53,16.63,13.11,30.74,37.29,3.77
Chennai,16-10-2021,4,1295.09,14.08,36.33,0.03,15.26,44.85,57.32,5.95
Chennai,17-10-2021,4,767.71,0.06,35.64,21.46,23.6,42.17,47.28,3.55
Chennai,18-10-2021,4,854.49,0.3,26.73,10.1,9.06,41.45,47.7,3.17
Chennai,19-10-2021,3,881.2,0.01,25.36,27.18,10.97,24.68,32.38,3.9
Chennai,20-10-2021,5,1148.22,0,36.67,71.53,13.23,96.5,109.74,3.96
Chennai,21-10-2021,5,2216.34,17.21,61.69,0.04,26.94,197.31,212.95,10.77
Chennai,22-10-2021,5,1281.74,10.39,44.55,0.34,22.89,57.57,66.88,7.09
Chennai,23-10-2021,5,2216.34,45.15,39.41,0,27.42,87.81,103.99,10.26
Chennai,24-10-2021,5,1201.63,7.71,40.1,0.59,16.69,50.66,59.37,7.28
Chennai,25-10-2021,5,2029.42,40.23,36.67,0,24.8,85.41,112.26,9.88
Chennai,26-10-2021,5,1762.39,0.08,64.43,21.28,25.03,136.15,169.51,7.79
Chennai,27-10-2021,5,1789.09,0.16,67.86,18.42,25.51,141.71,175.34,7.54
Chennai,28-10-2021,5,1161.58,0,28.79,111.58,24.32,181.32,197.77,1.44
Chennai,29-10-2021,5,1335.14,0.07,36.33,25.03,26.23,63.17,70.46,5.57
Chennai,30-10-2021,5,1375.2,27.49,29.82,0,28.85,52.49,63.63,6.9
Chennai,31-10-2021,4,700.95,0.07,23.99,19.85,23.13,31.67,36.93,2.98
Chennai,01-11-2021,2,574.11,0,14.39,51.5,15.74,10.38,12.19,1.69
Chennai,02-11-2021,5,1428.6,21.01,30.85,0.02,23.84,51.33,60.26,8.23
Chennai,03-11-2021,4,1134.87,9.16,33.93,0.44,21.7,37.07,44.29,7.28
Chennai,04-11-2021,5,1441.96,30.4,27.76,0,27.42,54,67.29,5.57
Chennai,05-11-2021,5,2243.04,57.22,31.53,0,29.33,91.03,108.5,7.22
Chennai,06-11-2021,4,1241.68,27.27,22.28,0,22.65,40.6,49.34,6.14
Chennai,07-11-2021,4,1255.04,21.68,29.13,0.01,26.46,45.82,53.55,5.07
Chennai,08-11-2021,5,587.46,0,12.85,121.59,16.21,90.69,94.36,0.7
Chennai,09-11-2021,5,787.73,0,20.91,110.15,24.08,113.24,118.27,2.6
Chennai,10-11-2021,5,794.41,0,22.62,87.98,22.17,102.53,110.15,2.98
Chennai,11-11-2021,5,647.54,0,10.71,138.76,18.6,105.3,106.37,0.7
Chennai,12-11-2021,5,741,0,15.42,49.35,10.25,57.49,59.26,1.8
Chennai,13-11-2021,5,2616.88,36.66,57.58,0,23.6,144.07,166.86,10.26
Chennai,14-11-2021,5,1108.17,0,27.76,54.36,12.28,118.11,123.37,2.37
Chennai,15-11-2021,5,2857.21,54.99,64.43,0,34.33,261.18,274.69,7.09
Chennai,16-11-2021,5,4646.3,95.67,63.75,0,65.8,260.51,293.6,40.53
Chennai,17-11-2021,4,1241.68,0.02,47.98,29.33,41.48,46.88,53.85,6.71
Chennai,18-11-2021,4,787.73,0.24,30.16,14.66,29.33,30.63,35.6,3.89
Chennai,19-11-2021,2,554.08,0,8.74,38.98,7.99,11.2,15.23,0.86
Chennai,20-11-2021,4,727.65,0.01,27.08,31.83,11.8,29.3,35.21,3.86
Chennai,21-11-2021,4,781.06,0,27.76,44.7,18.6,48.34,51.22,2.44
Chennai,22-11-2021,4,1281.74,3.24,43.53,2.84,18.84,45.93,53.64,7.66
Chennai,23-11-2021,5,3364.56,80.47,32.9,0,36.72,163.12,204.92,18.49
Chennai,24-11-2021,4,1094.82,14.75,28.45,0.07,20.03,44.77,61.16,5.83
Chennai,25-11-2021,5,961.3,0.2,34.62,16.81,17.88,75.21,93.48,4.18
Chennai,26-11-2021,4,560.76,0,16.45,47.92,15.74,31.08,34.35,2.09
Chennai,27-11-2021,2,827.79,0,15.94,46.49,17.4,17.82,20.19,1.88
Chennai,28-11-2021,2,607.49,0.3,22.62,13.41,12.52,14.7,18.13,2.88
Chennai,29-11-2021,2,707.63,0,14.57,38.98,9.06,16.08,18.16,1.93
Chennai,30-11-2021,5,2269.74,42.47,35.64,0,32.9,115.63,129.8,11.02
Chennai,01-12-2021,5,3097.53,15.2,87.74,0.17,38.15,211.59,240.48,16.21
Chennai,02-12-2021,5,647.54,0,18.16,111.58,16.45,91.37,113.9,1.87
Chennai,03-12-2021,4,1001.36,0.03,39.07,26.82,20.03,47.06,63.26,7.6
Chennai,04-12-2021,5,1134.87,0.19,46.61,16.99,20.03,90.02,110.25,4.5
Chennai,05-12-2021,5,1495.36,0.22,57.58,19.85,15.74,122.44,145.64,6.4
Chennai,06-12-2021,5,1161.58,0.01,40.1,31.11,12.99,121.2,134.56,4.5
Chennai,07-12-2021,5,4272.46,42.47,102.82,0,37.19,352.05,387.98,11.78
Chennai,08-12-2021,5,1508.71,0.62,47.98,11,22.17,101.97,119.96,6.27
Chennai,09-12-2021,5,1895.9,33.53,35.64,0,24.08,88.55,110.19,9.37
Chennai,10-12-2021,5,1522.06,2.6,59.63,4.69,20.98,67.16,90.04,7.85
Chennai,11-12-2021,4,741,0,27.42,39.7,16.69,38.07,44.02,3.74
Chennai,12-12-2021,4,460.62,0,11.31,50.78,8.94,38.95,44.22,1.47
Chennai,13-12-2021,4,540.73,0,15.08,62.23,14.31,33.3,37.63,2.12
Chennai,14-12-2021,5,1161.58,0,40.1,48.64,17.64,77.48,92.11,5.83
Chennai,15-12-2021,4,534.06,0,13.37,95.84,15.26,40.05,57.57,1.93
Chennai,16-12-2021,5,660.9,0,19.19,91.55,16.93,93.22,113.06,2.18
Chennai,17-12-2021,5,921.25,0,23.31,107.29,17.64,185.13,215.25,0
Chennai,18-12-2021,5,881.2,0,27.76,94.41,18.6,148.48,172.08,2.41
Chennai,19-12-2021,5,607.49,0,17.99,97.27,16.21,88.19,105.84,3.1
Chennai,20-12-2021,5,694.27,0,20.39,85.83,13.83,71.76,92.26,5.57
Chennai,21-12-2021,5,3070.83,32.19,78.14,0,27.42,226.6,277.47,10.51
Chennai,22-12-2021,5,2296.45,5.87,78.83,1.83,35.29,180.08,209.85,17.73
Chennai,23-12-2021,5,2082.82,2.4,76.09,5.45,32.42,172.39,193.69,17.48
Chennai,24-12-2021,5,2590.18,23.47,78.83,0.04,42.92,193.26,220.47,26.09
Chennai,25-12-2021,5,1895.9,10.95,69.23,0.63,30.04,131.66,152.08,17.48
Chennai,26-12-2021,5,1522.06,1.77,62.38,7.06,21.7,100.09,118.14,13.05
Chennai,27-12-2021,5,2483.37,20.79,78.14,0.05,36.24,156.18,192.6,23.56
Chennai,28-12-2021,5,1668.93,0.74,61.69,12.52,22.65,119.38,142.77,9.37
Chennai,29-12-2021,5,1508.71,1.03,62.38,9.39,19.79,80.34,101.82,8.36
Chennai,30-12-2021,5,1081.47,0.06,43.87,25.03,17.64,54.02,73.06,5.7
Chennai,31-12-2021,4,580.79,0,19.36,61.51,16.93,35.99,40.67,1.98
Chennai,01-01-2022,5,747.68,0,26.05,59.37,17.88,59.73,69.68,2.79
Chennai,02-01-2022,5,514.03,0,10.37,103,11.21,63.86,89.37,0.3
Chennai,03-01-2022,5,547.41,0,11.31,98.71,10.01,61.44,83.07,1.36
Chennai,04-01-2022,5,720.98,0,22.28,87.26,15.74,72.03,91.68,2.79
Chennai,05-01-2022,5,988.01,0,33.24,70.81,18.84,86.12,108.52,6.08
Chennai,06-01-2022,5,1068.12,0,39.76,43.63,18.6,70.04,88.14,5.7
Chennai,07-01-2022,4,707.63,0,25.02,38.98,13.59,45.06,56.05,4.37
Chennai,08-01-2022,4,694.27,0,23.99,45.78,12.99,39.9,51.61,4.69
Chennai,09-01-2022,5,707.63,0,22.62,44.7,11.44,50.8,64.97,3.48
Chennai,10-01-2022,5,988.01,1.58,35.64,6.79,11.92,53.82,67.16,5.19
Chennai,11-01-2022,5,1214.98,6.43,40.78,1.45,16.45,52.78,65.23,7.47
Chennai,12-01-2022,5,1869.2,25.03,43.87,0.01,29.8,85.28,104.66,18.49
Chennai,13-01-2022,4,787.73,0.24,27.42,16.27,12.64,29.82,37.12,4.31
Chennai,14-01-2022,5,1335.14,20.79,30.16,0.03,21.93,64.48,81.22,7.16
Chennai,15-01-2022,5,1602.17,26.82,31.87,0.01,19.79,68.28,82.4,8.11
Chennai,16-01-2022,2,654.22,0.08,21.08,20.74,12.52,19.83,25.85,3.1
Chennai,17-01-2022,3,614.17,0,12.85,67.95,10.01,23.69,28.59,1.95
Chennai,18-01-2022,4,814.44,0,25.02,63.66,15.5,44.75,63.36,5.51
Chennai,19-01-2022,5,1535.42,0,54.84,41.13,20.5,74.25,91.4,7.92
Chennai,20-01-2022,5,1682.28,0,56.89,41.13,22.65,116.93,135.38,8.99
Chennai,21-01-2022,5,1268.39,0.04,46.61,27.54,17.17,78.63,90.26,8.74
Chennai,22-01-2022,5,767.71,0,23.99,53.64,10.01,78.51,90.96,2.75
Chennai,23-01-2022,5,514.03,0,12.85,62.23,6.44,54.61,65.06,1.63
Chennai,24-01-2022,4,680.92,0.2,21.59,15.74,12.76,48.98,60.57,4.12
Chennai,25-01-2022,4,634.19,0.03,23.99,28.61,10.37,44.02,54.83,3.36
Chennai,26-01-2022,4,607.49,0.03,21.76,28.97,10.13,32.91,43.21,3.83
Chennai,27-01-2022,4,947.95,4.92,33.59,1.86,15.02,34.13,44.64,6.78
Chennai,28-01-2022,4,741,0.16,28.79,18.06,16.45,36.74,44.45,4.56
Chennai,29-01-2022,5,734.33,0,16.11,105.86,17.4,81.35,94.1,1.2
Chennai,30-01-2022,5,594.14,0,15.42,115.87,15.74,82.72,107.96,1.8
Chennai,31-01-2022,5,781.06,0,24.68,88.69,11.09,82.11,96.42,3.07
Chennai,01-02-2022,5,947.95,0,33.93,70.1,14.42,86.42,100.19,5
Chennai,02-02-2022,5,1281.74,0.95,52.09,10.73,19.55,69.11,85.99,11.15
Chennai,03-02-2022,5,1375.2,11.62,47.3,0.5,20.98,62.35,79.41,13.43
Chennai,04-02-2022,3,580.79,0,21.93,45.06,9.89,23.85,31.45,5.07
Chennai,05-02-2022,4,487.33,0,16.96,44.35,10.25,29.27,38.97,2.82
Chennai,06-02-2022,4,487.33,0,15.59,58.65,9.18,36.19,45.97,2.6
Chennai,07-02-2022,4,514.03,0,15.25,77.96,10.85,34.6,45.79,3.04
Chennai,08-02-2022,4,774.38,0,26.05,66.52,16.45,47.51,61.53,4.18
Chennai,09-02-2022,4,807.76,0,30.16,57.22,15.14,45.61,60.27,5.07
Chennai,10-02-2022,5,1321.79,0,52.78,41.84,20.27,85.27,110.58,8.87
Chennai,11-02-2022,5,1041.41,0,40.44,51.5,21.93,78.03,100.96,6.33
Chennai,12-02-2022,4,634.19,0,24.68,55.79,16.69,42,57.34,3.96
Chennai,13-02-2022,4,560.76,0,18.68,65.8,13.23,47.21,62.71,3.42
Chennai,14-02-2022,5,761.03,0,14.39,138.76,14.42,108.8,116.38,0
Chennai,15-02-2022,5,600.81,0,19.02,101.57,15.74,61.18,80.53,4.18
Chennai,16-02-2022,4,634.19,0,23.99,71.53,15.14,45.74,62.61,5.13
Chennai,17-02-2022,4,527.38,0,17.99,78.68,13.59,45.42,60.49,3.51
Chennai,18-02-2022,5,640.87,0,20.05,100.14,18.36,82.81,107.37,3.86
Chennai,19-02-2022,5,867.84,0,32.9,62.94,17.4,69.29,92.02,6.27
Chennai,20-02-2022,5,1428.6,0,49.35,59.37,19.07,140.53,169.49,8.04
Chennai,21-02-2022,5,767.71,0.05,25.7,24.32,14.66,70.77,85.85,4.75
Chennai,22-02-2022,4,627.52,0.01,20.73,31.83,9.89,38.95,52.33,3.32
Chennai,23-02-2022,4,767.71,0.13,28.1,20.21,12.87,34.4,42.86,4.24
Chennai,24-02-2022,5,1321.79,0.07,54.15,24.68,20.5,80.1,99.17,8.36
Chennai,25-02-2022,5,1054.76,0,39.76,48.64,18.36,76.05,93.37,5.76
Chennai,26-02-2022,5,1441.96,0.06,61.01,25.03,21.93,80.09,100.09,10.01
Chennai,27-02-2022,5,794.41,0,28.45,57.94,14.19,65.19,83.04,4.05
Chennai,28-02-2022,4,660.9,0,23.31,51.5,12.64,44.27,56.76,3.17
Chennai,01-03-2022,5,1682.28,6.37,56.89,1.45,24.08,104,128.16,8.74
Chennai,02-03-2022,5,1562.12,8.27,52.78,0.83,22.65,79.59,102.1,10.13
Chennai,03-03-2022,5,1054.76,0.03,41.13,27.18,18.84,70.3,92.27,5.13
Chennai,04-03-2022,5,747.68,0,21.25,110.15,20.5,125.26,150.59,0.1
Chennai,05-03-2022,3,393.87,0,13.02,67.95,16.21,23.29,37.69,2.82
Chennai,06-03-2022,3,333.79,0,8.14,84.4,10.49,23.94,37.95,1.63
Chennai,07-03-2022,4,423.91,0,10.54,101.57,12.64,36.71,38.45,1.12
Chennai,08-03-2022,5,988.01,0,34.27,53.64,15.14,106.36,130.37,5
Chennai,09-03-2022,5,1495.36,0,52.09,39.7,19.07,173.56,200.99,6.14
Chennai,10-03-2022,5,4165.65,55.88,89.11,0,55.79,329.04,383.31,34.45
Chennai,11-03-2022,5,2323.15,18.78,64.43,0.07,31.47,186.97,223.18,14.69
Chennai,12-03-2022,5,4539.49,84.04,76.09,0,54.84,311.49,362.12,31.66
Chennai,13-03-2022,5,1895.9,1.48,65.8,7.06,26.7,161.14,186.05,15.33
Chennai,14-03-2022,5,2777.1,16.54,78.14,0.09,32.9,214.07,245.2,18.24
Chennai,15-03-2022,5,2616.88,25.7,71.97,0.02,35.76,221.94,254.19,21.03
Chennai,16-03-2022,5,1495.36,0.12,54.84,21.28,19.07,159.99,186.29,9.75
Chennai,17-03-2022,5,934.6,0,32.22,57.22,12.4,152.26,174.82,3.64
Chennai,18-03-2022,5,694.27,0,14.05,84.4,8.34,94.18,110.96,2.25
Chennai,19-03-2022,5,527.38,0,10.02,53.64,7.51,53.24,62.01,1.35
Chennai,20-03-2022,4,614.17,0,10.28,36.84,6.56,47.12,51.76,1.77
Chennai,21-03-2022,4,540.73,0,17.65,35.05,7.99,33.56,48.01,2.56
Chennai,22-03-2022,5,1415.25,0,48.67,38.98,22.17,83.33,112.98,7.92
Chennai,23-03-2022,5,834.47,0,23.31,82.97,16.93,71.47,82.05,3.17
Chennai,24-03-2022,4,540.73,0.03,19.19,25.75,11.56,37.38,51.56,3.23
Chennai,25-03-2022,3,453.95,0.01,13.02,33.97,9.89,23.36,28.58,2.15
Chennai,26-03-2022,4,480.65,0.01,15.08,32.19,10.61,26.86,33.27,2.47
Chennai,27-03-2022,3,350.48,0,9.42,45.78,7.27,21.75,30.6,1.57
Chennai,28-03-2022,2,397.21,0.01,12.17,28.97,8.11,12.69,18.27,2.06
Chennai,29-03-2022,1,403.88,0.11,13.88,17.88,9.89,8.85,14.04,2.28
Chennai,30-03-2022,1,377.18,0.02,9.34,28.97,7.75,7.37,12.79,1.57
Chennai,31-03-2022,1,380.52,0,9.6,48.64,7.87,8.43,14.66,1.5
Chennai,01-04-2022,2,363.83,0,10.02,37.91,7.45,10.43,16.31,1.6
Chennai,02-04-2022,2,397.21,0.02,11.48,27.18,8.82,10.44,15.48,1.87
Chennai,03-04-2022,2,363.83,0,9.68,35.41,6.44,11.83,15.65,1.71
Chennai,04-04-2022,2,367.16,0.01,9.25,31.83,6.68,11.16,14.71,1.76
Chennai,05-04-2022,1,403.88,0.49,12.34,10.46,7.99,5.95,9.53,2.31
Chennai,06-04-2022,2,761.03,14.53,12.17,0.03,11.8,17.13,25.22,4.94
Chennai,07-04-2022,2,647.54,4.14,18.85,1.5,10.73,15.2,21.88,4.31
Chennai,08-04-2022,2,747.68,8.83,16.96,0.51,11.44,17.11,22.57,4.81
Chennai,09-04-2022,3,907.9,3.69,26.73,2.24,13.35,23.07,29.98,6.65
Chennai,10-04-2022,3,821.11,2.35,27.76,6.26,13.83,22.35,28.28,7.41
Chennai,11-04-2022,1,520.71,2.6,13.37,2.35,9.42,9.1,13.35,3.23
Chennai,12-04-2022,3,854.49,11.29,18.68,0.25,13.83,22.18,29.28,5.7
Chennai,13-04-2022,2,547.41,0.83,20.22,7.51,12.16,10.53,15.69,4.24
Chennai,14-04-2022,3,747.68,0.05,25.02,22.35,13.23,23.15,28.68,4.43
Chennai,15-04-2022,1,380.52,0.04,14.22,23.25,12.28,6.72,10.63,2.37
Chennai,16-04-2022,1,363.83,0.08,13.88,19.13,11.32,6.83,13.47,2.28
Chennai,17-04-2022,2,397.21,0.01,15.77,29.33,10.97,11.81,20.3,2.88
Chennai,18-04-2022,5,834.47,0,29.82,55.79,18.84,53.41,61.07,6.4
Chennai,19-04-2022,5,854.49,0,30.16,101.57,20.98,74.92,83.88,3.99
Chennai,20-04-2022,2,473.98,0,16.45,40.41,10.49,13.99,19.06,2.63
Chennai,21-04-2022,2,460.62,0.05,16.28,23.6,9.66,12.12,17,2.63
Chennai,22-04-2022,1,453.95,1.06,16.62,6.35,9.54,8.32,14.03,3.61
Chennai,23-04-2022,2,620.84,1.73,25.02,7.15,11.68,14.45,22.24,5.89
Chennai,24-04-2022,2,667.57,0.87,25.02,11,9.89,17.06,22.3,4.56
Chennai,25-04-2022,2,447.27,0.27,14.22,12.16,7.87,10.03,13.9,2.63
Chennai,26-04-2022,2,423.91,0.36,14.22,11.62,9.3,10.4,14.91,2.56
Chennai,27-04-2022,2,423.91,0.03,11.48,24.68,8.11,11.95,16.07,2.12
Chennai,28-04-2022,1,397.21,4.3,10.02,0.76,11.09,6.82,11.8,2.82
Chennai,29-04-2022,2,460.62,0,15.42,35.05,10.85,15.76,20.8,2.47
Chennai,30-04-2022,1,410.56,0,12.17,57.22,9.42,8.46,15,1.9
Chennai,01-05-2022,2,397.21,0,10.28,48.64,6.85,11.56,19.13,1.73
Chennai,02-05-2022,2,393.87,0,9.34,46.49,7.57,10.76,20.04,1.68
Chennai,03-05-2022,3,407.22,0,11.82,54.36,10.25,22,30.8,1.85
Chennai,04-05-2022,2,447.27,0,12.51,44.35,9.06,15.8,21.01,2.37
Chennai,05-05-2022,3,540.73,0,17.99,35.76,11.56,21.22,29.07,3.45
Chennai,06-05-2022,4,520.71,0,17.65,35.76,11.09,28.87,35.83,3.17
Chennai,07-05-2022,4,634.19,0,18.85,58.65,11.44,41.54,51.15,3.04
Chennai,08-05-2022,4,640.87,0,19.36,45.78,9.18,33.26,44.99,3.58
Chennai,09-05-2022,5,654.22,0,27.42,62.23,27.66,50.54,64.16,3.8
Chennai,10-05-2022,5,600.81,0,9.68,170.23,9.89,121.29,142.55,2.06
Chennai,11-05-2022,2,433.92,0,15.59,36.48,10.13,15.21,18.42,5.26
Chennai,12-05-2022,4,700.95,0.13,29.82,15.91,14.9,29.76,38.73,11.78
Chennai,13-05-2022,2,403.88,0,13.71,35.05,9.18,11.27,12.31,1.47
Chennai,14-05-2022,2,507.35,0,17.14,41.84,10.25,13.03,14.95,2.15
Chennai,15-05-2022,1,520.71,0.01,16.28,30.04,9.89,9.21,10.99,2.12
Chennai,16-05-2022,4,1014.71,0.05,38.73,22.17,15.02,42.32,49.72,6.46
Chennai,17-05-2022,5,867.84,0,29.13,50.07,17.4,68.4,75.97,4.56
Chennai,18-05-2022,2,514.03,0.29,22.96,13.95,11.92,14.27,21.82,3.2
Chennai,19-05-2022,2,467.3,0.04,23.99,21.64,19.31,17.54,20.97,2.53
Chennai,20-05-2022,3,473.98,0,21.25,41.13,17.64,21.02,27.7,4.5
Chennai,21-05-2022,4,894.55,2.24,40.1,3.98,12.52,29.62,39.78,4.56
Chennai,22-05-2022,1,453.95,0.02,16.96,21.28,8.7,9.94,14.05,5.45
Chennai,23-05-2022,1,380.52,0.01,13.71,22.53,8.94,6.31,9.73,6.97
Chennai,24-05-2022,2,363.83,0,13.02,46.49,10.85,17.94,28.46,2.31
Chennai,25-05-2022,2,330.45,0,12.85,40.05,10.85,12.91,22.97,2.15
Chennai,26-05-2022,2,377.18,0,13.71,52.21,10.97,18.68,29.42,2.22
Chennai,27-05-2022,4,640.87,0,21.25,69.38,12.4,41.52,49.63,8.49
Chennai,28-05-2022,2,447.27,0,14.05,72.96,12.52,18.36,22.81,5.26
Chennai,29-05-2022,4,397.21,0,17.65,61.51,32.9,27.36,33.56,6.02
Chennai,30-05-2022,3,387.19,0,17.82,55.79,25.27,23.22,29.67,5.45
Chennai,31-05-2022,2,453.95,0,16.11,54.36,12.76,18.1,24.19,7.98
Chennai,01-06-2022,4,507.35,0,16.28,73.67,14.31,45.03,57.68,4.75
Chennai,02-06-2022,4,774.38,0,32.22,38.62,15.5,28.78,37.64,11.4
Chennai,03-06-2022,4,534.06,0,18.34,72.24,11.32,38.9,52.22,5.32
Chennai,04-06-2022,4,500.68,0,16.96,70.81,11.68,35.77,50.97,4.75
Chennai,05-06-2022,2,337.12,0,9.68,55.79,8.46,19.09,30.35,2.85
Chennai,06-06-2022,3,403.88,0,19.19,37.55,21.93,21.3,23.7,1.82
Chennai,07-06-2022,4,534.06,0,22.28,43.27,22.65,41.74,49.79,3.23
Chennai,08-06-2022,2,534.06,0.02,21.25,24.32,11.8,15.61,21.49,7.6
Chennai,09-06-2022,4,587.46,0,24.68,41.84,11.92,31.18,46.72,6.46
Chennai,10-06-2022,4,600.81,0,23.99,50.07,13.83,35.51,41.85,4.12
Chennai,11-06-2022,2,527.38,0.31,30.5,10.28,19.79,19.21,28.93,8.87
Chennai,12-06-2022,2,620.84,1.9,27.42,2.41,14.54,17.62,22.05,8.23
Chennai,13-06-2022,2,520.71,0,17.65,42.56,11.44,16.32,19.12,3.2
Chennai,14-06-2022,5,527.38,0,16.62,118.73,14.07,76.16,86.82,2.34
Chennai,15-06-2022,5,761.03,0,28.45,87.26,16.69,73.43,78.68,4.05
Chennai,16-06-2022,5,527.38,0,14.05,124.45,12.52,73.56,76.32,1.2
Chennai,17-06-2022,5,574.11,0,18.85,124.45,19.55,72.96,76.27,1.46
Chennai,18-06-2022,2,380.52,0,12.68,50.07,12.16,17.46,21.47,1.77
Chennai,19-06-2022,3,480.65,0,17.65,36.48,11.92,24.18,27.69,2.41
Chennai,20-06-2022,4,567.44,0,15.08,85.83,17.64,47.92,50.15,2.28
Chennai,21-06-2022,2,494,0,18.51,40.41,13.71,19.38,21.69,2.18
Chennai,22-06-2022,3,794.41,3.91,32.56,1.11,12.16,23.75,30.57,3.96
Chennai,23-06-2022,5,1188.28,0.48,48.67,12.7,22.65,80.81,90.3,5.76
Chennai,24-06-2022,4,560.76,0.18,29.13,15.56,19.31,31.7,42.26,3.32
Chennai,25-06-2022,4,667.57,0.06,30.16,20.56,12.52,34.06,42.85,4.12
Chennai,26-06-2022,2,574.11,0.87,23.65,5.9,10.61,11.88,17.09,9.63
Chennai,27-06-2022,3,707.63,2.82,28.1,1.79,11.8,20.75,27.57,5.51
Chennai,28-06-2022,4,594.14,0,23.31,58.65,14.66,48.19,66.72,4.37
Chennai,29-06-2022,5,567.44,0,17.99,97.27,16.93,87.91,100.14,3.1
Chennai,30-06-2022,5,1655.58,21.68,50.72,0.01,20.27,74.53,93.33,8.36
Chennai,01-07-2022,4,1054.76,12.74,32.22,0.07,20.74,32.8,39.91,6.33
Chennai,02-07-2022,4,907.9,5.7,34.96,1.01,19.79,27.15,34.62,5.26
Chennai,03-07-2022,2,520.71,0.17,19.71,14.31,9.06,10.89,13.43,2.53
Chennai,04-07-2022,2,634.19,1.69,22.62,3.35,10.97,15.14,18.82,3.45
Chennai,05-07-2022,1,440.6,0.1,18.85,16.09,12.52,8.35,13,7.41
Chennai,06-07-2022,1,387.19,0,14.05,33.97,11.44,8.05,10.93,4.62
Chennai,07-07-2022,2,494,0.01,19.88,29.33,10.73,13.98,17.67,3.8
Chennai,08-07-2022,2,494,0.06,20.05,19.85,10.61,12.81,14.61,1.93
Chennai,09-07-2022,3,741,10.28,27.42,0.5,15.02,20.68,28.53,10.89
Chennai,10-07-2022,1,363.83,0.01,12.17,30.04,7.45,7.08,8.57,2.66
Chennai,11-07-2022,2,494,0.05,19.54,19.13,7.33,10.56,15.73,6.21
Chennai,12-07-2022,1,350.48,0.01,14.05,30.4,11.68,6,8.44,3.77
Chennai,13-07-2022,1,340.46,0.01,12.85,29.68,12.4,3.63,6.05,4.62
Chennai,14-07-2022,1,327.11,0.02,13.02,24.32,13.23,4.16,6.72,4.31
Chennai,15-07-2022,1,300.41,0.05,12,20.92,13.47,2.84,4.77,3.64
Chennai,16-07-2022,1,407.22,0.08,17.65,17.17,15.14,4.81,7.54,5.64
Chennai,17-07-2022,1,433.92,0.26,17.31,11.35,7.87,8.11,10.53,2.53
Chennai,18-07-2022,2,514.03,0.89,20.56,5.32,8.82,11.91,14.55,2.56
Chennai,19-07-2022,3,774.38,9.61,24.68,0.08,12.99,21.23,29.62,4.75
Chennai,20-07-2022,5,473.98,0,12.17,115.87,12.87,57.33,59.81,1.35
Chennai,22-07-2022,3,567.44,0.05,16.28,26.11,12.28,21.26,24.58,3.74
Chennai,23-07-2022,2,647.54,0.52,28.45,9.92,12.04,19.71,22.68,2.53
Chennai,24-07-2022,3,647.54,0.14,23.99,16.27,11.09,24.81,28.05,2.94
Chennai,25-07-2022,4,867.84,10.28,26.05,0.36,11.44,25.33,30.89,3.23
Chennai,26-07-2022,5,1161.58,1.55,49.35,5.63,16.21,71.77,87.15,5.13
Chennai,27-07-2022,5,5340.58,166.3,91.85,0,116.35,297.18,322.41,40.02
Chennai,28-07-2022,5,1789.09,0.03,65.8,28.97,20.98,162.27,180.77,8.36
Chennai,29-07-2022,5,1361.85,16.99,37.01,0.05,17.88,59.2,74.12,7.03
Chennai,30-07-2022,2,660.9,7.49,19.36,0.34,11.68,17.17,24.17,4.37
Chennai,31-07-2022,4,500.68,0,14.05,80.82,9.06,41.6,46.57,2.47
Chennai,01-08-2022,4,494,0,12.17,94.41,8.58,44,48.53,2.12
Chennai,02-08-2022,5,867.84,0,24.68,94.41,19.31,107.14,113.93,3.48
Chennai,03-08-2022,5,1134.87,0,34.96,57.94,24.32,82.29,87.88,5.57
Chennai,04-08-2022,5,1255.04,0.1,47.98,20.38,27.42,112.45,118.28,3.58
Chennai,05-08-2022,4,847.82,0.05,26.73,21.46,13.23,44.06,49.25,3.32
Chennai,06-08-2022,1,440.6,0.1,18.34,16.81,10.85,9.47,12.58,4.31
Chennai,07-08-2022,1,343.8,0.02,12.51,24.68,7.99,5.99,8.33,3.89
Chennai,08-08-2022,1,353.81,0.03,12.34,21.64,7.75,5.72,8.58,5.76
Chennai,09-08-2022,1,383.85,0.13,15.59,15.02,10.25,6.31,10.04,6.65
Chennai,10-08-2022,1,440.6,0.03,17.82,22.35,10.49,7.38,11.68,7.73
Chennai,11-08-2022,1,433.92,0.05,18.34,19.49,12.64,6.98,11.22,7.35
Chennai,12-08-2022,4,720.98,0.04,31.19,23.25,13.83,30.07,40.41,4.5
Chennai,13-08-2022,4,660.9,0,29.82,38.98,14.19,36.86,44.51,5.38
Chennai,14-08-2022,2,554.08,0.08,25.02,17.34,12.76,17.32,21.85,8.23
Chennai,15-08-2022,4,397.21,0,11.65,82.25,9.54,37.36,45.28,2.6
Chennai,16-08-2022,4,580.79,0,24.68,40.77,12.76,33.75,49.18,4.12
Chennai,17-08-2022,4,687.6,0,27.08,42.92,12.99,35.88,41.73,3.64
Chennai,18-08-2022,2,360.49,0,12.34,45.78,9.66,13.66,16.65,1.52
Chennai,19-08-2022,4,514.03,0.01,15.59,37.19,10.13,36.78,38.19,1.25
Chennai,20-08-2022,3,821.11,6.82,35.64,0.18,13.95,23.96,31.49,6.71
Chennai,21-08-2022,4,607.49,0,21.93,36.84,9.42,39.19,48.6,3.96
Chennai,22-08-2022,2,534.06,1.69,21.25,2.86,14.66,13.87,16.71,3.04
Chennai,23-08-2022,2,594.14,0.68,25.02,7.69,13.59,17.69,21.13,3.17
Chennai,24-08-2022,2,620.84,1.45,27.08,3.89,12.4,15.81,19.02,2.91
Chennai,25-08-2022,2,494,1.68,19.02,3.53,15.74,10.21,13.79,4.75
Chennai,26-08-2022,4,607.49,0,21.08,57.94,21.93,37.43,40.91,3.2
Chennai,27-08-2022,5,714.3,0,21.93,89.41,22.17,69.91,74.23,3.26
Chennai,28-08-2022,2,547.41,0.04,19.54,22.71,10.01,15.45,17.76,2.63
Chennai,29-08-2022,5,1201.63,0.11,43.53,27.18,11.32,100.48,112.26,4.05
Chennai,30-08-2022,5,3524.78,42.02,95.96,0,63.9,240.28,277.55,47.62
Chennai,31-08-2022,5,1348.5,13.52,38.73,0.1,18.6,54.87,67.7,7.54
Chennai,01-09-2022,5,2483.37,64.37,31.19,0,38.62,102.21,124.98,26.6
Chennai,02-09-2022,5,3311.16,106.39,33.59,0,58.65,146.62,169.92,32.17
Chennai,03-09-2022,5,1241.68,1.15,54.84,9.3,17.17,60.92,72.45,7.03
Chennai,04-09-2022,4,821.11,0,31.19,49.35,11.56,44.78,54.13,5.19
Chennai,05-09-2022,5,600.81,0,15.59,117.3,13.23,82.34,86.92,1.68
Chennai,06-09-2022,4,680.92,0,26.05,62.23,16.69,45.93,50.16,3.58
Chennai,07-09-2022,5,841.14,0,22.62,52.21,17.4,68.76,72.9,2.66
Chennai,08-09-2022,5,1482.01,6.31,53.47,0.98,30.52,86.55,94.47,5.32
Chennai,09-09-2022,4,1041.41,3.69,45.24,2.46,12.87,48.43,60.09,4.81
Chennai,10-09-2022,5,1308.44,28.61,31.19,0,24.08,60.95,71.53,6.52
Chennai,11-09-2022,2,473.98,0.13,19.54,13.77,8.7,12.76,17.74,5.51
Chennai,12-09-2022,2,540.73,0.68,27.42,6.26,9.66,19.25,27.96,3.67
Chennai,13-09-2022,3,393.87,0,18.16,34.69,13.47,20.18,33.37,2.91
Chennai,14-09-2022,3,413.89,0,16.62,51.5,13.71,22.88,30.75,2.28
Chennai,15-09-2022,4,507.35,0,20.91,52.21,20.98,40.42,49,2.5
Chennai,16-09-2022,4,413.89,0,13.88,67.95,10.61,28.95,40.31,2.22
Chennai,17-09-2022,4,453.95,0,15.94,64.37,11.92,33.64,47,2.72
Chennai,18-09-2022,4,410.56,0,12.85,57.94,8.23,26.77,40.8,2.31
Chennai,19-09-2022,4,397.21,0,11.31,70.81,9.18,37.49,48.96,2.31
Chennai,20-09-2022,4,607.49,0,25.02,33.97,12.4,40.69,50.43,3.89
Chennai,21-09-2022,4,514.03,0,18.51,54.36,12.16,37.95,51.15,4.05
Chennai,22-09-2022,4,460.62,0,16.62,73.67,11.8,38.37,51.38,3.17
Chennai,23-09-2022,4,514.03,0,19.19,75.1,12.99,46.45,61.56,3.64
Chennai,24-09-2022,5,787.73,0,29.13,100.14,16.21,72.43,83.32,6.59
Chennai,25-09-2022,4,1014.71,0.2,47.3,15.38,15.26,45.4,58.06,6.84
Chennai,26-09-2022,5,1148.22,0.01,84.31,27.54,66.76,152.91,159.25,0
Chennai,27-09-2022,5,1668.93,21.23,59.63,0.06,54.36,84.47,95.07,6.84
Chennai,28-09-2022,5,1094.82,0,45.24,42.56,18.84,72.16,81.04,5.19
Chennai,29-09-2022,4,974.66,5.14,38.04,1.02,29.8,37.62,43.11,4.5
Chennai,30-09-2022,4,867.84,1.62,39.07,5.45,34.81,35.11,39.81,4.88
Chennai,01-10-2022,4,894.55,6.54,33.24,0.55,14.42,28.05,33.77,4.24
Chennai,02-10-2022,1,467.3,0,14.05,33.97,9.18,9.6,13.09,5.76
Chennai,03-10-2022,2,540.73,0,17.99,36.84,10.37,18.57,23.79,7.92
Chennai,04-10-2022,4,1241.68,10.17,43.53,0.29,18.36,48.87,63.93,13.55
Chennai,05-10-2022,5,4112.24,85.83,69.92,0,43.39,244.74,287.33,25.84
Chennai,06-10-2022,5,3631.59,47.83,109.67,0,106.81,316.11,330.96,2.06
Chennai,07-10-2022,5,1028.06,0,35.99,59.37,20.03,86.18,92.3,3.29
Chennai,08-10-2022,5,3070.83,54.09,58.26,0,33.38,187.73,205.97,11.02
Chennai,09-10-2022,5,1562.12,6.48,48.67,0.78,25.03,68.53,80.88,7.66
Chennai,10-10-2022,5,3524.78,100.14,36.67,0,60.08,164.88,186.83,44.08
Chennai,11-10-2022,2,427.25,0,14.05,41.84,8.7,10.77,13.7,2.37
Chennai,12-10-2022,5,1415.25,21.01,33.59,0.02,18.6,53.4,67.9,8.99
Chennai,13-10-2022,5,2403.26,55.43,36.33,0,34.81,99.87,127.34,24.57
Chennai,14-10-2022,5,3952.03,116.23,37.7,0,53.88,184.48,209.47,34.45
Chennai,15-10-2022,5,2002.72,58.11,40.44,0,58.17,91.45,106.93,6.65
Chennai,16-10-2022,4,1268.39,17.66,32.9,0.02,14.66,45.84,53.22,3.77
Chennai,17-10-2022,5,5126.95,121.59,73.34,0,89.65,287.46,323.62,59.28
Chennai,18-10-2022,5,5500.79,182.39,44.55,0,93.46,291.32,339.86,74.98
Chennai,19-10-2022,5,3391.27,121.59,56.89,0,90.6,190.51,208.04,8.36
Chennai,20-10-2022,5,2243.04,6.48,69.23,1.11,30.04,168.74,192.05,8.99
Chennai,21-10-2022,5,1842.5,20.79,44.55,0.02,27.89,87.99,102.4,10.01
Chennai,22-10-2022,5,2429.96,65.27,31.19,0,48.64,121.21,135.17,10.39
Chennai,23-10-2022,5,1281.74,0,32.9,62.23,18.6,148.21,161.75,4.12
Chennai,24-10-2022,5,1535.42,1.31,62.38,5.81,15.14,133.35,161.84,6.65
Chennai,25-10-2022,5,3685,83.15,80.2,0,51.02,242.93,292.73,45.6
Chennai,26-10-2022,5,1708.98,0,64.43,42.56,25.03,122.57,147.37,10.51
Chennai,27-10-2022,5,3417.97,50.51,79.51,0,37.19,208.07,256.08,18.75
Chennai,28-10-2022,4,540.73,0,15.77,70.1,17.88,47.34,50.97,1.55
Chennai,29-10-2022,4,720.98,0,28.45,41.84,18.36,47.95,55.28,3.01
Chennai,30-10-2022,5,447.27,0,10.8,115.87,15.26,69.99,87.58,0
Chennai,31-10-2022,5,667.57,0,15.42,127.32,15.74,101.1,109.88,0.18
Chennai,01-11-2022,5,921.25,0,26.05,76.53,20.27,62.62,67.93,3.67
Chennai,02-11-2022,4,687.6,0.02,25.36,28.25,21.93,29.27,34.12,3.36
Chennai,03-11-2022,5,1148.22,0.71,43.53,10.1,24.08,56.7,65.56,5.19
Chennai,04-11-2022,5,2720,59.88,37.63,0,32.88,136.5,160.5,5.19
Chennai,05-11-2022,4,1548,15.63,42.75,0.11,27.13,64.75,76.75,2.53
Chennai,06-11-2022,5,974.66,0,25.02,101.57,16.69,126.81,134.18,2.53
Chennai,07-11-2022,5,514.03,0,14.91,87.26,11.8,58.42,63.65,2.03
Chennai,08-11-2022,5,627.52,0,18.85,60.08,18.36,53.37,57.63,2.69
Chennai,09-11-2022,5,714.3,0,23.99,42.2,17.64,53.66,59.32,3.26
Chennai,10-11-2022,4,660.9,0,21.76,45.78,21.22,41.25,46.73,3.2
Chennai,11-11-2022,5,554.08,0,11.14,125.89,16.21,83,85.61,0.09
Chennai,12-11-2022,1,320.43,0.05,9.34,24.32,9.66,4.18,5.54,0.97
Chennai,13-11-2022,2,534.06,0.12,20.91,17.52,17.17,11.99,14.89,2.53
Chennai,14-11-2022,5,894.55,0,29.47,42.56,17.4,50.48,58.29,4.5
Chennai,15-11-2022,5,1348.5,0,44.55,70.81,21.7,140.24,170.12,6.4
Chennai,16-11-2022,5,2109.53,0,72.66,36.84,29.56,190.5,227.87,11.27
Chennai,17-11-2022,5,1094.82,0,34.96,92.98,22.89,128.53,149,4.75
Chennai,18-11-2022,5,1214.98,0,43.87,68.66,24.32,150.56,177.51,4.81
Chennai,19-11-2022,5,1161.58,0,34.96,74.39,20.5,175.58,204.87,3.61
Chennai,20-11-2022,5,867.84,0,25.7,85.83,15.02,144.18,168.29,4.24
Chennai,21-11-2022,4,447.27,0,10.62,86.55,12.04,39.63,41.31,1.47
Chennai,22-11-2022,5,520.71,0,14.39,72.96,19.07,50.23,52.27,1.74
Chennai,23-11-2022,4,814.44,0.3,23.99,13.23,14.9,42.26,45.5,2.79
Chennai,24-11-2022,5,2990.72,14.53,81.57,0.28,30.52,238.23,262.38,13.3
Chennai,25-11-2022,5,4806.52,114.44,58.26,0,61.04,278,330.42,41.04
Chennai,26-11-2022,5,4005.43,85.83,56.89,0,46.25,230.13,274.3,26.6
Chennai,27-11-2022,5,3204.35,25.48,84.31,0.01,33.86,239.82,266.28,18.49
Chennai,28-11-2022,5,3364.56,22.8,86.37,0.02,27.66,275.76,313.45,12.41
Chennai,29-11-2022,5,2056.12,0.04,75.4,26.11,30.52,178.06,202.29,14.31
Chennai,30-11-2022,5,1468.66,0,55.52,47.21,25.51,125.52,145.73,7.54
Chennai,01-12-2022,5,1188.28,0,35.3,66.52,22.65,148.35,162.6,4.69
Chennai,02-12-2022,5,3631.59,38.44,76.09,0,34.33,317.59,358.5,15.71
Chennai,03-12-2022,5,947.95,0.2,32.22,16.27,17.4,55.37,65.14,4.05
Chennai,04-12-2022,5,774.38,0,17.31,91.55,13.11,102.32,107.47,2.31
Chennai,05-12-2022,5,847.82,0,20.22,100.14,14.54,154.82,185.99,1.58
Chennai,06-12-2022,5,974.66,0,26.39,111.58,20.98,205.51,241.69,0.93
Chennai,07-12-2022,5,1001.36,0,28.79,95.84,20.98,208.48,231.97,1.27
Chennai,08-12-2022,5,894.55,0,21.42,117.3,21.93,245.75,271.38,0
Chennai,09-12-2022,5,420.57,0,8.4,111.58,13.47,64.29,65.13,0.62
Chennai,11-12-2022,2,500.68,0,6,67.23,6.97,17.83,18.72,1.28
Chennai,12-12-2022,4,554.08,0,11.65,72.24,7.21,42.32,45.35,1.82
Chennai,13-12-2022,3,607.49,0,14.05,57.22,7.75,21.81,24.68,2.15
Chennai,14-12-2022,5,2803.8,67.95,30.16,0,34.81,121.86,148.81,20.77
Chennai,15-12-2022,5,2349.85,34.42,48.67,0,25.99,136.61,171.88,9.37
Chennai,16-12-2022,5,2616.88,42.02,50.04,0,27.18,180.03,226.94,9.88
Chennai,17-12-2022,5,2136.23,5.42,71.29,2.26,23.13,221.24,257.49,6.9
Chennai,18-12-2022,5,660.9,0,16.45,101.57,13.23,102.12,122.2,1.69
Chennai,19-12-2022,5,433.92,0,10.54,111.58,10.85,50.5,71.42,2.79
Chennai,20-12-2022,5,567.44,0,19.88,78.68,19.79,50.17,67.98,4.12
Chennai,21-12-2022,5,974.66,0,28.45,84.4,17.88,137.55,168.86,4.88
Chennai,22-12-2022,5,774.38,0,21.59,91.55,17.88,132.25,162.17,2.91
Chennai,23-12-2022,5,714.3,0,19.88,113.01,19.31,131.37,163.96,1.44
Chennai,24-12-2022,5,720.98,0,17.65,115.87,20.03,143.9,176.89,1.54
Chennai,25-12-2022,4,627.52,0,10.88,87.98,12.04,71.85,74.25,1.49
Chennai,26-12-2022,3,907.9,0.19,26.73,17.7,18.84,43.71,49.57,6.21
Chennai,27-12-2022,4,1482.01,14.75,39.07,0.14,20.03,67.39,86.47,8.23
Chennai,28-12-2022,5,2723.69,52.75,41.13,0,32.9,139.92,178.08,18.49
Chennai,29-12-2022,5,2376.56,52.3,35.3,0,38.15,115.49,143.51,26.85
Chennai,30-12-2022,5,2002.72,40.68,35.3,0,34.81,89.82,110.54,25.33
Chennai,31-12-2022,5,4058.84,83.15,51.41,0,31.47,228.4,265.67,13.17
Chennai,01-01-2023,5,2510.07,42.92,45.93,0,24.32,129.17,151.92,11.91
Chennai,02-01-2023,4,1161.58,0.4,40.78,14.66,14.42,67.83,80.88,5.38
Chennai,03-01-2023,5,1695.63,7.82,58.26,1.03,25.27,99.73,124.55,13.3
Chennai,04-01-2023,4,934.6,0,34.27,52.93,16.45,59.81,72.16,5.76
Chennai,05-01-2023,3,514.03,0,15.94,89.41,11.92,29.12,41.35,2.98
Chennai,06-01-2023,4,547.41,0,16.28,91.55,16.21,67.3,92.18,2.44
Chennai,07-01-2023,5,560.76,0,18.16,105.86,16.45,79.58,111.52,3.74
Chennai,08-01-2023,5,1495.36,0,47.3,60.8,19.31,176.58,210.17,4.88
Chennai,09-01-2023,4,560.76,0,16.45,94.41,14.07,56.72,71.78,3.89
Chennai,10-01-2023,5,1375.2,0,55.52,43.99,24.08,86.99,114.45,9.5
Chennai,11-01-2023,5,1976.01,1.01,75.4,9.66,24.56,155.21,193.06,8.04
Chennai,12-01-2023,5,3204.35,34.87,79.51,0,34.81,230.47,277.61,16.97
Chennai,13-01-2023,5,3578.19,72.42,62.38,0,34.33,217.09,254.63,16.97
Chennai,14-01-2023,5,1976.01,25.93,54.15,0.02,30.99,100.81,122.02,20.27
Chennai,15-01-2023,5,1615.52,14.08,52.78,0.2,27.89,76.54,93.37,19.76
Chennai,16-01-2023,4,1268.39,6.98,46.61,1.08,19.55,65.52,80.5,15.2
Chennai,17-01-2023,5,1949.31,7.82,71.29,1.08,24.56,118.56,139.9,12.79
Chennai,18-01-2023,5,1495.36,0.54,64.43,13.05,21.7,90.33,109.01,12.54
Chennai,19-01-2023,5,1508.71,0.06,61.01,24.32,22.65,100.92,120.61,13.17
Chennai,20-01-2023,4,934.6,0,33.24,64.37,18.12,70.56,85.16,8.23
Chennai,21-01-2023,4,1028.06,0,36.33,60.08,17.4,60.51,73.05,3.99
Chennai,22-01-2023,4,714.3,0,19.02,90.12,11.32,68.06,79.58,2.01
Chennai,23-01-2023,5,667.57,0,17.99,100.14,12.4,92.44,118.77,3.64
Chennai,24-01-2023,4,473.98,0,14.39,80.11,13.35,52.31,70.15,2.98
Chennai,25-01-2023,4,640.87,0,20.56,77.96,12.99,51,66.01,4.12
Chennai,26-01-2023,5,1522.06,0,58.26,42.2,21.46,128.23,155.8,8.04
Chennai,27-01-2023,5,1628.88,0.03,61.01,29.33,23.37,136.42,165.16,10.89
Chennai,28-01-2023,5,2082.82,21.9,59.63,0.03,25.75,132.89,169.38,10.01
Chennai,29-01-2023,5,974.66,0,29.13,83.68,16.69,146.17,167.1,3.01
Chennai,30-01-2023,5,754.36,0,18.51,75.82,10.73,83.81,105.03,4.56
Chennai,31-01-2023,5,627.52,0,12.51,84.4,14.07,77.8,95.07,2.37
Chennai,01-02-2023,3,620.84,0,16.79,75.82,17.64,45.92,61.47,3.17
Chennai,02-02-2023,4,514.03,0,12.34,75.1,17.4,59.33,74.97,1.82
Chennai,03-02-2023,5,620.84,0,13.71,124.45,17.88,149.73,178.48,0
Chennai,04-02-2023,5,600.81,0,19.88,82.97,16.93,76.62,103.95,3.67
Chennai,05-02-2023,5,1815.8,0.01,63.75,34.69,23.13,160.98,200.66,7.98
Chennai,06-02-2023,5,2536.77,9.39,81.57,0.61,27.42,198.07,248.88,12.67
Chennai,07-02-2023,5,1735.69,0.53,65.8,13.77,25.99,136.35,169.79,11.53
Chennai,08-02-2023,5,1562.12,8.83,54.84,0.89,24.08,97.61,120.23,12.54
Chennai,09-02-2023,5,1815.8,25.48,42.16,0.01,27.89,114.69,137.79,15.96
Chennai,10-02-2023,5,2857.21,67.95,38.04,0,43.39,147.29,173.84,29.39
Chennai,11-02-2023,5,1441.96,16.76,42.16,0.14,22.17,84.74,101.97,12.41
Chennai,12-02-2023,5,2029.42,15.87,74.03,0.15,38.62,135.66,160.51,29.39
Chennai,13-02-2023,5,3257.75,52.75,67.86,0,40.05,201.63,234.89,22.55
Chennai,14-02-2023,5,1949.31,25.7,52.09,0.01,35.29,107.24,130.88,24.32
Chennai,15-02-2023,5,1428.6,5.81,56.89,1.9,22.41,86.93,108.54,12.29
Chennai,16-02-2023,5,3124.24,33.97,84.31,0,55.31,208.13,251.26,33.94
Chennai,17-02-2023,5,2696.99,34.42,74.03,0,42.92,172.94,208.79,29.39
Chennai,18-02-2023,5,2136.23,30.85,59.63,0.01,42.92,109,134.15,31.16
Chennai,19-02-2023,3,934.6,0.54,37.7,12.34,12.99,40.33,50.91,6.08
Chennai,20-02-2023,3,634.19,0.05,23.99,24.68,9.78,26.53,34,3.55
Chennai,21-02-2023,5,2803.8,60.8,43.18,0,44.35,135.53,164.13,30.15
Chennai,22-02-2023,5,2670.29,55.43,43.87,0,34.81,138.08,168.64,21.53
Chennai,23-02-2023,4,1121.52,0.03,43.53,30.76,15.74,69.65,83.06,7.54
Chennai,25-02-2023,4,1455.31,27.49,23.65,0,13.59,66.93,76.73,5.45
Chennai,26-02-2023,5,2670.29,50.07,45.24,0,35.29,126.61,153.44,22.04
Chennai,27-02-2023,5,2483.37,23.69,70.6,0.02,34.33,139.89,178.46,19.51
Chennai,28-02-2023,4,974.66,0,35.99,45.42,18.84,62.3,78.06,5.19
Chennai,01-03-2023,5,934.6,0,31.19,50.07,18.6,77.79,98.2,4.56
Chennai,02-03-2023,5,741,0,23.99,55.79,13.59,75.82,93.24,3.61
Chennai,03-03-2023,5,2616.88,12.85,91.85,0.29,32.9,189.29,237.69,15.2
Chennai,04-03-2023,5,1281.74,0.01,50.72,36.12,20.03,116.04,141.54,6.08
Chennai,05-03-2023,5,1068.12,0.1,33.93,19.67,15.74,91.67,112.5,5.32
Chennai,06-03-2023,5,2082.82,4.69,69.92,1.99,26.23,167.95,208.02,13.3
Chennai,07-03-2023,5,2029.42,12.52,63.75,0.36,31.95,153.33,188.87,18.24
Chennai,08-03-2023,5,834.47,0,29.13,61.51,14.07,87.02,105.19,4.5
Chennai,09-03-2023,5,2349.85,18.78,68.55,0.06,33.38,159.06,193.83,18.24
Chennai,10-03-2023,5,1014.71,0.05,40.78,29.68,16.69,91.83,110.48,5.26
Chennai,11-03-2023,5,1388.55,0,52.09,40.41,20.74,128.37,151.18,7.35
Chennai,12-03-2023,5,961.3,0,32.9,42.92,13.23,85.74,100.95,6.08
Chennai,13-03-2023,5,2136.23,6.93,67.17,0.98,26.94,160.34,191.16,15.45
Chennai,14-03-2023,5,1415.25,0.01,44.55,32.9,19.79,152.08,178.11,6.08
Chennai,15-03-2023,5,734.33,0,16.45,79.39,9.42,125.68,142.19,0
Chennai,16-03-2023,3,600.81,0,11.65,37.55,9.54,35.07,40.75,2.53
Chennai,17-03-2023,3,747.68,0.12,20.39,20.03,10.25,32.79,40.99,4.31
Chennai,18-03-2023,3,1281.74,14.98,33.24,0.14,16.93,43.55,53.17,6.4
Chennai,19-03-2023,2,547.41,0.05,14.91,21.82,9.06,17.29,23.88,2.47
Chennai,20-03-2023,2,594.14,0.06,23.99,20.74,14.78,20.4,22.87,1.98
Chennai,21-03-2023,2,527.38,0,13.37,49.35,10.13,10.76,14.25,2.41
Chennai,22-03-2023,1,520.71,0,12.68,36.48,9.42,7.95,11.53,1.99
Chennai,23-03-2023,2,527.38,0,8.57,73.67,6.85,14.76,18.13,1.28
Chennai,24-03-2023,1,453.95,0.08,12.51,20.03,9.66,6.9,10.63,1.93
Chennai,25-03-2023,2,507.35,0,9,35.41,7.33,12.32,16,1.52
Chennai,26-03-2023,2,640.87,0.38,19.71,11,8.11,15.48,22.41,3.13
Chennai,27-03-2023,1,370.5,0.94,8.65,4.96,7.45,5.39,8.85,1.74
Chennai,28-03-2023,1,480.65,1.33,12.34,5.41,8.23,8.61,13.28,2.34
Chennai,29-03-2023,1,410.56,0.73,10.37,7.33,8.94,6.6,11.65,1.93
Chennai,30-03-2023,2,554.08,0.11,17.65,18.78,9.06,14.32,21.59,3.13
Chennai,31-03-2023,2,460.62,0.03,14.22,26.11,8.7,11.93,17.94,2.56
Chennai,01-04-2023,2,467.3,0.05,13.88,22.71,8.34,12.46,17.97,2.25
Chennai,02-04-2023,1,317.1,0.28,6.85,10.82,7.39,3.47,7.65,1.25
Chennai,03-04-2023,2,340.46,0,8.57,47.21,7.45,13.92,18.9,1.57
Chennai,04-04-2023,2,390.53,0,9.94,60.08,10.01,17.52,21.65,1.79
Chennai,05-04-2023,2,400.54,0,13.37,52.93,10.13,15.9,20.98,2.28
Chennai,06-04-2023,1,433.92,0.02,13.19,27.89,9.42,7.13,11.41,2.09
Chennai,07-04-2023,2,801.09,5.09,23.99,1.32,11.8,19.58,28.4,4.75
Chennai,08-04-2023,3,1148.22,25.03,17.82,0,15.26,35.86,49.01,6.9
Chennai,09-04-2023,3,1241.68,18.1,28.1,0.04,17.88,43.96,58.07,11.02
Chennai,10-04-2023,4,1174.93,3.63,40.1,2.77,15.74,51.88,67.72,8.87
Chennai,11-04-2023,4,1361.85,12.41,39.07,0.26,20.5,69.22,88.53,11.02
Chennai,12-04-2023,4,1375.2,20.34,32.56,0.03,17.88,74.92,96.51,9.5
Chennai,13-04-2023,5,1735.69,34.87,32.9,0,24.8,100.07,126.93,17.48
Chennai,14-04-2023,3,720.98,6.71,19.36,0.51,10.97,34.49,45.44,3.96
Chennai,15-04-2023,3,754.36,6.2,21.93,0.66,10.85,31.1,42.91,3.96
Chennai,16-04-2023,2,534.06,0.01,15.08,32.54,6.91,24.47,32.81,2.5
Chennai,17-04-2023,2,554.08,0.01,17.31,33.26,7.33,21.53,30.03,2.75
Chennai,18-04-2023,3,607.49,0,18.68,35.05,9.42,25.51,34.51,3.04
Chennai,19-04-2023,2,560.76,0.02,18.68,28.25,9.54,14.77,22.93,2.91
Chennai,20-04-2023,2,480.65,0,13.19,41.13,8.23,18.32,26.22,2.15
Chennai,21-04-2023,2,423.91,0,10.11,62.23,8.23,18.79,29.08,1.33
Chennai,22-04-2023,2,433.92,0,11.65,55.79,9.66,16.31,25.77,1.73
Chennai,23-04-2023,1,433.92,0,10.88,38.98,8.46,9.54,14,1.95
Chennai,24-04-2023,1,407.22,0,8.57,47.21,8.7,9.58,12.72,1.77
Chennai,25-04-2023,1,460.62,0.08,17.31,19.13,11.8,9.55,15.45,3.58
Chennai,26-04-2023,2,634.19,1.66,19.88,5.63,11.21,14.51,22.62,4.69
Chennai,27-04-2023,3,1054.76,3.21,35.3,3.08,15.5,37.74,49.81,7.22
Chennai,28-04-2023,2,614.17,0.1,18.34,19.13,10.85,23.01,28.79,4.02
Chennai,29-04-2023,2,734.33,7.26,14.91,0.44,11.32,15.77,21.64,4.81
Chennai,30-04-2023,4,1949.31,42.02,26.05,0,23.37,68.66,86.07,14.19
Chennai,01-05-2023,1,540.73,0.17,14.91,14.84,9.18,7.79,9.92,2.47
Chennai,02-05-2023,2,741,9.39,20.91,0.19,19.31,19.65,23.82,4.24
Chennai,03-05-2023,3,1081.47,13.19,31.53,0.11,16.93,32.93,42.45,6.14
Chennai,04-05-2023,5,1922.61,9.28,67.86,0.54,20.74,121.83,140.53,7.98
Chennai,05-05-2023,5,1148.22,0,33.93,55.07,17.17,117.62,123.81,2.09
Chennai,06-05-2023,5,3231.05,51.86,78.14,0,34.33,255.08,283.55,15.83
Chennai,07-05-2023,5,1548.77,10.51,50.04,0.12,18.6,101.44,112.69,5.26
Chennai,08-05-2023,5,947.95,0,21.25,101.57,10.37,103.29,112.52,2.63
Chennai,09-05-2023,5,1308.44,0,42.84,80.82,17.17,140.33,158.76,4.94
Chennai,10-05-2023,5,2830.51,34.42,68.55,0,42.92,206.35,239.64,31.16
Chennai,11-05-2023,5,1321.79,0,47.3,40.05,16.69,123.13,136.7,4.75
Chennai,12-05-2023,5,2563.48,0.03,80.88,25.03,23.13,316.56,347.74,8.49
Chennai,13-05-2023,4,841.14,0,29.82,43.27,42.44,55.96,67.08,7.03
Chennai,14-05-2023,1,534.06,0,11.14,55.07,9.54,5.31,7.56,5.07
Chennai,15-05-2023,3,594.14,0,17.48,62.23,19.07,46.37,56.27,5.57
Chennai,16-05-2023,2,387.19,0,12.68,51.5,8.58,15.09,28.02,2.03
Chennai,17-05-2023,3,467.3,0,12.34,70.81,7.75,26.17,38.44,2.01
Chennai,18-05-2023,2,397.21,0,9.68,66.52,8.46,21.56,35.45,1.46
Chennai,19-05-2023,2,357.15,0,10.2,43.99,8.7,16.69,31.15,1.5
Chennai,20-05-2023,2,367.16,0,13.54,45.06,10.73,15.75,27.69,1.8
Chennai,21-05-2023,2,373.84,0,9.42,45.78,7.45,12.62,21.78,1.65
Chennai,22-05-2023,2,393.87,0,12,49.35,8.94,14.17,26.45,2.25
Chennai,23-05-2023,2,420.57,0,14.57,43.63,11.21,12.77,23.82,2.34
Chennai,24-05-2023,1,357.15,0,10.97,43.27,9.06,8.08,16.47,1.99
Chennai,25-05-2023,3,640.87,0,17.14,86.55,15.97,32.44,36.67,6.84
Coimbatore,30-11-2020,2,347.14,0.26,2.83,94.41,3.43,7.68,9.09,1.58
Coimbatore,01-12-2020,4,520.71,0,14.22,50.07,8.82,38.66,41.93,2.38
Coimbatore,02-12-2020,4,614.17,0,27.76,31.47,7.39,42.4,56.45,10.89
Coimbatore,03-12-2020,4,514.03,0,21.42,32.9,11.68,37.65,42.15,3.2
Coimbatore,04-12-2020,4,961.3,0.2,25.71,8.85,6.56,43.3,47.5,3.77
Coimbatore,05-12-2020,2,534.06,0.02,11.48,16.81,2.06,13.19,15.84,1.55
Coimbatore,06-12-2020,2,567.44,0.1,14.91,10.28,2.77,10.74,13.68,2.41
Coimbatore,07-12-2020,2,494,0.02,15.42,13.95,7.87,15.33,16.24,0.78
Coimbatore,08-12-2020,4,600.82,1.15,26.39,0.65,12.04,32.02,33.88,0.75
Coimbatore,09-12-2020,4,600.82,0,11.48,45.06,6.2,32.7,34.68,1.22
Coimbatore,10-12-2020,5,473.98,0,14.91,46.49,18.12,59.58,62.28,0.74
Coimbatore,11-12-2020,5,574.11,0,20.74,36.48,8.7,70.08,82.88,2.88
Coimbatore,12-12-2020,5,674.25,0,24.33,40.77,5.54,85.28,101.11,3.33
Coimbatore,13-12-2020,5,1375.2,25.93,23.65,0,4.71,124.9,150.46,10.39
Coimbatore,14-12-2020,5,1094.82,11.29,26.39,0.07,3.34,104.53,128.54,6.14
Coimbatore,15-12-2020,5,801.09,0,29.13,32.54,5.13,74.77,90.79,5.95
Coimbatore,16-12-2020,5,560.76,0,13.2,63.66,6.91,76.33,82.31,3.2
Coimbatore,17-12-2020,4,580.79,0,14.05,39.7,6.38,49.5,51.96,1.54
Coimbatore,18-12-2020,4,667.57,0.01,21.76,18.06,9.89,48.97,51.37,1.03
Coimbatore,19-12-2020,4,480.65,0,14.22,30.76,5.13,30.73,36.06,2.06
Coimbatore,20-12-2020,4,453.95,0,12.51,40.77,8.35,36.48,46.99,2.88
Coimbatore,21-12-2020,5,574.11,0,14.57,44.7,3.67,56.95,70.46,3.99
Coimbatore,22-12-2020,5,500.68,0,16.79,48.64,5.42,56.71,75.13,5.19
Coimbatore,23-12-2020,5,447.27,0,13.02,47.21,5.6,51.61,62.36,4.02
Coimbatore,24-12-2020,5,480.65,0,13.88,51.5,7.87,69.09,87.83,2.88
Coimbatore,25-12-2020,5,427.25,0,9.94,77.25,12.99,73.63,89.35,2.98
Coimbatore,26-12-2020,4,507.36,0,16.97,50.78,7.09,45.94,55.91,4.37
Coimbatore,27-12-2020,5,674.25,0,24.68,35.41,4.71,67.32,81.93,7.35
Coimbatore,28-12-2020,5,547.41,0,10.54,74.39,6.32,108.49,124.01,4.69
Coimbatore,29-12-2020,5,627.52,0,20.56,47.21,6.74,85.48,99.31,8.49
Coimbatore,30-12-2020,4,447.27,0,8.4,62.94,6.91,48.02,49.38,1.06
Coimbatore,31-12-2020,4,447.27,0,8.05,72.96,6.38,44.9,47.76,2.01
Coimbatore,01-01-2021,4,527.38,0,15.42,35.05,8.11,47.34,49.59,1.38
Coimbatore,02-01-2021,5,534.06,0,12.34,65.09,9.3,90.77,101.85,2.31
Coimbatore,03-01-2021,4,403.88,0,9.85,53.64,7.87,26.84,29.27,1.68
Coimbatore,04-01-2021,4,467.3,0,13.71,31.47,8.11,38.95,41,1.06
Coimbatore,05-01-2021,5,627.52,0,13.37,58.65,12.16,57.75,62.21,1.74
Coimbatore,06-01-2021,2,560.76,0,13.54,28.61,5.13,18.97,20.44,1.54
Coimbatore,07-01-2021,4,660.9,0.02,22.28,16.09,8.94,29.79,31.88,1.82
Coimbatore,08-01-2021,4,560.76,0.01,23.31,23.25,16.45,39.86,41.65,1.09
Coimbatore,09-01-2021,4,527.38,0,16.97,28.61,8.11,32.93,34.97,1.43
Coimbatore,10-01-2021,4,440.6,0.02,14.4,17.17,8.23,33.59,34.76,1.08
Coimbatore,11-01-2021,2,433.92,0,11.14,29.33,6.02,13.88,15.1,1.65
Coimbatore,12-01-2021,4,680.92,0.18,23.65,8.85,4.29,29.67,34.03,2.57
Coimbatore,13-01-2021,4,447.27,0.01,15.59,18.24,6.26,26.48,28.6,1.14
Coimbatore,14-01-2021,4,460.63,0,16.97,32.19,11.56,49.16,52.16,1.12
Coimbatore,15-01-2021,5,587.46,0,15.42,42.56,12.04,73.87,76.4,1.16
Coimbatore,16-01-2021,5,587.46,0.02,22.28,18.6,14.07,69.77,73.12,0.88
Coimbatore,17-01-2021,5,487.33,0,9,55.79,10.61,77.91,81.28,0.72
Coimbatore,18-01-2021,5,387.19,0,10.45,58.65,12.04,51.59,58.96,2.22
Coimbatore,19-01-2021,5,507.36,0,16.11,50.07,7.75,51.07,64.15,3.86
Coimbatore,20-01-2021,5,1028.06,2.93,39.76,3,4.47,75,94.89,6.59
Coimbatore,21-01-2021,5,894.55,0,28.45,29.68,5.48,75.16,89.57,6.02
Coimbatore,22-01-2021,5,1028.06,0.48,35.64,9.92,5.36,64.33,75.75,4.56
Coimbatore,23-01-2021,5,694.28,0,17.14,56.51,6.74,83.98,91.07,2.28
Coimbatore,24-01-2021,5,500.68,0,10.88,71.53,12.4,54.46,62,4.05
Coimbatore,25-01-2021,4,480.65,0,16.45,42.2,6.5,42.38,51.61,6.02
Coimbatore,26-01-2021,4,680.92,0.01,26.39,29.33,5.6,40.93,52.05,7.16
Coimbatore,27-01-2021,4,647.54,0,22.96,41.13,5.66,37.18,47.87,8.49
Coimbatore,28-01-2021,5,500.68,0.01,14.4,34.69,6.62,64.23,75.49,3.29
Coimbatore,29-01-2021,5,520.71,0,10.8,91.55,16.21,87.93,97.64,2.22
Coimbatore,30-01-2021,5,614.17,0,17.65,54.36,6.08,84.09,94.92,3.01
Coimbatore,31-01-2021,5,453.95,0,8.4,79.39,9.06,84.87,97.62,3.77
Coimbatore,01-02-2021,5,534.06,0,13.71,75.1,7.63,80.46,89.73,4.81
Coimbatore,02-02-2021,4,337.12,0,10.2,78.68,27.42,46.22,58.57,2.47
Coimbatore,03-02-2021,5,500.68,0,10.97,85.12,24.8,67.02,80.55,4.31
Coimbatore,04-02-2021,5,420.57,0,8.48,101.57,20.27,73.03,83.92,3.14
Coimbatore,05-02-2021,5,387.19,0,10.8,91.55,23.37,58.22,74.19,4.75
Coimbatore,06-02-2021,5,487.33,0,11.14,97.28,21.94,91.14,109.9,5.32
Coimbatore,07-02-2021,5,460.63,0,8.91,104.43,23.6,87.99,101.8,5
Coimbatore,08-02-2021,5,417.23,0,10.45,103,17.64,63.2,72.77,7.41
Coimbatore,09-02-2021,5,410.56,0,8.91,107.29,19.79,66.11,77.11,4.94
Coimbatore,10-02-2021,4,527.38,0,13.54,89.41,7.99,49.59,64.15,9.25
Coimbatore,11-02-2021,5,520.71,0,15.42,111.58,15.5,64.61,75.99,8.36
Coimbatore,12-02-2021,4,534.06,0,21.08,80.82,14.9,47.46,59.88,9.88
Coimbatore,13-02-2021,5,1295.09,0.4,75.4,9.21,21.7,66.1,89.16,41.04
Coimbatore,14-02-2021,5,1081.47,0.25,48.67,10.73,9.54,77.59,101.07,21.03
Coimbatore,15-02-2021,5,547.41,0,7.8,101.57,10.13,85.04,98.42,5.38
Coimbatore,16-02-2021,5,547.41,0,8.91,72.24,8.82,76.48,85.67,2.72
Coimbatore,17-02-2021,5,620.84,0,9.6,75.82,9.54,92,101.67,3.23
Coimbatore,18-02-2021,5,507.36,0,9.77,94.41,12.88,70.91,80.21,4.31
Coimbatore,19-02-2021,5,500.68,0,8.91,100.14,13.71,73.06,79.5,3.01
Coimbatore,20-02-2021,5,447.27,0,7.37,105.86,10.01,59.05,62.88,2.5
Coimbatore,21-02-2021,2,420.57,0,6.08,69.38,3.07,10.55,11.87,1.95
Coimbatore,22-02-2021,3,473.98,0,8.23,76.53,10.13,22.29,23.87,1.28
Coimbatore,23-02-2021,4,660.9,0,14.05,77.25,5.48,32.65,38.38,3.23
Coimbatore,24-02-2021,4,634.19,0,19.19,52.21,14.31,33.04,43.19,9.25
Coimbatore,25-02-2021,5,1148.22,0.11,42.16,15.91,10.49,70.84,90.83,17.73
Coimbatore,26-02-2021,5,734.33,0,11.31,59.37,9.66,53.82,61.59,3.26
Coimbatore,27-02-2021,5,774.38,0,12.68,65.8,9.66,89.52,101.14,3.83
Coimbatore,28-02-2021,5,720.98,0,13.88,65.09,8.35,104.98,119.87,5.26
Coimbatore,01-03-2021,5,934.6,0,47.3,41.13,16.93,50.75,68.17,38
Coimbatore,02-03-2021,5,921.25,0,25.02,27.18,9.42,74.53,90.31,12.16
Coimbatore,03-03-2021,5,627.52,0,27.42,58.65,16.45,50.57,61.38,12.79
Coimbatore,04-03-2021,4,377.18,0,9.43,97.28,9.18,43.67,49.54,6.14
Coimbatore,05-03-2021,4,400.54,0,10.37,91.55,7.99,36.23,43.15,6.65
Coimbatore,06-03-2021,5,741.01,0,17.82,55.79,10.25,73.02,90.61,8.74
Coimbatore,07-03-2021,5,440.6,0,7.45,45.42,5.19,61.08,75.11,2.41
Coimbatore,08-03-2021,4,801.09,0,37.01,33.26,12.64,38.26,53.54,26.09
Coimbatore,09-03-2021,3,487.33,0,15.59,62.23,6.62,21.96,28.52,8.99
Coimbatore,10-03-2021,4,500.68,0,18.17,57.22,9.18,29.15,37.37,8.74
Coimbatore,11-03-2021,2,373.84,0,8.4,77.96,7.21,18.39,20.35,2.57
Coimbatore,12-03-2021,4,660.9,0,14.91,64.37,14.31,44.53,52.58,7.98
Coimbatore,13-03-2021,4,453.95,0,13.37,85.83,9.18,26.44,34.05,7.98
Coimbatore,14-03-2021,3,427.25,0,11.65,65.09,5.66,24.96,31.98,8.23
Coimbatore,15-03-2021,2,467.3,0,12,56.51,7.51,18.59,25.77,9.37
Coimbatore,16-03-2021,4,694.28,0,21.25,44.7,10.13,35.06,48.07,12.79
Coimbatore,17-03-2021,4,674.25,0,21.42,36.48,9.66,39.21,51.93,12.29
Coimbatore,18-03-2021,4,607.49,0,21.76,42.2,9.89,30.04,41.08,12.54
Coimbatore,19-03-2021,5,894.55,0,26.73,31.83,11.33,61.86,78.4,12.54
Coimbatore,20-03-2021,5,534.06,0,10.97,49.35,7.09,52.33,62.22,3.1
Coimbatore,21-03-2021,4,433.92,0,8.4,44.35,5.96,27.31,32.77,4.88
Coimbatore,22-03-2021,4,403.88,0,7.11,47.92,7.09,27.23,33.49,3.8
Coimbatore,23-03-2021,4,487.33,0,10.63,43.99,9.3,35.54,49.22,4.18
Coimbatore,24-03-2021,4,707.63,0,25.02,32.19,8.46,42.81,55.54,11.4
Coimbatore,25-03-2021,4,567.44,0,14.74,52.93,14.78,46.68,55.67,7.54
Coimbatore,26-03-2021,4,540.73,0,14.22,54.36,11.8,42.33,52.09,8.61
Coimbatore,27-03-2021,4,654.22,0,13.54,75.82,11.09,34.27,42.22,9.25
Coimbatore,28-03-2021,2,527.38,0,7.71,46.49,6.62,13.27,16.6,3.39
Coimbatore,29-03-2021,2,460.63,0,6.86,38.62,5.84,10.11,12.56,2.34
Coimbatore,30-03-2021,2,480.65,0,5.23,81.54,5.07,9.77,11.23,1.33
Coimbatore,31-03-2021,3,707.63,0,14.91,22.89,9.54,24.15,34.54,8.04
Coimbatore,01-04-2021,2,407.22,0,5.31,53.64,4.71,14.74,16.83,1.2
Coimbatore,02-04-2021,4,303.75,0,5.83,50.78,5.42,26.6,45.23,1.82
Coimbatore,03-04-2021,4,283.72,0,5.01,52.21,4.71,39.91,87.18,1.62
Coimbatore,04-04-2021,4,277.04,0,4.03,57.22,3.67,44.31,67.31,1.27
Coimbatore,05-04-2021,4,333.79,0,7.37,46.49,6.08,41.7,81.5,2.85
Coimbatore,06-04-2021,5,453.95,0,10.54,55.08,10.13,56.29,103.56,4.94
Coimbatore,07-04-2021,5,467.3,0,9.25,63.66,10.13,51.25,70.35,4.24
Coimbatore,08-04-2021,3,363.83,0,9.08,38.62,7.15,23.73,30.43,2.12
Coimbatore,09-04-2021,3,417.23,0,10.45,37.19,8.82,21.96,28.94,3.17
Coimbatore,10-04-2021,4,440.6,0,10.54,44.7,8.82,36.17,46.42,3.26
Coimbatore,11-04-2021,2,360.49,0,7.28,40.05,6.32,17.83,21.42,2.69
Coimbatore,12-04-2021,4,407.22,0,7.54,58.65,8.35,28.46,31.91,3.23
Coimbatore,13-04-2021,4,1014.71,0,34.62,26.82,11.44,44.83,53.62,5.32
Coimbatore,14-04-2021,4,660.9,0,16.97,30.04,14.31,26.85,29.86,2.91
Coimbatore,15-04-2021,3,700.95,0,21.76,16.45,13.35,24.01,26.98,2.5
Coimbatore,16-04-2021,4,1014.71,0.02,22.28,13.41,14.07,36.71,40.24,3.1
Coimbatore,17-04-2021,2,607.49,0,11.82,30.04,7.09,18.34,23.71,2.76
Coimbatore,18-04-2021,2,514.03,0,9.25,28.61,6.5,16.06,19.86,1.85
Coimbatore,19-04-2021,1,397.21,0,6.26,26.46,4.23,5.27,6.61,1.3
Coimbatore,20-04-2021,1,473.98,0,8.82,38.62,7.21,7.18,9.32,1.69
Coimbatore,21-04-2021,2,420.57,0,10.63,25.03,8.35,10.55,14.53,2.22
Coimbatore,22-04-2021,2,440.6,0,10.97,29.68,7.99,13.77,17.53,2.03
Coimbatore,23-04-2021,2,397.21,0,9,32.9,7.75,16.87,21.8,2.19
Coimbatore,24-04-2021,4,487.33,0,12.68,33.26,10.25,28.26,34.39,3.07
Coimbatore,25-04-2021,4,600.82,0,16.28,41.13,13.23,26.66,30.52,4.37
Coimbatore,26-04-2021,4,520.71,0,6.94,47.21,6.62,28.54,31.23,1.93
Coimbatore,27-04-2021,2,447.27,0,6.6,50.78,6.32,18.89,22.28,1.63
Coimbatore,28-04-2021,2,420.57,0,10.88,22.89,7.75,18.74,23.61,2.06
Coimbatore,29-04-2021,2,400.54,0,8.05,44.35,7.21,14.37,17.38,1.52
Coimbatore,30-04-2021,3,480.65,0,8.91,53.64,7.99,21.52,25.96,1.87
Coimbatore,01-05-2021,4,694.28,0,14.57,52.21,13.59,48.88,57.97,5
Coimbatore,02-05-2021,4,540.73,0,7.63,65.09,8.11,32.44,34.65,2.44
Coimbatore,03-05-2021,3,560.76,0,13.2,32.19,8.94,20.61,23.01,2.47
Coimbatore,04-05-2021,4,647.54,0.02,18.17,12.88,13.11,26.31,29.57,3.42
Coimbatore,05-05-2021,2,640.87,0.16,23.65,5.9,8.94,19.74,22.95,2.57
Coimbatore,06-05-2021,4,720.98,0,11.65,41.13,9.89,40.21,45.12,2.22
Coimbatore,07-05-2021,4,707.63,0,15.42,34.33,10.49,32.76,36.5,2.85
Coimbatore,08-05-2021,3,567.44,0,12.34,40.77,9.3,23.22,25.78,2.5
Coimbatore,09-05-2021,2,547.41,0,9.08,56.51,7.75,12.82,14.95,3.23
Coimbatore,10-05-2021,1,494,0,7.8,45.06,6.38,9.31,11.36,2.09
Coimbatore,11-05-2021,2,574.11,0,11.65,23.96,8.58,11.71,14.19,1.87
Coimbatore,12-05-2021,1,300.41,0.01,7.2,19.31,5.25,3.79,5.54,1.55
Coimbatore,13-05-2021,1,343.8,0.46,11.48,3.22,6.26,4.25,6.24,1.76
Coimbatore,14-05-2021,1,410.56,0,7.88,25.75,5.13,3.91,5.38,1.39
Coimbatore,15-05-2021,1,297.07,0.02,6,17.17,3.16,3.41,4.37,0.94
Coimbatore,16-05-2021,1,303.75,0.03,6.34,14.13,2.65,3.91,4.49,0.8
Coimbatore,17-05-2021,1,277.04,0.02,4.84,18.06,3.52,3.17,4.23,1.19
Coimbatore,18-05-2021,1,307.08,0.01,5.91,21.28,4.77,4.14,5.75,1.27
Coimbatore,19-05-2021,1,283.72,0.02,5.91,17.52,4.35,2.76,4.08,1.2
Coimbatore,20-05-2021,1,357.15,0.04,10.54,12.52,5.6,6.46,8.41,1.24
Coimbatore,21-05-2021,1,367.17,0.01,9,20.92,6.02,5.96,7.46,1.28
Coimbatore,22-05-2021,1,300.41,0.01,6.86,18.24,4.17,3.63,4.43,1
Coimbatore,23-05-2021,1,323.77,0.01,7.11,15.91,4.05,4.2,5.3,1.24
Coimbatore,24-05-2021,2,380.52,0.01,9.08,15.91,5.84,12.4,15.44,1.76
Coimbatore,25-05-2021,1,420.57,0.01,9.08,21.28,6.2,9.31,13.46,1.31
Coimbatore,26-05-2021,1,313.76,0.01,5.48,23.25,3.64,3.88,4.33,0.72
Coimbatore,27-05-2021,1,320.44,0,6.34,30.04,4.47,6.01,6.63,0.9
Coimbatore,28-05-2021,2,340.46,0,8.31,29.68,6.26,13.69,21.87,1.52
Coimbatore,29-05-2021,1,333.79,0.02,7.88,15.56,5.13,7.42,8.72,1.09
Coimbatore,30-05-2021,1,310.42,0.01,5.74,20.03,3.79,4.51,5.36,0.98
Coimbatore,31-05-2021,1,307.08,0.01,6.08,22.89,4.17,7.67,9.37,1.2
Coimbatore,01-06-2021,1,303.75,0,5.74,26.11,4.05,3.85,4.79,0.88
Coimbatore,02-06-2021,1,340.46,0.04,9,13.41,5.72,5.95,7.54,1.33
Coimbatore,03-06-2021,1,370.5,0.01,10.45,19.67,7.15,9.37,12.83,1.93
Coimbatore,04-06-2021,1,407.22,0.11,13.37,8.4,7.75,8.45,10.71,1.76
Coimbatore,05-06-2021,1,383.85,0.02,9.94,15.38,6.62,8.51,11.02,1.65
Coimbatore,06-06-2021,1,287.06,0,6.08,22.71,3.73,3.6,4.47,1.09
Coimbatore,07-06-2021,1,307.08,0.01,7.2,20.56,4.71,5.23,6.33,1.28
Coimbatore,08-06-2021,1,357.15,0.02,9.51,17.52,6.91,6.7,8,1.36
Coimbatore,09-06-2021,1,317.1,0.01,7.54,21.64,5.42,7.26,8.49,1.17
Coimbatore,10-06-2021,1,330.45,0.01,8.14,21.1,5.72,8.07,10.05,1.35
Coimbatore,11-06-2021,1,363.83,0.03,10.03,14.13,6.2,9.25,11.87,1.6
Coimbatore,12-06-2021,1,307.08,0.01,7.03,20.92,4.23,5.72,6.56,0.8
Coimbatore,13-06-2021,1,236.99,0,3.73,27.9,2.38,2.27,2.65,0.69
Coimbatore,14-06-2021,1,257.02,0.01,4.76,21.46,2.74,2.85,3.27,0.65
Coimbatore,15-06-2021,1,273.71,0.01,5.66,21.1,3.87,2.83,3.24,0.71
Coimbatore,16-06-2021,1,270.37,0.01,5.4,25.39,3.82,4.49,5.08,0.81
Coimbatore,17-06-2021,1,267.03,0.01,4.8,23.25,3.43,1.85,2.24,0.72
Coimbatore,18-06-2021,1,267.03,0.02,4.58,18.24,3.64,3.39,4.11,0.83
Coimbatore,19-06-2021,1,290.39,0.02,6.08,18.24,4.29,6.29,8.22,1.14
Coimbatore,20-06-2021,1,280.38,0.01,5.57,20.56,3.79,5.55,6.4,1.05
Coimbatore,21-06-2021,1,347.14,0.01,7.88,22.89,5.36,8.73,10.99,1.54
Coimbatore,22-06-2021,1,320.44,0.01,8.48,23.96,6.14,5.35,7.75,1.62
Coimbatore,23-06-2021,1,407.22,0.09,12.51,8.4,7.39,7.33,9.13,1.54
Coimbatore,24-06-2021,1,350.48,0.02,9.51,14.84,6.32,7,8.15,1.25
Coimbatore,25-06-2021,2,360.49,0.05,9.68,13.41,6.2,13.4,20.86,1.73
Coimbatore,26-06-2021,1,313.76,0.01,7.63,22.53,5.13,5.67,8.16,1.2
Coimbatore,27-06-2021,1,313.76,0.01,7.2,18.24,4.47,6.93,8.54,1.38
Coimbatore,28-06-2021,1,330.45,0.01,8.31,16.99,5.25,5.98,7.18,1.22
Coimbatore,29-06-2021,1,393.87,0.03,11.14,14.84,7.33,9.67,12.48,1.87
Coimbatore,30-06-2021,2,380.52,0.03,10.45,15.74,7.27,10.82,15.5,1.95
Coimbatore,01-07-2021,1,340.46,0.03,9.6,16.63,6.74,8.86,12.43,1.76
Coimbatore,02-07-2021,1,313.76,0.03,7.11,15.38,4.41,4.46,5.34,0.92
Coimbatore,03-07-2021,1,367.17,0.07,11.48,10.64,6.91,8.73,10.88,1.44
Coimbatore,04-07-2021,1,317.1,0.02,7.45,15.74,4.77,4.47,5.76,1.33
Coimbatore,05-07-2021,1,363.83,0.04,10.45,11.62,6.14,5.47,6.84,1.44
Coimbatore,06-07-2021,1,373.84,0.04,11.31,12.52,7.15,7.25,9.45,1.43
Coimbatore,07-07-2021,1,333.79,0.03,9.08,16.63,6.5,7.05,10.34,1.77
Coimbatore,08-07-2021,1,363.83,0.09,9.68,10.73,6.62,6.96,9.22,1.76
Coimbatore,09-07-2021,1,357.15,0.06,10.54,11.44,6.5,6.62,8.16,1.25
Coimbatore,10-07-2021,1,280.38,0.01,5.91,18.95,3.01,3.51,3.81,0.64
Coimbatore,11-07-2021,1,233.65,0,2.72,41.49,1.77,2.1,2.36,0.55
Coimbatore,12-07-2021,1,283.72,0,5.31,24.68,3.43,4.03,4.46,0.84
Coimbatore,13-07-2021,1,277.04,0.01,4.97,21.82,3.58,3.31,3.67,0.71
Coimbatore,14-07-2021,1,313.76,0.03,6.94,15.2,4.59,5.66,6.23,0.95
Coimbatore,15-07-2021,1,357.15,0.03,9.25,14.66,5.6,7.11,7.98,1.12
Coimbatore,16-07-2021,1,310.42,0.01,6.17,18.77,4.11,6.91,7.47,0.85
Coimbatore,17-07-2021,2,387.19,0.02,10.97,15.56,6.86,11.31,13.14,1.49
Coimbatore,18-07-2021,1,297.07,0,6.17,23.6,3.79,3.78,4.29,0.95
Coimbatore,19-07-2021,1,257.02,0,4.2,34.33,3.01,3.6,3.94,0.74
Coimbatore,20-07-2021,1,303.75,0,6.17,30.04,4.83,4.7,5.68,1.05
Coimbatore,21-07-2021,1,297.07,0.01,6.43,22.53,4.65,4.72,5.66,1.06
Coimbatore,22-07-2021,1,240.33,0,3.77,30.76,2.86,1.9,2.33,0.63
Coimbatore,23-07-2021,1,247,0,4.37,27.18,3.16,4.41,4.87,0.63
Coimbatore,24-07-2021,1,267.03,0.02,4.93,17.88,3.34,3.96,4.43,0.82
Coimbatore,25-07-2021,1,257.02,0.01,4.37,21.64,2.95,2.46,2.85,0.71
Coimbatore,26-07-2021,1,260.35,0,4.67,25.39,2.92,4.05,4.47,0.74
Coimbatore,27-07-2021,1,320.44,0,6.86,23.96,4.83,7.06,8,0.96
Coimbatore,28-07-2021,1,283.72,0,5.44,26.11,3.43,4,4.58,0.72
Coimbatore,29-07-2021,1,283.72,0,5.57,26.82,3.73,4.43,4.92,0.74
Coimbatore,30-07-2021,1,330.45,0.01,8.57,21.64,5.9,6.38,8.04,1.35
Coimbatore,31-07-2021,1,323.77,0.01,8.14,23.25,5.48,7.12,9.47,1.28
Coimbatore,01-08-2021,1,307.08,0.02,7.28,16.63,4.77,9.78,12.62,1.47
Coimbatore,02-08-2021,2,263.69,0.01,5.27,25.03,4.05,12.02,22.8,1.3
Coimbatore,03-08-2021,1,290.39,0.01,6.08,22.89,4.17,4.75,5.71,0.78
Coimbatore,04-08-2021,1,327.11,0.01,8.23,21.64,5.78,8.14,9.91,1.27
Coimbatore,05-08-2021,1,320.44,0.01,8.23,19.49,5.6,5.32,6.72,1.25
Coimbatore,06-08-2021,1,280.38,0.02,5.83,17.88,3.93,4.37,4.94,0.82
Coimbatore,07-08-2021,1,293.73,0.03,6.51,15.38,4.35,3.48,4.09,0.86
Coimbatore,08-08-2021,1,283.72,0.02,6.6,15.2,4.35,5.42,6.27,1.06
Coimbatore,09-08-2021,1,290.39,0.01,6,19.67,3.99,4.83,5.78,1.05
Coimbatore,10-08-2021,1,307.08,0.01,7.11,19.31,4.95,3.66,4.48,1.03
Coimbatore,11-08-2021,1,317.1,0.01,8.4,18.6,5.72,5.46,6.95,1.3
Coimbatore,12-08-2021,1,343.8,0.04,9.77,13.23,6.14,4.82,5.76,1.12
Coimbatore,13-08-2021,1,367.17,0.03,11.48,13.41,7.21,7.69,9.21,1.36
Coimbatore,14-08-2021,1,333.79,0,8.23,23.6,5.6,5.64,6.45,1.11
Coimbatore,15-08-2021,1,293.73,0,5.74,27.54,4.05,4.45,5.43,1.14
Coimbatore,16-08-2021,1,303.75,0.01,6.68,22.71,4.71,4.94,6.04,1.17
Coimbatore,17-08-2021,2,347.14,0.05,10.11,11.98,6.86,11.83,14.36,1.44
Coimbatore,18-08-2021,1,343.8,0.09,9.25,9.12,5.9,9.84,11.27,1.2
Coimbatore,19-08-2021,1,307.08,0.04,7.2,13.77,3.7,4.64,5,0.78
Coimbatore,20-08-2021,1,353.81,0.03,10.11,14.84,6.62,8.75,10.25,1.43
Coimbatore,21-08-2021,1,340.46,0.04,10.03,13.77,6.56,8.72,11.21,1.47
Coimbatore,22-08-2021,2,467.3,0.33,14.05,4.56,5.9,14.51,17.56,3.14
Coimbatore,23-08-2021,2,507.36,0.16,14.22,8.14,5.66,16.42,19.89,3.23
Coimbatore,24-08-2021,1,393.87,0.03,10.71,14.84,6.74,7.26,9.61,1.68
Coimbatore,25-08-2021,1,273.71,0.01,6.34,26.82,4.77,3.83,5.57,1.24
Coimbatore,26-08-2021,1,290.39,0.01,7.28,25.75,5.19,4.56,6.45,1.36
Coimbatore,27-08-2021,1,307.08,0.04,8.4,15.38,5.36,5.59,7.22,1.3
Coimbatore,28-08-2021,1,267.03,0.04,6.17,14.31,3.99,3.47,3.89,0.78
Coimbatore,29-08-2021,1,260.35,0.04,5.18,13.41,2.92,3.02,3.43,0.75
Coimbatore,30-08-2021,1,247,0.01,4.84,23.25,2.95,3.19,3.62,0.82
Coimbatore,31-08-2021,1,340.46,0.01,9.08,19.31,5.72,8.94,9.81,1.2
Coimbatore,01-09-2021,1,327.11,0.01,9.08,20.56,6.5,9.57,10.9,1.22
Coimbatore,02-09-2021,1,343.8,0.02,9.94,15.91,6.62,8.12,10.11,1.5
Coimbatore,03-09-2021,1,363.83,0.02,10.45,17.35,6.62,5.51,6.37,1.16
Coimbatore,04-09-2021,1,433.92,0.01,10.97,20.56,6.62,9.51,10.76,1.41
Coimbatore,05-09-2021,1,277.04,0,5.91,22.53,3.73,4.28,4.9,0.92
Coimbatore,06-09-2021,1,283.72,0.01,5.74,19.13,3.13,4.42,4.71,0.67
Coimbatore,07-09-2021,1,280.38,0.02,6.17,16.09,3.61,3.76,4.16,0.73
Coimbatore,08-09-2021,1,260.35,0,4.37,31.11,3.55,4.02,4.53,0.68
Coimbatore,09-09-2021,1,317.1,0,7.03,30.4,5.19,8.55,10.2,0.99
Coimbatore,10-09-2021,1,373.84,0.01,9.6,23.25,6.74,9.89,12.12,1.54
Coimbatore,11-09-2021,1,333.79,0.03,9.17,14.31,6.08,7.64,9.74,1.43
Coimbatore,12-09-2021,1,257.02,0,4.97,26.46,3.43,6.34,8.13,0.89
Coimbatore,13-09-2021,1,247,0.01,4.33,23.96,2.98,3.06,3.49,0.69
Coimbatore,14-09-2021,1,293.73,0.01,6.34,20.56,4.59,4.35,4.96,0.93
Coimbatore,15-09-2021,1,327.11,0.04,8.31,13.95,5.6,7.79,8.64,1.06
Coimbatore,16-09-2021,1,310.42,0.02,7.28,18.77,5.13,7.21,8.23,1.05
Coimbatore,17-09-2021,1,363.83,0.03,10.97,15.56,7.27,7.62,9.83,1.54
Coimbatore,18-09-2021,1,350.48,0.04,10.37,14.31,6.8,6.36,8.6,1.58
Coimbatore,19-09-2021,2,370.5,0.03,11.14,13.59,6.44,10.13,13.2,1.85
Coimbatore,20-09-2021,2,387.19,0.01,11.14,19.49,7.21,11.87,15.26,2.06
Coimbatore,21-09-2021,2,407.22,0,10.11,25.03,7.51,11.98,16.13,1.82
Coimbatore,22-09-2021,1,330.45,0.02,8.57,17.17,6.08,7.66,9.7,1.38
Coimbatore,23-09-2021,2,360.49,0.03,10.97,15.56,7.45,10.63,13.68,1.6
Coimbatore,24-09-2021,1,347.14,0.04,9.68,13.95,6.74,6.69,8.3,1.36
Coimbatore,25-09-2021,1,370.5,0.02,10.8,16.99,6.86,9.98,13.03,1.66
Coimbatore,26-09-2021,1,313.76,0.03,7.97,14.31,5.36,6.15,7.36,1.27
Coimbatore,27-09-2021,1,310.42,0.01,6.17,17.52,4.05,4.31,4.77,0.85
Coimbatore,28-09-2021,1,280.38,0.01,5.48,22.35,3.93,3.88,4.54,0.84
Coimbatore,29-09-2021,1,280.38,0.01,5.23,19.85,3.64,4,4.57,0.78
Coimbatore,30-09-2021,1,380.52,0.05,11.14,11.8,7.15,8.04,9.49,1.55
Coimbatore,01-10-2021,1,453.95,0.02,12.51,16.45,8.46,9.51,11.56,1.92
Coimbatore,02-10-2021,4,687.6,0,17.65,41.84,15.74,45.9,49.31,3.04
Coimbatore,03-10-2021,4,534.06,0,9.08,70.81,7.51,30.41,31.92,1.44
Coimbatore,04-10-2021,4,627.52,0,12.85,21.82,7.75,26.91,30.15,3.17
Coimbatore,05-10-2021,4,794.41,0,22.28,26.11,12.64,41.65,44.74,3.2
Coimbatore,06-10-2021,4,627.52,0.01,13.54,20.74,9.06,26.05,28.89,2.09
Coimbatore,07-10-2021,2,594.14,0.02,15.59,15.2,7.63,15.34,18.05,2
Coimbatore,08-10-2021,1,390.53,0,10.28,27.18,6.86,6.1,8.68,1.79
Coimbatore,09-10-2021,1,327.11,0,7.2,32.19,4.29,4.27,5.41,1
Coimbatore,10-10-2021,1,353.81,0.05,9.17,10.37,4.53,3.99,5.44,1.49
Coimbatore,11-10-2021,1,320.44,0.01,6.94,18.95,4.77,3.14,3.94,1.3
Coimbatore,12-10-2021,1,337.12,0.05,8.05,11.44,5.13,4.61,5.39,1.06
Coimbatore,13-10-2021,1,287.06,0,5.83,27.54,3.99,4.29,4.85,0.9
Coimbatore,14-10-2021,1,333.79,0,7.8,31.11,5.48,5.29,6.79,1.3
Coimbatore,15-10-2021,2,390.53,0.02,10.63,21.28,5.96,12.02,16.22,2.06
Coimbatore,16-10-2021,4,667.57,0.03,17.14,16.09,7.51,25.42,33.17,3.17
Coimbatore,17-10-2021,2,500.68,0.02,11.82,15.02,6.38,13.21,15.72,2.28
Coimbatore,18-10-2021,2,417.23,0,6.17,47.21,4.11,16.29,17.42,1.12
Coimbatore,19-10-2021,2,480.65,0,10.8,31.11,8.35,14.03,16.02,1.71
Coimbatore,20-10-2021,4,560.76,0,12.17,31.47,8.35,35.34,41.13,2.06
Coimbatore,21-10-2021,4,1014.71,0.75,37.01,3.71,10.13,41.38,46.9,3.55
Coimbatore,22-10-2021,4,600.82,0,10.71,51.5,5.6,26.8,28.59,1.38
Coimbatore,23-10-2021,4,774.38,0.03,26.05,14.13,10.25,30.23,33.73,2.53
Coimbatore,24-10-2021,3,814.44,0.01,14.57,15.02,8.7,23.44,26.53,3.86
Coimbatore,25-10-2021,4,761.03,0.2,26.05,10.82,7.51,31.16,37.56,8.87
Coimbatore,26-10-2021,4,634.19,0,13.88,55.08,5.9,26,29.4,2.15
Coimbatore,27-10-2021,4,647.54,0,14.91,53.64,6.91,30.69,33.6,2.15
Coimbatore,28-10-2021,5,727.65,0,13.54,82.97,10.85,56.16,60.41,3.14
Coimbatore,29-10-2021,5,1575.47,16.76,50.04,0.03,13.71,96.97,116.93,18.24
Coimbatore,30-10-2021,4,787.74,0,12.17,57.22,9.42,48.38,50.18,1.46
Coimbatore,31-10-2021,2,587.46,2.85,19.88,0.32,3.87,18.98,23.41,3.07
Coimbatore,01-11-2021,2,547.41,0.01,12.17,20.92,7.63,16.46,17.43,1.2
Coimbatore,02-11-2021,2,647.54,0.16,24.68,7.06,9.54,17.94,19.63,1.55
Coimbatore,03-11-2021,2,540.73,0.18,25.36,7.06,9.66,18.09,19.56,1.49
Coimbatore,04-11-2021,2,453.95,0.13,21.08,8.85,7.45,13.55,15.06,1.58
Coimbatore,05-11-2021,4,814.44,8.94,35.3,0.01,10.85,39.04,42.36,2.5
Coimbatore,06-11-2021,4,1028.06,3.13,24.33,1.32,8.11,44.46,48.57,3.01
Coimbatore,07-11-2021,2,554.08,0,10.11,37.91,8.23,13.9,15.78,2.53
Coimbatore,08-11-2021,4,720.98,0.02,19.54,15.56,10.73,29.87,32.99,3.67
Coimbatore,09-11-2021,4,687.6,0,14.05,49.35,6.62,29.72,31.89,1.95
Coimbatore,10-11-2021,4,761.03,0.01,18.85,22.35,8.58,37.6,42.04,2.82
Coimbatore,11-11-2021,4,867.84,0.04,21.93,17.52,8.34,48.99,55.28,3.96
Coimbatore,12-11-2021,4,694.27,0,11.65,39.7,8.94,42.3,47.56,1.82
Coimbatore,13-11-2021,5,754.36,0,13.88,30.76,8.46,98.86,105.44,2.28
Coimbatore,14-11-2021,2,447.27,0,6.6,35.41,3.87,19.81,21.1,1.41
Coimbatore,15-11-2021,2,614.17,0.01,11.65,19.13,6.2,19.85,22.01,1.93
Coimbatore,16-11-2021,4,667.57,0,10.2,52.21,6.85,27.52,30.09,2.15
Coimbatore,17-11-2021,4,1028.06,0.8,27.08,5.81,9.54,41.22,47.78,8.74
Coimbatore,18-11-2021,4,767.71,0.01,21.25,18.6,12.76,32.65,35.69,2.69
Coimbatore,19-11-2021,4,620.84,0,11.65,29.33,7.99,30.31,32.88,1.92
Coimbatore,20-11-2021,2,500.68,0,8.74,42.56,6.62,16.13,18.84,1.61
Coimbatore,21-11-2021,2,350.48,0,5.65,46.49,4.47,12.09,14.85,1.31
Coimbatore,22-11-2021,3,447.27,0,9.08,31.47,4.95,21.88,29.72,2.25
Coimbatore,23-11-2021,5,801.09,0,21.59,50.78,13.83,59.76,64.64,2.69
Coimbatore,24-11-2021,3,660.9,0.02,20.22,17.7,5.84,23.71,27.4,2.6
Coimbatore,25-11-2021,5,1214.98,22.8,31.87,0,5.54,59.31,81.76,7.85
Coimbatore,26-11-2021,3,627.52,0.08,20.56,11.98,6.85,21.16,23.89,2.03
Coimbatore,27-11-2021,4,554.08,0.01,12.68,23.96,3.19,31.68,34.34,1.69
Coimbatore,28-11-2021,3,554.08,0,8.31,40.05,2.95,24.55,25.96,1.68
Coimbatore,29-11-2021,2,514.03,0.42,22.28,2.91,8.34,17.74,18.93,1.22
Coimbatore,30-11-2021,2,567.44,0.11,17.82,10.28,5.6,11.18,12.85,1.47
Coimbatore,01-12-2021,4,687.6,0,10.71,51.5,4.95,32.63,35.93,1.65
Coimbatore,02-12-2021,4,587.46,0,9.85,75.1,12.04,29.92,31.91,1.38
Coimbatore,03-12-2021,5,1161.58,1.51,36.67,5.01,7.45,57.69,66.53,4.18
Coimbatore,04-12-2021,5,1001.36,0.01,21.93,18.42,12.16,84.98,90.62,4.31
Coimbatore,05-12-2021,5,907.9,0,12.34,41.48,10.49,79.76,84.1,3.04
Coimbatore,06-12-2021,5,807.76,0,14.05,27.54,6.91,51.99,56.6,3.2
Coimbatore,07-12-2021,4,807.76,0,14.74,35.41,4.41,44.87,48.5,2.22
Coimbatore,08-12-2021,5,1028.06,0,25.7,28.97,6.79,81.01,89.52,3.51
Coimbatore,09-12-2021,5,1054.76,0.02,29.13,27.89,5.07,102.91,116.66,3.8
Coimbatore,10-12-2021,4,554.08,0,12.17,43.99,6.62,35.38,37.38,1.31
Coimbatore,11-12-2021,4,580.79,0,21.76,33.97,7.75,33.98,44.23,3.36
Coimbatore,12-12-2021,3,447.27,0,7.28,66.52,5.84,23.15,25.41,1.65
Coimbatore,13-12-2021,2,433.92,0,8.4,49.35,4.89,17.35,19.65,1.74
Coimbatore,14-12-2021,3,527.38,0,14.57,39.7,7.99,20.89,23.43,1.52
Coimbatore,15-12-2021,3,540.73,0,11.31,50.07,6.97,22.5,24.83,1.71
Coimbatore,16-12-2021,4,894.55,0.1,32.9,13.59,5.07,36.01,51.85,6.59
Coimbatore,17-12-2021,5,781.06,0,24.68,33.26,5.13,78.09,92.17,7.16
Coimbatore,18-12-2021,5,821.11,0,22.28,50.07,5.6,135.1,150.51,4.75
Coimbatore,19-12-2021,5,687.6,0,17.14,55.07,4.35,146.41,160.01,4.37
Coimbatore,20-12-2021,5,720.98,0,24.68,37.55,4.47,103.02,117.2,10.13
Coimbatore,21-12-2021,5,787.73,0.01,27.76,32.9,5.84,80.58,103.73,6.27
Coimbatore,22-12-2021,5,1415.25,12.96,42.84,0.08,5.48,135.6,171.67,9.12
Coimbatore,23-12-2021,5,1174.93,0.06,42.5,19.49,6.68,117.49,139.57,12.79
Coimbatore,24-12-2021,5,1001.36,0.02,38.73,25.39,8.82,146.99,166.76,11.91
Coimbatore,25-12-2021,5,1201.63,0.39,50.72,9.21,7.39,142.83,166.39,14.19
Coimbatore,26-12-2021,5,647.54,0,20.22,52.93,5.78,88.48,101.3,9.25
Coimbatore,27-12-2021,5,560.76,0,19.54,49.35,5.78,71.67,84.93,9.37
Coimbatore,28-12-2021,5,587.46,0,20.39,50.07,10.85,59.88,73.46,8.87
Coimbatore,29-12-2021,5,514.03,0,11.14,85.12,12.87,63.24,72.18,4.88
Coimbatore,30-12-2021,4,534.06,0,21.76,39.34,12.28,35.02,47.04,7.92
Coimbatore,31-12-2021,4,460.62,0,13.37,53.64,12.52,32.07,34.21,1.23
Coimbatore,01-01-2022,2,473.98,0,10.28,53.64,6.91,15.28,17.33,1.38
Coimbatore,02-01-2022,2,473.98,0,10.54,54.36,6.14,19.5,22.02,1.69
Coimbatore,03-01-2022,4,453.95,0,9.08,70.1,8.34,39.98,50.86,2.98
Coimbatore,04-01-2022,5,514.03,0,9.94,82.25,17.4,58.52,68.8,2.44
Coimbatore,05-01-2022,4,480.65,0,10.62,75.82,10.85,45.61,56.05,4.37
Coimbatore,06-01-2022,5,654.22,0,19.02,65.09,7.45,72.27,85.65,8.36
Coimbatore,07-01-2022,5,460.62,0,12,67.95,14.42,56.69,64.79,3.55
Coimbatore,08-01-2022,4,700.95,0.09,29.82,16.45,8.23,34.21,44.43,8.11
Coimbatore,09-01-2022,4,433.92,0,10.54,59.37,8.94,32.08,39.73,4.81
Coimbatore,10-01-2022,5,1068.12,4.86,38.39,1.01,5.25,56.04,72.75,11.27
Coimbatore,11-01-2022,4,841.14,0.34,37.7,10.37,7.33,44.75,63.8,16.47
Coimbatore,12-01-2022,4,787.73,0.04,30.85,17.7,8.23,34.71,47.4,11.4
Coimbatore,13-01-2022,4,707.63,0,18.16,44.35,8.7,39.99,52.91,7.03
Coimbatore,14-01-2022,4,620.84,0,15.94,45.42,9.18,35.62,48.07,8.49
Coimbatore,15-01-2022,4,627.52,0,14.74,47.92,8.82,46.09,59.21,7.73
Coimbatore,16-01-2022,2,567.44,0,17.65,29.33,6.32,17.31,21.88,6.02
Coimbatore,17-01-2022,2,407.22,0,9.68,42.92,10.37,13.38,14.95,1.77
Coimbatore,18-01-2022,2,580.79,0,12.85,41.84,7.87,13.89,16.3,2.53
Coimbatore,19-01-2022,4,447.27,0,8.74,80.82,17.17,31.93,41.3,3.45
Coimbatore,20-01-2022,5,1762.39,37.55,30.5,0,9.78,86.2,117.21,24.07
Coimbatore,21-01-2022,5,881.2,0,15.77,64.37,10.85,80.23,94.99,6.14
Coimbatore,22-01-2022,5,607.49,0,7.63,75.82,6.74,71.58,80.11,2.12
Coimbatore,23-01-2022,3,383.85,0,7.8,43.99,5.84,24.37,35.13,2.85
Coimbatore,24-01-2022,4,540.73,0.59,16.11,7.78,6.97,30.46,44.22,4.56
Coimbatore,25-01-2022,3,417.23,0,10.54,51.5,7.15,24.54,49.41,4.24
Coimbatore,26-01-2022,4,654.22,0,19.36,34.69,8.94,34.01,54.22,10.01
Coimbatore,27-01-2022,4,527.38,0,13.02,70.81,13.95,38.16,49.64,4.75
Coimbatore,28-01-2022,3,327.11,0,18.68,32.9,32.9,22.44,27.17,1.96
Coimbatore,29-01-2022,4,460.62,0,7.28,101.57,7.21,41.14,46.86,4.94
Coimbatore,30-01-2022,5,647.54,0,7.88,76.53,7.39,66.14,69.36,2.18
Coimbatore,31-01-2022,5,467.3,0,6.77,89.41,10.85,62.18,66.13,1.69
Coimbatore,01-02-2022,5,1575.47,7.26,57.58,0.46,12.52,93.96,121.89,16.97
Coimbatore,02-02-2022,5,1268.39,0.83,55.52,5.9,11.92,92.07,117.07,22.55
Coimbatore,03-02-2022,5,1682.28,3.05,69.92,1.83,17.4,127.68,162.19,26.09
Coimbatore,04-02-2022,5,560.76,0,8.31,79.39,8.94,93.4,106.74,2.44
Coimbatore,05-02-2022,4,547.41,0,13.71,43.27,8.46,40.74,55.44,5.51
Coimbatore,06-02-2022,5,1068.12,0.04,34.27,15.2,9.42,70.1,90.64,15.07
Coimbatore,07-02-2022,5,814.44,0,25.36,33.97,8.58,51.69,64.61,8.74
Coimbatore,08-02-2022,5,821.11,0,21.25,55.07,12.4,61.78,78.52,6.9
Coimbatore,09-02-2022,5,727.65,0,28.45,53.64,10.01,54.84,70.07,13.17
Coimbatore,10-02-2022,4,377.18,0,10.54,78.68,17.88,30.35,41.98,4.88
Coimbatore,11-02-2022,4,727.65,0,31.19,50.07,11.09,44.24,59.97,12.92
Coimbatore,12-02-2022,5,473.98,0,20.56,34.69,28.37,58.57,65.29,1.3
Coimbatore,13-02-2022,4,370.5,0,10.97,53.64,14.07,32.43,40.55,4.43
Coimbatore,14-02-2022,4,487.33,0,12.51,76.53,12.87,43.47,52.13,6.21
Coimbatore,15-02-2022,5,567.44,0,10.11,105.86,16.21,53.85,61.15,4.94
Coimbatore,16-02-2022,5,647.54,0,14.22,86.55,13.11,53,63.18,7.28
Coimbatore,17-02-2022,5,707.63,0,13.02,73.67,13.35,58.61,65.87,4.5
Coimbatore,18-02-2022,5,480.65,0,14.74,87.26,35.29,58.82,72.63,6.02
Coimbatore,19-02-2022,5,393.87,0,7.28,120.16,25.75,56.36,69.06,3.55
Coimbatore,20-02-2022,4,373.84,0,6.68,67.95,9.3,31.59,39.59,3.83
Coimbatore,21-02-2022,5,907.9,2.04,27.42,6.88,10.37,80.87,104.69,16.21
Coimbatore,22-02-2022,5,520.71,0,9.6,64.37,9.3,59.54,72.84,4.62
Coimbatore,23-02-2022,5,761.03,0,28.45,70.1,11.21,53.26,65.95,15.07
Coimbatore,24-02-2022,2,373.84,0,10.02,63.66,14.19,18.5,25.84,4.94
Coimbatore,25-02-2022,4,627.52,0,23.65,52.93,14.42,41.68,53.3,11.27
Coimbatore,26-02-2022,5,473.98,0,12.17,117.3,18.6,60.06,71.5,6.08
Coimbatore,27-02-2022,4,373.84,0,6.6,82.25,7.87,36.42,42.5,4.24
Coimbatore,28-02-2022,4,367.16,0,5.83,72.96,8.7,28.48,34.08,3.64
Coimbatore,01-03-2022,4,841.14,0,39.76,31.11,13.35,45.92,62.66,17.48
Coimbatore,02-03-2022,4,467.3,0,13.71,91.55,16.69,41.52,49.02,7.79
Coimbatore,03-03-2022,4,400.54,0,12.51,88.69,19.07,37.42,44.12,6.14
Coimbatore,04-03-2022,5,567.44,0,18.51,67.95,7.99,57.64,69.3,9.63
Coimbatore,05-03-2022,4,647.54,0,22.62,50.07,10.25,39.84,50.69,11.78
Coimbatore,06-03-2022,4,700.95,0,26.39,26.11,10.49,27.61,40.01,18.24
Coimbatore,07-03-2022,3,594.14,0,19.71,28.97,8.94,20.14,28.87,10.64
Coimbatore,08-03-2022,2,433.92,0,10.88,37.91,8.94,16.61,17.65,0.91
Coimbatore,09-03-2022,4,754.36,0,20.73,50.07,10.37,47.26,56.7,5.95
Coimbatore,10-03-2022,5,640.87,0,18.85,56.51,11.21,59.47,71.04,9.37
Coimbatore,11-03-2022,5,961.3,0,30.5,35.05,12.04,83.61,102.28,15.2
Coimbatore,12-03-2022,5,1228.33,0.19,56.89,11.8,15.14,80.97,103.91,24.57
Coimbatore,13-03-2022,5,934.6,0,46.61,43.99,16.21,61.24,77.29,35.97
Coimbatore,14-03-2022,5,473.98,0,10.2,114.44,16.21,72.86,79.8,6.46
Coimbatore,15-03-2022,5,734.33,0,20.56,97.27,17.17,119.25,133.74,11.78
Coimbatore,16-03-2022,5,534.06,0,6.6,72.24,6.79,66.08,75.25,1.98
Coimbatore,17-03-2022,4,520.71,0,7.37,60.08,6.5,40.41,45.14,1.88
Coimbatore,18-03-2022,5,500.68,0,8.57,59.37,7.09,50.53,60.14,2.88
Coimbatore,19-03-2022,4,440.6,0,7.11,55.07,6.5,26.95,37.28,2.34
Coimbatore,20-03-2022,4,363.83,0,5.48,50.78,4.71,28.03,35.85,1.71
Coimbatore,21-03-2022,4,407.22,0,7.11,46.49,5.9,30.01,38.71,2.5
Coimbatore,22-03-2022,4,350.48,0,6.17,42.2,6.32,28.83,38.9,1.93
Coimbatore,23-03-2022,4,417.23,0,9.6,35.76,8.46,37.6,49.21,2.79
Coimbatore,24-03-2022,4,567.44,0,15.42,36.12,13.83,34.54,40.77,4.02
Coimbatore,25-03-2022,4,453.95,0,9.85,38.98,8.94,27.16,35.5,2.94
Coimbatore,26-03-2022,4,410.56,0,9.42,41.84,8.82,28.73,36.48,2.94
Coimbatore,27-03-2022,2,383.85,0,9.25,28.97,8.46,18.55,22.96,3.23
Coimbatore,28-03-2022,2,383.85,0,6.85,38.98,6.38,19.31,23.64,2.25
Coimbatore,29-03-2022,2,420.57,0,7.54,36.12,6.44,12.63,15.84,1.74
Coimbatore,30-03-2022,2,410.56,0,7.63,26.82,6.56,13,16.76,1.77
Coimbatore,31-03-2022,2,423.91,0,7.03,44.35,7.03,19.3,23.75,2.03
Coimbatore,01-04-2022,4,514.03,0,9.6,44.7,8.58,25.95,32.52,2.34
Coimbatore,02-04-2022,4,500.68,0,8.48,50.78,8.11,32.88,37.47,2.18
Coimbatore,03-04-2022,2,330.45,0,5.48,40.05,4.65,15.03,18.3,1.96
Coimbatore,04-04-2022,2,410.56,0,7.8,45.78,6.79,17.95,21.8,2.75
Coimbatore,05-04-2022,3,494,0,12.34,31.47,7.51,24.18,30.83,3.55
Coimbatore,06-04-2022,2,494,0,10.37,42.56,8.58,15.97,20.58,2.98
Coimbatore,07-04-2022,2,460.62,0,10.28,32.9,8.94,12.63,17.1,2.98
Coimbatore,08-04-2022,3,400.54,0,9.68,42.56,8.94,20.94,27.14,2.91
Coimbatore,09-04-2022,4,680.92,0.01,21.08,17.88,13.47,36.03,41.29,3.89
Coimbatore,10-04-2022,2,520.71,0,9.85,33.62,7.27,13.3,16.72,3.07
Coimbatore,11-04-2022,2,460.62,0,9.94,22.71,5.9,15.11,19.14,2.79
Coimbatore,12-04-2022,3,560.76,0,14.05,46.49,11.21,20.4,23,2.69
Coimbatore,13-04-2022,4,720.98,0.13,28.45,8.49,8.11,26.52,31.94,3.1
Coimbatore,14-04-2022,2,567.44,0,12.51,32.54,8.23,14.87,16.68,2.37
Coimbatore,15-04-2022,4,720.98,0,12.68,32.54,6.97,31.6,38.94,2.6
Coimbatore,16-04-2022,2,453.95,0,7.63,64.37,6.74,19.48,22.73,1.71
Coimbatore,17-04-2022,2,534.06,0.01,13.54,24.32,5.13,18.35,24.32,3.99
Coimbatore,18-04-2022,3,620.84,0.19,17.14,9.75,5.84,22.69,31.35,4.94
Coimbatore,19-04-2022,3,534.06,0,10.45,55.79,9.89,23.53,28.06,2.37
Coimbatore,20-04-2022,2,514.03,0.03,13.88,14.48,7.75,16.96,23.1,2.5
Coimbatore,21-04-2022,4,467.3,0,10.71,31.83,7.39,43.32,65.42,2.75
Coimbatore,22-04-2022,4,500.68,0,11.31,36.84,8.34,43.28,54.13,2.41
Coimbatore,23-04-2022,3,487.33,0,9.94,60.8,9.78,22.87,25.28,2.18
Coimbatore,24-04-2022,4,801.09,0,22.96,32.54,12.52,37.65,44.14,6.14
Coimbatore,25-04-2022,3,560.76,0,11.31,25.75,7.03,21.58,26.76,2.66
Coimbatore,26-04-2022,3,527.38,0,10.02,36.48,7.33,24.17,29.69,2.41
Coimbatore,27-04-2022,4,547.41,0,9.94,48.64,8.7,33.16,40.1,2.41
Coimbatore,28-04-2022,1,413.89,0,7.03,38.98,6.02,9.55,12.44,1.93
Coimbatore,29-04-2022,1,393.87,0,6.34,37.19,5.6,8.01,11.04,1.68
Coimbatore,30-04-2022,1,400.54,0,6.17,37.19,5.01,8.59,10.31,1.42
Coimbatore,01-05-2022,2,333.79,0,5.83,41.84,4.83,11.58,16.27,1.61
Coimbatore,02-05-2022,1,370.5,0,7.63,30.4,5.3,8.55,10.21,1.27
Coimbatore,03-05-2022,3,413.89,0,10.97,18.78,7.45,20.3,24.65,1.84
Coimbatore,04-05-2022,4,397.21,0,9.25,33.97,7.57,25.97,36.03,2.22
Coimbatore,05-05-2022,2,427.25,0,10.28,31.11,7.51,11.23,13.8,2.25
Coimbatore,06-05-2022,3,594.14,0,14.39,40.77,11.32,22.61,27.49,3.39
Coimbatore,07-05-2022,2,363.83,0,9.77,30.4,7.99,15.21,21.03,2.09
Coimbatore,08-05-2022,4,403.88,0,8.14,42.56,5.96,32.4,45.2,1.92
Coimbatore,09-05-2022,3,313.76,0,7.2,34.69,5.96,23.68,36.6,1.74
Coimbatore,10-05-2022,3,363.83,0,8.48,32.19,6.08,23.66,27.05,1.2
Coimbatore,11-05-2022,1,333.79,0,7.2,34.69,5.6,8.97,11.91,1.09
Coimbatore,12-05-2022,2,340.46,0,6.6,37.55,4.77,16.71,19.02,1.06
Coimbatore,13-05-2022,1,297.07,0,5.18,43.27,3.58,5.7,6.51,0.84
Coimbatore,14-05-2022,1,363.83,0,8.14,33.97,5.78,8.64,10.87,1.33
Coimbatore,15-05-2022,1,317.1,0,6.17,36.48,4.29,6.53,7.99,1.46
Coimbatore,16-05-2022,1,337.12,0,6.94,29.68,5.07,9.18,10.9,1.31
Coimbatore,17-05-2022,2,460.62,0,11.31,24.32,7.21,16.26,18.96,1.84
Coimbatore,18-05-2022,4,627.52,0.01,20.39,16.27,13.11,28.54,33.63,4.05
Coimbatore,19-05-2022,2,317.1,0,6.08,43.27,3.19,13.43,14.16,0.82
Coimbatore,20-05-2022,2,340.46,0,7.03,47.21,4.77,13.75,14.76,0.93
Coimbatore,21-05-2022,1,317.1,0.01,7.71,18.6,4.53,5.53,6.86,1.08
Coimbatore,22-05-2022,1,293.73,0.01,5.83,16.45,3.37,2.71,3.48,1.01
Coimbatore,23-05-2022,1,290.39,0.01,5.31,22.53,3.31,2.7,3.36,1.04
Coimbatore,24-05-2022,1,330.45,0.05,8.83,12.87,6.02,7.01,9.89,1.54
Coimbatore,25-05-2022,1,333.79,0.03,8.14,15.02,5.66,5.76,8.14,1.46
Coimbatore,26-05-2022,1,363.83,0.02,10.11,16.27,7.21,8.14,11.14,1.74
Coimbatore,27-05-2022,1,343.8,0.02,9.6,16.09,6.2,7.54,9.95,1.38
Coimbatore,28-05-2022,1,320.43,0.02,8.05,16.99,5.72,6.13,8.31,1.49
Coimbatore,29-05-2022,1,273.7,0.01,5.01,21.64,3.78,3.46,4.8,1.14
Coimbatore,30-05-2022,1,280.38,0,6,23.25,4.23,3.62,5.27,1.22
Coimbatore,31-05-2022,1,350.48,0.01,9,21.46,6.5,7.92,10.69,1.41
Coimbatore,01-06-2022,1,297.07,0.01,7.2,19.85,4.83,3.92,5.58,1.25
Coimbatore,02-06-2022,1,333.79,0.01,8.31,18.95,6.5,4.96,7.03,1.41
Coimbatore,03-06-2022,1,323.77,0.02,8.14,17.52,5.72,5.49,8.32,1.57
Coimbatore,04-06-2022,1,350.48,0.04,9.34,13.77,6.2,6.04,8.64,1.57
Coimbatore,05-06-2022,1,317.1,0.01,7.37,21.64,5.07,7.42,10.68,1.79
Coimbatore,06-06-2022,1,320.43,0.01,7.97,17.17,5.42,5.36,7.44,1.61
Coimbatore,07-06-2022,1,330.45,0.01,8.74,20.56,5.96,6.32,8.7,1.46
Coimbatore,08-06-2022,1,303.75,0.02,6.85,16.45,4.83,4.2,5.54,1.16
Coimbatore,09-06-2022,1,373.84,0.1,11.31,8.67,7.09,6.35,8.72,1.52
Coimbatore,10-06-2022,1,320.43,0.02,8.05,17.17,5.54,5.18,7.08,1.36
Coimbatore,11-06-2022,1,303.75,0.01,6.51,21.64,4.53,4.55,6.43,1.27
Coimbatore,12-06-2022,1,307.08,0,6.68,21.46,4.17,3.97,5.15,1.17
Coimbatore,13-06-2022,1,283.72,0.01,5.14,18.6,3.61,2.69,3.95,1.25
Coimbatore,14-06-2022,1,370.5,0.07,10.37,10.19,6.44,5.29,7.34,1.39
Coimbatore,15-06-2022,1,337.12,0.03,9.08,15.2,6.5,4.35,6.48,1.6
Coimbatore,16-06-2022,1,413.89,0.01,11.31,18.06,6.5,8.05,9.58,1.2
Coimbatore,17-06-2022,1,383.85,0.01,11.31,16.27,8.23,6.62,9.02,1.84
Coimbatore,18-06-2022,1,420.57,0.19,13.37,6.08,7.75,9.41,12.12,2.06
Coimbatore,19-06-2022,1,323.77,0.03,7.97,12.16,4.83,4.96,6.43,1.36
Coimbatore,20-06-2022,1,333.79,0.01,7.37,21.46,5.25,5.96,7.91,1.5
Coimbatore,21-06-2022,1,337.12,0.03,8.31,14.31,5.07,3.5,4.81,1.25
Coimbatore,22-06-2022,1,393.87,0.01,10.62,17.88,6.97,7.76,10.1,1.54
Coimbatore,23-06-2022,1,313.76,0.01,6.77,22.17,5.19,4.38,5.97,1.33
Coimbatore,24-06-2022,1,333.79,0.02,8.65,16.09,5.42,3.45,4.74,1.19
Coimbatore,25-06-2022,1,323.77,0,7.2,26.82,4.65,4.29,5.42,1.09
Coimbatore,26-06-2022,1,307.08,0,5.48,26.11,2.95,5.59,6.07,0.82
Coimbatore,27-06-2022,1,253.68,0,3.81,25.39,3.28,4.67,6.34,0.99
Coimbatore,28-06-2022,1,347.14,0.02,9.25,16.99,5.78,6.23,7.84,1.39
Coimbatore,29-06-2022,1,343.8,0.04,9,13.77,5.72,3.65,5.13,1.36
Coimbatore,30-06-2022,1,333.79,0.02,8.4,16.63,5.6,4.97,6.66,1.33
Coimbatore,01-07-2022,1,303.75,0.02,7.03,15.91,4.35,3.06,4.09,1.09
Coimbatore,02-07-2022,1,350.48,0.04,9.25,14.31,5.72,6.66,9.47,1.66
Coimbatore,03-07-2022,1,293.73,0.01,5.65,21.64,3.87,3.83,5.08,1.22
Coimbatore,04-07-2022,1,273.7,0.01,4.71,25.03,2.83,2.15,2.8,0.83
Coimbatore,05-07-2022,1,277.04,0.01,5.14,23.96,3.61,2.94,3.84,0.96
Coimbatore,06-07-2022,1,310.42,0.01,6.6,22.35,3.99,4.68,5.33,0.97
Coimbatore,07-07-2022,1,330.45,0.02,7.97,18.24,5.01,5.39,6.69,1.3
Coimbatore,08-07-2022,1,313.76,0.01,6.94,20.03,4.11,3.85,4.52,1.04
Coimbatore,09-07-2022,1,313.76,0.01,6.94,20.38,4.23,4.12,4.96,1.01
Coimbatore,10-07-2022,1,270.37,0,4.46,25.03,2.98,3.38,4,0.97
Coimbatore,11-07-2022,1,267.03,0,4.54,29.33,3.04,2.98,3.73,0.93
Coimbatore,12-07-2022,1,283.72,0.01,5.83,25.03,4.23,4.48,5.91,1.06
Coimbatore,13-07-2022,1,277.04,0.01,5.44,22.89,3.4,2.41,3.04,0.78
Coimbatore,14-07-2022,1,253.68,0.01,4.37,24.68,3.1,2.32,2.86,0.6
Coimbatore,15-07-2022,1,277.04,0.02,5.91,18.24,3.76,3.84,4.79,0.82
Coimbatore,16-07-2022,1,317.1,0.08,8.23,10.1,4.41,4.86,5.86,1.08
Coimbatore,17-07-2022,1,293.73,0.02,5.91,14.48,3.46,3.56,4.48,1.08
Coimbatore,18-07-2022,1,280.38,0.02,5.65,16.99,3.34,1.87,2.6,1.03
Coimbatore,19-07-2022,1,357.15,0.13,9.77,8.4,6.2,5.85,7.56,1.47
Coimbatore,20-07-2022,1,367.16,0.04,10.11,14.13,6.68,4.89,6.63,1.57
Coimbatore,22-07-2022,1,353.81,0.13,10.11,12.34,7.87,8.9,11.15,1.6
Coimbatore,23-07-2022,1,350.48,0.01,9.68,16.99,6.56,7.06,8.73,1.25
Coimbatore,24-07-2022,1,293.73,0.01,6.43,19.85,4.41,5.88,7.25,1.23
Coimbatore,25-07-2022,1,283.72,0.01,6.77,18.6,5.01,5.49,8.17,1.44
Coimbatore,26-07-2022,1,343.8,0.02,9.17,17.34,6.2,5.48,7.18,1.36
Coimbatore,27-07-2022,1,420.57,0.01,12.17,22.35,8.11,9.53,11.68,1.8
Coimbatore,28-07-2022,3,680.92,0.09,18.68,12.87,7.75,21.2,27.13,4.43
Coimbatore,29-07-2022,4,988.01,4.64,27.08,0.26,9.18,40.66,52.03,6.9
Coimbatore,30-07-2022,4,694.27,0,13.71,25.75,9.66,45.13,50.33,1.84
Coimbatore,31-07-2022,2,400.54,0,10.02,25.03,6.5,10.86,13.5,1.93
Coimbatore,01-08-2022,1,370.5,0.01,9.77,15.91,6.26,7.67,9.57,1.61
Coimbatore,02-08-2022,1,420.57,0.18,13.88,7.06,7.75,8.56,11.81,2.06
Coimbatore,03-08-2022,1,357.15,0.08,10.88,10.46,5.78,5.87,7.3,1.36
Coimbatore,04-08-2022,1,313.76,0.06,7.45,13.95,4.83,5.34,6.34,1.11
Coimbatore,05-08-2022,1,250.34,0.01,4.16,23.96,2.59,2.7,3.08,0.6
Coimbatore,06-08-2022,1,250.34,0,4.97,28.97,3.07,2.94,3.54,0.72
Coimbatore,07-08-2022,1,233.65,0.01,3.77,24.32,2.53,2.76,3.32,0.74
Coimbatore,08-08-2022,1,230.31,0,3.68,34.69,3.04,4.75,5.55,0.67
Coimbatore,09-08-2022,1,247,0,4.58,30.4,3.52,4.45,6.21,0.65
Coimbatore,10-08-2022,1,277.04,0.01,6.43,22.71,4.65,6.5,8.47,0.95
Coimbatore,11-08-2022,1,257.02,0.01,5.23,23.25,4.23,6.81,9.86,0.9
Coimbatore,12-08-2022,1,317.1,0.01,7.63,21.46,5.01,6.79,8.02,1.04
Coimbatore,13-08-2022,1,317.1,0.02,7.63,18.78,5.07,8.33,10.93,1.35
Coimbatore,14-08-2022,1,297.07,0.01,7.03,22.89,4.71,9.65,13.52,1.46
Coimbatore,15-08-2022,1,290.39,0.01,7.37,22.71,5.07,7.34,10.87,1.73
Coimbatore,16-08-2022,2,453.95,0.01,13.54,20.38,7.51,18.73,28.54,2.5
Coimbatore,17-08-2022,2,393.87,0.03,12.51,18.24,7.63,13.47,21.12,2.69
Coimbatore,18-08-2022,1,340.46,0.07,10.54,12.7,6.97,6.11,9.87,1.85
Coimbatore,19-08-2022,1,330.45,0.02,10.11,16.63,7.45,7.31,10.8,1.63
Coimbatore,20-08-2022,1,317.1,0.03,9.25,16.09,6.56,5.58,9.3,1.76
Coimbatore,21-08-2022,1,270.37,0.01,6,19.13,4.47,3.72,6.06,1.36
Coimbatore,22-08-2022,1,290.39,0.04,6.94,12.7,4.77,5.17,6.75,1.28
Coimbatore,23-08-2022,1,300.41,0.05,7.54,13.05,4.83,4.15,5.25,1.08
Coimbatore,24-08-2022,1,297.07,0.02,6.94,17.34,4.83,3.51,4.79,1.17
Coimbatore,25-08-2022,1,480.65,0.03,13.02,14.13,7.27,9.89,11.41,1.66
Coimbatore,26-08-2022,1,403.88,0.06,12.85,11.44,8.11,8.5,9.86,1.47
Coimbatore,27-08-2022,1,433.92,0.02,13.88,14.66,8.7,9.15,11.03,1.66
Coimbatore,28-08-2022,1,313.76,0.02,8.14,13.95,5.25,6.57,8.15,1.44
Coimbatore,29-08-2022,2,440.6,0,11.82,23.96,7.99,14.4,16.39,2.53
Coimbatore,30-08-2022,3,634.19,0.02,17.14,16.63,11.32,24.55,27.63,2.44
Coimbatore,31-08-2022,4,841.14,0,23.65,29.33,15.74,46.57,50.95,3.67
Coimbatore,01-09-2022,4,974.66,0.15,24.33,9.66,10.61,36.01,41.13,3.8
Coimbatore,02-09-2022,5,1295.09,2.65,26.73,0.87,7.75,68.4,78.18,5.7
Coimbatore,03-09-2022,1,370.5,0.01,10.37,22.53,6.26,5.82,8.36,1.73
Coimbatore,04-09-2022,1,283.72,0.01,6.68,21.1,4.47,3.05,4.9,1.55
Coimbatore,05-09-2022,1,357.15,0.01,9.51,19.67,6.91,7.64,9.74,1.96
Coimbatore,06-09-2022,2,494,0.03,13.54,15.2,9.42,10.31,13.2,2.69
Coimbatore,07-09-2022,1,303.75,0.03,7.63,16.81,5.19,5.06,6.88,1.42
Coimbatore,08-09-2022,1,277.04,0.03,5.74,17.52,3.93,4.18,4.97,0.85
Coimbatore,09-09-2022,1,290.39,0.01,6.17,24.32,4.47,4.53,5.46,0.98
Coimbatore,10-09-2022,1,277.04,0,5.48,31.83,3.99,5.27,6.39,0.91
Coimbatore,11-09-2022,1,253.68,0.01,4.63,24.68,3.46,4.06,4.82,0.89
Coimbatore,12-09-2022,1,267.03,0.01,5.4,23.96,3.73,4.54,5.4,0.83
Coimbatore,13-09-2022,1,303.75,0.01,7.63,21.99,5.54,8.86,10.48,1.2
Coimbatore,14-09-2022,1,330.45,0.01,7.54,22.35,5.72,7.32,9.29,1.41
Coimbatore,15-09-2022,1,343.8,0.02,9.17,19.49,6.44,6.74,9.19,1.68
Coimbatore,16-09-2022,1,303.75,0.01,7.54,25.03,5.48,6.11,8.62,1.38
Coimbatore,17-09-2022,1,337.12,0.02,9.34,17.52,6.26,8.17,11.67,1.77
Coimbatore,18-09-2022,1,277.04,0,6.08,24.32,4.35,6.09,8.15,1.36
Coimbatore,19-09-2022,1,297.07,0.01,6.85,19.85,4.65,4.85,6.59,1.42
Coimbatore,20-09-2022,1,353.81,0.03,9.85,14.13,6.44,7.72,10.28,1.63
Coimbatore,21-09-2022,1,323.77,0.05,9,13.77,6.02,5.98,8.56,1.63
Coimbatore,22-09-2022,1,270.37,0.02,6.77,20.56,5.19,5.58,7.88,1.27
Coimbatore,23-09-2022,1,333.79,0.02,9.51,19.85,6.2,9.06,12.8,1.61
Coimbatore,24-09-2022,1,303.75,0.02,8.31,20.21,5.48,7.4,10.83,1.6
Coimbatore,25-09-2022,1,283.72,0.01,7.11,21.1,5.07,4.32,7.01,1.61
Coimbatore,26-09-2022,1,307.08,0.01,8.14,21.99,5.66,6.23,8.52,1.68
Coimbatore,27-09-2022,1,317.1,0.03,9.08,16.27,6.56,6.07,9.95,1.8
Coimbatore,28-09-2022,1,283.72,0.02,7.88,18.24,5.96,4.99,7.86,1.33
Coimbatore,29-09-2022,1,297.07,0.03,8.57,16.09,6.14,5.86,10.41,1.57
Coimbatore,30-09-2022,1,300.41,0.02,8.74,17.34,6.08,4.66,6.89,1.36
Coimbatore,01-10-2022,1,267.03,0.03,6.08,16.09,4.23,3.84,5.05,1.01
Coimbatore,02-10-2022,1,320.43,0,8.31,22.35,5.42,7.04,10.28,1.61
Coimbatore,03-10-2022,1,297.07,0,7.03,26.11,4.89,4.79,6.54,1.38
Coimbatore,04-10-2022,1,373.84,0.04,12.17,12.52,7.15,8.46,11.26,1.73
Coimbatore,05-10-2022,1,353.81,0.01,9.94,21.99,6.74,8.24,11.11,1.68
Coimbatore,06-10-2022,1,353.81,0.02,10.62,16.27,6.91,8.84,11.13,1.46
Coimbatore,07-10-2022,1,353.81,0.02,10.37,16.81,7.09,5.73,8.1,1.65
Coimbatore,08-10-2022,1,363.83,0.03,10.8,15.2,6.68,7.3,10.19,1.63
Coimbatore,09-10-2022,1,337.12,0,8.74,32.9,6.5,8.05,12.52,2.31
Coimbatore,10-10-2022,2,407.22,0,10.97,27.89,8.7,10.97,13.06,2.25
Coimbatore,11-10-2022,4,674.25,0.06,20.56,9.21,13.59,28.48,32.98,3.23
Coimbatore,12-10-2022,5,774.38,0,17.82,28.25,11.56,58.05,65.78,3.58
Coimbatore,13-10-2022,4,534.06,0,14.39,43.27,13.59,41.54,46.12,2.47
Coimbatore,14-10-2022,4,680.92,0,17.31,44.7,14.78,44.69,48.24,2.69
Coimbatore,15-10-2022,4,567.44,0.02,18.34,17.17,10.61,27.19,32.34,3.51
Coimbatore,16-10-2022,2,520.71,0,13.54,24.32,9.06,19.39,21.76,2.66
Coimbatore,17-10-2022,3,527.38,0.06,21.59,8.85,9.18,20.89,23.91,2.91
Coimbatore,18-10-2022,4,827.79,0.31,20.91,4.43,10.01,38.46,42.95,3.13
Coimbatore,19-10-2022,2,520.71,0.17,16.79,7.06,8.23,12.34,15.65,2.03
Coimbatore,20-10-2022,2,473.98,0.01,12,21.99,7.21,10.12,12.93,2.03
Coimbatore,21-10-2022,3,600.81,0,16.96,35.76,10.25,24.47,27.46,2.5
Coimbatore,22-10-2022,4,767.71,0.11,19.36,13.05,4.35,26.3,32.3,3.13
Coimbatore,23-10-2022,5,974.66,0.06,23.65,12.7,6.56,51.92,59.37,5.19
Coimbatore,24-10-2022,4,674.25,0,7.45,54.36,5.01,47.93,51.79,1.87
Coimbatore,25-10-2022,2,527.38,0,9.51,37.19,7.03,15.65,19.13,1.99
Coimbatore,26-10-2022,5,921.25,0,16.62,49.35,9.06,90.56,105.06,4.31
Coimbatore,27-10-2022,5,2803.8,12.74,85.68,0.16,16.21,212.41,249.43,21.28
Coimbatore,28-10-2022,5,1668.93,0.19,55.52,11,14.66,141.54,165.77,11.02
Coimbatore,29-10-2022,4,580.79,0,14.22,80.82,9.06,43.73,48.44,2.82
Coimbatore,30-10-2022,4,433.92,0,12.34,44.7,9.42,30.19,31.89,1.69
Coimbatore,31-10-2022,4,473.98,0,10.45,59.37,6.14,28.32,30.68,2.25
Coimbatore,01-11-2022,5,907.9,0,23.65,27.89,9.89,55.45,61.95,5.57
Coimbatore,02-11-2022,4,881.2,0.05,19.88,11.18,13.83,47.39,51.6,2.98
Coimbatore,03-11-2022,3,680.92,0,21.25,24.68,8.94,22.56,26.25,3.64
Coimbatore,04-11-2022,3,674,0.06,26.69,11.97,11.06,31.75,33.75,3.64
Coimbatore,05-11-2022,2,554,0,17.13,24.63,8.22,20.56,22.31,1.87
Coimbatore,06-11-2022,3,494,0,12,40.41,6.5,21.37,23.81,1.87
Coimbatore,07-11-2022,3,634.19,0,12.68,55.07,8.23,21.37,23.78,2.37
Coimbatore,08-11-2022,5,574.11,0,13.88,62.94,6.14,69.33,75.18,2.91
Coimbatore,09-11-2022,4,620.84,0,19.19,30.04,8.94,33.44,36.76,2.66
Coimbatore,10-11-2022,4,801.09,0.12,26.73,15.38,5.01,35.38,45.86,5.51
Coimbatore,11-11-2022,4,614.17,0,17.48,44.35,9.54,37.26,43.41,4.31
Coimbatore,12-11-2022,4,714.3,0,16.79,52.93,10.13,35.42,38.67,3.42
Coimbatore,13-11-2022,1,453.95,0.01,10.45,22.35,6.14,9.54,10.69,1.28
Coimbatore,14-11-2022,2,567.44,0.03,16.11,16.81,7.33,17.8,19.49,1.5
Coimbatore,15-11-2022,4,614.17,0,13.37,37.91,4.83,33.77,37.09,2.31
Coimbatore,16-11-2022,5,747.68,0,19.02,39.34,8.46,55.52,60.06,1.95
Coimbatore,17-11-2022,5,1575.47,0.3,35.3,9.57,9.06,119.39,127.99,7.85
Coimbatore,18-11-2022,5,1668.93,19.22,39.76,0,5.78,113.06,135.85,5.89
Coimbatore,19-11-2022,5,1842.5,50.51,26.05,0,5.54,140.2,171.15,16.72
Coimbatore,20-11-2022,5,1522.06,30.85,27.08,0,4.53,152.54,179.25,16.97
Coimbatore,21-11-2022,5,1188.28,0,25.36,27.89,8.58,173.83,193.92,6.78
Coimbatore,22-11-2022,5,974.66,0,13.54,56.51,7.63,166.62,183.52,2.41
Coimbatore,23-11-2022,5,594.14,0,11.48,57.94,7.39,102.47,115.91,1.79
Coimbatore,24-11-2022,5,507.35,0,9.51,68.66,7.63,51.79,59.61,1.99
Coimbatore,25-11-2022,5,1148.22,0.54,32.56,6.71,7.27,83.96,103.38,6.9
Coimbatore,26-11-2022,4,741,0,24.68,27.54,6.68,31.28,39.06,3.86
Coimbatore,27-11-2022,5,1134.87,4.47,35.3,0.88,8.7,59.18,71.58,12.92
Coimbatore,28-11-2022,3,607.49,0,8.74,67.95,7.27,24.87,26.36,1.69
Coimbatore,29-11-2022,5,974.66,0,21.76,47.92,15.14,58.44,61.46,2.72
Coimbatore,30-11-2022,5,1575.47,2.18,41.13,2.73,10.13,116.66,123.19,6.46
Coimbatore,01-12-2022,5,1041.41,0.03,35.64,23.25,6.91,128.66,148.5,9.63
Coimbatore,02-12-2022,5,714.3,0,15.42,65.8,7.63,77.05,82.41,2.69
Coimbatore,03-12-2022,4,574.11,0,6.51,114.44,8.34,39.3,40.86,1.22
Coimbatore,04-12-2022,4,634.19,0,15.08,29.33,6.68,35.29,37.5,1.87
Coimbatore,05-12-2022,4,634.19,0,10.02,52.21,5.66,26.48,28.15,1.36
Coimbatore,06-12-2022,5,640.87,0,16.79,41.84,11.09,67.31,73.95,2.72
Coimbatore,07-12-2022,5,1949.31,50.51,30.16,0,10.73,83.72,111.83,21.53
Coimbatore,08-12-2022,5,1615.52,0,37.01,36.12,11.56,148.3,167.58,8.36
Coimbatore,09-12-2022,5,761.03,0,11.31,57.22,9.3,77.39,84.68,2.22
Coimbatore,11-12-2022,4,534.06,0,6.77,49.35,6.44,40.99,42.47,1.3
Coimbatore,12-12-2022,2,607.49,0,11.65,22.89,7.63,19.53,21.91,2.25
Coimbatore,13-12-2022,4,761.03,0.13,19.71,12.52,5.19,35.18,43.79,3.64
Coimbatore,14-12-2022,2,614.17,0,11.65,47.92,5.36,16.27,17.88,1.68
Coimbatore,15-12-2022,4,794.41,0.02,25.36,22.53,7.15,43.27,50.49,2.31
Coimbatore,16-12-2022,4,741,0,25.36,30.76,4.47,45.79,59.65,4.81
Coimbatore,17-12-2022,5,841.14,0,28.1,31.11,6.26,79.81,96.04,5.83
Coimbatore,18-12-2022,5,580.79,0,16.62,39.34,4.71,70.19,80.01,5.45
Coimbatore,19-12-2022,5,560.76,0,7.11,81.54,7.45,81.55,83.87,1.28
Coimbatore,20-12-2022,4,514.03,0,16.28,52.21,4.17,40.45,54.65,8.74
Coimbatore,21-12-2022,3,520.71,0,16.62,37.55,4.89,24.84,32.86,4.02
Coimbatore,22-12-2022,4,514.03,0.01,19.54,30.4,4.53,26.41,35.2,8.74
Coimbatore,23-12-2022,5,1241.68,19,30.85,0.01,5.96,76.41,100.1,16.97
Coimbatore,24-12-2022,5,1161.58,3.58,41.13,1.23,7.21,92.39,112.38,17.73
Coimbatore,25-12-2022,4,607.49,0,20.22,47.92,7.39,65.32,73.92,8.74
Coimbatore,26-12-2022,2,467.3,0,7.45,31.11,4.47,11.38,12.86,1.52
Coimbatore,27-12-2022,2,514.03,0,17.31,25.39,8.11,21.97,24.81,1.3
Coimbatore,28-12-2022,3,520.71,0,10.88,59.37,6.44,39.83,45.98,2.22
Coimbatore,29-12-2022,3,473.98,0,13.19,70.1,12.16,45.56,58.51,4.24
Coimbatore,30-12-2022,3,580.79,0,21.76,40.77,8.46,49.57,61.71,6.52
Coimbatore,31-12-2022,3,687.6,0.01,28.79,28.61,7.75,47.33,59.1,8.74
Coimbatore,01-01-2023,3,754.36,0.04,28.79,19.67,5.48,48.23,61.38,14.57
Coimbatore,02-01-2023,3,507.35,0,13.19,72.96,6.79,47.3,55.28,8.11
Coimbatore,03-01-2023,3,507.35,0,20.22,50.07,14.07,34.19,43.32,8.49
Coimbatore,04-01-2023,4,453.95,0,9.08,90.84,22.89,66.01,72.11,1.88
Coimbatore,05-01-2023,3,403.88,0,9.34,75.82,15.97,33.85,40.73,3.36
Coimbatore,06-01-2023,3,440.6,0,10.45,77.96,10.13,43.3,54.01,5.13
Coimbatore,07-01-2023,4,447.27,0,7.45,114.44,16.93,65.43,87,4.18
Coimbatore,08-01-2023,4,423.91,0,6.08,101.57,7.75,54.19,64.96,5
Coimbatore,09-01-2023,5,620.84,0,6.6,104.43,10.13,97.95,106.26,3.01
Coimbatore,10-01-2023,3,507.35,0,17.14,68.66,8.7,48.43,60.03,9.5
Coimbatore,11-01-2023,3,527.38,0,18.68,67.23,7.87,49.83,64.19,10.01
Coimbatore,12-01-2023,4,700.95,0,27.42,52.93,7.75,56.99,72.12,12.92
Coimbatore,13-01-2023,5,947.95,0,41.13,33.26,9.42,80.13,100.07,18.49
Coimbatore,14-01-2023,5,907.9,0,42.16,30.76,10.97,88.5,110.65,16.72
Coimbatore,15-01-2023,5,1014.71,0.07,41.47,16.45,8.23,94.69,114.91,18.49
Coimbatore,16-01-2023,5,1014.71,0,51.41,51.5,23.84,86.92,105.18,35.97
Coimbatore,17-01-2023,4,627.52,0,26.73,59.37,11.21,57.33,70.49,11.27
Coimbatore,18-01-2023,3,433.92,0,16.45,64.37,17.88,42.71,52.92,6.71
Coimbatore,19-01-2023,4,377.18,0,9.42,85.83,19.55,53.24,65.75,2.91
Coimbatore,20-01-2023,3,433.92,0,11.14,86.55,16.45,49.8,60.5,5.19
Coimbatore,21-01-2023,4,473.98,0,11.65,78.68,24.8,59.93,71.71,2.69
Coimbatore,22-01-2023,2,567.44,0,19.19,45.06,5.36,21.63,30.97,10.51
Coimbatore,23-01-2023,4,390.53,0,6.68,90.12,14.66,52.59,61.41,2.18
Coimbatore,24-01-2023,3,433.92,0,11.14,57.22,13.71,42.66,43.97,0.7
Coimbatore,25-01-2023,3,1001.36,1.93,35.3,2.1,5.54,41.79,53.99,3.93
Coimbatore,26-01-2023,3,480.65,0,16.79,58.65,16.21,37.6,47.27,6.52
Coimbatore,27-01-2023,3,667.57,0,25.36,55.07,9.89,49.73,63.65,10.51
Coimbatore,28-01-2023,4,574.11,0,19.54,65.8,7.87,58.83,73.16,9.37
Coimbatore,29-01-2023,4,867.84,0.05,39.76,18.78,7.75,53.35,71.06,19.25
Coimbatore,30-01-2023,4,527.38,0,8.23,85.12,15.26,59.59,64.42,3.51
Coimbatore,31-01-2023,3,507.35,0,9.6,55.07,9.54,25.77,27.09,1.16
Coimbatore,01-02-2023,2,574.11,0,17.65,46.49,13.83,15.47,21.91,8.11
Coimbatore,02-02-2023,2,547.41,0,20.22,41.84,15.5,17.67,26.03,9.25
Coimbatore,03-02-2023,2,487.33,0,11.14,56.51,5.07,18.2,23.26,5.26
Coimbatore,04-02-2023,5,707.63,0,14.91,53.64,13.23,82.97,85.29,1.3
Coimbatore,05-02-2023,4,480.65,0,12.51,82.97,10.85,66.36,82.96,7.41
Coimbatore,06-02-2023,4,480.65,0,16.11,75.1,11.8,61.26,73.07,8.74
Coimbatore,07-02-2023,4,574.11,0,20.39,72.96,11.21,63.72,76.23,9.37
Coimbatore,08-02-2023,5,1441.96,10.62,50.04,0.06,10.25,119.59,148.3,19.76
Coimbatore,09-02-2023,4,594.14,0,20.56,78.68,12.52,65.1,75.7,9.25
Coimbatore,10-02-2023,3,534.06,0,18.34,77.25,14.31,43.84,51.88,7.98
Coimbatore,11-02-2023,4,881.2,0,43.87,42.56,12.28,61.98,78.42,18.49
Coimbatore,12-02-2023,4,447.27,0,13.71,85.12,9.42,57.14,67.17,7.85
Coimbatore,13-02-2023,4,600.81,0,27.42,42.2,8.7,51.84,65.68,13.68
Coimbatore,14-02-2023,4,600.81,0,25.7,65.8,12.52,60.22,72.79,11.78
Coimbatore,15-02-2023,5,1228.33,0.1,61.01,15.74,19.07,92.89,115.35,29.13
Coimbatore,16-02-2023,5,467.3,0,14.57,115.87,34.81,76.8,89.27,5.7
Coimbatore,17-02-2023,4,427.25,0,10.97,111.58,21.7,72.39,83.92,5.32
Coimbatore,18-02-2023,4,794.41,0,34.96,48.64,10.13,68.35,85.05,15.2
Coimbatore,19-02-2023,3,520.71,0,18.85,59.37,12.04,30.59,40.49,11.4
Coimbatore,20-02-2023,3,734.33,0.02,32.56,22.89,8.23,31.42,45.25,16.97
Coimbatore,21-02-2023,5,801.09,0,24.33,54.36,11.92,76.71,94.82,12.41
Coimbatore,22-02-2023,4,567.44,0,19.36,101.57,28.85,60.64,70.47,9.75
Coimbatore,23-02-2023,4,494,0,10.62,118.73,19.79,72.59,79.84,5.38
Coimbatore,25-02-2023,3,767.71,0.04,29.47,21.82,7.03,49.19,65.62,16.72
Coimbatore,26-02-2023,3,534.06,0,21.76,68.66,24.56,44.55,53.52,12.03
Coimbatore,27-02-2023,3,350.48,0,9.94,89.41,17.17,28.01,33.69,5.76
Coimbatore,28-02-2023,3,487.33,0,10.54,114.44,16.69,40.06,46.9,6.65
Coimbatore,01-03-2023,3,540.73,0,14.05,54.36,8.82,33.8,36.86,1.9
Coimbatore,02-03-2023,2,420.57,0,6.25,72.96,7.39,21.39,27.47,3.96
Coimbatore,03-03-2023,3,507.35,0,16.28,91.55,19.07,47.18,58.75,9.25
Coimbatore,04-03-2023,4,473.98,0,14.91,103,24.08,61.73,71.81,7.98
Coimbatore,05-03-2023,3,480.65,0,10.11,34.69,5.3,43.38,52.28,10.77
Coimbatore,06-03-2023,3,417.23,0,9.77,82.25,13.47,45.83,54.4,6.78
Coimbatore,07-03-2023,4,867.84,0,39.76,50.78,18.36,66.59,85.62,21.53
Coimbatore,08-03-2023,3,410.56,0,9.42,94.41,21.93,47.15,56.68,5.51
Coimbatore,09-03-2023,3,390.53,0,5.23,69.38,4.65,32.91,38.59,3.42
Coimbatore,10-03-2023,3,500.68,0,6.85,94.41,13.71,34.43,39.72,4.56
Coimbatore,11-03-2023,3,527.38,0,12.17,69.38,14.42,33.32,41.09,6.46
Coimbatore,12-03-2023,4,480.65,0,7.03,105.86,12.16,54.2,60.98,4.94
Coimbatore,13-03-2023,3,460.62,0,4.63,60.8,3.13,25.72,31.1,4.12
Coimbatore,14-03-2023,3,580.79,0,7.2,114.44,8.11,43.72,50.8,6.27
Coimbatore,15-03-2023,4,607.49,0,8.83,77.96,11.68,69.09,79.11,4.75
Coimbatore,16-03-2023,4,534.06,0,9.6,50.07,9.54,53.52,61.01,3.58
Coimbatore,17-03-2023,4,534.06,0,9.25,57.22,9.54,54.88,60.64,3.29
Coimbatore,18-03-2023,2,540.73,0,7.28,78.68,6.2,15.71,17.52,2.5
Coimbatore,19-03-2023,3,500.68,0,5.57,70.1,6.02,33.43,36.05,2.47
Coimbatore,20-03-2023,3,440.6,0,6.6,41.13,5.96,29.64,33.35,2.25
Coimbatore,21-03-2023,3,390.53,0,6.85,53.64,6.62,35.55,47.17,2.79
Coimbatore,22-03-2023,2,390.53,0,10.28,47.21,8.11,23.41,41.58,6.59
Coimbatore,23-03-2023,3,427.25,0,9.68,37.55,8.23,33.68,54.06,5.07
Coimbatore,24-03-2023,2,440.6,0,14.05,29.33,12.52,16.29,26.8,7.22
Coimbatore,25-03-2023,1,337.12,0,8.14,28.61,7.39,9.19,17.63,3.45
Coimbatore,26-03-2023,3,707.63,0.01,18.51,11.35,6.14,31.24,41.7,4.56
Coimbatore,27-03-2023,3,337.12,0,6.77,50.07,5.66,25.32,44.25,2.37
Coimbatore,28-03-2023,2,340.46,0,8.23,45.42,8.23,20.36,41.67,5
Coimbatore,29-03-2023,3,397.21,0,10.37,47.21,11.44,26.38,53.46,4.75
Coimbatore,30-03-2023,3,560.76,0,13.37,26.46,9.89,32.17,41.36,3.36
Coimbatore,31-03-2023,2,350.48,0,7.97,43.99,7.87,22.29,35.55,2.85
Coimbatore,01-04-2023,2,367.16,0,9.77,34.33,8.7,16.91,29.53,4.69
Coimbatore,02-04-2023,2,310.42,0,7.71,35.41,7.21,15,28.46,3.83
Coimbatore,03-04-2023,2,307.08,0,6.6,27.89,5.78,10.1,18.03,2.82
Coimbatore,04-04-2023,2,327.11,0,7.71,52.93,8.46,11.48,14.77,2.37
Coimbatore,05-04-2023,4,1508.71,18.33,40.78,0,10.25,67.15,93.02,21.53
Coimbatore,06-04-2023,2,340.46,0,9.34,36.84,7.87,12.03,18.84,2.72
Coimbatore,07-04-2023,3,567.44,0,10.37,68.66,11.09,45.51,55.65,5.07
Coimbatore,08-04-2023,3,680.92,0,20.05,34.33,10.37,35.44,47.27,9.63
Coimbatore,09-04-2023,2,390.53,0,9.08,67.95,7.39,13.08,17.41,6.78
Coimbatore,10-04-2023,3,547.41,0,13.71,56.51,11.32,36.29,43.96,7.41
Coimbatore,11-04-2023,3,547.41,0,16.11,57.94,14.78,27.14,35.63,9.75
Coimbatore,12-04-2023,3,680.92,0,20.22,26.82,11.56,36.18,51.26,10.13
Coimbatore,13-04-2023,4,687.6,0,16.28,32.54,8.94,52.49,66.4,8.61
Coimbatore,14-04-2023,3,453.95,0,9.42,41.48,7.27,40.45,56.38,3.8
Coimbatore,15-04-2023,3,460.62,0,9.34,50.07,6.91,41.74,56.73,3.17
Coimbatore,16-04-2023,3,467.3,0,8.14,56.51,5.66,41.83,54.51,4.69
Coimbatore,17-04-2023,3,370.5,0,6.51,45.78,5.42,27.88,37.9,2.53
Coimbatore,18-04-2023,3,420.57,0,7.45,44.7,7.63,40.04,49.9,2.34
Coimbatore,19-04-2023,3,447.27,0,6.85,50.78,7.15,35.46,44.32,2.82
Coimbatore,20-04-2023,3,410.56,0,5.74,63.66,6.02,25.85,32.46,2.37
Coimbatore,21-04-2023,3,350.48,0,6.34,41.84,5.96,27.45,37.21,2.03
Coimbatore,22-04-2023,2,373.84,0,8.4,34.69,7.45,18.22,25.54,2.25
Coimbatore,23-04-2023,2,360.49,0,7.11,40.77,6.74,22.25,32.57,3.04
Coimbatore,24-04-2023,2,370.5,0,7.97,47.92,7.87,15.07,20.33,3.04
Coimbatore,25-04-2023,2,487.33,0,8.23,63.66,3.61,12.25,13.39,1.3
Coimbatore,26-04-2023,3,781.06,0,23.65,18.24,14.78,30.36,34.87,3.1
Coimbatore,27-04-2023,3,934.6,0.38,30.5,4.02,11.56,40.09,49.52,4.81
Coimbatore,28-04-2023,1,547.41,0,14.39,32.9,6.38,9.97,12.74,2.25
Coimbatore,29-04-2023,2,600.81,0,12.51,54.36,12.16,21.96,26.79,4.31
Coimbatore,30-04-2023,2,600.81,0.02,15.77,15.2,5.48,12.93,17.6,3.99
Coimbatore,01-05-2023,2,547.41,0,11.65,41.48,9.18,20.67,23.44,3.39
Coimbatore,02-05-2023,3,694.27,0.01,18.16,17.17,13.59,26.98,29.83,3.45
Coimbatore,03-05-2023,3,627.52,0,13.02,30.76,9.89,29.08,32.68,2.56
Coimbatore,04-05-2023,2,413.89,0.02,11.65,16.27,7.87,11.59,17.31,2.25
Coimbatore,05-05-2023,1,337.12,0.01,7.63,21.82,6.32,8.08,12.59,1.8
Coimbatore,06-05-2023,2,420.57,0,9.94,23.96,7.75,16.05,22.18,2.25
Coimbatore,07-05-2023,1,360.49,0,6.85,32.54,5.48,8.26,10.44,1.73
Coimbatore,08-05-2023,1,320.43,0,6.68,27.54,5.3,9.69,15.89,2.03
Coimbatore,09-05-2023,2,460.62,0.01,11.48,20.38,6.97,13.41,17.3,2.28
Coimbatore,10-05-2023,2,507.35,0.01,12.85,19.13,7.99,17.46,21.61,2.5
Coimbatore,11-05-2023,2,453.95,0,7.2,38.98,5.96,10.52,12.26,1.31
Coimbatore,12-05-2023,1,380.52,0.01,8.48,19.85,5.66,5.22,7.2,1.35
Coimbatore,13-05-2023,1,333.79,0,7.54,26.46,5.42,4.85,6.55,1.36
Coimbatore,14-05-2023,1,313.76,0,7.11,23.6,4.95,6.43,8.8,1.28
Coimbatore,15-05-2023,1,290.39,0,4.58,27.89,3.61,3.17,4.43,1.09
Coimbatore,16-05-2023,2,350.48,0,7.97,25.03,6.2,17.33,27.52,1.77
Coimbatore,17-05-2023,2,403.88,0,10.02,27.54,7.33,24.83,39.48,2.12
Coimbatore,18-05-2023,3,580.79,0,11.82,43.63,7.87,44.99,57.93,3.96
Coimbatore,19-05-2023,3,520.71,0,9.51,47.92,8.34,28.2,35.25,2.03
Coimbatore,20-05-2023,1,380.52,0,7.37,34.69,5.96,9.73,13.89,1.5
Coimbatore,21-05-2023,2,353.81,0,7.03,30.76,5.25,15.74,25.01,1.71
Coimbatore,22-05-2023,1,403.88,0.01,10.8,15.2,7.03,7.94,10.25,2.06
Coimbatore,23-05-2023,2,494,0,10.71,38.98,8.7,21.19,26.59,2.41
Coimbatore,24-05-2023,1,343.8,0,7.28,33.62,5.42,5.94,8.15,1.36
Coimbatore,25-05-2023,1,303.75,0,5.91,29.68,5.25,7.64,10.46,1.42
Delhi,30-11-2020,5,988.01,1.24,13.71,205.99,34.33,133.73,156.15,9.88
Delhi,01-12-2020,5,3150.94,30.4,66.49,0,14.9,299.99,428.61,16.09
Delhi,02-12-2020,5,3524.78,18.11,71.97,0.05,12.16,455.67,571.47,10.64
Delhi,03-12-2020,5,1922.61,0.03,52.78,27.54,11.09,208.94,266.25,10.13
Delhi,04-12-2020,5,3738.4,0.64,78.14,11,16.69,595.27,748.71,10.26
Delhi,05-12-2020,5,2269.75,0,35.3,95.84,29.33,430.29,475.94,8.49
Delhi,06-12-2020,5,1762.39,0,33.93,73.67,24.32,356.95,395.17,6.02
Delhi,07-12-2020,5,1535.42,0,32.56,66.52,15.74,367.5,405.12,3.93
Delhi,08-12-2020,5,3257.75,22.8,69.23,0.01,15.02,407.5,517.5,11.15
Delhi,09-12-2020,5,3685,33.98,116.53,0,84.88,426.63,596.14,116.53
Delhi,10-12-2020,5,2670.29,17.43,82.94,0.1,22.41,274.93,395.99,24.32
Delhi,11-12-2020,5,1789.09,15.2,55.52,0.11,12.04,120.97,206.2,12.16
Delhi,12-12-2020,5,3044.13,10.51,106.93,0.11,42.44,327.85,374.02,13.55
Delhi,13-12-2020,5,2510.07,19.67,65.12,0.07,12.04,250.11,348.89,13.68
Delhi,14-12-2020,4,781.06,0,26.73,42.92,6.44,43.46,63.58,22.8
Delhi,15-12-2020,5,2243.04,20.79,55.52,0.03,10.37,181.27,276.48,9.37
Delhi,16-12-2020,5,1214.98,0,35.99,50.78,8.11,110.56,142.48,8.61
Delhi,17-12-2020,5,801.09,0,20.91,66.52,8.23,74.88,92.61,17.73
Delhi,18-12-2020,5,881.2,0,23.65,71.53,11.09,80.12,98.94,23.31
Delhi,19-12-2020,5,988.01,0,30.16,55.79,11.09,91.15,114.13,25.33
Delhi,20-12-2020,5,988.01,0,27.08,57.22,11.56,105.63,127.34,22.55
Delhi,21-12-2020,5,1094.82,0,28.45,46.49,8.35,127.42,150.72,17.99
Delhi,22-12-2020,5,4699.71,78.68,45.93,0,33.85,442.66,638.86,40.53
Delhi,23-12-2020,5,4806.52,70.63,79.51,0,24.32,486.21,679.41,21.53
Delhi,24-12-2020,5,2857.21,22.35,65.8,0.03,19.55,363.96,489.97,21.03
Delhi,25-12-2020,5,1628.88,0.14,45.93,20.74,10.01,176.25,229.16,7.16
Delhi,26-12-2020,5,2323.15,12.85,51.41,0.14,9.66,264.6,350.46,8.49
Delhi,27-12-2020,5,2536.77,18.77,61.69,0.04,20.27,276.93,400.3,33.44
Delhi,28-12-2020,5,2857.21,0.03,85.68,22.89,31.95,335.91,380.37,9.25
Delhi,29-12-2020,5,1161.58,0.01,38.39,38.27,10.61,102.27,138.12,22.29
Delhi,30-12-2020,5,1001.36,0,31.19,46.49,8.11,92.82,122.71,5.57
Delhi,31-12-2020,5,1815.8,0.64,52.78,11,10.13,194.33,263.54,8.36
Delhi,01-01-2021,5,5767.82,108.18,55.52,0,60.08,501.14,656.03,68.9
Delhi,02-01-2021,5,2323.15,0,51.41,39.34,20.03,294.21,349.21,9.63
Delhi,03-01-2021,5,1602.17,0.02,42.16,23.6,23.6,296.78,326.46,3.1
Delhi,04-01-2021,5,720.98,0,28.79,53.64,33.85,56.69,66.84,3.71
Delhi,05-01-2021,5,1134.87,0.12,26.05,16.81,9.42,69.93,105.79,4.24
Delhi,06-01-2021,5,1508.71,0,34.96,42.56,28.85,200.48,219.57,4.18
Delhi,07-01-2021,5,1895.9,23.47,43.53,0.02,17.88,165.92,217.62,17.73
Delhi,08-01-2021,5,2216.34,23.25,35.99,0,9.18,201.41,277.86,8.23
Delhi,09-01-2021,5,2189.64,13.86,47.3,0.64,11.68,238.08,310.85,5.45
Delhi,10-01-2021,5,801.09,0,14.4,62.23,7.21,110.29,122.12,6.02
Delhi,11-01-2021,5,934.6,0,18.68,59.37,6.5,106.28,123.04,4.18
Delhi,12-01-2021,5,1041.41,0,27.42,42.2,8.11,96.58,121.24,4.75
Delhi,13-01-2021,5,1455.31,0.07,39.76,23.6,8.94,171.61,215.26,5.38
Delhi,14-01-2021,5,3791.81,45.15,50.04,0,13.95,374.1,525.09,7.85
Delhi,15-01-2021,5,3578.19,29.06,47.98,0.01,30.04,486.04,659.53,29.39
Delhi,16-01-2021,5,2750.4,25.93,61.69,0.01,31.47,519.11,661.03,30.65
Delhi,17-01-2021,5,2590.18,35.76,30.85,0,14.31,301.16,369.21,17.48
Delhi,18-01-2021,5,1081.47,0,18.68,95.84,24.08,298.93,317.86,2.47
Delhi,19-01-2021,5,2777.1,38.89,31.53,0,23.84,356.14,499.59,29.89
Delhi,20-01-2021,5,1161.58,0,23.31,41.49,7.33,209.56,233.59,4.43
Delhi,21-01-2021,5,1121.52,0,16.62,82.25,8.94,280.42,297.1,3.48
Delhi,22-01-2021,5,3284.45,29.5,50.72,0,16.45,326.29,450.63,11.78
Delhi,23-01-2021,5,1548.77,0,23.31,91.55,19.79,303.02,329.92,3.61
Delhi,24-01-2021,5,1588.82,0,30.85,56.51,14.31,291.12,321.06,4.24
Delhi,25-01-2021,5,1401.9,0.02,27.08,30.4,5.9,218.67,251.22,4.81
Delhi,26-01-2021,5,1495.36,0.98,40.78,8.14,8.82,146.97,197.7,5.64
Delhi,27-01-2021,5,1642.23,2.63,45.93,3.93,8.82,174.28,232.12,5.64
Delhi,28-01-2021,5,2029.42,5.64,40.1,2.48,16.21,320.33,385.99,11.91
Delhi,29-01-2021,5,2429.96,9.84,56.21,0.77,10.13,299.72,387.92,6.08
Delhi,30-01-2021,5,1054.76,0,24.33,65.8,10.37,158.94,183.47,5.64
Delhi,31-01-2021,5,1428.6,0.06,38.04,23.6,7.63,146.45,182.03,5.83
Delhi,01-02-2021,5,2937.32,16.09,61.69,0.09,25.03,346.18,505.75,28.88
Delhi,02-02-2021,5,2376.56,10.62,63.06,0.37,27.18,297.56,429.42,29.39
Delhi,03-02-2021,5,2590.18,0,47.98,40.05,24.08,339.44,426.01,5.26
Delhi,04-02-2021,5,1308.44,0,23.65,78.68,34.33,339.54,375.69,3.23
Delhi,05-02-2021,5,2029.42,14.75,40.44,0.12,15.74,174.2,253.84,11.78
Delhi,06-02-2021,5,1201.63,0.15,35.99,18.95,8.58,137.27,178.14,5.45
Delhi,07-02-2021,5,734.33,0,16.28,70.81,7.51,75.58,91.76,8.61
Delhi,08-02-2021,5,2323.15,27.94,28.79,0.01,10.01,240.17,325.82,8.49
Delhi,09-02-2021,5,2483.37,24.14,37.01,0.02,12.4,260.56,365.46,8.87
Delhi,10-02-2021,5,6729.13,69.74,85.68,0,47.21,679.03,903.84,25.84
Delhi,11-02-2021,5,2403.26,13.52,55.52,0.3,19.07,402.64,530.01,15.45
Delhi,12-02-2021,5,3097.53,40.23,38.39,0,19.55,385.62,535.43,21.03
Delhi,13-02-2021,5,3150.94,20.79,47.98,0.04,19.31,566.59,711.77,20.52
Delhi,14-02-2021,5,3257.75,8.83,85.68,0.57,43.87,507.28,652.78,51.17
Delhi,15-02-2021,5,2643.59,11.74,40.44,0.14,12.16,513.85,638.45,11.91
Delhi,16-02-2021,5,2429.96,8.49,45.24,0.56,17.41,432.47,557.39,17.48
Delhi,17-02-2021,5,3337.86,23.47,82.25,0.07,31.47,459.4,602.73,35.97
Delhi,18-02-2021,5,2456.67,8.72,50.04,0.46,10.61,368.44,480.84,7.35
Delhi,19-02-2021,5,2243.04,1.15,54.15,10.01,12.16,397.85,488.67,6.33
Delhi,20-02-2021,5,2403.26,25.93,31.19,0.01,11.68,325.48,427.33,9.37
Delhi,21-02-2021,5,1895.9,0.04,36.67,28.61,9.42,382.16,437.46,6.59
Delhi,22-02-2021,5,1535.42,2.57,33.59,3,7.99,264.62,320.12,6.65
Delhi,23-02-2021,5,1522.06,0.42,43.18,13.05,10.85,189.05,261.13,12.41
Delhi,24-02-2021,5,7476.81,94.77,127.49,0,167.85,641.02,915.89,162.13
Delhi,25-02-2021,5,1789.09,0.04,45.93,26.11,9.54,223.74,299.77,9.12
Delhi,26-02-2021,5,1121.52,0,28.45,53.64,9.42,133.59,172.76,16.72
Delhi,27-02-2021,5,11856.08,193.12,153.54,0,105.86,890.77,1064.67,50.66
Delhi,28-02-2021,5,4539.49,47.39,59.63,0,62.94,365.78,543.66,53.7
Delhi,01-03-2021,5,1335.14,1.55,36.67,4.83,12.52,133.26,219.57,27.36
Delhi,02-03-2021,5,680.92,0,16.45,75.1,11.21,58.98,76.21,19.51
Delhi,03-03-2021,5,807.76,0,18.68,77.96,11.92,73.36,94.13,21.79
Delhi,04-03-2021,5,2803.8,35.32,48.67,0,34.81,231.6,411.02,52.18
Delhi,05-03-2021,5,2403.26,11.85,51.41,0.16,19.79,226.89,365.7,29.89
Delhi,06-03-2021,5,634.19,0,10.8,127.32,13.59,82.23,99.92,18.75
Delhi,07-03-2021,5,3845.22,36.21,54.84,0,51.5,302.4,438.11,46.61
Delhi,08-03-2021,5,781.06,0,16.11,103,24.56,111.86,144.27,20.52
Delhi,09-03-2021,5,1348.5,0,26.39,63.66,20.27,188.9,247.02,13.05
Delhi,10-03-2021,5,3685,27.49,67.86,0,21.22,386.68,608.7,17.73
Delhi,11-03-2021,5,1842.5,1.5,44.55,4.92,18.6,192.92,339.54,18.75
Delhi,12-03-2021,5,3685,10.84,73.34,0.23,37.19,316.76,472.7,33.95
Delhi,13-03-2021,5,1522.06,0.26,40.78,13.59,16.93,116.75,168.61,5.95
Delhi,14-03-2021,5,1054.76,0.06,30.16,19.13,7.75,73.93,110.39,23.05
Delhi,15-03-2021,5,867.84,0,23.31,37.91,8.35,74.33,110.93,22.04
Delhi,16-03-2021,5,907.9,0,23.65,43.63,10.49,84.48,129.9,24.83
Delhi,17-03-2021,5,1161.58,0.01,32.9,32.54,12.52,90.9,161.37,23.81
Delhi,18-03-2021,5,1335.14,1.48,39.41,4.38,12.28,115.87,211.56,26.6
Delhi,19-03-2021,5,4165.65,46.94,59.63,0,25.99,276.83,387.12,27.11
Delhi,20-03-2021,5,1281.74,0.07,41.13,18.06,17.17,72.22,116.69,23.31
Delhi,21-03-2021,5,1789.09,7.38,47.3,0.34,15.74,106.28,189.24,24.83
Delhi,22-03-2021,5,794.41,0,18.17,61.51,11.33,72.9,112.77,21.79
Delhi,23-03-2021,5,1548.77,0.37,43.53,13.05,22.89,98.99,158.56,22.8
Delhi,24-03-2021,5,1321.79,0.06,35.3,20.92,17.41,100.25,165.3,21.53
Delhi,25-03-2021,4,527.38,0,18.51,65.8,15.97,32.66,51.46,20.27
Delhi,26-03-2021,5,707.63,0,17.82,87.26,12.99,59.72,86.28,20.77
Delhi,27-03-2021,5,1174.93,0.01,37.36,30.76,12.16,84.27,143.91,24.07
Delhi,28-03-2021,5,3070.83,17.88,61.69,0.02,42.44,259.33,407.7,43.06
Delhi,29-03-2021,5,1628.88,0,30.5,88.69,36.72,221.69,299.12,22.8
Delhi,30-03-2021,5,3017.43,6.87,62.38,0.51,36.24,271.5,403.31,31.16
Delhi,31-03-2021,5,680.92,0,8.48,155.93,17.17,126.81,183.53,21.79
Delhi,01-04-2021,3,393.87,0,8.65,140.19,12.28,17.02,23.93,14.57
Delhi,02-04-2021,4,620.84,0,20.05,80.82,15.74,28.98,47.98,22.55
Delhi,03-04-2021,4,814.44,0,24.33,71.53,21.46,45.41,72.64,23.31
Delhi,04-04-2021,5,1321.79,0.01,41.13,24.32,18.36,71.76,132.59,26.09
Delhi,05-04-2021,5,1348.5,0.03,41.47,20.56,16.93,79.87,141.26,26.09
Delhi,06-04-2021,5,694.28,0,16.97,60.8,20.27,51.66,86.06,19
Delhi,07-04-2021,5,867.84,0,18.68,134.47,43.87,111.4,138.85,21.79
Delhi,08-04-2021,5,1321.79,0.01,38.39,28.25,18.6,123.35,196.95,32.93
Delhi,09-04-2021,5,921.25,0,27.08,55.08,16.45,59.48,91.13,25.84
Delhi,10-04-2021,4,574.11,0,19.54,83.69,17.64,27.37,44.69,20.27
Delhi,11-04-2021,4,600.82,0,15.77,77.96,10.49,37.46,58.2,23.56
Delhi,12-04-2021,5,727.65,0,21.42,60.08,16.45,51.95,97.14,23.56
Delhi,13-04-2021,5,907.9,0,26.05,65.09,19.79,72.25,120.51,22.55
Delhi,14-04-2021,4,560.76,0,16.62,81.54,15.74,40.18,70.39,21.79
Delhi,15-04-2021,5,794.41,0,25.02,50.78,14.9,52.65,101.31,23.56
Delhi,16-04-2021,5,974.66,0,30.16,35.05,17.41,75.28,129.79,25.33
Delhi,17-04-2021,4,507.36,0,13.88,81.54,10.61,27.8,56,13.55
Delhi,18-04-2021,5,1682.28,0.11,45.93,15.56,21.22,131.42,226.73,27.87
Delhi,19-04-2021,4,687.6,0,17.14,85.12,18.84,40.88,64.75,20.52
Delhi,20-04-2021,4,647.54,0,18.34,76.53,12.99,32.82,55.68,22.55
Delhi,21-04-2021,4,540.73,0,15.94,68.67,16.93,26.16,52.95,16.21
Delhi,22-04-2021,5,1441.96,0.01,42.84,32.9,20.03,107.81,189.95,17.99
Delhi,23-04-2021,3,520.71,0,11.48,83.69,15.02,24.65,37,13.81
Delhi,24-04-2021,2,514.03,0,11.31,74.39,10.97,18.86,34.62,14.95
Delhi,25-04-2021,4,594.14,0,14.57,108.72,15.97,33.62,47.49,21.53
Delhi,26-04-2021,5,1228.33,0.01,38.73,27.9,17.17,77.33,129.21,28.12
Delhi,27-04-2021,5,2216.34,3.8,65.8,1.38,35.29,133.13,262.65,35.97
Delhi,28-04-2021,5,1121.52,0,30.5,46.49,21.22,80.89,136.45,26.6
Delhi,29-04-2021,5,734.33,0,22.62,71.53,23.6,57.03,92.53,24.07
Delhi,30-04-2021,5,2429.96,0,66.49,45.78,61.04,186.19,254.07,31.41
Delhi,01-05-2021,5,3524.78,1.1,108.3,4.29,77.25,237.22,322.13,35.97
Delhi,02-05-2021,5,2029.42,0,45.24,47.21,46.73,172.24,230.65,23.56
Delhi,03-05-2021,5,2883.91,0.55,85.68,8.76,66.76,196.7,270.07,30.15
Delhi,04-05-2021,5,1401.9,0,29.82,52.93,32.9,110.34,181.71,24.83
Delhi,05-05-2021,5,841.14,0,21.76,87.26,45.3,86.19,112.36,17.48
Delhi,06-05-2021,5,1335.14,0,26.05,73.67,20.98,114.56,167.07,18.75
Delhi,07-05-2021,5,961.3,0,15.25,118.73,16.21,95.59,118.62,12.16
Delhi,08-05-2021,5,2269.75,0.01,56.21,24.32,25.51,191.12,285.61,23.05
Delhi,09-05-2021,5,1054.76,0,17.82,87.26,20.5,87.68,117.62,19.76
Delhi,10-05-2021,5,2937.32,0.02,71.97,22.71,54.36,186.88,267.17,29.13
Delhi,11-05-2021,5,1241.68,0,27.08,83.69,43.39,87.19,113.25,23.56
Delhi,12-05-2021,5,2189.64,0,40.1,43.99,29.09,194.72,288.82,25.33
Delhi,13-05-2021,5,5340.58,4.41,139.83,0.95,62.94,412.37,577.77,36.99
Delhi,14-05-2021,5,1642.23,0,31.87,41.49,22.17,115.84,175.91,24.83
Delhi,15-05-2021,5,1121.52,0,34.96,34.69,18.36,79.14,143.82,26.09
Delhi,16-05-2021,5,3231.05,4.08,101.45,0.86,56.74,235.05,449.97,68.9
Delhi,17-05-2021,5,974.66,0,19.54,101.57,20.74,80.26,135.35,16.97
Delhi,18-05-2021,5,894.55,0,26.73,61.51,32.42,92.4,120.65,15.2
Delhi,19-05-2021,5,2429.96,22.13,161.77,0,173.57,178.48,218.98,13.05
Delhi,20-05-2021,2,453.95,0,7.28,55.08,4.83,16.2,18.42,1.31
Delhi,21-05-2021,5,7263.18,104.61,55.52,0,37.67,454.62,611.13,13.43
Delhi,22-05-2021,5,4753.11,3.8,126.12,1.03,44.35,328.07,428.77,12.67
Delhi,23-05-2021,5,2536.77,0,67.17,45.78,29.33,173.99,261.55,17.73
Delhi,24-05-2021,5,1041.41,0,29.82,33.98,13.23,82.91,135.87,24.83
Delhi,25-05-2021,5,707.63,0,17.14,86.55,11.33,54.03,81.1,22.8
Delhi,26-05-2021,5,1188.28,0,41.47,28.61,17.88,57.01,115.79,25.59
Delhi,27-05-2021,5,10681.15,71.53,161.77,0,94.41,723.33,1018.66,52.69
Delhi,28-05-2021,5,7049.56,0,143.95,42.2,72.48,706.24,813.98,33.44
Delhi,29-05-2021,5,1161.58,0,27.42,103,35.29,120.03,148.46,25.08
Delhi,30-05-2021,5,700.95,0,22.96,87.26,37.19,68.24,85.99,16.97
Delhi,31-05-2021,5,1401.9,0,32.22,45.42,24.8,105.4,157.5,22.55
Delhi,01-06-2021,5,2483.37,0,68.55,48.64,45.3,225.64,352.39,11.02
Delhi,02-06-2021,5,3017.43,1.44,64.43,5.36,28.13,284.6,400.44,9.5
Delhi,03-06-2021,5,4379.27,3.63,81.57,1.45,31.95,516.05,734.43,23.05
Delhi,04-06-2021,5,2803.8,0.11,56.89,13.23,21.22,372.28,532.87,24.57
Delhi,05-06-2021,5,11535.65,26.38,244.02,0,75.34,1067.93,1303.25,38
Delhi,06-06-2021,5,2883.91,1.38,80.88,3.93,34.33,198.26,301.58,25.84
Delhi,07-06-2021,5,2296.45,5.31,60.32,0.44,27.9,171.74,291.85,38.51
Delhi,08-06-2021,5,3952.03,0,117.9,48.64,118.26,262.62,327.48,32.17
Delhi,09-06-2021,5,1174.93,0.09,39.41,13.95,26.7,72.97,202.81,25.08
Delhi,10-06-2021,5,5874.63,52.75,109.67,0,92.51,355.35,600.72,49.14
Delhi,11-06-2021,4,814.44,0,24.33,72.24,43.39,35.14,68.13,14.82
Delhi,12-06-2021,5,881.2,0,20.22,108.72,38.62,69.81,90.43,15.33
Delhi,13-06-2021,5,1014.71,0,22.28,154.5,55.31,89.82,93.85,3.26
Delhi,14-06-2021,4,607.49,0,21.94,90.84,42.44,34.47,43.47,13.93
Delhi,15-06-2021,4,881.2,0,41.47,54.36,61.04,45.74,62.27,19.25
Delhi,16-06-2021,5,3417.97,29.95,66.49,0,43.87,184.89,367.7,36.99
Delhi,17-06-2021,5,1148.22,0,26.73,67.23,32.9,101.64,133.06,6.84
Delhi,18-06-2021,4,807.76,0,26.39,48.64,38.62,41.32,59.11,11.91
Delhi,19-06-2021,4,827.79,0,27.42,55.79,38.15,48.57,75.11,11.02
Delhi,20-06-2021,2,473.98,0,10.8,33.62,10.73,14.77,23.27,3.71
Delhi,21-06-2021,4,734.33,0,18.85,50.07,22.17,43.51,62.37,12.03
Delhi,22-06-2021,5,4646.3,7.6,106.93,0.3,60.08,304.49,421.12,39.01
Delhi,23-06-2021,5,2883.91,6.31,69.23,0.34,40.05,200.18,372.87,35.97
Delhi,24-06-2021,5,1121.52,0,28.79,113.01,50.55,157.92,185.99,21.79
Delhi,25-06-2021,5,1842.5,0,38.04,47.21,38.15,138.68,207.64,27.87
Delhi,26-06-2021,5,2029.42,0.75,61.01,5.81,38.62,131.1,288.19,26.85
Delhi,27-06-2021,5,947.95,0,21.76,124.45,47.21,145.29,217.81,18.24
Delhi,28-06-2021,5,1081.47,0,24.33,103,42.44,117.65,141.57,16.21
Delhi,29-06-2021,5,2910.61,0,63.06,35.76,64.85,240.33,345.26,35.47
Delhi,30-06-2021,5,607.49,0,17.31,80.11,12.64,70.41,169.66,19.76
Delhi,01-07-2021,5,467.3,0,15.59,62.23,16.21,51.93,187.02,13.93
Delhi,02-07-2021,5,634.19,0,26.39,47.92,24.56,50.25,142.92,18.24
Delhi,03-07-2021,5,647.54,0,28.79,51.5,30.99,61.15,199.71,14.57
Delhi,04-07-2021,5,1348.5,0.03,39.76,18.24,27.18,116.77,357.78,19.51
Delhi,05-07-2021,5,1335.14,0,35.64,40.77,46.73,130.79,293.88,25.84
Delhi,06-07-2021,5,2723.69,7.71,70.6,1.16,47.21,174.06,401.19,30.15
Delhi,07-07-2021,5,647.54,0,22.96,44.35,14.42,73.84,225.06,18.75
Delhi,08-07-2021,5,694.28,0,21.42,65.09,24.56,57.39,166.02,14.69
Delhi,09-07-2021,5,867.84,0,22.62,95.84,53.41,114.5,198.67,19
Delhi,10-07-2021,5,781.06,0,21.94,107.29,47.21,67.45,79.09,12.92
Delhi,11-07-2021,4,714.3,0,18.85,120.16,45.78,34.69,40.57,9.5
Delhi,12-07-2021,2,540.73,0,19.54,28.25,32.9,16.25,20.85,4.12
Delhi,13-07-2021,4,600.82,0,29.13,30.76,51.98,25.77,34.27,6.97
Delhi,14-07-2021,4,907.9,0,32.22,32.54,39.58,38,61.28,11.15
Delhi,15-07-2021,4,921.25,0,26.39,33.26,33.85,47.78,66.18,7.92
Delhi,16-07-2021,4,720.98,0,20.39,77.25,34.33,39.71,52.4,11.4
Delhi,17-07-2021,5,1375.2,0,28.79,43.99,19.31,113.02,160.07,8.74
Delhi,18-07-2021,5,3952.03,17.66,101.45,0.23,49.11,209.98,274.25,31.16
Delhi,19-07-2021,4,727.65,0.08,26.05,13.05,38.15,28.59,32.09,1.77
Delhi,20-07-2021,4,1228.33,11.96,41.47,0.01,39.58,46.11,57.79,4.56
Delhi,21-07-2021,5,5073.55,77.78,160.4,0,173.57,495.56,550.57,1.65
Delhi,22-07-2021,5,1495.36,0,42.5,28.97,38.62,112.83,141.48,6.14
Delhi,23-07-2021,5,1295.09,0,28.1,27.9,36.24,84.11,95.07,4.12
Delhi,24-07-2021,5,1922.61,0,28.79,48.64,22.89,173.31,221.74,5.76
Delhi,25-07-2021,5,1575.47,0,38.39,43.99,31.47,129.68,161.35,6.4
Delhi,26-07-2021,5,934.6,0,26.39,48.64,27.18,57.91,79.1,8.74
Delhi,27-07-2021,5,3417.97,10.73,73.34,0.04,61.99,232.52,291.66,8.49
Delhi,28-07-2021,5,2296.45,12.07,62.38,0.03,50.07,123.73,160.49,6.97
Delhi,29-07-2021,5,2723.69,46.94,37.7,0,41.01,155.75,225.52,15.96
Delhi,30-07-2021,5,1949.31,17.66,42.5,0,19.07,99.49,197.59,9.12
Delhi,31-07-2021,5,1014.71,0,20.22,47.92,24.32,72.8,83.75,3.8
Delhi,01-08-2021,5,1361.85,0,30.85,41.13,27.66,116.38,147.12,5.76
Delhi,02-08-2021,5,2483.37,29.95,23.65,0,13.71,149.29,272.27,7.22
Delhi,03-08-2021,5,1161.58,0,27.76,26.46,19.79,88.99,120.2,4.37
Delhi,04-08-2021,5,674.25,0,15.25,62.94,18.6,58.98,69.6,4.5
Delhi,05-08-2021,5,794.41,0,21.25,39.7,17.88,63.52,90.34,6.14
Delhi,06-08-2021,5,1535.42,0,32.22,27.18,22.89,129.28,181.93,6.4
Delhi,07-08-2021,5,2750.4,1.82,55.52,3.44,36.72,210.18,271.65,5.32
Delhi,08-08-2021,5,1815.8,0.03,36.33,15.74,25.27,128.03,165.29,6.02
Delhi,09-08-2021,5,2029.42,0.09,38.73,13.59,26.23,124.44,165.42,5.76
Delhi,10-08-2021,5,8438.11,227.09,90.48,0,81.06,652.15,763.91,7.54
Delhi,11-08-2021,5,2243.04,12.07,54.84,0.01,30.04,148.65,355.72,16.72
Delhi,12-08-2021,5,1922.61,9.28,54.84,0.18,31.47,97.2,183.85,16.47
Delhi,13-08-2021,5,2109.53,15.87,56.21,0.04,32.42,109.33,212.25,19.25
Delhi,14-08-2021,5,1668.93,5.64,58.26,2.5,31.95,84.46,166.07,22.04
Delhi,15-08-2021,4,847.82,0.11,34.96,17.88,23.84,44.03,98.56,15.45
Delhi,16-08-2021,5,5928.04,116.23,53.47,0,105.86,347.44,651.38,95.25
Delhi,17-08-2021,5,6301.88,102.82,47.98,0,41.49,430.11,700.22,12.79
Delhi,18-08-2021,5,7904.05,114.44,67.17,0,50.55,572.16,896.29,26.6
Delhi,19-08-2021,5,1789.09,0,32.56,47.21,19.55,186.18,281.65,8.49
Delhi,20-08-2021,5,1201.63,0.91,35.99,3.4,43.87,59.63,75.74,6.65
Delhi,21-08-2021,3,680.92,0.05,21.08,14.66,26.46,24.29,30.46,2.85
Delhi,22-08-2021,4,767.71,0.02,22.96,20.56,31.47,40.36,45.96,2.44
Delhi,23-08-2021,5,2243.04,16.54,37.7,0.01,26.7,118.98,168.35,5.89
Delhi,24-08-2021,5,8544.92,191.33,47.3,0,43.87,544.34,669.48,10.89
Delhi,25-08-2021,5,6675.72,146.63,47.3,0,42.92,364.39,465.33,7.85
Delhi,26-08-2021,5,907.9,0.01,30.16,26.11,19.55,52.62,137.92,18.49
Delhi,27-08-2021,5,2883.91,37.1,70.6,0.01,35.76,153.86,278.97,16.09
Delhi,28-08-2021,5,1562.12,0.59,61.01,5.63,41.96,96.15,225.57,18.24
Delhi,29-08-2021,5,961.3,0.07,30.5,13.41,28.85,74.52,104.16,5.83
Delhi,30-08-2021,5,947.95,0,25.36,42.92,32.42,109.27,121.85,5.7
Delhi,31-08-2021,4,801.09,0.02,25.36,21.64,28.13,44.44,64.23,5.76
Delhi,01-09-2021,4,700.95,0.01,24.33,23.6,29.8,38.15,45.95,3.42
Delhi,02-09-2021,5,1588.82,1.23,37.36,3.17,23.37,102.59,164.05,6.08
Delhi,03-09-2021,5,3738.4,30.85,89.11,0,51.98,233.74,290.55,8.36
Delhi,04-09-2021,5,1895.9,17.21,61.69,0,69.62,115.51,142.06,5.38
Delhi,05-09-2021,5,7904.05,159.14,40.44,0,34.81,518.83,649.22,13.81
Delhi,06-09-2021,5,6515.5,9.95,126.12,0.13,55.79,607.09,687.19,4.62
Delhi,07-09-2021,5,4325.87,36.66,89.11,0,46.25,308.06,393.75,8.11
Delhi,08-09-2021,4,894.55,0.01,21.76,22.53,26.23,32.45,45.61,5.13
Delhi,09-09-2021,4,580.79,0,21.76,36.48,30.99,25.77,35.43,5.32
Delhi,10-09-2021,5,867.84,0,23.65,44.35,29.8,61.36,76.73,5.51
Delhi,11-09-2021,4,767.71,0.03,23.31,19.67,30.28,30.99,36.7,2.76
Delhi,12-09-2021,4,761.03,0.03,21.76,18.24,27.18,39.86,48.47,3.83
Delhi,13-09-2021,5,1068.12,0.1,21.76,11.62,12.52,66.11,97.31,4.62
Delhi,14-09-2021,5,1308.44,0.01,27.76,24.68,20.27,99.14,137.33,5.26
Delhi,15-09-2021,5,3231.05,59.01,16.28,0,25.51,206.81,430.32,17.73
Delhi,16-09-2021,5,1388.55,0.81,38.73,10.73,10.73,101.8,173.51,5.51
Delhi,17-09-2021,5,1214.98,0.07,30.5,17.35,18.6,107.62,149.53,7.79
Delhi,18-09-2021,3,540.73,0,20.05,28.61,21.7,23.18,34.36,6.9
Delhi,19-09-2021,5,934.6,0,21.25,43.99,20.5,67.49,88.21,6.08
Delhi,20-09-2021,5,1628.88,0.34,42.16,7.87,21.7,128.08,171.49,6.46
Delhi,21-09-2021,5,1895.9,0.11,54.84,11.62,31.95,135.97,186.86,7.85
Delhi,22-09-2021,5,1708.98,0,34.62,41.84,34.33,199.61,228.74,6.33
Delhi,23-09-2021,5,1508.71,2.1,34.62,1.54,30.28,102.38,129.16,6.71
Delhi,24-09-2021,5,1188.28,0.03,28.79,18.06,20.27,93.22,135.14,5.26
Delhi,25-09-2021,5,1228.33,0.01,30.16,21.64,18.36,86.37,127.81,5.13
Delhi,26-09-2021,5,1241.68,0.01,25.36,25.75,13.71,114.71,162.21,6.14
Delhi,27-09-2021,5,934.6,0,18.17,48.64,16.93,65.85,85.18,4.94
Delhi,28-09-2021,5,1869.2,0.53,41.13,14.31,20.98,135.48,196.01,7.41
Delhi,29-09-2021,5,974.66,0.02,27.76,20.74,25.99,54.67,78.89,6.08
Delhi,30-09-2021,5,1188.28,0,32.9,58.65,40.05,103.81,130.59,6.59
Delhi,01-10-2021,5,8224.49,97.45,116.53,0,51.98,619.22,798.04,10.89
Delhi,02-10-2021,5,6141.66,40.23,119.27,0,42.92,413.59,502.07,10.64
Delhi,03-10-2021,5,1268.39,0.1,33.24,12.7,12.04,74,113.67,7.54
Delhi,04-10-2021,5,1668.93,8.05,38.73,0.12,16.69,78.7,137.47,12.41
Delhi,05-10-2021,5,6515.5,113.55,51.41,0,46.25,423.72,737.35,34.45
Delhi,06-10-2021,5,6622.31,67.95,148.06,0,122.07,523.68,813.73,127.67
Delhi,07-10-2021,5,1642.23,0.18,42.16,13.23,15.97,127.99,193.39,9.88
Delhi,08-10-2021,5,1535.42,0,37.36,38.27,12.64,132.07,194.69,11.27
Delhi,09-10-2021,5,3471.37,39.34,52.78,0,24.32,232.36,385.49,16.97
Delhi,10-10-2021,5,1815.8,9.39,42.5,0.14,13.83,131.25,248.42,15.07
Delhi,11-10-2021,5,9506.23,164.51,100.08,0,160.22,667.51,898.17,135.78
Delhi,12-10-2021,5,13031.01,236.03,113.79,0,123.98,922.13,1171.47,90.18
Delhi,13-10-2021,5,1401.9,0.6,43.53,20.03,11.09,106.37,195.68,24.07
Delhi,14-10-2021,5,1214.98,0,25.36,74.39,17.41,179.46,236.96,25.84
Delhi,15-10-2021,5,1001.36,0,28.1,50.78,12.04,89.78,129.89,24.07
Delhi,16-10-2021,5,1508.71,0.01,39.76,30.04,12.4,126.71,190.83,24.32
Delhi,17-10-2021,5,3898.62,16.76,60.32,0.02,34.81,383.19,542.75,31.41
Delhi,18-10-2021,5,947.95,0.27,22.96,9.03,9.3,68.22,96.41,5.13
Delhi,19-10-2021,5,1028.06,5.76,27.42,0.14,10.37,53.24,97.02,6.27
Delhi,20-10-2021,5,1401.9,0.1,37.36,15.91,13.83,83.47,119.53,6.84
Delhi,21-10-2021,5,1174.93,0,31.19,45.06,13.95,94.6,136.43,22.55
Delhi,22-10-2021,5,947.95,0,29.47,43.27,12.4,69.14,125,22.29
Delhi,23-10-2021,5,17089.84,418.43,109.67,0,115.4,1171.57,1438.15,60.8
Delhi,24-10-2021,5,2216.34,4.25,65.8,0.54,24.8,129.97,180.78,13.05
Delhi,25-10-2021,5,1281.74,0.57,30.85,9.92,9.66,104.78,150.95,4.31
Delhi,26-10-2021,5,1028.06,0,27.42,40.05,9.66,107.56,139.9,6.9
Delhi,27-10-2021,5,1482.01,0.11,41.13,18.24,11.09,109.31,172.67,13.81
Delhi,28-10-2021,5,1094.82,0,28.45,53.64,10.25,89.64,125.28,19.51
Delhi,29-10-2021,5,1575.47,0.86,44.55,7.15,10.01,113.26,176.33,10.64
Delhi,30-10-2021,5,1375.2,0,29.82,67.95,10.73,134.42,171.85,20.27
Delhi,31-10-2021,5,1241.68,0,16.28,108.72,13.23,135.97,163.03,24.57
Delhi,01-11-2021,5,4753.11,72.42,74.71,0,62.94,345.21,537.28,81.06
Delhi,02-11-2021,5,2429.96,0,54.84,54.36,30.52,272.11,342.32,12.92
Delhi,03-11-2021,5,2696.99,0,59.63,50.07,30.99,325.31,388.36,13.05
Delhi,04-11-2021,5,4219.06,43.81,79.51,0.02,29.8,326.7,423.43,38
Delhi,05-11-2021,5,4806.52,40.23,119.27,0,58.65,444.65,643.47,65.86
Delhi,06-11-2021,5,3898.62,43.81,65.8,0,19.07,267.35,387.03,33.94
Delhi,07-11-2021,5,1762.39,0,13.71,141.62,11.56,173.63,201.62,25.84
Delhi,08-11-2021,5,2136.23,0,37.7,43.63,10.01,202.51,259.17,21.28
Delhi,09-11-2021,5,2403.26,0,35.3,67.23,13.71,211.51,257.53,29.64
Delhi,10-11-2021,5,3738.4,1.79,86.37,3.93,17.88,349.67,487.08,24.32
Delhi,11-11-2021,5,4486.08,15.65,78.83,0.04,24.56,414.74,582.95,40.02
Delhi,12-11-2021,5,2910.61,20.79,51.41,0,14.54,266.75,407.37,23.31
Delhi,13-11-2021,5,2616.88,1.29,62.38,7.96,13.11,234.79,313.12,29.89
Delhi,14-11-2021,5,2109.53,0,37.7,55.79,10.73,202.88,247.91,27.36
Delhi,15-11-2021,5,2883.91,8.61,68.55,0.51,13.23,231.64,316,30.4
Delhi,16-11-2021,5,2029.42,1.44,56.21,5.5,13.11,216.01,290.47,29.64
Delhi,17-11-2021,5,2323.15,5.09,58.26,1.04,12.87,244.25,337.08,25.08
Delhi,18-11-2021,5,7156.37,88.51,97.33,0,31.95,682.44,978.15,36.98
Delhi,19-11-2021,5,5180.36,40.68,171.36,0,122.07,547.64,766.34,168.2
Delhi,20-11-2021,5,2990.72,38,55.52,0,18.6,246.58,375.02,23.81
Delhi,21-11-2021,5,1375.2,0,33.24,48.64,10.85,165.84,209.02,23.81
Delhi,22-11-2021,5,1108.17,0,21.08,77.96,11.44,131.34,150.76,24.57
Delhi,23-11-2021,5,974.66,0,18.68,85.12,11.68,129.83,150.94,21.28
Delhi,24-11-2021,5,3337.86,36.66,60.32,0,20.74,302.64,450.06,30.4
Delhi,25-11-2021,5,3952.03,2.37,80.88,6.08,24.08,533.84,633.17,10.77
Delhi,26-11-2021,5,11001.59,243.19,116.53,0,34.81,804.43,964.07,13.68
Delhi,27-11-2021,5,7476.81,86.72,116.53,0,131.61,764.23,1022.97,129.7
Delhi,28-11-2021,5,2109.53,0.05,42.5,20.56,12.87,276.76,340.07,5.38
Delhi,29-11-2021,5,2670.29,11.4,76.77,0.12,35.29,345.12,484.74,95.25
Delhi,30-11-2021,5,1014.71,0,24.68,65.09,9.3,111.27,133.48,24.07
Delhi,01-12-2021,5,1869.2,0.34,47.98,13.23,10.85,221.17,291.07,18.75
Delhi,02-12-2021,5,1815.8,0.04,45.24,24.32,10.85,263.89,320.61,17.23
Delhi,03-12-2021,5,2296.45,2.49,54.15,4.02,11.56,266.59,336.37,8.11
Delhi,04-12-2021,5,3150.94,38.44,108.3,0,56.27,332.01,503.75,87.14
Delhi,05-12-2021,5,5180.36,54.09,101.45,0,56.74,480.37,652.3,70.93
Delhi,06-12-2021,5,1869.2,7.1,64.43,0.93,21.22,251.64,304.34,8.74
Delhi,07-12-2021,5,1281.74,0.05,36.33,22.53,8.23,131.51,168.82,5.57
Delhi,08-12-2021,5,1214.98,0.01,36.67,31.83,9.42,90.82,124.13,19.76
Delhi,09-12-2021,5,2136.23,7.6,56.21,0.46,11.21,174.56,246.16,10.13
Delhi,10-12-2021,5,2563.48,1.49,66.49,7.87,11.56,243.29,310.54,8.36
Delhi,11-12-2021,5,1401.9,0,36.33,42.92,11.44,152.63,184.12,17.73
Delhi,12-12-2021,5,1976.01,1.9,51.41,3.84,8.94,209.2,265.09,11.65
Delhi,13-12-2021,5,14099.12,232.46,246.76,0,116.35,1172.89,1400.39,100.31
Delhi,14-12-2021,5,4859.92,29.5,102.82,0.01,87.74,706.98,900.97,70.93
Delhi,15-12-2021,5,2002.72,2.26,70.6,5.81,31.47,316.23,390.07,12.16
Delhi,16-12-2021,5,2670.29,11.73,78.14,0.28,19.55,309.43,420.58,22.29
Delhi,17-12-2021,5,1214.98,0,34.27,42.92,10.01,157.42,186.71,11.65
Delhi,18-12-2021,5,934.6,0,20.73,80.82,10.25,89.76,107.54,20.77
Delhi,19-12-2021,5,881.2,0,12.17,105.86,12.4,104.57,115.91,18.24
Delhi,20-12-2021,5,1041.41,0,21.42,77.96,12.04,156.68,177.58,15.33
Delhi,21-12-2021,5,3150.94,39.79,58.26,0,12.16,323.17,439.74,9.75
Delhi,22-12-2021,5,2723.69,22.58,56.89,0.02,13.23,329.59,438.34,13.05
Delhi,23-12-2021,5,3631.59,43.36,76.77,0,29.33,401.75,568.52,39.52
Delhi,24-12-2021,5,5287.17,43.36,85,0,29.8,601.65,781.29,20.27
Delhi,25-12-2021,5,4005.43,11.73,79.51,0.2,45.78,610.01,807.37,48.64
Delhi,26-12-2021,5,5020.14,31.29,130.24,0,58.65,658.38,867.8,82.08
Delhi,27-12-2021,5,2029.42,0.01,34.27,36.48,20.5,342.77,377.81,2.5
Delhi,28-12-2021,5,1895.9,23.69,45.24,0.03,13.83,161.77,241.68,9.63
Delhi,29-12-2021,5,7583.62,169.87,57.58,0,70.57,668.44,911.17,42.56
Delhi,30-12-2021,5,1708.98,0.19,48.67,17.7,8.58,173.6,223.24,13.81
Delhi,31-12-2021,5,1869.2,0.25,56.21,20.03,9.06,167.37,225.52,6.33
Delhi,01-01-2022,5,2269.74,1.09,64.43,7.06,10.01,230.56,292.91,5.64
Delhi,02-01-2022,5,2937.32,7.6,58.95,0.87,8.11,344.25,414.38,5.95
Delhi,03-01-2022,5,2136.23,1.16,46.61,6.62,7.75,293.96,354.64,6.84
Delhi,04-01-2022,5,3364.56,25.7,52.09,0.01,12.52,358.17,458.79,8.61
Delhi,05-01-2022,5,3070.83,26.15,46.61,0.01,23.37,378.07,533.27,32.17
Delhi,06-01-2022,5,1588.82,0,41.13,42.92,41.96,198.95,211.53,4.24
Delhi,07-01-2022,5,1762.39,0.3,54.15,13.77,35.76,205.69,230.14,5.57
Delhi,08-01-2022,5,801.09,0,26.73,52.93,34.33,88.26,95.42,4.24
Delhi,09-01-2022,5,3257.75,46.49,43.53,0,31.95,224.92,272.42,9.88
Delhi,10-01-2022,5,1174.93,3.69,26.39,0.86,6.85,63.42,90.2,5.32
Delhi,11-01-2022,5,2136.23,10.95,46.61,0.4,9.42,193.63,266.28,6.9
Delhi,12-01-2022,5,1281.74,0,28.79,45.78,10.61,129.83,154.75,4.43
Delhi,13-01-2022,5,4058.84,54.99,41.47,0,16.45,396.16,528.41,12.03
Delhi,14-01-2022,5,8438.11,134.11,161.77,0,119.21,696.28,945.87,118.55
Delhi,15-01-2022,5,2216.34,1.17,53.47,7.78,8.94,240.94,303.34,5.7
Delhi,16-01-2022,5,1815.8,0.82,38.73,7.96,8.11,263.23,314.92,7.28
Delhi,17-01-2022,5,3097.53,35.32,45.24,0,18.12,366.08,466.68,24.32
Delhi,18-01-2022,5,4058.84,76,60.32,0,55.79,428.14,590.22,76
Delhi,19-01-2022,5,1628.88,0.22,38.39,15.56,9.42,245.25,291.37,5
Delhi,20-01-2022,5,2750.4,19.89,46.61,0.02,23.6,297.66,393.62,19.76
Delhi,21-01-2022,5,14953.61,400.54,76.77,0,56.74,1231.02,1506.77,29.64
Delhi,22-01-2022,5,2616.88,0.03,54.84,60.8,21.93,389.11,427.39,2.85
Delhi,23-01-2022,5,801.09,0,23.65,67.95,36.72,103.61,107.51,2.53
Delhi,24-01-2022,5,1869.2,15.87,25.36,0.02,15.02,121.22,154.28,8.99
Delhi,25-01-2022,5,2456.67,45.15,24.68,0,11.32,177.81,284,10.26
Delhi,26-01-2022,5,1361.85,0.11,34.96,20.38,8.58,149.07,185.86,4.75
Delhi,27-01-2022,5,1161.58,0,26.73,42.2,8.46,120.33,146.44,4.5
Delhi,28-01-2022,5,881.2,0,22.62,62.94,10.25,92.39,112.42,7.16
Delhi,29-01-2022,5,1214.98,0.16,39.07,17.34,9.06,90.79,127.04,4.5
Delhi,30-01-2022,5,727.65,0,20.91,44.7,8.11,81.69,101.95,4.62
Delhi,31-01-2022,5,1121.52,0.01,25.36,40.05,8.7,160.35,189.66,3.93
Delhi,01-02-2022,5,5393.98,44.7,141.2,0,183.11,712.25,969.13,143.89
Delhi,02-02-2022,5,1081.47,0,24.33,47.21,9.78,205.88,251.3,4.81
Delhi,03-02-2022,5,1468.66,0,27.76,107.29,37.67,302.55,351,3.61
Delhi,04-02-2022,5,1441.96,0.01,43.87,36.12,41.01,160.04,182.47,6.4
Delhi,05-02-2022,5,1842.5,30.85,34.27,0,15.5,133.23,242.19,17.48
Delhi,06-02-2022,5,2777.1,24.14,55.52,0.03,16.69,292.61,413.85,13.05
Delhi,07-02-2022,5,7797.24,67.95,134.35,0,44.35,854.31,1040.81,26.6
Delhi,08-02-2022,5,7690.43,118.02,86.37,0,67.71,715.63,978.15,62.32
Delhi,09-02-2022,5,6355.29,67.95,72.66,0,83.92,734.99,891.86,65.86
Delhi,10-02-2022,5,2937.32,33.97,32.22,0,18.6,301.58,467.28,14.06
Delhi,11-02-2022,5,1108.17,0,16.28,107.29,13.35,107.64,125.31,18.49
Delhi,12-02-2022,5,934.6,0,17.82,83.68,11.21,130.88,154.31,11.27
Delhi,13-02-2022,5,2376.56,36.66,28.1,0,16.45,219.7,345.48,20.01
Delhi,14-02-2022,5,2723.69,5.25,65.12,1.41,42.92,343.18,513.9,82.08
Delhi,15-02-2022,5,4753.11,42.47,74.03,0,61.99,613.5,882.91,63.33
Delhi,16-02-2022,5,1762.39,3.41,43.53,2.5,11.09,289.01,369.67,8.49
Delhi,17-02-2022,5,1148.22,0,29.82,43.27,9.89,169.25,211.82,6.4
Delhi,18-02-2022,5,3124.24,27.72,56.89,0.01,35.76,288.13,423.44,39.52
Delhi,19-02-2022,5,1148.22,0.01,32.9,31.83,9.89,103.1,143.24,22.04
Delhi,20-02-2022,5,834.47,0,15.59,85.83,15.5,119.66,136.87,16.09
Delhi,21-02-2022,5,1228.33,0.12,27.76,26.46,12.87,140.26,175.55,9.75
Delhi,22-02-2022,5,10467.53,171.66,164.51,0,88.69,856.13,972.68,36.48
Delhi,23-02-2022,5,847.82,0,22.62,125.89,65.8,165.23,180.48,11.78
Delhi,24-02-2022,5,3150.94,13.41,43.87,0.16,15.5,405.31,556.07,8.74
Delhi,25-02-2022,5,1415.25,0.3,35.3,17.88,10.01,136.04,186.35,7.22
Delhi,26-02-2022,5,894.55,0,18.16,111.58,20.03,119.89,143.72,5.57
Delhi,27-02-2022,4,594.14,0,19.36,60.08,15.5,26.76,42.03,15.45
Delhi,28-02-2022,4,680.92,0,18.51,63.66,9.66,49.68,65.61,21.53
Delhi,01-03-2022,5,1108.17,0,28.79,52.93,11.56,109.68,141.46,20.01
Delhi,02-03-2022,5,1361.85,0.25,35.64,15.38,8.7,117.62,162.37,13.81
Delhi,03-03-2022,5,3391.27,22.58,90.48,0.01,30.52,219.09,375.56,44.58
Delhi,04-03-2022,5,2109.53,12.85,46.61,0.19,12.87,217.04,333,7.16
Delhi,05-03-2022,4,580.79,0,11.14,79.39,7.15,39.18,48.31,15.58
Delhi,06-03-2022,5,747.68,0,15.42,70.81,7.87,71.47,87.58,20.52
Delhi,07-03-2022,5,7797.24,18.78,213.86,0.04,146.87,691.63,875.23,117.54
Delhi,08-03-2022,5,2510.07,2.63,69.23,2.86,18.36,406.91,562.76,27.61
Delhi,09-03-2022,5,1028.06,0.01,28.79,33.97,9.66,77.78,110.98,23.81
Delhi,10-03-2022,5,767.71,0,24.33,37.19,11.68,54.5,81.97,23.56
Delhi,11-03-2022,5,821.11,0,19.02,72.24,11.21,77.45,101.87,21.53
Delhi,12-03-2022,5,821.11,0,20.73,55.79,10.73,63.26,91.8,23.05
Delhi,13-03-2022,5,807.76,0,19.71,50.07,7.99,63.6,94.83,20.52
Delhi,14-03-2022,5,1495.36,2.74,39.07,2.1,8.94,125.03,202.4,13.55
Delhi,15-03-2022,5,2162.93,13.19,50.72,0.07,14.66,188.32,330.91,18.24
Delhi,16-03-2022,5,694.27,0,14.91,80.11,12.4,98.15,144.8,20.27
Delhi,17-03-2022,5,907.9,0,17.14,72.24,10.13,130.25,176.9,22.29
Delhi,18-03-2022,5,1668.93,0,28.45,71.53,26.94,274.26,344.8,13.17
Delhi,19-03-2022,5,3097.53,7.49,60.32,0.77,27.42,315.36,409.88,19.76
Delhi,20-03-2022,5,3257.75,0,71.29,27.18,35.76,410.37,532.13,22.29
Delhi,21-03-2022,5,1869.2,0.26,37.7,11.18,14.66,241.29,329.06,25.84
Delhi,22-03-2022,5,647.54,0,15.25,79.39,16.21,89.82,118.83,21.79
Delhi,23-03-2022,5,787.73,0,13.88,115.87,18.6,120,150.69,21.28
Delhi,24-03-2022,5,5981.45,46.04,146.69,0,135.42,428.44,518.98,36.98
Delhi,25-03-2022,5,1321.79,0,35.3,38.98,16.45,143.29,229.26,24.57
Delhi,26-03-2022,5,707.63,0,20.05,67.23,13.23,64.38,95.82,22.8
Delhi,27-03-2022,5,660.9,0,13.19,87.98,11.32,85.17,111.24,22.29
Delhi,28-03-2022,5,1482.01,1.49,47.3,4.11,21.93,103.43,198.37,32.42
Delhi,29-03-2022,5,2269.74,4.3,63.75,1.36,34.33,147.94,269.81,27.87
Delhi,30-03-2022,5,2189.64,21.23,49.35,0,35.76,136.96,295.62,46.1
Delhi,31-03-2022,5,2590.18,10.51,65.12,0.11,33.38,198.6,353.89,33.44
Delhi,01-04-2022,5,1708.98,0.11,40.1,21.1,22.89,239.63,320.94,30.91
Delhi,02-04-2022,5,988.01,0,27.76,60.08,18.6,58.41,90.05,23.05
Delhi,03-04-2022,5,2056.12,0,46.61,56.51,51.5,153.86,210.59,26.09
Delhi,04-04-2022,5,2269.74,1.1,67.86,5.63,36.72,161.41,270.48,32.93
Delhi,05-04-2022,5,754.36,0,20.73,87.26,18.6,60.69,95.11,21.79
Delhi,06-04-2022,5,774.38,0,21.25,84.4,16.45,71.39,101.05,22.04
Delhi,07-04-2022,5,1054.76,0,32.9,52.93,21.46,76.46,123.17,25.84
Delhi,08-04-2022,5,1201.63,0.01,39.41,28.25,22.17,74.81,130.08,25.84
Delhi,09-04-2022,4,754.36,0,23.99,61.51,14.07,49.81,93.51,20.52
Delhi,10-04-2022,5,921.25,0,27.42,56.51,25.27,69.05,115.27,22.8
Delhi,11-04-2022,5,707.63,0,19.71,80.82,16.93,57.72,94.08,22.29
Delhi,12-04-2022,4,854.49,0,28.1,50.07,16.93,49.99,98.08,23.56
Delhi,13-04-2022,5,6942.75,19.45,178.22,0.01,154.5,406.45,536.39,37.49
Delhi,14-04-2022,5,2349.85,7.6,65.8,0.52,43.87,151.9,335.41,35.97
Delhi,15-04-2022,5,2563.48,9.16,61.69,0.21,55.31,177.27,341.35,32.42
Delhi,16-04-2022,5,1054.76,0,29.82,65.09,24.56,88.97,147.71,24.07
Delhi,17-04-2022,5,1028.06,0,34.62,31.47,16.93,57.96,106.29,26.35
Delhi,18-04-2022,5,1522.06,0.22,42.16,11.62,31.95,94.57,186.45,28.63
Delhi,19-04-2022,5,881.2,0,27.08,51.5,15.74,57.21,99.22,24.57
Delhi,20-04-2022,5,841.14,0,32.22,36.48,22.41,69.58,153,23.81
Delhi,21-04-2022,5,747.68,0,24.68,67.23,22.65,64.35,124.83,20.27
Delhi,22-04-2022,5,1108.17,0,31.87,37.55,30.28,94.51,188.32,23.05
Delhi,23-04-2022,4,554.08,0,18.68,81.54,18.12,45.86,92.08,22.04
Delhi,24-04-2022,4,480.65,0,13.88,110.15,21.93,41.32,67.33,19.25
Delhi,25-04-2022,4,674.25,0,14.05,113.01,14.78,45.4,71.95,21.79
Delhi,26-04-2022,5,894.55,0,33.59,50.78,24.32,55.68,115.03,23.56
Delhi,27-04-2022,5,827.79,0,23.31,108.72,21.22,64.46,119.31,20.52
Delhi,28-04-2022,5,1028.06,0,26.39,85.12,18.84,57.53,95.42,26.35
Delhi,29-04-2022,5,1321.79,0.15,47.3,13.59,23.6,73.78,159.62,28.12
Delhi,30-04-2022,4,607.49,0,20.73,64.37,12.52,34.75,67.69,21.79
Delhi,01-05-2022,4,814.44,0,27.08,43.27,15.5,43.97,94.37,22.29
Delhi,02-05-2022,5,774.38,0,15.25,158.79,35.76,89.83,106.27,14.19
Delhi,03-05-2022,4,807.76,0,20.05,94.41,40.05,49.88,63.86,17.48
Delhi,04-05-2022,5,1708.98,0,47.3,84.4,61.04,135.31,166.38,25.84
Delhi,05-05-2022,5,3150.94,0.02,75.4,22.71,63.9,203.44,318.02,39.01
Delhi,06-05-2022,5,1268.39,0,40.1,32.54,22.17,76.27,166.75,25.59
Delhi,07-05-2022,5,1028.06,0,31.87,47.21,19.55,61.73,125.65,23.81
Delhi,08-05-2022,5,1762.39,0,38.73,28.61,32.9,122.14,199.48,24.07
Delhi,09-05-2022,5,801.09,0,18.16,104.43,36.72,52.2,67.54,16.47
Delhi,10-05-2022,5,847.82,0,24.33,82.97,46.73,52.25,68.1,15.33
Delhi,11-05-2022,5,1255.04,0,26.39,52.93,21.46,96.1,148.12,24.07
Delhi,12-05-2022,5,1081.47,0,27.76,113.01,52.93,111.8,135.14,21.79
Delhi,13-05-2022,5,1268.39,0,30.85,110.15,61.99,140.86,181.42,24.32
Delhi,14-05-2022,5,1041.41,0,29.47,73.67,26.46,101.32,152.15,23.31
Delhi,15-05-2022,5,1108.17,0,30.5,62.23,21.93,83.16,130.35,22.29
Delhi,16-05-2022,5,6088.26,50.07,124.75,0,141.14,303.4,432.3,40.53
Delhi,17-05-2022,5,2536.77,0,63.06,50.07,77.25,244.87,311.14,31.66
Delhi,18-05-2022,5,947.95,0,16.79,130.18,31.47,123.96,157.81,14.95
Delhi,19-05-2022,5,2483.37,0,67.17,25.39,64.85,187.76,366.19,31.41
Delhi,20-05-2022,5,1361.85,0,40.44,35.76,34.81,140.53,321.63,25.84
Delhi,21-05-2022,5,1588.82,0,36.33,65.09,40.53,174.64,276.16,26.09
Delhi,22-05-2022,5,2536.77,0.11,61.01,16.45,53.88,210,364.56,28.63
Delhi,23-05-2022,5,680.92,0,15.08,113.01,30.99,90.95,139.56,14.31
Delhi,24-05-2022,4,547.41,0,6.68,127.32,10.37,43.56,48.08,2.37
Delhi,25-05-2022,5,1388.55,0,31.19,62.23,30.99,97.1,139.02,16.72
Delhi,26-05-2022,5,2189.64,0.03,65.12,18.78,28.13,193.1,334.2,30.65
Delhi,27-05-2022,5,1214.98,0,25.36,69.38,26.46,114.74,162.44,22.04
Delhi,28-05-2022,5,1108.17,0.06,39.07,16.63,17.64,76.15,193.09,21.79
Delhi,29-05-2022,5,2162.93,1.47,70.6,4.02,38.15,154.01,340.52,29.13
Delhi,30-05-2022,5,881.2,0,15.77,113.01,31.95,106.33,169.98,18.49
Delhi,31-05-2022,5,2162.93,0,61.01,43.63,51.5,191.05,395.99,32.42
Delhi,01-06-2022,5,4325.87,2.01,132.98,4.52,52.93,343.46,627.57,48.13
Delhi,02-06-2022,5,1495.36,0.04,48.67,18.6,27.66,110.73,290.04,23.56
Delhi,03-06-2022,5,1615.52,0.75,52.78,6.97,31.95,118.76,286.19,27.11
Delhi,04-06-2022,5,2590.18,2.07,86.37,3.13,69.62,164.09,319.19,39.52
Delhi,05-06-2022,5,1482.01,0.01,54.15,19.67,27.66,94.56,220.36,26.6
Delhi,06-06-2022,5,660.9,0,23.65,56.51,19.07,49.38,165.48,18.49
Delhi,07-06-2022,5,4646.3,25.26,111.04,0.02,93.46,250.72,464.7,39.52
Delhi,08-06-2022,5,1001.36,0,29.47,65.8,27.42,95.27,261.5,21.53
Delhi,09-06-2022,5,534.06,0,18.34,72.24,16.69,38.29,126.76,17.23
Delhi,10-06-2022,5,3231.05,9.95,91.85,0.09,69.62,188.34,423.12,32.93
Delhi,11-06-2022,5,1188.28,0,42.84,23.6,25.27,80.18,233.44,29.39
Delhi,12-06-2022,5,727.65,0,23.65,50.07,16.69,68.65,200.16,21.03
Delhi,13-06-2022,5,687.6,0,23.31,43.99,15.5,45.66,125.42,20.77
Delhi,14-06-2022,5,467.3,0,14.57,67.23,16.21,34.63,100.38,15.58
Delhi,15-06-2022,2,380.52,0,9.17,58.65,10.49,15.74,32.27,11.15
Delhi,16-06-2022,2,373.84,0,11.31,62.23,12.64,15.51,30.78,10.89
Delhi,17-06-2022,5,1455.31,0,60.32,21.1,49.11,61.4,96.29,23.56
Delhi,18-06-2022,5,2082.82,0.24,79.51,9.48,56.27,103.3,156.46,20.52
Delhi,19-06-2022,3,761.03,0,28.1,31.83,24.32,24.93,38.95,13.68
Delhi,20-06-2022,5,2910.61,26.6,53.47,0,33.38,136.75,222.45,30.4
Delhi,21-06-2022,5,1335.14,0.04,47.98,17.7,28.85,65.14,101.83,23.81
Delhi,22-06-2022,5,2376.56,0,82.94,46.49,74.39,211.04,251.2,11.65
Delhi,23-06-2022,5,720.98,0,21.93,62.23,12.99,56.79,90.37,22.55
Delhi,24-06-2022,4,647.54,0,16.11,95.84,11.8,42.57,67.89,20.27
Delhi,25-06-2022,5,1628.88,0.28,58.26,10.73,18.6,89.72,208.61,28.12
Delhi,26-06-2022,5,4219.06,2.04,105.56,5.14,66.76,317.45,502.68,39.01
Delhi,27-06-2022,4,660.9,0,16.28,133.04,39.58,30.56,38.24,10.89
Delhi,28-06-2022,4,854.49,0,35.3,57.22,69.62,27.86,38.68,14.19
Delhi,29-06-2022,5,3177.64,6.26,65.8,0.39,46.73,176.14,343.41,35.97
Delhi,30-06-2022,4,867.84,0,24.33,49.35,50.54,40.72,49.85,10.26
Delhi,01-07-2022,5,947.95,3.49,43.18,0.44,75.34,50.47,58.51,2.6
Delhi,02-07-2022,5,7049.56,137.69,98.71,0,82.97,502.21,662.39,28.12
Delhi,03-07-2022,5,781.06,0,31.19,46.49,43.87,59.24,67.11,7.28
Delhi,04-07-2022,5,5020.14,51.86,66.49,0,32.42,341.82,475.94,12.16
Delhi,05-07-2022,5,7049.56,23.47,138.46,0.01,64.85,488.33,626.17,20.77
Delhi,06-07-2022,5,761.03,0,11.31,128.75,19.31,61.19,70.73,4.81
Delhi,07-07-2022,5,1508.71,0,32.22,42.2,25.75,76.26,122.83,10.26
Delhi,08-07-2022,4,921.25,0,25.7,40.41,26.7,47.93,73.78,14.82
Delhi,09-07-2022,5,1201.63,0,32.22,55.07,35.29,81.3,113.43,24.07
Delhi,10-07-2022,4,734.33,0,25.02,32.19,37.67,39.66,46.31,4.05
Delhi,11-07-2022,5,961.3,0,21.93,41.48,20.03,69.86,99.43,7.22
Delhi,12-07-2022,5,1815.8,0,27.76,113.01,32.9,194.24,253.84,9.25
Delhi,13-07-2022,5,1628.88,0,44.55,29.33,37.67,111.23,151.29,12.41
Delhi,14-07-2022,5,934.6,0,20.39,64.37,17.17,72.18,107.57,8.74
Delhi,15-07-2022,4,767.71,0,21.08,41.13,17.4,47.65,73.72,5.89
Delhi,16-07-2022,5,1695.63,0,48.67,27.89,35.76,100.1,146.67,11.91
Delhi,17-07-2022,5,841.14,0,23.65,50.07,33.38,55.49,68.53,6.33
Delhi,18-07-2022,5,1441.96,0.12,30.5,12.52,14.19,108.93,175.99,6.4
Delhi,19-07-2022,5,1548.77,0,34.96,35.41,24.56,126.51,180.63,13.93
Delhi,20-07-2022,5,4058.84,0,120.64,34.33,165.94,563.53,623.15,0.63
Delhi,22-07-2022,5,2243.04,19,53.47,0,39.1,161.88,209.17,6.21
Delhi,23-07-2022,5,1842.5,2.04,56.21,1.79,67.71,100.42,125.34,5.76
Delhi,24-07-2022,4,907.9,0,21.93,26.11,18.36,43.63,62.96,4.69
Delhi,25-07-2022,4,594.14,0,20.91,46.49,34.81,28.33,33.75,4.43
Delhi,26-07-2022,5,741,0,26.39,77.96,51.5,61.56,70.41,4.88
Delhi,27-07-2022,5,988.01,0,32.22,65.8,51.02,80.43,92.67,7.28
Delhi,28-07-2022,5,1268.39,6.43,61.69,0.06,74.39,70.35,82.47,5.76
Delhi,29-07-2022,5,2643.59,37.1,48.67,0,48.64,136.34,198.03,12.92
Delhi,30-07-2022,5,2162.93,16.99,69.92,0.01,62.94,118.51,142.48,6.71
Delhi,31-07-2022,5,3578.19,54.09,33.59,0,37.67,203.93,287.12,16.21
Delhi,01-08-2022,4,988.01,0.44,34.62,7.06,24.32,40.29,65.86,6.14
Delhi,02-08-2022,5,3471.37,38,48.67,0,33.38,186.08,284.58,12.16
Delhi,03-08-2022,5,2750.4,24.36,47.3,0,23.84,135.75,203.1,9.25
Delhi,04-08-2022,5,1655.58,25.7,66.49,0,74.39,133.21,155.38,7.41
Delhi,05-08-2022,5,1295.09,0.98,40.1,3.35,44.82,67.9,88.62,5.26
Delhi,06-08-2022,5,2590.18,0.25,50.72,10.1,27.66,192.4,260.38,7.92
Delhi,07-08-2022,5,5073.55,0.16,112.41,7.15,56.27,389.09,455.21,6.4
Delhi,08-08-2022,5,1562.12,0.04,28.1,14.66,19.55,76.8,112.19,5.26
Delhi,09-08-2022,5,1922.61,1.93,43.18,4.34,19.31,115.76,195.86,7.47
Delhi,10-08-2022,5,1842.5,5.64,31.19,0.42,14.78,114.47,215.98,7.16
Delhi,11-08-2022,5,801.09,0,23.31,43.99,23.84,55.39,79.6,13.05
Delhi,12-08-2022,5,854.49,0.01,22.62,24.68,10.49,52.07,85.6,5.45
Delhi,13-08-2022,5,761.03,0,26.73,53.64,33.86,56.66,74.63,11.91
Delhi,14-08-2022,5,3204.35,18.1,72.66,0,35.29,195.8,261.13,10.51
Delhi,15-08-2022,5,1188.28,0.04,26.39,18.06,27.66,99.58,120.55,6.46
Delhi,16-08-2022,5,714.3,0,16.45,51.5,12.16,57.59,79.01,6.27
Delhi,17-08-2022,4,447.27,0,20.91,56.51,35.29,37.14,43.73,6.71
Delhi,18-08-2022,5,2670.29,18.78,64.43,0,41.01,136.25,202.44,10.13
Delhi,19-08-2022,4,747.68,0,23.65,47.92,16.21,34.02,52.33,13.43
Delhi,20-08-2022,5,1281.74,1.98,38.73,2.91,16.45,51.48,109.41,14.19
Delhi,21-08-2022,5,1869.2,10.28,36.33,0.03,15.74,108.32,203.87,7.79
Delhi,22-08-2022,4,554.08,0,13.71,47.21,8.23,36.35,49.58,9.88
Delhi,23-08-2022,2,500.68,0,14.05,35.76,13.47,14.64,23.48,7.66
Delhi,24-08-2022,4,467.3,0,27.08,50.07,44.35,26.31,34.11,10.39
Delhi,25-08-2022,5,1014.71,0,33.59,28.61,34.33,72.82,97.3,7.16
Delhi,26-08-2022,5,6462.1,78.68,82.25,0,45.78,413.25,637.01,27.87
Delhi,27-08-2022,2,480.65,0,15.94,47.21,10.85,19.04,32.65,15.33
Delhi,28-08-2022,3,607.49,0,19.36,32.54,10.85,23.48,47.03,17.23
Delhi,29-08-2022,5,2056.12,8.72,52.78,0.13,35.76,100.43,195.81,24.83
Delhi,30-08-2022,5,1014.71,0,23.99,61.51,26.94,128.92,165.9,11.53
Delhi,31-08-2022,5,2136.23,14.75,45.24,0.03,29.09,139.01,254.6,28.12
Delhi,01-09-2022,5,1228.33,0.02,37.01,18.95,21.7,57.32,100.35,22.55
Delhi,02-09-2022,5,2162.93,29.5,38.04,0,23.6,139.61,282.39,31.41
Delhi,03-09-2022,5,1762.39,12.96,43.18,0.04,22.89,105.75,224.88,26.85
Delhi,04-09-2022,4,1054.76,0.28,37.01,18.42,22.41,44.39,81.7,20.27
Delhi,05-09-2022,2,527.38,0,20.05,40.41,17.4,17.11,32.5,15.33
Delhi,06-09-2022,5,2803.8,29.95,48.67,0,37.67,133.66,253.98,27.36
Delhi,07-09-2022,5,974.66,0.01,39.07,25.75,25.03,70.55,137.25,22.29
Delhi,08-09-2022,5,1028.06,0.1,35.3,14.84,16.45,62.63,133.79,24.07
Delhi,09-09-2022,5,1789.09,0,44.55,56.51,55.79,195.81,247.95,24.83
Delhi,10-09-2022,5,1295.09,0,39.07,63.66,55.79,97.03,120.79,17.73
Delhi,11-09-2022,5,1295.09,0,38.73,28.61,36.72,72.46,98.54,20.27
Delhi,12-09-2022,4,781.06,0,21.76,44.35,25.75,38.5,57.61,16.97
Delhi,13-09-2022,5,1508.71,0.23,49.35,9.39,42.92,78.82,119.81,23.81
Delhi,14-09-2022,2,427.25,0,13.02,41.48,18.6,11.93,19.49,7.73
Delhi,15-09-2022,3,494,0.01,17.99,25.75,16.69,20.55,27.71,3.13
Delhi,16-09-2022,3,620.84,0.05,21.08,16.81,12.76,23.83,31.4,2.34
Delhi,17-09-2022,5,6141.66,109.08,81.57,0,63.9,391.86,492.94,7.22
Delhi,18-09-2022,5,1508.71,0,32.9,43.27,27.42,183.01,228.73,6.71
Delhi,19-09-2022,5,4272.46,1.12,79.51,4.07,32.42,403.79,513.43,7.6
Delhi,20-09-2022,5,2964.02,0.07,74.03,12.34,43.39,285.89,365.61,13.05
Delhi,21-09-2022,5,2483.37,2.24,52.78,2.19,33.38,165.45,228.79,7.35
Delhi,22-09-2022,5,6088.26,90.3,66.49,0,95.37,450.22,668.16,77.01
Delhi,23-09-2022,4,934.6,0.13,27.76,12.7,28.61,44.76,55.71,3.67
Delhi,24-09-2022,4,988.01,0.02,25.36,21.82,31.95,35.99,43.09,2.5
Delhi,25-09-2022,4,821.11,5.76,31.19,0.15,46.25,37.56,44.1,3.29
Delhi,26-09-2022,5,2029.42,5.98,31.19,0.35,15.74,166.83,251.99,8.04
Delhi,27-09-2022,5,2456.67,23.02,34.27,0,18.12,158.14,286.15,10.13
Delhi,28-09-2022,5,2883.91,46.04,29.82,0,24.56,201.26,365.22,20.01
Delhi,29-09-2022,5,2403.26,31.29,34.27,0,19.07,177.32,326.5,14.31
Delhi,30-09-2022,5,2563.48,27.05,39.41,0,19.07,205.85,335.97,14.95
Delhi,01-10-2022,5,2189.64,2.85,53.47,2.21,21.7,219.25,319.79,11.4
Delhi,02-10-2022,5,4165.65,49.62,48.67,0,35.29,334.31,481.43,20.01
Delhi,03-10-2022,5,781.06,0,22.62,37.19,8.34,72.54,128.41,18.24
Delhi,04-10-2022,5,781.06,0,22.28,57.94,13.11,75.43,113.01,23.05
Delhi,05-10-2022,5,2136.23,0,43.18,28.61,29.09,265.93,331.09,7.85
Delhi,06-10-2022,4,827.79,0,27.42,31.83,33.86,45.77,62.33,6.52
Delhi,07-10-2022,4,834.47,0.03,30.5,19.13,36.72,36.84,58.28,12.29
Delhi,08-10-2022,4,680.92,0.3,21.93,7.33,20.27,25.03,32.49,2.94
Delhi,09-10-2022,4,580.79,0.02,18.68,19.31,13.35,26.08,31.33,2.34
Delhi,10-10-2022,4,854.49,0.36,35.64,7.69,37.19,35.28,43.13,4.12
Delhi,11-10-2022,5,1335.14,4.92,30.85,0.28,20.5,75.05,115.59,6.78
Delhi,12-10-2022,5,4806.52,44.7,91.85,0,82.02,377.02,593.24,80.05
Delhi,13-10-2022,5,1295.09,0.03,32.9,26.82,10.01,117.26,157.38,5.95
Delhi,14-10-2022,5,1201.63,0,29.82,38.98,10.37,116.78,157.84,14.44
Delhi,15-10-2022,5,1295.09,0,31.87,40.41,12.04,135.13,182.37,18.75
Delhi,16-10-2022,5,2136.23,10.17,47.98,0.1,13.23,190.16,298.05,16.21
Delhi,17-10-2022,5,3417.97,29.95,60.32,0.01,22.17,251.99,331.44,17.23
Delhi,18-10-2022,5,4859.92,76,46.61,0,22.41,334.29,459.13,12.16
Delhi,19-10-2022,5,15594.48,311.14,153.54,0,90.6,1106.14,1359.15,39.01
Delhi,20-10-2022,5,6675.72,16.32,119.27,0.09,47.21,826.95,1008.58,8.87
Delhi,21-10-2022,5,4272.46,0.04,91.85,17.17,47.68,491.91,595.44,11.78
Delhi,22-10-2022,5,17517.09,300.41,260.47,0,240.33,1328.35,1634.11,174.28
Delhi,23-10-2022,5,1361.85,0.11,35.64,16.45,8.46,126.56,186.4,20.01
Delhi,24-10-2022,5,1455.31,1.19,41.13,7.87,9.06,111.64,166.21,18.75
Delhi,25-10-2022,5,1081.47,0,27.08,62.94,11.09,77.17,105.5,25.08
Delhi,26-10-2022,5,1642.23,0.11,46.61,18.42,13.47,139.39,214.25,25.33
Delhi,27-10-2022,5,8117.68,143.05,78.14,0,89.65,568.2,791.9,84.1
Delhi,28-10-2022,5,9292.6,168.09,111.04,0,92.51,655.57,960.08,83.09
Delhi,29-10-2022,5,14739.99,164.51,331.76,0,270.84,1178.07,1521.95,194.55
Delhi,30-10-2022,5,7156.37,24.14,178.22,0,83.92,561.08,736.88,74.98
Delhi,31-10-2022,5,3952.03,53.2,55.52,0,21.46,289.46,460.31,39.01
Delhi,01-11-2022,5,19653.32,296.83,323.53,0,328.06,1528.94,1807.62,212.79
Delhi,02-11-2022,5,3845.21,24.81,87.74,0,27.18,264.17,352.55,10.77
Delhi,03-11-2022,5,2323.15,0,34.96,73.67,15.26,277.12,358.92,16.21
Delhi,04-11-2022,5,2248,15.66,51.5,0.05,13.25,185,303,16.21
Delhi,05-11-2022,5,3288,0,48,59.37,23.37,420,512,5.57
Delhi,06-11-2022,5,1976.01,0,35.64,55.07,19.79,288.78,355.99,5.57
Delhi,07-11-2022,5,8972.17,153.78,63.75,0,22.17,725.23,952.48,10.26
Delhi,08-11-2022,5,6141.66,48.73,115.16,0,41.48,590.92,750.23,34.45
Delhi,09-11-2022,5,5981.45,32.19,98.71,0,33.86,638.5,839.27,24.07
Delhi,10-11-2022,5,8651.73,101.03,132.98,0,41.01,699.29,871.07,15.45
Delhi,11-11-2022,5,1375.2,0,36.67,37.55,11.09,96.69,135.73,20.52
Delhi,12-11-2022,5,1562.12,0,24.33,98.71,11.21,118.38,145.78,27.61
Delhi,13-11-2022,5,1241.68,0,17.65,105.86,11.44,101.74,121.6,24.57
Delhi,14-11-2022,5,7476.81,108.18,116.53,0,117.3,503.67,667.62,111.46
Delhi,15-11-2022,5,727.65,0,20.91,62.94,13.71,54.92,74.93,18.24
Delhi,16-11-2022,5,3738.4,49.62,81.57,0,34.33,284.33,479.35,35.97
Delhi,17-11-2022,5,1094.82,0,28.45,72.24,13.47,82.82,110.26,25.33
Delhi,18-11-2022,5,1228.33,0,32.22,55.07,11.56,95.28,127.56,24.83
Delhi,19-11-2022,5,2964.02,38.44,58.26,0,17.4,185.29,311.85,35.97
Delhi,20-11-2022,5,1388.55,0,34.96,49.35,9.06,132.92,169.16,23.05
Delhi,21-11-2022,5,961.3,0,22.62,69.38,8.7,105.75,127.54,25.08
Delhi,22-11-2022,5,1041.41,0,32.56,47.21,13.47,77.33,108.83,27.11
Delhi,23-11-2022,5,1148.22,0.01,39.76,31.83,13.11,81.54,114.41,29.13
Delhi,24-11-2022,5,921.25,0,30.16,48.64,12.16,59.02,85.34,25.59
Delhi,25-11-2022,5,3257.75,34.87,60.32,0,22.89,238.33,368.83,38.5
Delhi,26-11-2022,5,1762.39,0,47.3,38.27,11.68,222.84,277.57,28.12
Delhi,27-11-2022,5,1588.82,0,37.7,40.05,10.13,247.87,290.95,26.6
Delhi,28-11-2022,5,2510.07,19.45,49.35,0.03,9.66,282.78,375.45,15.58
Delhi,29-11-2022,5,3337.86,38,58.95,0,22.17,307.62,445.28,30.4
Delhi,30-11-2022,5,3017.43,19,63.06,0.06,12.16,282.77,367.4,12.92
Delhi,01-12-2022,5,1922.61,0.98,56.21,6.97,9.78,182.07,235.98,10.01
Delhi,02-12-2022,5,3845.21,44.26,54.84,0,19.79,360.19,492.32,15.96
Delhi,03-12-2022,5,19439.7,375.51,252.25,0,234.6,1622.6,1849.5,158.07
Delhi,04-12-2022,5,2643.59,30.4,49.35,0,16.45,240.28,342.97,26.09
Delhi,05-12-2022,5,2403.26,17.43,47.3,0.02,10.97,234.06,309.54,11.15
Delhi,06-12-2022,5,2510.07,3.13,59.63,3.49,11.68,328.96,408.61,8.36
Delhi,07-12-2022,5,1028.06,0,17.65,91.55,14.07,191.52,220.06,17.73
Delhi,08-12-2022,5,1001.36,0,21.93,67.95,12.04,151.84,193.79,18.75
Delhi,09-12-2022,5,2269.74,3.74,56.89,2.32,11.92,256.32,365.33,7.54
Delhi,11-12-2022,5,1174.93,0.16,26.05,19.85,7.21,129.73,156.67,5.76
Delhi,12-12-2022,5,834.47,0,26.05,39.7,6.97,70,94.44,24.07
Delhi,13-12-2022,5,1028.06,0,28.79,50.78,9.89,97.76,122.82,26.35
Delhi,14-12-2022,5,781.06,0,15.94,80.82,10.85,75.48,91.56,21.79
Delhi,15-12-2022,5,1121.52,0.01,36.33,34.33,9.54,83.99,115.34,27.36
Delhi,16-12-2022,4,781.06,0,22.96,62.94,8.34,49.95,71.26,22.04
Delhi,17-12-2022,5,3231.05,55.43,47.3,0,11.56,239.05,349.31,8.61
Delhi,18-12-2022,5,3631.59,50.51,52.09,0,19.79,320.15,445.19,22.8
Delhi,19-12-2022,5,2109.53,0.01,39.07,35.76,9.3,342.87,397.85,5.76
Delhi,20-12-2022,5,2029.42,0.13,45.93,20.38,9.3,297.19,359.54,5.26
Delhi,21-12-2022,5,1869.2,0.17,50.04,18.6,8.94,265.43,325.04,5.07
Delhi,22-12-2022,5,1922.61,0,34.27,55.07,9.06,334.12,377.71,4.56
Delhi,23-12-2022,5,2429.96,0.57,51.41,11.27,9.66,374.96,450.43,7.85
Delhi,24-12-2022,5,2002.72,0,28.45,67.95,6.91,332.45,361.09,5.26
Delhi,25-12-2022,5,1001.36,0,17.99,63.66,5.48,134.54,151.33,4.5
Delhi,26-12-2022,5,2029.42,5.03,36.67,1.65,11.92,303.25,352.97,6.71
Delhi,27-12-2022,5,2136.23,0,37.01,44.35,7.45,340,381.52,4.88
Delhi,28-12-2022,5,947.95,0,17.82,83.68,11.21,162.53,180.2,7.03
Delhi,29-12-2022,5,1121.52,0,21.08,69.38,8.11,187.14,212.12,5.89
Delhi,30-12-2022,5,2323.15,0,52.78,35.05,27.18,292.74,348.07,8.87
Delhi,31-12-2022,5,2830.51,21.68,43.87,0,13.23,430.09,555.74,9.37
Delhi,01-01-2023,5,1268.39,0.01,29.82,38.62,6.79,139.81,174.11,5.07
Delhi,02-01-2023,5,3898.62,64.37,82.25,0,59.6,327.56,496.22,125.65
Delhi,03-01-2023,5,2990.72,17.66,61.69,0.05,17.64,457.21,575.83,19.76
Delhi,04-01-2023,5,1388.55,0,22.96,61.51,7.21,186.27,209.09,4.37
Delhi,05-01-2023,5,1708.98,0,30.16,49.35,8.23,247.34,286.98,5.13
Delhi,06-01-2023,5,2536.77,16.99,47.98,0.12,9.06,276.72,354.3,7.66
Delhi,07-01-2023,5,2269.74,14.31,57.58,0.18,11.09,266.66,326.47,9.63
Delhi,08-01-2023,5,1335.14,0,23.65,41.84,5.48,207.43,230.58,4.18
Delhi,09-01-2023,5,2082.82,3.16,45.93,3.31,7.63,272.78,332.29,7.41
Delhi,10-01-2023,5,3311.16,44.7,43.87,0,19.79,363.26,499.49,27.36
Delhi,11-01-2023,5,1508.71,0,25.7,52.93,9.3,271.77,303.33,3.93
Delhi,12-01-2023,5,2162.93,0,26.73,64.37,12.87,396.32,433.76,3.17
Delhi,13-01-2023,5,1468.66,0,30.85,55.79,25.75,244.51,271.21,3.1
Delhi,14-01-2023,5,4913.33,78.68,45.93,0,45.3,512.65,686.98,29.89
Delhi,15-01-2023,5,1108.17,0,14.74,83.68,8.46,184.07,202.35,6.08
Delhi,16-01-2023,5,1028.06,0,31.19,43.63,7.15,99.67,128.28,13.55
Delhi,17-01-2023,5,1054.76,0,34.27,42.92,8.11,90.82,124.04,8.23
Delhi,18-01-2023,5,2109.53,11.06,58.95,0.29,10.13,205.69,285.32,8.87
Delhi,19-01-2023,5,1842.5,4.08,54.84,2.12,9.06,206.5,277.33,8.49
Delhi,20-01-2023,5,1668.93,0.13,71.97,31.83,45.3,276.36,323.54,17.73
Delhi,21-01-2023,5,1655.58,11.29,41.47,0.14,9.66,180.39,247.52,8.61
Delhi,22-01-2023,5,1762.39,6.15,45.93,1.26,11.44,221.21,292.12,7.47
Delhi,23-01-2023,5,1281.74,0.68,36.67,8.58,9.06,142.38,189.85,15.58
Delhi,24-01-2023,5,7049.56,126.96,93.22,0,64.85,657.43,848.52,45.6
Delhi,25-01-2023,5,1295.09,0.28,35.99,12.16,16.69,113.38,152.07,5.13
Delhi,26-01-2023,5,1508.71,11.51,35.64,0.02,9.18,144.29,184.4,5.95
Delhi,27-01-2023,5,847.82,0,21.42,52.21,8.23,85.28,102.29,16.47
Delhi,28-01-2023,5,827.79,0,20.56,68.66,9.06,90.74,107.95,12.03
Delhi,29-01-2023,5,3845.21,57.22,50.72,0,51.5,340.1,458.82,57.76
Delhi,30-01-2023,5,988.01,0,24.33,75.1,22.89,105.61,121.01,2.47
Delhi,31-01-2023,5,9613.04,268.22,61.01,0,66.76,796.22,1023.83,40.53
Delhi,01-02-2023,4,614.17,0,12.85,69.38,6.97,54.39,65.42,5.13
Delhi,02-02-2023,5,907.9,0,17.65,87.26,16.69,117.86,134.51,17.23
Delhi,03-02-2023,5,1081.47,0,24.68,55.07,9.18,136.28,172.03,12.54
Delhi,04-02-2023,5,1068.12,0,26.73,50.78,8.34,123.24,163.88,15.58
Delhi,05-02-2023,5,1081.47,0,20.56,52.93,8.46,159.87,187.93,19
Delhi,06-02-2023,5,10360.72,185.97,119.27,0,173.57,826.78,1035.89,141.86
Delhi,07-02-2023,5,4859.92,36.21,54.84,0,29.8,541.01,730.81,18.24
Delhi,08-02-2023,4,807.76,0,24.68,43.27,9.18,53.21,76.51,25.59
Delhi,09-02-2023,5,1295.09,0.02,37.7,30.04,10.25,142.52,187.76,25.59
Delhi,10-02-2023,5,1708.98,0,52.78,49.35,29.56,160.81,199.25,13.55
Delhi,11-02-2023,5,3685,16.76,64.43,0.2,20.98,394.96,501.77,6.08
Delhi,12-02-2023,5,1041.41,0,23.31,53.64,12.76,204.58,248.29,23.31
Delhi,13-02-2023,4,587.46,0,14.05,84.4,12.28,55.8,68.1,22.29
Delhi,14-02-2023,4,634.19,0,11.31,103,10.01,51.95,62.9,18.24
Delhi,15-02-2023,5,1028.06,0,28.79,48.64,12.76,127.06,160.01,27.87
Delhi,16-02-2023,5,1468.66,0,34.27,45.42,14.19,237.29,298.79,20.27
Delhi,17-02-2023,5,3391.27,46.04,49.35,0,43.39,539.12,748.46,57.25
Delhi,18-02-2023,5,2750.4,15.87,45.93,0.07,12.4,499.3,622.31,8.99
Delhi,19-02-2023,5,5126.95,37.55,87.05,0,32.9,551.76,689.6,21.79
Delhi,20-02-2023,5,12069.7,101.92,282.41,0,196.46,1198.44,1429.13,145.91
Delhi,21-02-2023,5,1789.09,0,56.89,55.07,38.62,182.15,221.8,24.57
Delhi,22-02-2023,5,1588.82,0,33.59,39.7,11.32,333.06,405.63,14.31
Delhi,23-02-2023,5,1174.93,0.01,35.3,36.12,12.28,144.74,186.33,26.09
Delhi,25-02-2023,5,1789.09,12.18,27.76,0.15,14.78,189.04,248.32,23.31
Delhi,26-02-2023,5,2296.45,12.52,61.01,0.14,32.42,227.44,355.76,70.93
Delhi,27-02-2023,5,1255.04,0,29.13,35.41,11.68,144.35,209.14,25.33
Delhi,28-02-2023,5,1255.04,0.05,39.07,23.25,13.95,97.14,152.74,26.6
Delhi,01-03-2023,3,947.95,0.07,32.22,21.64,13.47,45.4,88.04,24.07
Delhi,02-03-2023,5,1815.8,15.65,43.53,0.03,15.02,119.01,217.03,34.96
Delhi,03-03-2023,4,934.6,0,27.42,34.69,10.61,73.26,112.44,22.29
Delhi,04-03-2023,3,854.49,0.01,26.39,27.89,9.66,47.31,78,22.55
Delhi,05-03-2023,4,807.76,0,17.14,38.27,8.23,63.56,81.04,18.24
Delhi,06-03-2023,3,834.47,0.02,24.68,27.18,10.01,47.78,75.14,22.8
Delhi,07-03-2023,5,1415.25,0.41,40.78,11.62,13.47,89.77,139.13,23.31
Delhi,08-03-2023,5,3631.59,21.46,69.23,0.01,41.48,242.58,349.63,44.58
Delhi,09-03-2023,5,2510.07,1.31,67.86,5.54,22.41,176.23,240.21,22.55
Delhi,10-03-2023,5,1976.01,2.07,60.32,2.64,22.17,131.67,177.75,20.27
Delhi,11-03-2023,5,1815.8,5.2,45.24,0.87,14.54,123.8,196.35,25.33
Delhi,12-03-2023,5,2830.51,20.34,50.04,0.01,19.55,216.39,313.09,34.45
Delhi,13-03-2023,5,1161.58,0.09,30.5,19.31,12.4,113.91,176.79,25.08
Delhi,14-03-2023,5,3311.16,46.94,52.78,0,29.33,232.14,414.87,44.58
Delhi,15-03-2023,5,3177.64,38,54.15,0,42.44,225.05,382.11,51.17
Delhi,16-03-2023,5,6782.53,92.98,87.74,0,80.11,461.88,634.09,47.12
Delhi,17-03-2023,5,2456.67,0.32,76.09,15.2,58.65,154.07,213.69,26.6
Delhi,18-03-2023,5,10894.78,212.79,104.19,0,116.35,817.91,1025.13,64.85
Delhi,19-03-2023,5,3391.27,22.13,52.09,0,22.89,257.41,345.1,9.88
Delhi,20-03-2023,5,2510.07,17.43,45.24,0.03,17.88,206.47,314.72,14.06
Delhi,21-03-2023,5,5073.55,60.8,90.48,0,118.26,351.35,485.55,63.33
Delhi,22-03-2023,5,2536.77,15.2,30.5,0.02,18.12,176.04,299,15.71
Delhi,23-03-2023,5,2456.67,17.88,46.61,0.03,17.4,156.78,258.68,18.24
Delhi,24-03-2023,5,1949.31,14.98,39.76,0.05,17.17,117.69,214.38,23.56
Delhi,25-03-2023,5,1348.5,0,39.07,77.25,60.56,118,146.5,4.94
Delhi,26-03-2023,5,1495.36,0.13,30.5,16.09,13.83,118.82,193.5,8.61
Delhi,27-03-2023,4,988.01,0.08,30.5,21.46,9.66,67.12,117.61,22.29
Delhi,28-03-2023,5,988.01,0,24.68,66.52,11.8,91.42,126.99,20.77
Delhi,29-03-2023,5,1134.87,0.01,32.22,34.33,11.92,85.9,133.71,23.05
Delhi,30-03-2023,5,2990.72,0,119.27,33.62,87.74,282.94,431.49,98.29
Delhi,31-03-2023,4,854.49,0,20.91,92.98,13.47,73.45,90.69,3.2
Delhi,01-04-2023,5,3631.59,12.74,66.49,0.13,38.15,261.46,340.84,10.26
Delhi,02-04-2023,5,1708.98,1.51,33.93,4.16,13.23,159.28,250.7,11.02
Delhi,03-04-2023,4,1001.36,0.02,26.73,26.11,7.99,51.82,89.08,19.25
Delhi,04-04-2023,4,1001.36,0,25.02,70.81,28.37,72.77,107.94,20.01
Delhi,05-04-2023,3,801.09,0,25.36,45.42,10.97,45.67,76.64,25.08
Delhi,06-04-2023,3,767.71,0,22.62,70.1,15.26,40.69,63.83,23.81
Delhi,07-04-2023,3,787.73,0,23.65,80.11,16.69,46.18,73.79,21.03
Delhi,08-04-2023,3,761.03,0,22.28,62.23,11.21,39.59,64.93,25.08
Delhi,09-04-2023,3,781.06,0,22.28,55.07,11.44,42.89,71.28,23.31
Delhi,10-04-2023,3,667.57,0,17.65,69.38,9.89,36.04,58.07,21.79
Delhi,11-04-2023,4,934.6,0,28.79,43.99,16.93,55.16,88.52,25.84
Delhi,12-04-2023,3,574.11,0,15.59,90.12,15.74,35.26,59.71,19.76
Delhi,13-04-2023,5,2510.07,16.32,58.95,0.01,35.29,130.03,241.21,31.41
Delhi,14-04-2023,4,867.84,0,24.68,77.96,18.36,75,124.07,24.32
Delhi,15-04-2023,5,1575.47,0.03,53.47,20.92,23.37,89.7,174.59,27.11
Delhi,16-04-2023,5,3791.81,8.27,87.74,0.4,76.29,254.6,380.28,36.48
Delhi,17-04-2023,5,2056.12,15.65,45.24,0.01,36.72,106.33,226.41,26.6
Delhi,18-04-2023,5,6729.13,48.73,156.28,0,173.57,391.76,595.21,126.66
Delhi,19-04-2023,5,1388.55,0.1,41.81,16.45,30.52,85.27,177.98,28.37
Delhi,20-04-2023,3,660.9,0,23.65,43.63,17.88,33.52,61.64,17.99
Delhi,21-04-2023,2,527.38,0,12.68,61.51,11.56,16.45,29.01,14.19
Delhi,22-04-2023,3,607.49,0,17.48,98.71,27.18,35.63,58.58,19.25
Delhi,23-04-2023,2,540.73,0,13.54,80.11,12.28,23.82,40.71,16.97
Delhi,24-04-2023,5,1468.66,0.2,49.35,12.87,24.8,77.31,162.52,28.63
Delhi,25-04-2023,3,1028.06,0,35.99,69.38,45.78,49.04,72.86,21.03
Delhi,26-04-2023,5,2429.96,1.01,61.69,8.23,44.82,149.23,241.53,31.92
Delhi,27-04-2023,5,1068.12,0,26.05,47.92,25.51,78.57,129.32,25.59
Delhi,28-04-2023,5,4165.65,13.08,83.63,0.08,74.39,338.5,506.32,57.76
Delhi,29-04-2023,5,3204.35,10.62,89.11,0.14,35.29,219.09,356.41,32.17
Delhi,30-04-2023,5,2029.42,0.37,56.21,17.88,39.58,136.73,189.96,22.8
Delhi,01-05-2023,4,1014.71,0,26.39,58.65,40.53,71.72,84.63,6.59
Delhi,02-05-2023,4,1188.28,0.01,35.3,22.17,41.01,65.2,87.49,6.46
Delhi,03-05-2023,5,2082.82,7.26,45.24,0.2,21.93,104.95,174.08,7.09
Delhi,04-05-2023,5,9506.23,123.38,101.45,0,148.77,639.69,811.73,96.26
Delhi,05-05-2023,5,2830.51,12.63,60.32,0.12,21.93,222.99,387.1,25.08
Delhi,06-05-2023,5,3257.75,21.68,73.34,0.01,22.89,175.4,305.03,37.49
Delhi,07-05-2023,5,3311.16,22.8,61.01,0,21.93,187.19,280.42,28.63
Delhi,08-05-2023,5,1588.82,0,32.9,83.68,33.86,125.59,171.32,23.56
Delhi,09-05-2023,4,867.84,0,21.25,76.53,21.22,63.48,110.5,18.75
Delhi,10-05-2023,3,540.73,0,17.14,104.43,16.45,25.57,42.83,17.23
Delhi,11-05-2023,5,2643.59,6.43,90.48,0.68,48.64,135.85,274.38,56.24
Delhi,12-05-2023,5,2376.56,3.58,66.49,1.7,36.72,142.47,267.39,35.97
Delhi,13-05-2023,5,2216.34,0.11,50.04,14.31,27.42,231.56,344.56,32.93
Delhi,14-05-2023,5,1949.31,0,39.41,61.51,40.05,149.28,231.87,21.79
Delhi,15-05-2023,5,6355.29,67.06,95.96,0,103.95,395.87,579.79,57.76
Delhi,16-05-2023,5,3204.35,10.84,67.17,0.36,62.94,202.46,347.05,30.15
Delhi,17-05-2023,4,934.6,0,31.53,41.48,22.89,49.52,116.07,22.04
Delhi,18-05-2023,3,440.6,0,10.45,108.72,12.99,37.17,80.53,12.03
Delhi,19-05-2023,3,554.08,0,12.85,118.73,16.69,45.4,68.01,16.21
Delhi,20-05-2023,4,1161.58,0,37.7,50.07,19.79,71.64,135.53,24.57
Delhi,21-05-2023,5,3070.83,12.85,81.57,0.08,69.62,172.37,327.52,66.88
Delhi,22-05-2023,5,1575.47,0.32,50.04,9.92,31.95,81.03,186.17,23.31
Delhi,23-05-2023,4,1068.12,0,34.62,37.19,23.6,65.72,160.28,23.56
Delhi,24-05-2023,4,1001.36,0.01,37.01,27.18,24.08,53.07,136.26,24.32
Delhi,25-05-2023,5,1161.58,0,24.33,62.94,28.85,82.46,108.6,8.87
Ernakulam,30-11-2020,5,647.54,0.45,7.11,234.6,11.09,96.43,103.78,1.01
Ernakulam,01-12-2020,5,787.74,0,16.62,107.29,12.4,75.36,86.19,5.07
Ernakulam,02-12-2020,5,700.95,0,16.11,83.69,6.8,57.86,68.12,2.28
Ernakulam,03-12-2020,5,594.14,0,13.71,79.39,9.78,61.41,72.34,1.76
Ernakulam,04-12-2020,3,507.36,0,7.54,77.96,4.77,21.62,23.65,0.46
Ernakulam,05-12-2020,2,567.44,0,8.31,44.7,2.38,13.76,15.2,0.61
Ernakulam,06-12-2020,4,714.3,0,17.82,34.69,12.4,35.52,37.13,0.66
Ernakulam,07-12-2020,3,667.57,0,19.54,47.21,12.88,22.69,25,1.31
Ernakulam,08-12-2020,3,734.33,0.02,14.74,15.91,5.66,20.56,23.55,1.88
Ernakulam,09-12-2020,5,867.84,0,17.82,104.43,13.83,66.28,72.4,4.56
Ernakulam,10-12-2020,5,974.66,0,17.14,137.33,21.94,106.89,116.66,2.06
Ernakulam,11-12-2020,4,507.36,0,10.97,113.01,11.56,44.01,48.19,0.78
Ernakulam,12-12-2020,5,377.18,0,6.6,104.43,6.44,52.08,58.93,0
Ernakulam,13-12-2020,4,337.12,0,2.96,86.55,1.79,29.73,33.71,0
Ernakulam,14-12-2020,4,460.63,0,8.05,71.53,7.87,29.61,32.9,0.46
Ernakulam,15-12-2020,5,974.66,0,28.45,80.11,17.64,126.39,140.54,6.4
Ernakulam,16-12-2020,5,647.54,0,11.31,118.73,7.75,96.95,109,1.25
Ernakulam,17-12-2020,5,627.52,0,18.68,83.69,16.21,54.2,59.1,1
Ernakulam,18-12-2020,4,707.63,0,18.68,39.7,12.76,35.32,39.13,1.92
Ernakulam,19-12-2020,5,894.55,0,35.3,28.97,18.12,63.54,69.76,3.14
Ernakulam,20-12-2020,2,453.95,0,13.02,35.76,7.03,19.18,24.28,3.96
Ernakulam,21-12-2020,4,647.54,0,13.02,37.19,5.84,37.09,45.55,3.01
Ernakulam,22-12-2020,5,947.95,0,27.08,88.69,16.69,111.44,132.99,6.14
Ernakulam,23-12-2020,4,494,0,14.57,50.78,12.4,35,38.6,1.62
Ernakulam,24-12-2020,4,574.11,0,15.42,23.6,7.27,41.69,48.24,2.53
Ernakulam,25-12-2020,5,867.84,0,18.17,128.75,13.83,133.84,148.88,2.69
Ernakulam,26-12-2020,5,1321.79,0.02,52.78,27.54,11.56,127.24,159.15,7.28
Ernakulam,27-12-2020,5,807.76,0,20.91,28.25,6.44,74.95,96.37,6.84
Ernakulam,28-12-2020,5,801.09,0,19.54,77.25,9.54,107.82,125.95,3.33
Ernakulam,29-12-2020,5,654.22,0,14.22,110.15,7.99,121.09,139.31,2.22
Ernakulam,30-12-2020,5,734.33,0,15.94,113.01,11.21,139.55,156.15,3.36
Ernakulam,31-12-2020,5,527.38,0,4.28,124.45,3.52,105.25,112.25,0.26
Ernakulam,01-01-2021,4,567.44,0,14.57,50.07,8.58,33.68,35.91,0.89
Ernakulam,02-01-2021,4,647.54,0,21.94,33.98,9.06,45.27,57.33,6.21
Ernakulam,03-01-2021,5,507.36,0,9.77,98.71,7.21,65.92,84.02,3.96
Ernakulam,04-01-2021,4,534.06,0,10.8,68.67,5.19,35.97,42.14,2.66
Ernakulam,05-01-2021,4,580.79,0,11.31,87.26,7.03,32.61,36.38,1.62
Ernakulam,06-01-2021,4,714.3,0,17.31,83.69,15.74,40.16,43.49,1.14
Ernakulam,07-01-2021,4,767.71,0,23.65,37.19,11.44,36.5,39.97,1.76
Ernakulam,08-01-2021,4,754.36,0,12.34,86.55,9.89,46.49,48.56,1.12
Ernakulam,09-01-2021,4,674.25,0,11.65,65.8,4.83,27.3,31.4,1.96
Ernakulam,10-01-2021,4,774.38,0,17.14,66.52,9.78,45.81,49.35,1.88
Ernakulam,11-01-2021,4,734.33,0,18.68,50.78,8.46,39.75,43.58,2.12
Ernakulam,12-01-2021,4,587.46,0,17.31,23.6,6.44,39.98,45.81,2.91
Ernakulam,13-01-2021,3,487.33,0,12.85,27.9,6.26,20.24,22.85,0.98
Ernakulam,14-01-2021,4,567.44,0,18.51,21.99,8.11,34.01,38.13,1.35
Ernakulam,15-01-2021,5,547.41,0,16.97,88.69,16.45,51.51,57.75,0.34
Ernakulam,16-01-2021,4,627.52,0,13.2,82.25,7.33,43.5,48.7,0.9
Ernakulam,17-01-2021,4,707.63,0,13.88,87.26,12.28,46.43,50.52,0.98
Ernakulam,18-01-2021,4,640.87,0,13.54,103,6.62,46.08,54.33,2.95
Ernakulam,19-01-2021,5,754.36,0,19.88,113.01,14.07,97.73,112.15,2.09
Ernakulam,20-01-2021,5,567.44,0,12.51,105.86,9.89,73.73,88.23,1.24
Ernakulam,21-01-2021,5,734.33,0,20.05,82.97,11.33,90.15,104.92,2.85
Ernakulam,22-01-2021,5,807.76,0,18.34,85.12,9.89,97.5,111.12,4.56
Ernakulam,23-01-2021,5,754.36,0,13.54,92.98,12.4,101.17,108.55,1.09
Ernakulam,24-01-2021,5,620.84,0,13.02,68.67,10.61,55.3,58.54,1.79
Ernakulam,25-01-2021,4,667.57,0,15.94,57.94,8.7,46.3,53,1.35
Ernakulam,26-01-2021,5,607.49,0,12.68,108.72,7.99,60.53,72.68,3.96
Ernakulam,27-01-2021,5,747.68,0,19.36,69.38,7.87,58.16,72.59,2.95
Ernakulam,28-01-2021,5,660.9,0,13.2,36.84,6.38,72.05,83.9,3.64
Ernakulam,29-01-2021,5,480.65,0,6.68,141.62,7.27,80.15,89.95,0.02
Ernakulam,30-01-2021,5,580.79,0,9.94,121.59,6.8,86.7,100.2,0.9
Ernakulam,31-01-2021,5,460.63,0,7.63,105.86,6.08,75.04,83.03,0
Ernakulam,01-02-2021,5,494,0,6.08,113.01,5.48,94.4,102.94,0.42
Ernakulam,02-02-2021,5,554.09,0,9.94,114.44,7.57,99.12,112.78,1.35
Ernakulam,03-02-2021,4,487.33,0,14.57,101.57,9.42,46.36,60.28,5.07
Ernakulam,04-02-2021,5,534.06,0,4.63,140.19,5.84,75.76,89.3,0.9
Ernakulam,05-02-2021,5,467.3,0,6.43,141.62,6.97,78.94,95.79,1.16
Ernakulam,06-02-2021,5,634.19,0,14.05,83.69,7.75,65.07,78.8,3.71
Ernakulam,07-02-2021,5,567.44,0,11.48,82.25,8.23,66.4,74.11,1.17
Ernakulam,08-02-2021,5,667.57,0,13.02,123.02,9.3,102.4,118.65,3.64
Ernakulam,09-02-2021,5,674.25,0,19.19,86.55,11.21,82.81,98.67,5.32
Ernakulam,10-02-2021,5,827.79,0,22.28,91.55,13.11,104.55,128.12,5.13
Ernakulam,11-02-2021,5,687.6,0,13.02,150.2,11.8,106.93,125.72,3.01
Ernakulam,12-02-2021,5,527.38,0,8.82,110.15,8.58,86.14,99.46,1.14
Ernakulam,13-02-2021,5,447.27,0,8.23,104.43,5.42,73.19,84.7,0.16
Ernakulam,14-02-2021,5,500.68,0,11.48,91.55,6.91,67.64,78.41,2
Ernakulam,15-02-2021,5,447.27,0,6.94,91.55,4.29,76.74,85.2,0
Ernakulam,16-02-2021,5,363.83,0,6.77,92.98,4.53,70.79,78.94,0
Ernakulam,17-02-2021,5,400.54,0,6.34,97.28,3.55,58.97,66.31,0
Ernakulam,18-02-2021,5,363.83,0,6.68,85.12,3.93,50.91,59.81,0.45
Ernakulam,19-02-2021,4,440.6,0,10.97,82.25,9.3,46.16,51.78,0.66
Ernakulam,20-02-2021,5,507.36,0,7.54,95.84,4.83,57.97,67.75,1.49
Ernakulam,21-02-2021,4,487.33,0,12.34,95.84,5.31,30.83,37.5,2.25
Ernakulam,22-02-2021,3,433.92,0,3.34,101.57,2.71,24.44,26.7,0.03
Ernakulam,23-02-2021,4,507.36,0,4.41,108.72,3.04,36.33,41.26,0.88
Ernakulam,24-02-2021,4,554.09,0,9.34,104.43,5.9,29.78,35.18,1.03
Ernakulam,25-02-2021,4,534.06,0,4.88,115.87,3.37,40.36,44.59,0
Ernakulam,26-02-2021,4,520.71,0,4.46,94.41,2.5,37.43,43.91,0.04
Ernakulam,27-02-2021,5,540.73,0,5.4,108.72,3.67,96.6,113.11,0
Ernakulam,28-02-2021,5,500.68,0,7.88,90.12,4.53,77.55,96.7,0.65
Ernakulam,01-03-2021,5,534.06,0,6.08,85.12,5.84,78.85,87.16,0
Ernakulam,02-03-2021,5,500.68,0,10.88,68.67,6.86,61.74,69.05,0.07
Ernakulam,03-03-2021,4,447.27,0,10.11,64.37,6.08,47.08,57.65,0.72
Ernakulam,04-03-2021,5,520.71,0,10.63,62.23,3.99,54.76,67.58,1.73
Ernakulam,05-03-2021,5,433.92,0,7.11,114.44,6.68,73.76,88.31,0.84
Ernakulam,06-03-2021,5,460.63,0,14.91,90.12,10.13,51.37,63.23,3.52
Ernakulam,07-03-2021,4,310.42,0,2.44,74.39,1.65,45.24,57.35,0
Ernakulam,08-03-2021,5,373.84,0,7.71,74.39,5.19,59.56,76.13,0
Ernakulam,09-03-2021,4,307.08,0,3.64,69.38,3.04,34.36,41.16,0
Ernakulam,10-03-2021,3,360.49,0,9.77,65.09,6.5,22.52,26.5,0.71
Ernakulam,11-03-2021,4,447.27,0,11.14,74.39,8.7,32.02,33.83,1.01
Ernakulam,12-03-2021,4,547.41,0,17.31,58.65,12.76,32.73,36.62,1.68
Ernakulam,13-03-2021,4,480.65,0,8.05,117.3,5.6,46.39,52.71,1
Ernakulam,14-03-2021,2,367.17,0,5.83,51.5,2.5,19.06,24.33,1.87
Ernakulam,15-03-2021,4,417.23,0,3.77,94.41,3.58,30.36,36.96,0.9
Ernakulam,16-03-2021,4,387.19,0,7.63,80.11,6.14,34.31,40.9,1
Ernakulam,17-03-2021,3,370.5,0,9.6,48.64,7.57,24.68,30.38,1.03
Ernakulam,18-03-2021,4,400.54,0,7.88,57.22,5.66,31.34,39.46,0.93
Ernakulam,19-03-2021,4,297.07,0,5.23,66.52,2.92,29.21,35.44,0.34
Ernakulam,20-03-2021,4,327.11,0,5.06,72.96,3.79,44.23,48.79,0
Ernakulam,21-03-2021,4,330.45,0,5.23,60.08,4.59,33.06,37.68,0.42
Ernakulam,22-03-2021,4,340.46,0,8.65,58.65,6.2,25.09,29.3,0.56
Ernakulam,23-03-2021,4,353.81,0,10.28,46.49,8.11,30.48,37.5,0.9
Ernakulam,24-03-2021,4,320.44,0,7.28,50.07,6.62,25.79,30.38,0.81
Ernakulam,25-03-2021,3,427.25,0,10.63,53.64,4.83,22,25.76,0.67
Ernakulam,26-03-2021,2,370.5,0,15.42,51.5,10.01,16.49,20.36,1.38
Ernakulam,27-03-2021,2,347.14,0,8.65,55.08,5.31,16.45,20.34,0.77
Ernakulam,28-03-2021,4,417.23,0,4.71,50.78,3.43,25.94,27.24,0.33
Ernakulam,29-03-2021,2,500.68,0,12,28.97,7.75,14.23,16.62,1.19
Ernakulam,30-03-2021,1,494,0,13.54,27.54,8.82,9.78,11.68,1.28
Ernakulam,31-03-2021,1,397.21,0,2.21,65.09,1.48,5.09,9.25,0.13
Ernakulam,01-04-2021,2,370.5,0,2.29,56.51,1.21,14.15,16,0.27
Ernakulam,02-04-2021,4,297.07,0,6.6,60.8,2.86,34.37,61.73,1.24
Ernakulam,03-04-2021,4,230.31,0,3.47,65.8,1.4,43.14,85.74,0.17
Ernakulam,04-04-2021,4,230.31,0,1.39,85.83,0.89,44.31,82.47,0.07
Ernakulam,05-04-2021,4,233.65,0,1.99,73.67,1.07,44.99,95.5,0.45
Ernakulam,06-04-2021,5,240.33,0,2.96,75.1,1.54,45.25,100.91,0.59
Ernakulam,07-04-2021,4,340.46,0,13.37,52.21,6.26,38.46,64.23,1.77
Ernakulam,08-04-2021,3,287.06,0,7.28,47.21,6.38,21.26,25.69,0.9
Ernakulam,09-04-2021,2,243.66,0,5.83,57.22,3.28,14.14,16.91,0.64
Ernakulam,10-04-2021,4,440.6,0,18.51,55.08,10.61,37.83,49.33,1.43
Ernakulam,11-04-2021,4,407.22,0,12.51,42.56,8.94,27.47,31.96,1.58
Ernakulam,12-04-2021,4,460.63,0,12.85,70.81,11.44,36.13,39.46,1.58
Ernakulam,13-04-2021,5,647.54,0,19.54,87.98,19.55,58.67,63.23,1.11
Ernakulam,14-04-2021,5,660.9,0,22.28,35.41,13.95,51.2,54.02,1.19
Ernakulam,15-04-2021,4,607.49,0,14.57,37.55,9.78,35.88,38.13,0.6
Ernakulam,16-04-2021,2,330.45,0,12.68,52.93,9.89,15.18,17.84,0.57
Ernakulam,17-04-2021,1,377.18,0,15.42,35.05,10.73,9.63,12.15,0.62
Ernakulam,18-04-2021,2,387.19,0,13.37,36.84,9.3,10.39,13.68,0.97
Ernakulam,19-04-2021,2,494,0,19.19,21.1,8.46,15.59,18.34,1.31
Ernakulam,20-04-2021,2,453.95,0,14.22,43.27,7.15,16.77,20.09,1.31
Ernakulam,21-04-2021,1,277.04,0,5.57,50.07,2.5,7.5,9.89,0.74
Ernakulam,22-04-2021,4,473.98,0,16.97,34.69,7.87,26.72,31.12,2.09
Ernakulam,23-04-2021,3,453.95,0,20.56,29.33,8.82,20.02,24.16,1.79
Ernakulam,24-04-2021,2,263.69,0,7.8,52.93,3.82,16.74,20.79,0.59
Ernakulam,25-04-2021,2,327.11,0,7.97,47.21,4.35,16.5,19.8,0.91
Ernakulam,26-04-2021,2,387.19,0,15.08,47.21,10.97,19.66,22.72,0.92
Ernakulam,27-04-2021,1,257.02,0,4.8,60.8,4.05,5.2,6.89,0.27
Ernakulam,28-04-2021,3,467.3,0,24.68,27.9,15.14,21.1,24.93,1.27
Ernakulam,29-04-2021,1,307.08,0,7.45,52.21,6.26,8.8,11.44,0.62
Ernakulam,30-04-2021,1,287.06,0,9.43,38.62,4.53,8.03,11.02,0.87
Ernakulam,01-05-2021,3,473.98,0,18.85,32.54,8.23,24.11,28.97,1.5
Ernakulam,02-05-2021,4,520.71,0,11.82,62.23,9.54,30.76,33.07,1.28
Ernakulam,03-05-2021,4,560.76,0,17.14,29.33,11.68,30.64,33.28,1.19
Ernakulam,04-05-2021,2,400.54,0,10.97,44.35,7.27,11.45,13.63,0.54
Ernakulam,05-05-2021,4,801.09,0.84,39.07,2.91,14.07,45.59,51.27,2.25
Ernakulam,06-05-2021,4,607.49,0,14.91,59.37,11.33,45.55,48.12,0.93
Ernakulam,07-05-2021,4,580.79,0,16.79,34.33,9.89,37,39.77,0.92
Ernakulam,08-05-2021,4,707.63,0.01,26.05,15.2,13.11,40.94,44.29,1.88
Ernakulam,09-05-2021,3,453.95,0,11.82,50.78,7.33,20.18,22.52,0.9
Ernakulam,10-05-2021,5,654.22,0,15.59,60.8,11.56,56.04,59.18,1.27
Ernakulam,11-05-2021,2,514.03,0,14.91,24.32,7.03,17.24,18.37,0.81
Ernakulam,12-05-2021,1,220.3,0,4.24,29.33,2.41,1.32,2.42,0.2
Ernakulam,13-05-2021,1,337.12,0.54,13.54,5.9,7.45,5.88,7.82,0.82
Ernakulam,14-05-2021,1,363.83,0.01,10.97,19.31,6.38,6.7,8.05,0.58
Ernakulam,15-05-2021,1,226.97,0,1.41,33.26,0.79,4.62,6.56,0.04
Ernakulam,16-05-2021,1,240.33,0,1.44,41.13,0.62,2.9,4.11,0.02
Ernakulam,17-05-2021,1,263.69,0.02,5.4,18.95,2.98,4.19,5.51,0.34
Ernakulam,18-05-2021,1,230.31,0,3.21,27.9,2.35,3.99,5.79,0.12
Ernakulam,19-05-2021,1,293.73,0.03,8.57,20.74,5.66,4.32,6.43,1.01
Ernakulam,20-05-2021,1,223.64,0,3.86,28.97,2.3,1.46,2.61,0.2
Ernakulam,21-05-2021,1,220.3,0,3.77,39.7,2.3,1.41,2.47,0.2
Ernakulam,22-05-2021,1,243.66,0,5.27,30.04,3.34,2,3.2,0.3
Ernakulam,23-05-2021,1,223.64,0,4.71,30.76,2.41,1.39,2.47,0.2
Ernakulam,24-05-2021,2,363.83,0,9.17,36.12,3.52,18.05,20.73,1.25
Ernakulam,25-05-2021,1,267.03,0,2.59,41.13,1.4,6.41,7.57,0.18
Ernakulam,26-05-2021,1,233.65,0,1.44,28.25,0.7,3.01,3.93,0.07
Ernakulam,27-05-2021,1,223.64,0,1.8,43.63,1,4.95,6.22,0.15
Ernakulam,28-05-2021,1,220.3,0,2.29,34.33,1.31,6.03,11.31,0.14
Ernakulam,29-05-2021,1,213.62,0,2.19,33.26,1.19,4.47,5.64,0.11
Ernakulam,30-05-2021,1,223.64,0,2.19,43.63,1.18,3.53,4.57,0.17
Ernakulam,31-05-2021,1,216.96,0,1.67,42.92,0.97,3.77,5.67,0.12
Ernakulam,01-06-2021,1,203.61,0,2.06,37.91,1.04,2.02,2.94,0.09
Ernakulam,02-06-2021,1,230.31,0,6.77,32.9,3.25,4.67,6.98,0.48
Ernakulam,03-06-2021,1,226.97,0,5.91,40.77,2.92,4.37,6.44,0.44
Ernakulam,04-06-2021,1,220.3,0,4.46,33.62,2.09,1.84,3.1,0.33
Ernakulam,05-06-2021,1,303.75,0.01,12,25.03,6.26,5.56,7.82,0.84
Ernakulam,06-06-2021,1,205.28,0,3.38,45.06,2.12,1.9,2.76,0.15
Ernakulam,07-06-2021,1,223.64,0,5.66,32.19,3.49,2.58,3.83,0.28
Ernakulam,08-06-2021,1,205.28,0,2.66,36.48,1.37,4.11,6.02,0.18
Ernakulam,09-06-2021,1,211.95,0,3.94,40.41,2.03,5.83,8.61,0.48
Ernakulam,10-06-2021,1,287.06,0.01,7.71,25.75,3.31,8.68,12.44,1.14
Ernakulam,11-06-2021,1,297.07,0,7.97,27.9,3.28,9.47,16.45,1.35
Ernakulam,12-06-2021,1,200.27,0,2.34,30.4,1.25,3.26,4.66,0.11
Ernakulam,13-06-2021,1,193.6,0,1.82,34.33,0.92,2.71,3.66,0.05
Ernakulam,14-06-2021,1,195.27,0,1.36,34.33,0.75,2.86,4.41,0.03
Ernakulam,15-06-2021,1,203.61,0,1.52,30.04,1.01,5.84,8.18,0
Ernakulam,16-06-2021,1,198.6,0,1.63,39.7,1.1,5.03,7.48,0.03
Ernakulam,17-06-2021,1,208.62,0,2.42,33.98,1.43,4.86,6.54,0.11
Ernakulam,18-06-2021,1,216.96,0,2.79,28.25,1.62,7.11,16.54,0.18
Ernakulam,19-06-2021,1,206.95,0,2.44,35.05,1.42,5.24,10.49,0.11
Ernakulam,20-06-2021,1,196.93,0,1.89,31.47,1.06,5.31,8.95,0.21
Ernakulam,21-06-2021,1,216.96,0,2.87,40.05,1.39,6.02,8.26,0.42
Ernakulam,22-06-2021,1,203.61,0,2.4,39.34,1.19,4.19,6.57,0.36
Ernakulam,23-06-2021,1,210.29,0,2.61,35.05,1.31,3.39,4.57,0.27
Ernakulam,24-06-2021,1,220.3,0,3.04,31.47,1.46,4.27,5.52,0.3
Ernakulam,25-06-2021,1,203.61,0,1.95,31.47,1.04,8.97,15.1,0.13
Ernakulam,26-06-2021,1,206.95,0,1.78,32.9,0.95,6.04,11.61,0.14
Ernakulam,27-06-2021,1,205.28,0,1.8,35.05,0.97,5.04,6.04,0.14
Ernakulam,28-06-2021,1,205.28,0,2.61,34.33,1.43,3.6,4.81,0.17
Ernakulam,29-06-2021,1,300.41,0,8.48,23.96,3.1,5.57,9.48,1.46
Ernakulam,30-06-2021,1,233.65,0,4.58,28.25,2.06,5.73,8.69,0.62
Ernakulam,01-07-2021,1,223.64,0.01,3.26,25.03,1.46,7.65,11.82,0.4
Ernakulam,02-07-2021,1,210.29,0,3.21,27.9,1.58,3.05,4.66,0.31
Ernakulam,03-07-2021,1,253.68,0,6.26,27.18,2.5,5.68,7.77,0.67
Ernakulam,04-07-2021,1,200.27,0,2.38,38.98,1.13,2.55,3.59,0.24
Ernakulam,05-07-2021,1,208.62,0,2.12,33.62,1,3.26,4.37,0.31
Ernakulam,06-07-2021,1,200.27,0,1.84,30.76,0.86,1.61,2.76,0.23
Ernakulam,07-07-2021,1,220.3,0,3.13,29.68,1.59,1.66,3.22,0.19
Ernakulam,08-07-2021,1,213.62,0,2.55,33.26,1.13,1.31,2.46,0.33
Ernakulam,09-07-2021,1,201.94,0,1.61,31.83,0.74,1.94,2.94,0.12
Ernakulam,10-07-2021,1,195.27,0,1.22,41.84,0.59,2.26,3.51,0.07
Ernakulam,11-07-2021,1,205.28,0,1.15,50.78,0.7,3.62,5.48,0.06
Ernakulam,12-07-2021,1,210.29,0,0.95,50.07,0.8,9.08,11.05,0
Ernakulam,13-07-2021,1,201.94,0,1.15,33.62,0.81,7.14,9.18,0.05
Ernakulam,14-07-2021,1,223.64,0.01,2.79,24.68,1.43,7,9.41,0.3
Ernakulam,15-07-2021,1,263.69,0,5.48,25.75,2.56,9.19,11.23,0.71
Ernakulam,16-07-2021,1,213.62,0,2.14,33.26,1.15,7.35,8.65,0.15
Ernakulam,17-07-2021,1,213.62,0,3.04,36.48,1.52,6.37,8.22,0.4
Ernakulam,18-07-2021,1,211.95,0,2.38,37.19,1.22,5.35,6.48,0.33
Ernakulam,19-07-2021,1,195.27,0,1.26,47.21,0.85,7.71,9.93,0.06
Ernakulam,20-07-2021,1,216.96,0,2.59,42.92,1.39,8.5,13.73,0.36
Ernakulam,21-07-2021,1,201.94,0,1.41,38.27,0.79,4.4,6.05,0.1
Ernakulam,22-07-2021,1,200.27,0,1.27,41.13,0.79,4.39,6.02,0.02
Ernakulam,23-07-2021,1,191.93,0,1.39,35.76,1.03,9.64,12.83,0
Ernakulam,24-07-2021,1,216.96,0.01,3.04,21.1,1.4,4.26,5.73,0.35
Ernakulam,25-07-2021,1,203.61,0,1.56,29.33,0.7,2.39,4.12,0.08
Ernakulam,26-07-2021,1,206.95,0,1.37,40.41,0.65,2.09,3.1,0.13
Ernakulam,27-07-2021,1,201.94,0,1.48,40.05,0.89,7.84,10.45,0.06
Ernakulam,28-07-2021,1,205.28,0,2.1,37.55,1,2.51,4.42,0.13
Ernakulam,29-07-2021,1,203.61,0,2.31,41.13,1.27,4.93,6.45,0.16
Ernakulam,30-07-2021,1,230.31,0,3.81,36.84,1.91,5.99,8.87,0.55
Ernakulam,31-07-2021,1,200.27,0,2.49,45.78,1.27,5.51,13.65,0.3
Ernakulam,01-08-2021,1,206.95,0,2.44,30.04,1.43,7.94,14.54,0.38
Ernakulam,02-08-2021,2,205.28,0,2.19,35.05,1.33,9.88,28.88,0.26
Ernakulam,03-08-2021,1,200.27,0,1.78,43.27,1.27,6.44,7.88,0
Ernakulam,04-08-2021,1,200.27,0,1.95,41.84,1.21,5.59,7.96,0.11
Ernakulam,05-08-2021,1,200.27,0,1.65,37.55,1.07,3.31,5.03,0.11
Ernakulam,06-08-2021,1,195.27,0,1.5,28.25,1.25,6.53,8.14,0.04
Ernakulam,07-08-2021,1,195.27,0,1.35,26.82,0.98,4.33,5.43,0.06
Ernakulam,08-08-2021,1,196.93,0,1.31,37.55,0.95,3.76,4.96,0.08
Ernakulam,09-08-2021,1,193.6,0,2.55,45.78,1.37,1.54,2.55,0.12
Ernakulam,10-08-2021,1,206.95,0,2.64,42.92,1.33,1.53,2.74,0.29
Ernakulam,11-08-2021,1,181.91,0,1.99,47.21,1.24,3.87,5.18,0.19
Ernakulam,12-08-2021,1,193.6,0,1.76,32.54,1.13,3.69,5.02,0.12
Ernakulam,13-08-2021,1,190.26,0,1.95,37.19,1.28,5.58,7.08,0.14
Ernakulam,14-08-2021,1,198.6,0,1.59,45.06,1.13,4.59,5.99,0.14
Ernakulam,15-08-2021,1,208.62,0,1.82,45.78,1.34,5.27,6.89,0.21
Ernakulam,16-08-2021,1,185.25,0,1.56,39.34,1.21,5.22,6.58,0.12
Ernakulam,17-08-2021,1,216.96,0.01,3.86,25.03,2.03,6.73,10.34,0.5
Ernakulam,18-08-2021,1,200.27,0.01,2.83,27.18,1.52,3.54,4.91,0.27
Ernakulam,19-08-2021,1,191.93,0,2.1,28.25,1,1.35,2.38,0.21
Ernakulam,20-08-2021,1,267.03,0,7.54,27.54,3.01,6.78,10.21,1.14
Ernakulam,21-08-2021,1,210.29,0,3.43,29.33,1.51,6.79,10.03,0.4
Ernakulam,22-08-2021,2,300.41,0.01,9.25,23.6,3.31,10.61,16.01,1.55
Ernakulam,23-08-2021,2,337.12,0.01,14.74,18.42,6.44,11.47,15.26,1.49
Ernakulam,24-08-2021,1,343.8,0.01,13.2,21.46,8.58,9.48,13.07,0.95
Ernakulam,25-08-2021,1,230.31,0,5.66,28.97,3.37,3.31,6.45,0.52
Ernakulam,26-08-2021,1,257.02,0,7.88,30.4,5.25,4.47,7.48,0.63
Ernakulam,27-08-2021,1,178.58,0,1.61,32.9,0.85,1.27,2.48,0.11
Ernakulam,28-08-2021,1,181.91,0.01,1.15,24.68,0.7,1.51,2.82,0.06
Ernakulam,29-08-2021,1,178.58,0,1.29,33.62,0.72,1.43,2.51,0.03
Ernakulam,30-08-2021,1,173.57,0,1.37,38.27,0.8,1.71,2.87,0.07
Ernakulam,31-08-2021,1,193.6,0,3.13,32.9,1.54,2.17,3.64,0.41
Ernakulam,01-09-2021,1,185.25,0,3.26,40.05,1.68,4.95,6.87,0.27
Ernakulam,02-09-2021,1,185.25,0,2.7,40.77,1.43,3.8,5.44,0.26
Ernakulam,03-09-2021,1,260.35,0,5.4,41.13,2.41,4.22,6.45,0.74
Ernakulam,04-09-2021,1,236.99,0,2.25,47.21,1.3,2.75,3.9,0.19
Ernakulam,05-09-2021,1,188.59,0,1.84,44.7,1.07,2.04,3,0.1
Ernakulam,06-09-2021,1,191.93,0,1.34,31.47,0.79,1.71,2.73,0.09
Ernakulam,07-09-2021,1,193.6,0,1.65,31.83,1,2.69,4.1,0.08
Ernakulam,08-09-2021,1,183.58,0,1.95,47.21,1.43,5.99,8.06,0
Ernakulam,09-09-2021,2,201.94,0,2.96,47.21,1.82,5.97,20.72,0.15
Ernakulam,10-09-2021,1,233.65,0,4.71,38.62,2.3,6.72,11.01,0.67
Ernakulam,11-09-2021,1,226.97,0,4.54,27.54,2.03,6.49,10.17,0.55
Ernakulam,12-09-2021,1,188.59,0,1.76,42.2,1.28,7.51,11.84,0
Ernakulam,13-09-2021,1,193.6,0,1.99,33.98,1.33,4,5.22,0.06
Ernakulam,14-09-2021,1,198.6,0,1.78,33.62,1.16,4.56,6.28,0.14
Ernakulam,15-09-2021,1,195.27,0,2.38,30.4,1.48,7.89,10.08,0.14
Ernakulam,16-09-2021,1,198.6,0,4.03,34.33,2.12,6.43,8.46,0.13
Ernakulam,17-09-2021,1,236.99,0,5.31,35.76,2.3,8.42,12.23,0.68
Ernakulam,18-09-2021,1,226.97,0,4.63,30.04,2,9.14,14.07,0.56
Ernakulam,19-09-2021,1,211.95,0,3.34,30.4,1.49,7.51,11.88,0.49
Ernakulam,20-09-2021,1,243.66,0,3.68,28.25,1.48,5.34,9.58,0.6
Ernakulam,21-09-2021,1,243.66,0.01,4.2,26.11,1.8,5.2,10.22,0.67
Ernakulam,22-09-2021,1,216.96,0.01,2.16,27.18,1.16,2.99,5.14,0.28
Ernakulam,23-09-2021,1,205.28,0,2.1,30.4,1.25,4.08,8.32,0.23
Ernakulam,24-09-2021,1,205.28,0,1.78,29.33,1.25,4.16,5.71,0.13
Ernakulam,25-09-2021,1,213.62,0,2.72,30.76,1.43,5.24,7.45,0.23
Ernakulam,26-09-2021,1,203.61,0,1.48,32.9,0.8,3.42,4.89,0.06
Ernakulam,27-09-2021,1,226.97,0,2.36,31.11,1.19,2.48,3.55,0.17
Ernakulam,28-09-2021,1,205.28,0,1.97,33.62,1.51,7.83,10.07,0.01
Ernakulam,29-09-2021,1,226.97,0.01,4.37,22.53,2.33,4.76,6.65,0.23
Ernakulam,30-09-2021,1,253.68,0,5.66,28.97,2.41,5.92,8.66,0.7
Ernakulam,01-10-2021,1,236.99,0,3.38,37.55,1.42,2.39,4,0.4
Ernakulam,02-10-2021,2,480.65,0.09,17.48,10.28,5.42,11.4,14.8,1.76
Ernakulam,03-10-2021,2,387.19,0,13.88,34.33,6.08,11.53,15.14,1.17
Ernakulam,04-10-2021,2,480.65,0.04,20.05,11.8,10.73,15.96,19,1.41
Ernakulam,05-10-2021,2,473.98,0.08,22.62,11.8,14.9,13.39,16.14,1.46
Ernakulam,06-10-2021,1,253.68,0,4.67,32.54,2.5,2.19,3.28,0.26
Ernakulam,07-10-2021,2,447.27,0,11.48,36.12,7.75,14.12,16.64,0.83
Ernakulam,08-10-2021,1,250.34,0,4.71,53.64,3.4,3.7,5.73,0.26
Ernakulam,09-10-2021,1,210.29,0,2.7,50.07,1.52,1.63,2.48,0.09
Ernakulam,10-10-2021,1,223.64,0.01,2.7,22.35,1.39,1.51,2.29,0.1
Ernakulam,11-10-2021,1,233.65,0,4.46,27.54,2.06,1.54,2.81,0.5
Ernakulam,12-10-2021,1,208.62,0,1.97,33.26,0.89,0.9,1.89,0.13
Ernakulam,13-10-2021,1,226.97,0,4.11,47.92,1.94,4.13,5.74,0.45
Ernakulam,14-10-2021,1,226.97,0,4.5,37.55,3.01,4,5.6,0.16
Ernakulam,15-10-2021,2,333.79,0,9.51,35.76,6.2,11.43,13.87,0.42
Ernakulam,16-10-2021,2,353.81,0,10.97,38.62,6.91,13.11,14.78,0.78
Ernakulam,17-10-2021,1,343.8,0,2.44,51.5,0.67,3.87,4.71,0.09
Ernakulam,18-10-2021,2,230.31,0,1.74,74.39,1.15,16.71,17.79,0
Ernakulam,19-10-2021,3,353.81,0,7.88,65.8,3.73,23.37,26.04,1.05
Ernakulam,20-10-2021,4,520.71,0,14.74,46.49,4.53,37.3,50.35,2.44
Ernakulam,21-10-2021,2,320.44,0,8.05,53.64,3.93,14.9,18.14,1.31
Ernakulam,22-10-2021,4,787.74,0.45,36.33,6.26,17.41,47.35,53.45,4.37
Ernakulam,23-10-2021,4,647.54,0,22.96,26.82,12.88,37.03,39.88,0.82
Ernakulam,24-10-2021,1,383.85,0,10.54,43.63,8.11,8.88,10.84,1.22
Ernakulam,25-10-2021,2,420.57,0,17.31,41.13,6.86,13.52,18.29,2.5
Ernakulam,26-10-2021,4,614.17,0,16.11,59.37,10.37,40.14,42.46,1.38
Ernakulam,27-10-2021,4,774.38,0,23.99,26.11,14.07,43.91,49.11,3.29
Ernakulam,28-10-2021,4,674.25,0,10.97,60.08,6.74,25.24,26.57,1.17
Ernakulam,29-10-2021,4,834.47,0,26.73,57.22,16.21,42.2,48.55,2.95
Ernakulam,30-10-2021,4,934.6,0,29.82,27.18,10.85,49.34,54.46,1.77
Ernakulam,31-10-2021,5,1028.06,0,24.33,40.05,14.9,63.72,67.35,1.3
Ernakulam,01-11-2021,2,574.11,0,9.77,27.54,3.01,16.02,17.26,0.44
Ernakulam,02-11-2021,3,747.68,0.06,19.54,9.39,5.84,22.66,25.75,1.2
Ernakulam,03-11-2021,3,834.47,0,14.05,38.98,7.51,24.95,26.18,0.88
Ernakulam,04-11-2021,2,781.06,0,13.37,26.82,6.56,19.58,21.41,1.41
Ernakulam,05-11-2021,3,560.76,0,15.77,38.62,9.3,23.03,24.61,0.83
Ernakulam,06-11-2021,3,560.76,0,16.62,46.49,10.97,20.71,23.72,0.74
Ernakulam,07-11-2021,2,447.27,0,10.45,58.65,4.53,18.15,21.75,1.9
Ernakulam,08-11-2021,4,634.19,0,15.94,35.76,4.71,34.22,46.62,2.47
Ernakulam,09-11-2021,4,781.06,0,14.39,34.69,4.53,33.11,35.41,0.82
Ernakulam,10-11-2021,3,520.71,0,9.17,42.92,3.22,23.56,26.37,1.41
Ernakulam,11-11-2021,4,494,0,6.94,60.08,2.95,27.26,29.02,0.54
Ernakulam,12-11-2021,5,487.33,0,2.36,111.58,1.39,87.3,94.67,0
Ernakulam,13-11-2021,5,620.84,0,14.57,60.08,6.68,74.34,81.3,0.77
Ernakulam,14-11-2021,2,363.83,0,1.44,97.27,0.75,8.48,9.36,0
Ernakulam,15-11-2021,5,554.08,0,3,134.47,1.89,58.17,59.13,0.17
Ernakulam,16-11-2021,4,494,0,4.58,127.32,3.55,39.13,40.55,0.39
Ernakulam,17-11-2021,4,640.87,0,15.94,57.94,11.8,42.05,45.33,1.06
Ernakulam,18-11-2021,4,587.46,0,16.62,65.8,6.74,40.13,48.78,1.11
Ernakulam,19-11-2021,4,447.27,0,9.85,65.8,3.87,30.31,36.77,1.01
Ernakulam,20-11-2021,4,390.53,0,3.56,95.84,1.8,25.49,27.05,0.3
Ernakulam,21-11-2021,2,423.91,0,11.48,56.51,3.43,19.19,32.65,1.71
Ernakulam,22-11-2021,4,741,0.04,27.08,16.27,5.72,28.74,47.49,3.7
Ernakulam,23-11-2021,2,403.88,0,10.28,45.78,4.35,13.39,19.13,1.41
Ernakulam,24-11-2021,5,754.36,0,13.54,59.37,6.62,58.27,65.32,2.15
Ernakulam,25-11-2021,5,1001.36,0,28.79,56.51,14.07,78.49,89.2,3.51
Ernakulam,26-11-2021,5,988.01,0,27.08,20.74,9.89,73.15,79.52,2.09
Ernakulam,27-11-2021,4,660.9,0,13.19,26.46,3.7,28.75,30.56,0.87
Ernakulam,28-11-2021,4,821.11,0,20.22,29.68,9.3,33.35,34.86,0.9
Ernakulam,29-11-2021,4,867.84,0,26.05,25.03,13.59,38.86,40.82,1.77
Ernakulam,30-11-2021,4,700.95,0,20.39,55.79,15.74,38.28,40.65,1.01
Ernakulam,01-12-2021,4,734.33,0,23.31,22.89,12.64,38.77,42.99,2.63
Ernakulam,02-12-2021,4,694.27,0,16.11,95.84,12.28,47.7,54.45,1.44
Ernakulam,03-12-2021,5,747.68,0,16.28,82.25,13.71,61.16,68.4,1.12
Ernakulam,04-12-2021,5,974.66,0,25.36,42.2,16.45,86.42,92.3,2.98
Ernakulam,05-12-2021,4,741,0,19.54,53.64,9.78,45.73,49.94,1.8
Ernakulam,06-12-2021,2,413.89,0,12.34,31.47,5.48,12.49,16.03,1.74
Ernakulam,07-12-2021,4,660.9,0,21.93,17.17,10.01,34.56,39,1.8
Ernakulam,08-12-2021,5,1174.93,0,35.64,47.92,21.93,84.06,94.83,8.61
Ernakulam,09-12-2021,5,834.47,0,10.45,98.71,11.92,74.34,81.73,0.85
Ernakulam,10-12-2021,5,854.49,0,21.76,100.14,17.64,77.31,82.54,2.25
Ernakulam,11-12-2021,4,480.65,0,7.2,105.86,6.26,37.58,42.14,0.01
Ernakulam,12-12-2021,5,694.27,0,17.14,89.41,11.68,61.46,69.83,3.89
Ernakulam,13-12-2021,4,494,0,7.54,104.43,4.77,39.63,44.63,0.83
Ernakulam,14-12-2021,5,734.33,0,20.39,86.55,15.14,53.37,62.02,4.02
Ernakulam,15-12-2021,5,821.11,0,20.73,63.66,11.44,53.61,60.19,2.6
Ernakulam,16-12-2021,4,473.98,0,9.51,105.86,5.72,30.63,36.25,0.89
Ernakulam,17-12-2021,5,660.9,0,17.31,98.71,10.61,60.4,70.37,2.15
Ernakulam,18-12-2021,5,707.63,0,15.25,115.87,11.44,83.49,94.87,2.28
Ernakulam,19-12-2021,5,594.14,0,5.18,144.48,8.11,138.8,150.79,0
Ernakulam,20-12-2021,5,720.98,0,12.68,110.15,8.7,142.98,156.46,0.11
Ernakulam,21-12-2021,5,507.35,0,8.65,125.89,8.94,92.99,105.02,0.32
Ernakulam,22-12-2021,5,1161.58,0,34.27,32.54,7.87,130.5,167.7,5.89
Ernakulam,23-12-2021,5,540.73,0,10.97,120.16,10.13,93.17,107.16,0.89
Ernakulam,24-12-2021,5,507.35,0,9.68,92.98,7.09,83.15,90.35,0.03
Ernakulam,25-12-2021,5,634.19,0,10.62,89.41,6.44,118.65,134.27,0.96
Ernakulam,26-12-2021,5,1201.63,0,31.53,32.9,8.58,160.23,183.51,4.94
Ernakulam,27-12-2021,5,567.44,0,12.68,95.84,8.7,95.33,106.44,1.06
Ernakulam,28-12-2021,5,507.35,0,8.65,103,4.83,81.14,93.09,1.17
Ernakulam,29-12-2021,5,527.38,0,9.94,104.43,6.26,62.52,78.47,2.09
Ernakulam,30-12-2021,5,547.41,0,7.71,111.58,8.94,81.35,95.08,1.04
Ernakulam,31-12-2021,5,841.14,0,19.19,107.29,14.31,116.08,134.78,3.23
Ernakulam,01-01-2022,4,500.68,0,10.37,108.72,9.18,46.68,53.41,0.97
Ernakulam,02-01-2022,4,667.57,0,15.94,82.97,12.04,41.62,46.42,4.56
Ernakulam,03-01-2022,3,507.35,0,7.88,94.41,9.3,22.53,26.43,1.36
Ernakulam,04-01-2022,2,390.53,0,11.82,69.38,11.09,19.1,25.57,1.33
Ernakulam,05-01-2022,5,500.68,0,6.85,113.01,7.45,55.84,64.31,0.34
Ernakulam,06-01-2022,5,500.68,0,7.88,107.29,5.13,53.78,64.56,1.01
Ernakulam,07-01-2022,5,567.44,0,9.77,137.33,10.13,92.38,104.39,0.61
Ernakulam,08-01-2022,4,460.62,0,7.2,89.41,3.81,45.56,51.6,0.68
Ernakulam,09-01-2022,5,520.71,0,7.45,98.71,5.36,55.38,61.58,1.39
Ernakulam,10-01-2022,5,620.84,0,14.22,82.97,8.23,70.16,78.09,2.12
Ernakulam,11-01-2022,4,514.03,0,10.71,88.69,6.44,45.06,54.82,2.37
Ernakulam,12-01-2022,4,390.53,0,6.17,97.27,4.47,36.76,49.31,0.92
Ernakulam,13-01-2022,2,323.77,0,5.01,75.82,2.56,12.28,20.63,1.01
Ernakulam,14-01-2022,3,340.46,0,5.18,77.25,2.83,20.76,31.01,1.12
Ernakulam,15-01-2022,4,370.5,0,5.4,80.82,3.04,25.17,35.65,0.79
Ernakulam,16-01-2022,3,367.16,0,6.68,72.24,3.28,23.15,31.96,1.36
Ernakulam,17-01-2022,4,494,0,6.85,110.15,4.11,39.78,48.34,1.55
Ernakulam,18-01-2022,4,423.91,0,7.03,79.39,4.23,25.11,30.89,1.06
Ernakulam,19-01-2022,4,467.3,0,5.44,124.45,4.95,36.3,44.15,0.16
Ernakulam,20-01-2022,5,627.52,0,13.54,101.57,7.99,50.77,63.11,2.98
Ernakulam,21-01-2022,4,527.38,0,7.28,87.26,3.76,33.05,39.95,1.17
Ernakulam,22-01-2022,5,674.25,0,18.85,88.69,6.38,58.47,70.86,3.77
Ernakulam,23-01-2022,2,293.73,0,2.59,65.09,1.28,18.01,28.52,0.49
Ernakulam,24-01-2022,4,560.76,0.51,16.79,8.94,5.01,28.88,46.77,4.18
Ernakulam,25-01-2022,4,243.66,0,2.72,85.12,1.62,21.13,58.14,0.55
Ernakulam,26-01-2022,2,267.03,0,3.73,80.11,2.06,13.34,26.87,0.75
Ernakulam,27-01-2022,3,350.48,0,8.65,71.53,5.19,22.09,34.34,1.36
Ernakulam,28-01-2022,3,367.16,0,11.14,80.82,6.38,24.35,33.34,1.19
Ernakulam,29-01-2022,4,340.46,0,5.27,103,3.99,28.51,35.23,0.43
Ernakulam,30-01-2022,4,333.79,0,2.87,103,3.16,33.86,41.1,0
Ernakulam,31-01-2022,4,460.62,0,6.6,111.58,6.26,47.58,55.22,0
Ernakulam,01-02-2022,4,433.92,0,8.14,85.83,5.07,37.95,44.63,0.37
Ernakulam,02-02-2022,4,487.33,0,10.88,81.54,5.96,47.29,55.08,1.23
Ernakulam,03-02-2022,5,433.92,0,6.94,98.71,3.67,71.84,82.5,1.11
Ernakulam,04-02-2022,5,403.88,0,8.65,87.26,6.14,57.35,64.1,0.31
Ernakulam,05-02-2022,4,340.46,0,5.06,67.23,2.77,26.71,38.52,0.93
Ernakulam,06-02-2022,4,377.18,0,6.85,70.81,3.58,25.52,36.28,1.77
Ernakulam,07-02-2022,3,323.77,0,5.14,70.1,3.01,24.59,40.41,1.27
Ernakulam,08-02-2022,4,283.72,0,3.86,70.81,2.03,35.82,62.78,0.82
Ernakulam,09-02-2022,4,313.76,0,3.38,87.26,2.15,38.04,54.45,0.18
Ernakulam,10-02-2022,4,427.25,0,7.88,92.98,5.72,46.57,56.85,1.16
Ernakulam,11-02-2022,5,403.88,0,6.51,104.43,4.05,50.01,67.72,1.42
Ernakulam,12-02-2022,4,300.41,0,5.91,87.26,4.23,31.59,48.38,0.24
Ernakulam,13-02-2022,4,514.03,0,12.85,60.08,9.42,32.5,35.53,1.41
Ernakulam,14-02-2022,3,363.83,0,4.37,97.27,3.52,24.02,27.28,0.13
Ernakulam,15-02-2022,4,387.19,0,7.2,78.68,4.05,29.36,36.05,0.56
Ernakulam,16-02-2022,5,667.57,0,14.74,77.96,11.8,53.55,61.68,1.88
Ernakulam,17-02-2022,5,674.25,0,17.99,62.94,13.35,55,62.6,1.9
Ernakulam,18-02-2022,2,407.22,0,8.83,68.66,6.97,11.02,14.4,0.99
Ernakulam,19-02-2022,4,447.27,0,8.83,94.41,9.06,47.35,55.79,1.03
Ernakulam,20-02-2022,4,387.19,0,6.6,101.57,4.41,41.97,51.97,0.8
Ernakulam,21-02-2022,5,527.38,0,16.62,57.22,15.97,57.55,69.4,1.57
Ernakulam,22-02-2022,4,340.46,0,4.41,85.83,2.74,49.78,65.47,0.49
Ernakulam,23-02-2022,5,440.6,0,16.62,83.68,12.04,57.88,76.39,1.22
Ernakulam,24-02-2022,5,494,0,8.91,94.41,7.09,61.2,69.59,1.08
Ernakulam,25-02-2022,5,460.62,0,7.28,133.04,7.15,64.82,80.38,2.06
Ernakulam,26-02-2022,5,540.73,0,13.54,111.58,10.37,73.92,88.56,2.31
Ernakulam,27-02-2022,5,460.62,0,10.37,92.98,7.09,66.51,78.87,0.63
Ernakulam,28-02-2022,5,420.57,0,6.68,98.71,5.19,56.02,65.36,0.87
Ernakulam,01-03-2022,4,560.76,0,17.31,72.24,12.04,45.58,54.61,2.41
Ernakulam,02-03-2022,5,594.14,0,11.31,87.26,6.85,76.05,91.99,2.85
Ernakulam,03-03-2022,5,433.92,0,6.94,78.68,3.81,50.93,67.82,1.19
Ernakulam,04-03-2022,5,560.76,0,12.51,95.84,6.79,80.3,101.33,2.69
Ernakulam,05-03-2022,5,640.87,0,13.88,103,8.23,97.35,119.39,1.95
Ernakulam,06-03-2022,5,423.91,0,9.34,81.54,6.44,53.15,66.45,0.69
Ernakulam,07-03-2022,5,427.25,0,6.43,78.68,6.32,53.95,63.29,0.57
Ernakulam,08-03-2022,4,467.3,0,10.2,61.51,6.56,26.28,30.97,1.2
Ernakulam,09-03-2022,4,514.03,0,14.39,67.95,10.25,32.3,38.25,2.5
Ernakulam,10-03-2022,4,447.27,0,9.68,62.94,5.9,29.16,34.63,1.31
Ernakulam,11-03-2022,4,423.91,0,7.97,61.51,4.11,28.02,33.67,1.14
Ernakulam,12-03-2022,5,480.65,0,7.8,72.24,5.48,56.04,64.99,0.86
Ernakulam,13-03-2022,5,480.65,0,4.97,81.54,2.86,77.91,91.28,0
Ernakulam,14-03-2022,5,520.71,0,7.71,97.27,6.26,94.08,107.74,0
Ernakulam,15-03-2022,5,540.73,0,10.45,90.12,6.85,97.48,112.92,0
Ernakulam,16-03-2022,5,440.6,0,2.96,100.14,2.03,65.61,73.95,0
Ernakulam,17-03-2022,5,594.14,0,14.22,63.66,10.13,78.12,85.1,1.09
Ernakulam,18-03-2022,4,433.92,0,11.82,83.68,6.02,42.13,49.98,1.01
Ernakulam,19-03-2022,4,360.49,0,6.08,77.25,4.29,36.42,49.96,0.26
Ernakulam,20-03-2022,4,370.5,0,11.48,60.8,7.57,31.49,38.42,0.7
Ernakulam,21-03-2022,3,287.06,0,3.17,66.52,1.68,22.66,29.76,0.53
Ernakulam,22-03-2022,3,267.03,0,2.68,66.52,1.59,23.12,32.21,0.28
Ernakulam,23-03-2022,4,260.35,0,2.96,60.8,1.58,38.74,57.56,0.01
Ernakulam,24-03-2022,4,540.73,0,25.36,27.54,14.31,34.36,43.8,3.48
Ernakulam,25-03-2022,4,410.56,0,13.37,43.63,5.42,28.16,43.05,2.18
Ernakulam,26-03-2022,4,460.62,0,20.22,38.62,10.01,30.92,44.63,1.99
Ernakulam,27-03-2022,4,453.95,0,12.34,43.27,6.02,29.86,38.58,2.34
Ernakulam,28-03-2022,4,473.98,0,14.74,43.99,11.09,32.76,38.65,1.46
Ernakulam,29-03-2022,4,540.73,0,17.99,75.1,16.45,45.9,51.36,2.06
Ernakulam,30-03-2022,3,453.95,0,14.91,30.04,12.16,22.6,27.35,1.5
Ernakulam,31-03-2022,3,467.3,0,14.57,32.9,12.28,20.11,24.69,1.84
Ernakulam,01-04-2022,1,303.75,0,7.97,42.2,4.53,6.76,9.65,0.76
Ernakulam,02-04-2022,2,467.3,0,20.05,30.4,13.59,19.99,24.8,2.09
Ernakulam,03-04-2022,3,480.65,0,18.34,33.62,10.85,20.19,23.71,1.74
Ernakulam,04-04-2022,2,447.27,0,13.19,42.92,9.78,19.08,22.23,2.53
Ernakulam,05-04-2022,3,403.88,0,7.54,76.53,7.39,21.22,24.39,0.82
Ernakulam,06-04-2022,2,433.92,0,13.37,50.78,12.16,14.95,18.42,2.06
Ernakulam,07-04-2022,3,534.06,0,25.02,32.9,13.95,21.91,26.42,1.92
Ernakulam,08-04-2022,2,387.19,0,18.68,30.76,10.97,13.93,17.21,1.23
Ernakulam,09-04-2022,2,390.53,0,20.05,30.76,10.97,14.59,18.44,0.94
Ernakulam,10-04-2022,2,460.62,0,15.42,35.41,6.74,17.33,19.16,1.42
Ernakulam,11-04-2022,2,377.18,0,8.74,47.21,4.71,13.56,16.33,1.65
Ernakulam,12-04-2022,4,640.87,0,23.99,26.46,11.32,26.97,30.04,3.7
Ernakulam,13-04-2022,4,687.6,0,27.42,28.97,17.88,38.11,41.19,0.66
Ernakulam,14-04-2022,2,494,0,17.82,27.89,8.94,17.78,19.14,0.89
Ernakulam,15-04-2022,2,480.65,0.02,18.85,13.05,10.37,16.26,19.31,1.01
Ernakulam,16-04-2022,2,507.35,0,16.11,37.55,10.97,18.67,22.04,1.25
Ernakulam,17-04-2022,1,400.54,0,12.51,30.04,9.3,9.81,12.61,1.11
Ernakulam,18-04-2022,2,453.95,0.01,22.62,21.1,10.61,13.48,17.51,2.5
Ernakulam,19-04-2022,2,363.83,0,9.68,39.34,4.17,10.04,13.62,1.31
Ernakulam,20-04-2022,2,453.95,0.01,14.05,23.96,4.83,12.24,17.83,2.37
Ernakulam,21-04-2022,3,293.73,0,11.48,45.42,6.32,20.88,32.15,0.56
Ernakulam,22-04-2022,4,413.89,0,14.57,45.42,11.32,35.89,46.96,1.25
Ernakulam,23-04-2022,4,614.17,0,17.65,42.2,12.28,35.82,38.39,1.12
Ernakulam,24-04-2022,1,313.76,0,4.88,59.37,4.65,6.84,8.36,0.49
Ernakulam,25-04-2022,4,534.06,0,14.05,57.22,11.21,29.64,32.63,1.52
Ernakulam,26-04-2022,4,594.14,0,24.33,41.48,14.42,28.86,33.86,3.04
Ernakulam,27-04-2022,2,460.62,0,14.05,33.97,6.08,14.05,19.3,1.82
Ernakulam,28-04-2022,1,340.46,0,4.97,43.27,4.29,6.84,8.98,0.51
Ernakulam,29-04-2022,1,360.49,0,9.6,33.97,6.79,8.33,11.38,0.72
Ernakulam,30-04-2022,2,494,0,19.88,30.04,10.97,13.11,15.85,1.33
Ernakulam,01-05-2022,2,236.99,0,1.33,57.22,0.83,13.45,19.42,0
Ernakulam,02-05-2022,3,300.41,0,8.05,53.64,4.65,22.29,25.41,0.63
Ernakulam,03-05-2022,2,377.18,0,11.65,37.19,5.78,17.7,22.86,2.22
Ernakulam,04-05-2022,2,347.14,0,8.83,40.05,3.31,18.46,25.28,1.22
Ernakulam,05-05-2022,3,410.56,0,12.17,33.26,5.13,20.36,23.25,1.33
Ernakulam,06-05-2022,2,283.72,0,4.16,54.36,2.09,13.06,15.45,0.78
Ernakulam,07-05-2022,2,233.65,0,2.91,50.07,1.37,16.44,25.6,0.17
Ernakulam,08-05-2022,3,413.89,0,13.02,35.76,5.3,24.75,31.59,1.6
Ernakulam,09-05-2022,4,250.34,0,3.47,65.09,1.53,32.32,52,0.25
Ernakulam,10-05-2022,2,300.41,0,8.14,54.36,3.34,19.59,23.13,0.53
Ernakulam,11-05-2022,3,350.48,0,9.34,55.07,3.81,20.82,27.58,1.04
Ernakulam,12-05-2022,3,473.98,0,23.31,31.83,13.23,24.03,28.03,0.84
Ernakulam,13-05-2022,2,377.18,0,9.25,45.42,3.49,14.89,18.84,1.79
Ernakulam,14-05-2022,1,230.31,0,2.61,57.22,1.33,3.35,4.35,0.22
Ernakulam,15-05-2022,1,216.96,0,2.21,61.51,1,4.61,5.56,0.25
Ernakulam,16-05-2022,1,226.97,0,3.9,56.51,2.35,6.65,7.61,0.2
Ernakulam,17-05-2022,1,240.33,0,6.51,45.06,3.64,3.53,4.93,0.4
Ernakulam,18-05-2022,2,527.38,0,19.36,18.78,9.3,15.71,17.94,1.01
Ernakulam,19-05-2022,4,200.27,0,1.69,70.1,1.16,25.32,26.45,0
Ernakulam,20-05-2022,1,213.62,0.01,3.04,24.68,1.58,2.11,3.03,0.16
Ernakulam,21-05-2022,1,213.62,0,2.83,39.7,1.56,2.53,3.75,0.08
Ernakulam,22-05-2022,1,210.29,0,2.78,43.99,1.4,2.61,3.83,0.18
Ernakulam,23-05-2022,1,216.96,0,3.08,29.68,1.31,1.09,1.97,0.19
Ernakulam,24-05-2022,1,240.33,0.01,6.68,24.68,3.19,2.5,4.61,0.59
Ernakulam,25-05-2022,1,240.33,0.01,6.25,25.39,2.77,2.03,4.16,0.68
Ernakulam,26-05-2022,1,233.65,0,5.36,32.54,2.53,2.58,5.41,1.03
Ernakulam,27-05-2022,1,277.04,0.01,8.83,23.6,5.96,3.47,5.44,0.67
Ernakulam,28-05-2022,2,410.56,0.07,21.76,12.52,9.78,10.33,13.91,1.65
Ernakulam,29-05-2022,1,216.96,0,4.11,44.7,3.16,2.33,3.74,0.2
Ernakulam,30-05-2022,1,323.77,0.02,11.48,16.81,6.85,5.99,8.43,0.89
Ernakulam,31-05-2022,1,223.64,0,4.58,31.47,2.18,2.26,4.93,0.47
Ernakulam,01-06-2022,1,280.38,0.01,11.14,24.32,5.54,4.66,6.87,0.61
Ernakulam,02-06-2022,1,216.96,0,3.56,34.33,1.7,1.4,2.75,0.22
Ernakulam,03-06-2022,1,216.96,0,3.21,31.47,1.46,1.57,3.35,0.46
Ernakulam,04-06-2022,1,307.08,0.01,8.23,24.32,3.49,4.89,8.11,1.61
Ernakulam,05-06-2022,1,357.15,0.01,13.88,20.21,5.13,7.57,10.72,1.61
Ernakulam,06-06-2022,1,300.41,0.01,11.31,22.17,8.58,4.43,6.86,1.57
Ernakulam,07-06-2022,1,240.33,0.01,5.57,23.6,3.46,1.57,3.39,0.47
Ernakulam,08-06-2022,1,216.96,0,4.76,28.25,2.5,1.82,3.12,0.29
Ernakulam,09-06-2022,1,220.3,0,2.91,28.61,1.4,1.56,2.72,0.34
Ernakulam,10-06-2022,2,423.91,0.05,21.08,14.13,8.82,12.01,16.11,1.66
Ernakulam,11-06-2022,1,353.81,0,13.37,25.03,8.94,7.41,10.35,1.04
Ernakulam,12-06-2022,1,240.33,0,5.23,27.89,2.24,1.94,3.11,0.4
Ernakulam,13-06-2022,1,310.42,0.02,10.37,18.24,4.05,4.9,7.02,1.01
Ernakulam,14-06-2022,1,216.96,0.01,2.74,25.39,1.36,1.25,2.25,0.26
Ernakulam,15-06-2022,1,220.3,0,3.38,31.47,1.65,1.71,3.2,0.42
Ernakulam,16-06-2022,1,253.68,0,5.36,30.04,2.21,1.9,3.39,0.66
Ernakulam,17-06-2022,1,267.03,0,6.51,27.18,2.98,2.85,4.84,0.97
Ernakulam,18-06-2022,1,347.14,0.06,13.02,15.02,5.25,5.97,8.54,1.35
Ernakulam,19-06-2022,1,230.31,0,4.37,26.82,1.89,1.66,2.94,0.49
Ernakulam,20-06-2022,1,236.99,0,4.24,32.19,1.82,3.28,5.57,0.6
Ernakulam,21-06-2022,1,216.96,0,2.68,28.97,1.24,2.88,4.03,0.25
Ernakulam,22-06-2022,1,223.64,0,4.33,27.89,2.32,4.03,5.5,0.38
Ernakulam,23-06-2022,2,367.16,0.01,15.42,20.92,8.34,11.27,14.23,0.92
Ernakulam,24-06-2022,1,233.65,0,3.34,29.68,1.55,1.51,2.67,0.28
Ernakulam,25-06-2022,1,223.64,0,2.29,40.77,1.16,2.15,3.44,0.18
Ernakulam,26-06-2022,1,210.29,0,2.08,36.12,1.12,3.07,4.1,0.17
Ernakulam,27-06-2022,2,206.95,0,1.91,39.34,1.21,8.44,28.43,0.02
Ernakulam,28-06-2022,2,447.27,0.15,15.77,10.55,5.96,14.2,17.85,2.12
Ernakulam,29-06-2022,1,230.31,0,3.47,27.54,1.52,2.11,3.73,0.49
Ernakulam,30-06-2022,1,205.28,0,1.93,26.11,0.9,2.13,3.76,0.18
Ernakulam,01-07-2022,1,208.62,0,2.55,26.82,1.16,3.65,5.36,0.32
Ernakulam,02-07-2022,1,213.62,0,2.18,31.47,1.3,7.76,9.96,0.26
Ernakulam,03-07-2022,1,216.96,0,1.5,39.7,0.9,5.45,6.57,0.13
Ernakulam,04-07-2022,1,211.95,0,1.52,36.48,0.7,1.26,2.14,0.1
Ernakulam,05-07-2022,1,206.95,0,1.5,34.69,0.75,1.85,3.15,0.15
Ernakulam,06-07-2022,1,363.83,0,10.88,22.89,4.11,8.92,12.16,1.38
Ernakulam,07-07-2022,2,403.88,0.01,13.37,18.6,4.71,10.75,14.42,1.52
Ernakulam,08-07-2022,1,213.62,0,2.31,29.68,0.97,1.17,2.18,0.23
Ernakulam,09-07-2022,1,257.02,0,4.71,31.11,2.15,4.88,6.97,0.67
Ernakulam,10-07-2022,1,210.29,0,1.44,39.7,0.89,6.73,8.51,0.15
Ernakulam,11-07-2022,1,208.62,0,1.56,46.49,1.06,7.54,10.55,0.12
Ernakulam,12-07-2022,1,208.62,0,1.8,36.12,1.06,5.11,6.68,0.13
Ernakulam,13-07-2022,1,208.62,0,1.82,30.04,1.03,3.9,5.96,0.04
Ernakulam,14-07-2022,1,200.27,0,1.71,35.05,1.01,4.48,13.73,0.01
Ernakulam,15-07-2022,1,211.95,0.01,3.34,26.46,1.91,3.89,9.86,0.13
Ernakulam,16-07-2022,1,226.97,0,5.65,27.89,2.77,3.92,6.36,0.36
Ernakulam,17-07-2022,1,233.65,0.01,3.73,21.82,1.45,2.06,3.72,0.5
Ernakulam,18-07-2022,1,216.96,0,2.57,29.33,1.18,1.61,2.88,0.31
Ernakulam,19-07-2022,1,230.31,0.01,3.26,22.71,1.36,2.61,4,0.42
Ernakulam,20-07-2022,1,211.95,0,1.84,35.41,0.93,3.02,4.44,0.24
Ernakulam,22-07-2022,1,208.62,0,1.95,36.84,1.13,8.23,12.85,0.22
Ernakulam,23-07-2022,1,213.62,0,2.21,32.54,1.1,9.94,12.5,0.17
Ernakulam,24-07-2022,1,195.26,0,1.78,40.05,1,5.58,7.35,0.15
Ernakulam,25-07-2022,1,196.93,0,2.03,32.19,1.06,5.52,9.68,0.28
Ernakulam,26-07-2022,1,210.29,0,1.78,30.4,0.93,4.6,6.79,0.14
Ernakulam,27-07-2022,1,208.62,0,2.29,32.54,1.12,8.51,13.72,0.28
Ernakulam,28-07-2022,1,267.03,0.01,7.03,24.32,2.71,8.85,14.24,1.01
Ernakulam,29-07-2022,1,290.39,0.01,7.8,20.56,2.92,6.18,14.06,1.52
Ernakulam,30-07-2022,3,500.68,0,21.76,25.39,9.89,22.09,28.59,2.06
Ernakulam,31-07-2022,1,297.07,0.07,13.37,14.31,3.99,4.68,9.72,2.12
Ernakulam,01-08-2022,1,205.28,0.01,3,25.75,1.43,2.12,3.34,0.22
Ernakulam,02-08-2022,1,191.93,0,1,30.04,0.56,1.94,3.93,0.04
Ernakulam,03-08-2022,1,180.24,0,1.02,30.4,0.75,2.62,4.62,0.03
Ernakulam,04-08-2022,1,195.26,0,1.22,36.48,0.76,2.02,3.38,0.03
Ernakulam,05-08-2022,1,193.6,0,1.15,31.11,0.75,2.64,4.35,0.04
Ernakulam,06-08-2022,1,193.6,0,2.29,44.7,1.39,4.68,7.12,0.07
Ernakulam,07-08-2022,1,185.25,0,1.32,41.48,1.01,3.97,5.22,0
Ernakulam,08-08-2022,1,186.92,0,1.44,48.64,1.43,8.32,11.29,0
Ernakulam,09-08-2022,3,201.94,0,1.82,46.49,1.39,10.04,36.17,0
Ernakulam,10-08-2022,2,191.93,0,1.52,42.56,1.37,8.39,22.29,0
Ernakulam,11-08-2022,2,193.6,0,3.21,35.41,1.86,7.99,28.54,0.06
Ernakulam,12-08-2022,1,206.95,0,2.83,33.26,1.53,4.75,6.22,0.14
Ernakulam,13-08-2022,1,211.95,0,2.78,33.62,1.49,6.25,10.14,0.26
Ernakulam,14-08-2022,1,206.95,0,2.7,34.33,1.3,8.08,11.78,0.28
Ernakulam,15-08-2022,1,190.26,0,1.99,39.34,1.07,5.91,10.07,0.18
Ernakulam,16-08-2022,1,205.28,0,3.51,29.33,1.61,7.17,19.33,0.54
Ernakulam,17-08-2022,1,206.95,0.01,3.64,22.53,1.59,5.39,14.85,0.55
Ernakulam,18-08-2022,1,203.61,0,2.68,31.47,1.31,5.24,9.59,0.28
Ernakulam,19-08-2022,1,195.26,0,2.16,32.19,1.16,3.41,7.99,0.19
Ernakulam,20-08-2022,1,201.94,0,2.55,27.18,1.34,5.27,15.06,0.28
Ernakulam,21-08-2022,1,201.94,0,1.52,32.54,1.06,5.41,9.42,0.07
Ernakulam,22-08-2022,1,195.26,0.01,1.88,23.6,1.13,1.74,2.75,0.1
Ernakulam,23-08-2022,1,211.95,0,2.53,31.83,1.16,1.21,2.27,0.28
Ernakulam,24-08-2022,1,213.62,0,2.68,31.11,1.18,1.34,2.6,0.3
Ernakulam,25-08-2022,1,223.64,0,3.17,31.47,1.56,1.92,3.51,0.43
Ernakulam,26-08-2022,1,206.95,0,1.63,29.33,1.06,4.98,6.99,0.12
Ernakulam,27-08-2022,1,203.61,0,2.14,27.18,1.18,4.54,5.9,0.14
Ernakulam,28-08-2022,1,205.28,0,2.06,29.68,1.09,2.76,4.12,0.19
Ernakulam,29-08-2022,1,213.62,0,2.51,28.25,1.43,7.41,9.8,0.18
Ernakulam,30-08-2022,1,211.95,0,2.31,28.25,1.34,8,10.53,0.19
Ernakulam,31-08-2022,2,574.11,0.18,20.56,9.39,5.72,18.21,34.48,4.56
Ernakulam,01-09-2022,4,687.6,0.2,29.13,10.64,12.52,26.15,29.6,1.98
Ernakulam,02-09-2022,1,270.37,0.01,6.25,25.75,4.35,3.53,5.37,0.56
Ernakulam,03-09-2022,1,240.33,0,5.48,31.83,3.58,3.23,5.82,0.43
Ernakulam,04-09-2022,1,208.62,0,2.72,32.54,2,2.27,3.63,0.13
Ernakulam,05-09-2022,1,223.64,0,3.38,36.84,1.68,1.66,3.12,0.38
Ernakulam,06-09-2022,1,201.94,0,1.67,31.83,0.89,1.46,2.45,0.17
Ernakulam,07-09-2022,1,191.93,0,1.69,36.84,1.15,2.68,4.46,0.07
Ernakulam,08-09-2022,1,191.93,0,1.44,40.05,1.12,3.2,5.25,0.04
Ernakulam,09-09-2022,1,191.93,0,1.97,45.78,1.36,3.01,4.57,0.08
Ernakulam,10-09-2022,1,213.62,0,2.7,44.35,1.4,6.11,8.82,0.15
Ernakulam,11-09-2022,1,193.6,0,1.39,40.77,1.16,5.98,8.45,0
Ernakulam,12-09-2022,1,190.26,0,1.86,38.98,1.42,6.49,9.18,0
Ernakulam,13-09-2022,1,201.94,0,3.3,34.33,1.82,6.93,9.7,0.19
Ernakulam,14-09-2022,1,236.99,0,5.4,38.98,2.77,6.27,9.17,0.64
Ernakulam,15-09-2022,1,250.34,0,7.37,31.83,3.34,4.34,7.96,1.06
Ernakulam,16-09-2022,1,220.3,0,3.3,43.63,1.59,5.1,11.39,0.34
Ernakulam,17-09-2022,1,206.95,0,2.53,38.27,1.45,5.73,9.82,0.32
Ernakulam,18-09-2022,1,200.27,0,2.63,37.55,1.43,3.33,4.71,0.3
Ernakulam,19-09-2022,1,201.94,0,2.57,40.05,1.46,5.25,7.02,0.28
Ernakulam,20-09-2022,1,200.27,0,2.59,35.76,1.46,5.17,7.09,0.3
Ernakulam,21-09-2022,1,188.59,0,2.38,33.62,1.33,4.36,6.4,0.22
Ernakulam,22-09-2022,1,253.68,0.01,7.63,23.25,2.24,5.78,13.81,1.16
Ernakulam,23-09-2022,1,226.97,0,5.06,28.97,2.03,5.34,10.04,0.74
Ernakulam,24-09-2022,1,240.33,0,5.65,32.19,2.18,4.22,9.26,0.95
Ernakulam,25-09-2022,1,203.61,0,2.38,33.97,1.16,2.51,5.69,0.38
Ernakulam,26-09-2022,1,198.6,0,2.01,31.11,1.15,4.82,13.17,0.24
Ernakulam,27-09-2022,1,196.93,0,2.51,26.82,1.34,4.34,12.39,0.36
Ernakulam,28-09-2022,1,203.61,0,3.51,27.18,1.56,4.83,10.67,0.47
Ernakulam,29-09-2022,1,226.97,0.01,4.8,23.6,1.97,5.36,13.02,0.75
Ernakulam,30-09-2022,1,185.25,0,2.06,28.61,1.24,2.8,4.42,0.2
Ernakulam,01-10-2022,1,220.3,0.01,4.41,22.71,2,4.26,10.48,0.51
Ernakulam,02-10-2022,1,198.6,0,2.7,28.61,1.24,3.36,7.04,0.38
Ernakulam,03-10-2022,1,178.58,0,1.54,37.55,0.83,2,3.13,0.17
Ernakulam,04-10-2022,1,186.92,0,2.46,43.27,1.36,3.87,8.09,0.3
Ernakulam,05-10-2022,1,196.93,0,2.63,45.42,1.27,3.7,8.61,0.36
Ernakulam,06-10-2022,1,208.62,0,4.24,34.69,1.97,4.76,8.31,0.42
Ernakulam,07-10-2022,1,357.15,0.05,13.54,18.24,4.71,9.66,15.74,2.63
Ernakulam,08-10-2022,1,333.79,0,10.62,27.54,3.58,9.56,14.96,1.17
Ernakulam,09-10-2022,1,243.66,0,4.16,36.12,1.67,5.84,12.28,0.69
Ernakulam,10-10-2022,2,397.21,0.01,12,22.71,3.52,11.81,18.39,2.5
Ernakulam,11-10-2022,2,390.53,0,13.19,36.84,6.08,15.16,23.5,2.82
Ernakulam,12-10-2022,2,377.18,0,21.08,31.83,10.01,11.82,17.65,1.74
Ernakulam,13-10-2022,1,253.68,0,7.97,41.84,3.28,4.67,8.52,1
Ernakulam,14-10-2022,3,494,0,22.28,25.75,11.32,22.71,25.53,1.69
Ernakulam,15-10-2022,3,527.38,0,32.22,25.03,16.69,23.86,28.64,3.1
Ernakulam,16-10-2022,2,377.18,0,12.85,27.89,8.23,11.73,13.71,0.77
Ernakulam,17-10-2022,2,467.3,0,13.54,32.19,7.99,12.37,13.64,0.85
Ernakulam,18-10-2022,1,340.46,0.01,10.62,17.88,5.66,6.87,8.26,0.68
Ernakulam,19-10-2022,1,403.88,0,10.97,47.21,7.27,8.95,11.01,0.9
Ernakulam,20-10-2022,1,427.25,0,13.19,44.35,4.83,9.35,12.23,1.42
Ernakulam,21-10-2022,1,327.11,0.01,10.97,21.46,7.87,6.12,8.55,0.82
Ernakulam,22-10-2022,4,607.49,0.03,29.82,10.55,14.66,25.8,28.93,1.93
Ernakulam,23-10-2022,5,654.22,0,16.79,77.96,13.59,57.2,62.42,2.41
Ernakulam,24-10-2022,2,447.27,0,19.71,30.76,11.92,15.22,19.3,2.12
Ernakulam,25-10-2022,2,487.33,0,15.59,41.48,11.32,18.5,22.75,1.19
Ernakulam,26-10-2022,5,741,0,15.08,67.23,6.26,51.85,62.78,2.41
Ernakulam,27-10-2022,5,814.44,0,28.79,64.37,11.68,79.54,95.19,7.03
Ernakulam,28-10-2022,5,700.95,0,12,101.57,10.97,97.82,109.01,1.28
Ernakulam,29-10-2022,5,881.2,0,22.28,91.55,10.13,120.22,141.53,4.94
Ernakulam,30-10-2022,5,754.36,0,17.99,62.94,10.37,100.21,105.65,1.69
Ernakulam,31-10-2022,5,741,0,16.96,50.78,9.42,64.85,67.62,2.41
Ernakulam,01-11-2022,4,707.63,0,20.56,58.65,18.6,45.4,49.45,2.15
Ernakulam,02-11-2022,3,547.41,0,11.65,75.1,9.42,23.35,25.96,0.81
Ernakulam,03-11-2022,4,747.68,0,22.62,37.55,12.64,36.75,39.94,1.46
Ernakulam,04-11-2022,4,866,0,20.19,50,10.13,51.75,56.75,1.46
Ernakulam,05-11-2022,3,654,0,12.16,68.5,9.53,35.63,38.25,1.82
Ernakulam,06-11-2022,5,807.76,0,24.33,33.97,14.19,51.46,54.8,1.82
Ernakulam,07-11-2022,4,707.63,0,11.82,47.92,5.78,43.28,45.49,1.54
Ernakulam,08-11-2022,5,988.01,0,19.88,89.41,15.26,101.07,107.65,1.38
Ernakulam,09-11-2022,5,1001.36,0,21.93,77.25,21.22,86.02,90.88,1.99
Ernakulam,10-11-2022,5,1028.06,0.01,30.5,18.24,16.69,68.48,76.45,2.06
Ernakulam,11-11-2022,5,841.14,0,22.28,56.51,15.97,59.3,65.98,4.31
Ernakulam,12-11-2022,3,540.73,0,9.6,92.98,3.7,22.05,25.15,1.68
Ernakulam,13-11-2022,4,794.41,0,20.39,37.91,9.78,44.87,50.38,2.75
Ernakulam,14-11-2022,3,600.81,0,11.31,56.51,7.09,20.98,22.22,0.56
Ernakulam,15-11-2022,3,754.36,0,19.36,26.11,9.89,23.01,24.56,1.42
Ernakulam,16-11-2022,4,680.92,0,15.94,62.94,12.04,35.33,38.34,1
Ernakulam,17-11-2022,4,787.73,0,16.96,47.21,12.04,44.06,47.8,2.06
Ernakulam,18-11-2022,5,741,0,18.16,60.08,15.97,57.69,62.39,1.52
Ernakulam,19-11-2022,5,814.44,0,16.28,90.12,17.4,85.21,91.24,1.25
Ernakulam,20-11-2022,5,540.73,0,3.51,160.22,4.47,108.1,116.54,0
Ernakulam,21-11-2022,5,560.76,0,5.57,138.76,5.42,107.79,115.18,0
Ernakulam,22-11-2022,5,620.84,0,8.31,92.98,3.07,84.76,95.17,0.58
Ernakulam,23-11-2022,5,894.55,0,25.7,52.21,7.87,87.03,114.47,7.03
Ernakulam,24-11-2022,4,473.98,0,19.54,77.25,7.75,44.99,54.77,1.55
Ernakulam,25-11-2022,5,988.01,0,34.62,32.54,8.58,74.33,94.3,4.37
Ernakulam,26-11-2022,5,627.52,0,21.25,57.94,11.8,51.55,61.98,2.09
Ernakulam,27-11-2022,3,403.88,0,11.82,71.53,7.87,21.17,25.37,0.98
Ernakulam,28-11-2022,4,574.11,0,12.34,36.12,6.02,36.46,39.2,1.76
Ernakulam,29-11-2022,4,634.19,0,11.65,42.92,7.51,30.66,33.52,1.82
Ernakulam,30-11-2022,4,727.65,0,17.48,45.42,11.68,32.4,36.63,3.07
Ernakulam,01-12-2022,5,881.2,0,26.39,65.09,14.42,65.05,74.23,3.17
Ernakulam,02-12-2022,5,647.54,0,11.48,123.02,13.95,94.25,101.81,0
Ernakulam,03-12-2022,5,1001.36,0,25.02,75.1,18.6,113.32,118.92,1.16
Ernakulam,04-12-2022,5,854.49,0,17.48,71.53,11.56,85.23,89.11,0.9
Ernakulam,05-12-2022,5,1014.71,0,30.16,21.99,16.69,76.48,82.34,3.8
Ernakulam,06-12-2022,4,627.52,0,8.48,88.69,6.97,37.18,42.37,0.73
Ernakulam,07-12-2022,4,574.11,0,5.83,95.84,3.87,43.34,49.22,0.69
Ernakulam,08-12-2022,4,540.73,0,5.01,86.55,2.53,37.46,41.46,0.26
Ernakulam,09-12-2022,4,520.71,0,3.34,98.71,1.64,41.14,47.51,0
Ernakulam,11-12-2022,4,340.46,0,1.88,110.15,1.65,31.84,32.73,0.24
Ernakulam,12-12-2022,3,527.38,0,11.65,46.49,4.89,21.19,24.08,1.69
Ernakulam,13-12-2022,4,507.35,0,12.34,57.22,8.94,43.97,46.83,0.54
Ernakulam,14-12-2022,4,567.44,0,21.08,45.06,11.09,42.08,59.34,1.63
Ernakulam,15-12-2022,3,594.14,0,11.31,58.65,5.66,21.49,23.75,1.8
Ernakulam,16-12-2022,4,761.03,0,17.31,70.81,7.63,49.35,64.44,5.26
Ernakulam,17-12-2022,5,934.6,0,18.34,85.83,10.25,105.73,127.15,4.5
Ernakulam,18-12-2022,5,921.25,0,19.71,82.97,11.09,131.76,149.76,2.22
Ernakulam,19-12-2022,5,921.25,0,19.19,53.64,7.75,113.63,129.16,2.85
Ernakulam,20-12-2022,5,560.76,0,9.68,98.71,10.61,59.8,70.13,0.65
Ernakulam,21-12-2022,5,487.33,0,11.14,98.71,8.11,56.21,67,1.08
Ernakulam,22-12-2022,5,560.76,0,10.45,94.41,8.7,55.04,66.3,1.38
Ernakulam,23-12-2022,4,594.14,0,11.31,89.41,6.79,47.98,55.28,0.85
Ernakulam,24-12-2022,5,1522.06,0.01,57.58,29.68,17.17,152.66,190.63,20.01
Ernakulam,25-12-2022,5,801.09,0,14.22,94.41,7.27,124.32,141.24,4.56
Ernakulam,26-12-2022,5,747.68,0,16.11,60.8,10.73,111.14,116.16,2.09
Ernakulam,27-12-2022,5,807.76,0,17.48,95.84,12.16,82.24,91.81,2.31
Ernakulam,28-12-2022,3,694.27,0,10.54,104.43,12.87,41.93,46.91,2.18
Ernakulam,29-12-2022,4,700.95,0,15.94,107.29,10.61,53.86,60.23,2.91
Ernakulam,30-12-2022,4,600.81,0,9,118.73,6.32,65.27,73.93,1
Ernakulam,31-12-2022,3,540.73,0,9.25,100.14,5.66,46.85,53.84,0.97
Ernakulam,01-01-2023,4,654.22,0,10.02,87.26,5.07,69.3,82.08,2.15
Ernakulam,02-01-2023,4,654.22,0,11.31,80.11,6.62,71.7,85.69,2.09
Ernakulam,03-01-2023,5,1148.22,0,32.56,36.12,8.82,95.84,117.91,4.69
Ernakulam,04-01-2023,4,947.95,0,28.45,43.63,9.3,66.34,86.23,5.64
Ernakulam,05-01-2023,4,647.54,0,16.28,111.58,11.09,66.31,79.53,5.51
Ernakulam,06-01-2023,3,567.44,0,12,90.12,6.08,47.55,63.97,3.07
Ernakulam,07-01-2023,4,480.65,0,8.23,134.47,7.99,58.35,74.45,1.36
Ernakulam,08-01-2023,4,607.49,0,9.51,85.83,7.03,73.36,93.15,3.17
Ernakulam,09-01-2023,5,507.35,0,4.63,130.18,5.48,78.03,96.99,0.89
Ernakulam,10-01-2023,5,734.33,0,12.51,128.75,9.66,86.42,98,1.31
Ernakulam,11-01-2023,5,761.03,0,14.57,137.33,13.83,120.48,135.74,1.88
Ernakulam,12-01-2023,5,1094.82,0,29.47,62.23,10.37,122.64,157.32,8.61
Ernakulam,13-01-2023,5,867.84,0,21.25,87.98,10.61,126.71,146.43,2.66
Ernakulam,14-01-2023,5,534.06,0,7.8,111.58,4.71,83.09,95.76,0.85
Ernakulam,15-01-2023,5,587.46,0,9.34,111.58,5.9,102.93,117.25,1.08
Ernakulam,16-01-2023,5,1014.71,0,26.39,75.1,11.21,146.15,168.68,6.97
Ernakulam,17-01-2023,5,1228.33,0,37.36,41.48,9.18,131.72,162.39,5
Ernakulam,18-01-2023,5,727.65,0,18.16,85.12,10.49,95.22,111.14,1.76
Ernakulam,19-01-2023,5,801.09,0,14.22,134.47,9.42,136.56,156.34,4.88
Ernakulam,20-01-2023,4,540.73,0,13.37,101.57,7.87,68.93,87.58,1.8
Ernakulam,21-01-2023,5,634.19,0,14.05,98.71,7.03,79.24,98.92,2.12
Ernakulam,22-01-2023,5,473.98,0,6,92.98,3.22,76.16,90.89,1.3
Ernakulam,23-01-2023,5,947.95,0,25.02,57.94,7.99,100.16,123.62,6.97
Ernakulam,24-01-2023,3,494,0,9.6,92.98,8.46,38.59,43.74,0.51
Ernakulam,25-01-2023,3,554.08,0,13.37,75.1,9.89,41.98,44.85,0.97
Ernakulam,26-01-2023,3,540.73,0,7.8,90.12,4.35,41.22,50.79,1.33
Ernakulam,27-01-2023,3,467.3,0,8.83,86.55,5.07,32.38,37.42,0.57
Ernakulam,28-01-2023,4,594.14,0,16.45,82.97,8.46,54.68,66.63,1.71
Ernakulam,29-01-2023,5,654.22,0,10.2,98.71,6.38,106.6,125.49,0.92
Ernakulam,30-01-2023,5,720.98,0,13.54,84.4,6.79,106.97,121.85,1.2
Ernakulam,31-01-2023,4,494,0,4.93,108.72,3.31,69.42,75.59,0.46
Ernakulam,01-02-2023,5,814.44,0,24.68,47.92,11.8,75.56,87.78,2.69
Ernakulam,02-02-2023,5,1228.33,0,26.73,65.09,8.94,130.73,158.99,4.75
Ernakulam,03-02-2023,5,841.14,0,21.93,72.96,14.42,92.66,103.37,3.36
Ernakulam,04-02-2023,4,694.27,0,13.88,73.67,6.56,61.26,67.09,1.8
Ernakulam,05-02-2023,4,847.82,0,19.71,57.94,13.95,73.77,79.95,2.28
Ernakulam,06-02-2023,5,654.22,0,9.94,121.59,7.03,97.13,113.72,2.12
Ernakulam,07-02-2023,4,634.19,0,13.19,92.98,6.56,69.5,80.18,0.7
Ernakulam,08-02-2023,5,894.55,0,31.19,38.98,7.75,78.62,101.24,5.51
Ernakulam,09-02-2023,5,527.38,0,11.65,94.41,8.34,85.11,100.55,0.28
Ernakulam,10-02-2023,5,580.79,0,15.08,76.53,6.02,84.13,96.69,0.29
Ernakulam,11-02-2023,5,1068.12,0,33.93,31.11,8.7,95.02,118.61,4.12
Ernakulam,12-02-2023,3,453.95,0,8.23,75.82,5.07,43.66,51.09,0
Ernakulam,13-02-2023,3,500.68,0,13.37,65.09,7.21,49.73,59.73,0.4
Ernakulam,14-02-2023,4,514.03,0,13.88,90.84,8.34,66.04,80.73,0.44
Ernakulam,15-02-2023,4,761.03,0,21.42,50.78,7.33,72.63,97.69,5.95
Ernakulam,16-02-2023,5,1388.55,0,48.67,41.13,17.17,160.12,194.93,14.06
Ernakulam,17-02-2023,5,467.3,0,11.82,95.84,7.63,93.15,110.84,0
Ernakulam,18-02-2023,5,854.49,0,31.87,50.78,8.7,89.88,117.12,4.88
Ernakulam,19-02-2023,4,567.44,0,13.19,54.36,3.76,69.2,85.91,2.25
Ernakulam,20-02-2023,5,494,0,8.57,84.4,5.01,94.24,110.94,1.38
Ernakulam,21-02-2023,5,534.06,0,12.51,90.84,7.45,87.8,105.83,2.66
Ernakulam,22-02-2023,5,580.79,0,16.28,78.68,10.13,80.84,97.74,2.15
Ernakulam,23-02-2023,4,467.3,0,8.31,82.97,7.87,65.06,76.44,0.94
Ernakulam,25-02-2023,4,620.84,0,17.14,63.66,14.19,70.5,84.32,2.56
Ernakulam,26-02-2023,4,761.03,0,26.73,43.99,7.27,68.33,91.44,4.56
Ernakulam,27-02-2023,4,427.25,0,7.28,79.39,3.93,56.87,72.49,0.38
Ernakulam,28-02-2023,5,700.95,0,16.79,98.71,10.61,90,109.93,3.1
Ernakulam,01-03-2023,5,647.54,0,14.74,97.27,13.95,78.55,96.47,6.71
Ernakulam,02-03-2023,4,634.19,0,11.31,100.14,7.87,51.55,62.86,2.47
Ernakulam,03-03-2023,3,554.08,0,12.34,100.14,7.03,48.29,61.3,2.15
Ernakulam,04-03-2023,4,660.9,0,15.42,74.39,7.03,58.35,73.12,2.03
Ernakulam,05-03-2023,4,614.17,0,14.05,45.42,6.44,55.63,71.26,3.36
Ernakulam,06-03-2023,3,447.27,0,8.48,80.82,6.44,44.88,54.58,1.52
Ernakulam,07-03-2023,4,400.54,0,6.08,118.73,7.75,62.95,73.94,0.45
Ernakulam,08-03-2023,3,417.23,0,6.25,95.84,6.26,49.65,58.74,0.22
Ernakulam,09-03-2023,3,363.83,0,6.94,77.96,4.77,41.24,50.49,0.21
Ernakulam,10-03-2023,3,390.53,0,4.71,90.84,3.64,39.33,46.2,0.36
Ernakulam,11-03-2023,3,407.22,0,4.5,75.82,3.81,25.26,30.05,0.64
Ernakulam,12-03-2023,3,453.95,0,5.91,85.83,6.14,39.65,48.46,0.65
Ernakulam,13-03-2023,3,410.56,0,4.16,86.55,3.43,37.15,44.54,0.01
Ernakulam,14-03-2023,3,500.68,0,5.1,100.14,3.52,36.11,45.12,1.87
Ernakulam,15-03-2023,3,447.27,0,6.08,75.1,5.3,47.84,53.51,0.93
Ernakulam,16-03-2023,3,654.22,0,21.08,52.21,14.07,49.09,55.74,2.94
Ernakulam,17-03-2023,4,947.95,0,27.08,33.97,10.73,71.62,79.39,3.32
Ernakulam,18-03-2023,4,627.52,0,14.91,62.23,12.64,54.93,59.3,1.35
Ernakulam,19-03-2023,3,620.84,0,8.74,77.96,8.11,36.57,38.71,0.54
Ernakulam,20-03-2023,3,480.65,0,12.17,49.35,6.62,27.32,30.39,0.78
Ernakulam,21-03-2023,3,367.16,0,5.91,70.1,3.01,36.4,45.5,0
Ernakulam,22-03-2023,2,260.35,0,4.67,67.23,2.26,16.28,37.83,0.75
Ernakulam,23-03-2023,2,280.38,0,2.83,53.64,1.45,17.12,27.48,0.49
Ernakulam,24-03-2023,1,260.35,0,5.4,45.06,2.95,7.68,18.51,0.77
Ernakulam,25-03-2023,3,507.35,0.01,22.28,13.77,11.44,27.47,33.31,1.27
Ernakulam,26-03-2023,3,494,0,12.17,56.51,11.8,30.34,37.36,1.06
Ernakulam,27-03-2023,2,473.98,0,12.34,32.54,7.99,24.04,27.23,1.09
Ernakulam,28-03-2023,2,206.95,0,2.53,68.66,1.45,15.29,44.29,0.01
Ernakulam,29-03-2023,3,208.62,0,3.13,68.66,1.86,15.84,50.57,0.04
Ernakulam,30-03-2023,2,300.41,0,7.2,60.08,3.19,17.56,31.56,0.97
Ernakulam,31-03-2023,2,267.03,0,5.06,49.35,2.59,15.49,25.91,0.83
Ernakulam,01-04-2023,2,226.97,0,3.34,47.92,1.64,11.18,24.96,0.62
Ernakulam,02-04-2023,2,210.29,0,1.99,49.35,1.04,10.1,24.74,0.26
Ernakulam,03-04-2023,1,243.66,0,3.43,33.62,1.51,6.42,16.83,0.75
Ernakulam,04-04-2023,1,287.06,0,9.68,50.78,5.72,7.49,14.81,1.25
Ernakulam,05-04-2023,2,270.37,0,5.27,69.38,2.8,10.22,19.57,1.22
Ernakulam,06-04-2023,3,540.73,0.02,30.85,19.49,15.97,28.65,37.87,2.85
Ernakulam,07-04-2023,2,287.06,0,17.82,41.84,11.56,14.39,21.79,1.03
Ernakulam,08-04-2023,2,407.22,0,15.42,44.7,12.04,18.87,24.97,1.3
Ernakulam,09-04-2023,3,370.5,0,7.03,87.98,6.5,33.68,37.19,0.8
Ernakulam,10-04-2023,3,540.73,0,16.79,49.35,14.78,44.59,49.91,1.46
Ernakulam,11-04-2023,3,413.89,0,12.68,62.23,5.9,26.83,33.03,1.92
Ernakulam,12-04-2023,2,247,0,6.68,44.7,3.67,15.04,21.56,0.46
Ernakulam,13-04-2023,3,407.22,0,9.51,52.93,7.75,28.99,34.27,0.73
Ernakulam,14-04-2023,3,397.21,0,11.31,52.93,7.45,37.29,45.52,0.57
Ernakulam,15-04-2023,3,307.08,0,5.31,61.51,2.86,28.65,38.27,0
Ernakulam,16-04-2023,3,300.41,0,5.27,63.66,4.05,27.06,39.21,0.08
Ernakulam,17-04-2023,2,307.08,0,6.51,57.22,4.41,21.38,30.99,0.35
Ernakulam,18-04-2023,3,313.76,0,8.83,50.78,6.74,28.01,37.64,0.41
Ernakulam,19-04-2023,3,413.89,0,9.08,63.66,6.02,38,45.29,0.39
Ernakulam,20-04-2023,2,303.75,0,6.17,62.23,4.17,22.55,27.83,0.16
Ernakulam,21-04-2023,2,310.42,0,4.97,67.23,3.07,14.82,18.49,0.18
Ernakulam,22-04-2023,3,440.6,0,15.94,43.27,8.58,26.51,35.82,1.41
Ernakulam,23-04-2023,2,320.43,0,4.54,60.08,2.47,23.78,33.34,0.33
Ernakulam,24-04-2023,2,410.56,0,14.74,34.33,7.33,19.24,29.4,1.99
Ernakulam,25-04-2023,3,527.38,0,22.62,32.54,13.35,33.45,43.56,1.93
Ernakulam,26-04-2023,3,607.49,0,27.76,35.41,15.26,31.58,36.64,3.96
Ernakulam,27-04-2023,3,774.38,0,18.85,38.98,9.3,37.04,43.5,4.31
Ernakulam,28-04-2023,4,847.82,0,19.36,85.12,17.64,59.15,64.37,1.63
Ernakulam,29-04-2023,3,534.06,0,14.39,76.53,9.18,35.88,40.22,1.85
Ernakulam,30-04-2023,3,620.84,0,18.34,34.69,9.66,25.1,27.56,1.41
Ernakulam,01-05-2023,3,607.49,0,16.79,48.64,10.13,27.84,30.88,1.03
Ernakulam,02-05-2023,2,520.71,0,20.39,22.71,11.44,15.61,18.51,1.25
Ernakulam,03-05-2023,3,594.14,0,20.05,36.84,13.35,29.22,31.53,0.75
Ernakulam,04-05-2023,1,303.75,0,6.43,26.46,2.5,5.31,10.95,1.08
Ernakulam,05-05-2023,1,233.65,0,3.04,28.25,1.62,1.67,4.84,0.33
Ernakulam,06-05-2023,2,500.68,0,20.56,19.67,7.63,14.63,22.64,3.26
Ernakulam,07-05-2023,1,253.68,0,2.53,52.21,1.34,1.73,3.29,0.27
Ernakulam,08-05-2023,1,277.04,0,3.86,39.7,1.56,6.05,12.16,0.93
Ernakulam,09-05-2023,1,327.11,0,8.05,30.4,3.1,6.94,10.88,1.06
Ernakulam,10-05-2023,1,253.68,0,4.93,33.26,2.5,3.62,5.97,0.56
Ernakulam,11-05-2023,1,337.12,0,5.83,48.64,2.71,5.71,7.53,0.7
Ernakulam,12-05-2023,1,350.48,0.01,14.57,26.46,7.51,7.49,10.95,1.08
Ernakulam,13-05-2023,2,520.71,0,23.99,16.45,11.09,20.85,24.39,1.06
Ernakulam,14-05-2023,1,250.34,0.01,5.74,20.74,4.05,2.17,3.79,0.3
Ernakulam,15-05-2023,1,253.68,0,4.88,45.06,3.49,4.11,5.94,0.25
Ernakulam,16-05-2023,2,257.02,0,3.38,45.78,1.58,19.35,34.26,0.22
Ernakulam,17-05-2023,2,260.35,0,2.59,55.79,1.3,16.12,30.57,0.2
Ernakulam,18-05-2023,2,407.22,0,11.31,34.69,3.76,22.49,37.96,1.74
Ernakulam,19-05-2023,3,634.19,0,28.1,33.26,16.21,38.8,51.5,2.75
Ernakulam,20-05-2023,3,534.06,0,21.42,19.13,13.23,25.52,33.9,1.65
Ernakulam,21-05-2023,2,514.03,0,18.16,31.47,9.42,22.59,29.56,2.6
Ernakulam,22-05-2023,1,350.48,0,13.37,29.33,6.44,9.26,13.18,1.57
Ernakulam,23-05-2023,2,453.95,0,12,47.92,10.13,23.8,27.55,0.88
Ernakulam,24-05-2023,2,467.3,0,15.08,40.41,10.37,24.02,28.07,1.28
Ernakulam,25-05-2023,2,447.27,0,16.79,40.77,10.01,17.36,21.78,1.28
Gurugram,30-11-2020,5,767.71,1.37,12.34,188.83,13.59,91.71,99.09,8.61
Gurugram,01-12-2020,5,2910.61,25.71,85.68,0.01,4.95,225.72,272.43,18.75
Gurugram,02-12-2020,5,3898.62,14.31,95.96,0.19,6.44,424.32,473.01,13.43
Gurugram,03-12-2020,5,1148.22,0,36.67,47.21,3.73,126.84,144.51,12.92
Gurugram,04-12-2020,5,10574.34,173.45,208.38,0,91.55,1000.88,1118.7,59.78
Gurugram,05-12-2020,5,2056.12,0,48.67,70.81,17.88,383.44,412.87,23.31
Gurugram,06-12-2020,5,1401.9,0,32.22,60.8,9.3,279.82,302.63,13.81
Gurugram,07-12-2020,5,1789.09,0,30.85,80.82,12.52,402.93,430.69,4.12
Gurugram,08-12-2020,5,2536.77,1.13,98.71,7.15,7.09,351.53,385.85,20.77
Gurugram,09-12-2020,5,11642.46,203.85,263.21,0,175.48,1000.48,1123.83,101.33
Gurugram,10-12-2020,5,10253.91,207.42,146.69,0,47.21,767.8,906.2,49.14
Gurugram,11-12-2020,5,6622.31,151.99,82.94,0,19.55,424.18,526.19,14.06
Gurugram,12-12-2020,5,1134.87,0,28.79,43.63,3.82,213.78,228.18,9.12
Gurugram,13-12-2020,5,1789.09,6.76,61.69,3,6.02,211.71,239.16,8.36
Gurugram,14-12-2020,4,814.44,0,30.5,36.84,3.58,45.59,58.01,21.03
Gurugram,15-12-2020,5,3257.75,46.49,67.17,0,6.62,227.49,273.41,8.87
Gurugram,16-12-2020,5,1482.01,0,46.61,41.13,7.27,120.46,140.55,11.02
Gurugram,17-12-2020,5,847.82,0,20.91,65.8,6.14,80.18,92.59,17.73
Gurugram,18-12-2020,5,881.2,0,30.16,52.21,6.02,69.72,81.75,21.79
Gurugram,19-12-2020,5,847.82,0,29.82,55.79,3.93,70.1,81.45,21.28
Gurugram,20-12-2020,5,794.41,0,20.05,67.23,3.1,86.99,95.51,19
Gurugram,21-12-2020,5,841.14,0,15.59,86.55,3.22,141.27,150.83,15.71
Gurugram,22-12-2020,5,2136.23,24.14,54.84,0.01,3.87,264.6,297.66,16.97
Gurugram,23-12-2020,5,3391.27,39.79,93.22,0,7.51,342.6,383.84,25.59
Gurugram,24-12-2020,5,5981.45,68.84,115.16,0,22.65,624.26,711.65,18.75
Gurugram,25-12-2020,5,2964.02,19.45,74.71,0.06,7.63,248.6,295,8.61
Gurugram,26-12-2020,5,2563.48,18.11,70.6,0.1,5.31,236.16,275.02,13.93
Gurugram,27-12-2020,5,7263.18,134.11,124.75,0,20.27,613.15,687.21,22.04
Gurugram,28-12-2020,5,707.63,0,16.79,65.09,5.9,111.32,141.04,17.73
Gurugram,29-12-2020,5,1255.04,0.01,45.93,37.91,5.07,110.28,135.66,16.47
Gurugram,30-12-2020,5,1068.12,0,34.27,41.84,4.53,96.82,115.65,8.11
Gurugram,31-12-2020,5,2323.15,4.64,67.86,1.63,5.6,208.73,242.89,7.66
Gurugram,01-01-2021,5,1976.01,3.97,87.74,3.26,6.5,201.63,228.05,24.83
Gurugram,02-01-2021,5,1842.5,0,45.93,62.23,11.56,304.82,321.87,8.87
Gurugram,03-01-2021,5,1001.36,0,19.54,50.07,6.44,245.57,256.76,3.14
Gurugram,04-01-2021,5,554.09,0,11.65,57.22,5.96,59.29,65.44,3.52
Gurugram,05-01-2021,5,1922.61,1.68,70.6,5.99,31.47,136.4,159.93,3.01
Gurugram,06-01-2021,5,894.55,0,22.62,36.48,5.36,79.64,86.41,4.12
Gurugram,07-01-2021,5,1268.39,0.24,29.13,10.37,4.11,179.24,188.26,3.83
Gurugram,08-01-2021,5,1842.5,3.55,59.63,4.34,3.87,171.03,194.45,5.19
Gurugram,09-01-2021,5,3952.03,83.15,47.98,0,16.93,391.9,441.85,8.99
Gurugram,10-01-2021,5,787.74,0,14.74,56.51,4.41,97.95,106.99,6.97
Gurugram,11-01-2021,5,834.47,0,17.99,68.67,4.29,105.77,114.8,4.18
Gurugram,12-01-2021,5,700.95,0,14.91,94.41,9.54,110.53,119.75,3.96
Gurugram,13-01-2021,5,680.92,0,20.56,69.38,8.11,100.7,111.91,4.69
Gurugram,14-01-2021,5,1415.25,6.2,59.63,1.17,2.89,113.02,135.72,9.75
Gurugram,15-01-2021,5,12924.19,289.68,208.38,0,92.51,1208.69,1352.68,42.05
Gurugram,16-01-2021,5,15594.48,321.87,301.6,0,188.83,1565.67,1744.85,126.66
Gurugram,17-01-2021,5,1815.8,15.65,45.93,0.1,1.94,241.67,267.88,7.79
Gurugram,18-01-2021,5,947.95,0,10.8,124.45,19.07,341.88,355.83,1.43
Gurugram,19-01-2021,5,8331.3,185.97,65.12,0,16.45,791.15,927.16,9.25
Gurugram,20-01-2021,5,1041.41,0,19.02,57.22,3.7,253.86,266.52,3.45
Gurugram,21-01-2021,5,1014.71,0,10.97,97.28,2.65,255.64,264.52,2.31
Gurugram,22-01-2021,5,1602.17,1.27,54.84,6.26,3.04,217.44,246.19,7.47
Gurugram,23-01-2021,5,1255.04,0,21.25,82.97,11.33,255.13,274.21,4.56
Gurugram,24-01-2021,5,1321.79,0,24.68,46.49,3.7,313.07,332.48,4.5
Gurugram,25-01-2021,5,1708.98,0.27,41.81,13.41,3.55,229.96,252.96,6.46
Gurugram,26-01-2021,5,2136.23,35.76,37.36,0,2.98,168.19,210.89,9.5
Gurugram,27-01-2021,5,1708.98,9.5,52.78,0.53,3.55,174.17,211.09,8.36
Gurugram,28-01-2021,5,2056.12,19.67,32.22,0.05,3.34,291.92,328.36,11.78
Gurugram,29-01-2021,5,2643.59,20.79,75.4,0.1,5.42,277.79,320.38,11.27
Gurugram,30-01-2021,5,921.25,0,30.85,47.92,3.28,98.58,112.92,7.66
Gurugram,31-01-2021,5,1054.76,0.16,41.81,17.35,1.83,96.99,113.58,11.65
Gurugram,01-02-2021,5,7690.43,134.11,138.46,0,29.8,608.95,675.51,21.28
Gurugram,02-02-2021,5,7156.37,6.37,164.51,1.21,18.12,859.4,958.05,14.69
Gurugram,03-02-2021,5,2456.67,0,33.93,108.72,22.41,463.65,497.53,7.54
Gurugram,04-02-2021,5,1188.28,0,22.96,74.39,14.42,270.74,292.93,4.5
Gurugram,05-02-2021,5,4753.11,84.94,94.59,0,40.05,423.78,469.88,41.54
Gurugram,06-02-2021,5,1668.93,1.26,51.41,5.99,5.9,191.57,220.66,7.16
Gurugram,07-02-2021,5,881.2,0,25.02,45.06,4.05,76.92,90.6,7.16
Gurugram,08-02-2021,5,1588.82,7.94,52.78,0.64,4.11,149.81,177.13,17.99
Gurugram,09-02-2021,5,2243.04,25.03,54.84,0.02,4.71,194.1,238.29,13.43
Gurugram,10-02-2021,5,5287.17,55.88,124.75,0,27.18,519.7,584.44,8.74
Gurugram,11-02-2021,5,5607.61,77.78,86.37,0,27.18,633.77,736.46,5.32
Gurugram,12-02-2021,5,2937.32,25.71,74.71,0.03,6.68,358.13,408.44,11.15
Gurugram,13-02-2021,5,4859.92,45.15,87.74,0,8.94,583.49,652.71,6.84
Gurugram,14-02-2021,5,5554.2,11.4,150.8,0.2,35.76,708.39,789.26,50.16
Gurugram,15-02-2021,5,8010.86,20.34,163.14,0.07,28.61,990.78,1086.11,23.31
Gurugram,16-02-2021,5,8651.73,63.48,164.51,0,40.53,1105.23,1231.59,5.19
Gurugram,17-02-2021,5,4058.84,64.37,62.38,0,15.74,449.97,520.79,31.16
Gurugram,18-02-2021,5,4539.49,43.36,75.4,0,7.63,463.78,540.31,10.01
Gurugram,19-02-2021,5,4432.68,18.77,94.59,0.18,21.7,572.93,640.54,7.22
Gurugram,20-02-2021,5,2643.59,30.85,50.72,0.01,6.08,260.17,301.89,10.64
Gurugram,21-02-2021,5,2483.37,4.97,59.63,2.28,5.84,361.52,398.2,11.27
Gurugram,22-02-2021,5,1522.06,0.37,43.87,10.73,4.59,239.54,269.65,12.67
Gurugram,23-02-2021,5,2082.82,18.55,55.52,0.05,6.26,185.22,230.17,28.63
Gurugram,24-02-2021,5,3631.59,50.96,106.93,0,32.42,264.16,318.07,55.73
Gurugram,25-02-2021,5,2429.96,18.55,104.19,0.06,24.56,168.62,210.78,78.02
Gurugram,26-02-2021,5,1815.8,23.25,46.61,0.02,4.11,129.1,177.12,18.49
Gurugram,27-02-2021,5,1174.93,0,42.16,51.5,9.18,118.56,154.22,21.53
Gurugram,28-02-2021,5,4272.46,38.89,98.71,0,14.66,258.26,367.03,35.97
Gurugram,01-03-2021,5,4486.08,38,97.33,0,32.42,342.05,444.44,29.13
Gurugram,02-03-2021,5,867.84,0,25.36,47.92,5.78,65.94,82.03,21.53
Gurugram,03-03-2021,5,1014.71,0,32.22,35.76,6.62,76,95.37,24.57
Gurugram,04-03-2021,5,4325.87,39.79,143.95,0,57.7,262.52,332.86,67.89
Gurugram,05-03-2021,5,8865.36,0.01,208.38,18.06,89.65,921.7,1044.66,43.57
Gurugram,06-03-2021,5,727.65,0,19.54,77.96,9.89,76.66,96.28,21.28
Gurugram,07-03-2021,5,2696.99,0.12,79.51,12.16,38.15,217.82,259.01,24.57
Gurugram,08-03-2021,5,700.95,0,13.54,80.11,8.58,88.47,129.29,22.29
Gurugram,09-03-2021,5,1188.28,0,26.73,86.55,19.55,189.05,221.6,19.76
Gurugram,10-03-2021,5,3952.03,67.06,76.08,0,19.55,269.21,375.58,47.12
Gurugram,11-03-2021,5,5073.55,23.25,119.27,0.01,27.66,407.69,515.57,27.61
Gurugram,12-03-2021,5,1188.28,0,36.33,49.35,16.69,113.98,157.19,22.04
Gurugram,13-03-2021,5,787.74,0,23.65,77.25,11.56,80.51,92.67,10.51
Gurugram,14-03-2021,5,1575.47,4.08,46.61,1.04,5.07,113.42,140.67,22.55
Gurugram,15-03-2021,5,1348.5,0.01,42.84,31.11,12.88,99.24,129.05,21.28
Gurugram,16-03-2021,5,961.3,0,30.16,36.84,6.86,76.14,119.95,22.8
Gurugram,17-03-2021,5,1789.09,0.31,56.21,12.34,10.13,121.05,178.76,25.33
Gurugram,18-03-2021,5,2590.18,6.76,78.83,0.47,25.27,179.54,285.52,27.87
Gurugram,19-03-2021,5,1575.47,6.93,82.25,0.69,18.36,103.13,156.9,92.21
Gurugram,20-03-2021,5,1161.58,2.52,44.55,2.62,3.34,65.19,99.63,25.84
Gurugram,21-03-2021,5,2136.23,14.53,56.89,0.02,13.11,113.9,163.84,26.35
Gurugram,22-03-2021,5,1255.04,0,41.81,58.65,36.24,95.61,134.81,22.8
Gurugram,23-03-2021,5,974.66,0,32.56,42.92,11.56,62.34,83.16,19.76
Gurugram,24-03-2021,5,2643.59,2.32,90.48,2.66,36.72,152.3,199.34,23.05
Gurugram,25-03-2021,4,600.82,0,19.36,67.95,13.95,41.15,61.98,18.49
Gurugram,26-03-2021,5,934.6,0,30.16,60.08,9.89,73.32,96.15,22.04
Gurugram,27-03-2021,5,1602.17,0.25,56.21,11.98,10.13,97.12,136.17,24.57
Gurugram,28-03-2021,5,4646.3,27.49,131.61,0,44.35,289.3,384.4,50.16
Gurugram,29-03-2021,5,1588.82,0,21.94,124.45,48.64,268.82,327.17,22.55
Gurugram,30-03-2021,5,894.55,0,28.45,56.51,7.45,92.44,145.92,23.56
Gurugram,31-03-2021,5,594.14,0,6.86,138.76,11.68,104.02,147,18.75
Gurugram,01-04-2021,4,473.98,0,12,107.29,11.33,25.03,32.2,17.99
Gurugram,02-04-2021,4,660.9,0,22.96,67.95,13.59,27.41,40.09,22.04
Gurugram,03-04-2021,5,3845.22,22.13,111.04,0.01,50.55,200.05,281.64,31.67
Gurugram,04-04-2021,5,2857.21,0.02,90.48,21.82,41.49,147.29,200.97,27.11
Gurugram,05-04-2021,5,2002.72,0,80.2,30.76,20.03,87.16,122.58,31.67
Gurugram,06-04-2021,5,774.38,0,22.28,86.55,25.03,61.64,89.13,19.25
Gurugram,07-04-2021,5,961.3,0,20.91,94.41,16.21,136.39,200.15,26.35
Gurugram,08-04-2021,5,1028.06,0,29.82,66.52,13.35,97.5,128.39,23.31
Gurugram,09-04-2021,5,1188.28,0,35.64,61.51,23.6,67.08,89.37,23.31
Gurugram,10-04-2021,4,1001.36,0,33.24,58.65,24.56,48.11,67.13,22.8
Gurugram,11-04-2021,4,801.09,0,22.96,72.96,14.54,46.95,64.37,20.52
Gurugram,12-04-2021,5,1081.47,0,30.85,60.08,21.22,68.95,103.08,22.04
Gurugram,13-04-2021,5,2376.56,0.02,93.22,19.31,61.04,152.81,226.45,29.13
Gurugram,14-04-2021,5,687.6,0,19.54,85.83,17.88,50.51,80.72,20.52
Gurugram,15-04-2021,5,1535.42,0.05,53.47,17.88,22.65,87.99,134.06,25.59
Gurugram,16-04-2021,5,1976.01,0,57.58,25.03,37.67,128.75,183.37,27.36
Gurugram,17-04-2021,5,1335.14,0.05,61.01,17.88,20.5,54.72,88.69,21.53
Gurugram,18-04-2021,5,3311.16,11.06,113.79,0.1,28.37,183.12,252.51,30.15
Gurugram,19-04-2021,5,1615.52,0,60.32,36.84,50.55,86.02,122.5,24.07
Gurugram,20-04-2021,5,1068.12,0,38.39,61.51,40.53,57.95,85.6,22.04
Gurugram,21-04-2021,4,921.25,0,43.18,46.49,42.44,39.6,63.26,19.51
Gurugram,22-04-2021,5,2162.93,0.23,89.11,11,35.29,127.33,175.51,31.16
Gurugram,23-04-2021,4,674.25,0,30.16,86.55,46.25,33.94,46.07,15.71
Gurugram,24-04-2021,5,1241.68,0,46.61,55.08,51.5,72.22,115.87,24.07
Gurugram,25-04-2021,4,727.65,0,18.51,91.55,13.59,36.89,48.1,21.28
Gurugram,26-04-2021,5,1842.5,2.12,65.8,2.19,20.5,91.83,120.64,29.64
Gurugram,27-04-2021,5,1949.31,0.21,85,10.28,18.6,106.47,145.94,45.09
Gurugram,28-04-2021,5,3177.64,1.87,105.56,4.56,71.53,185.24,270.11,31.67
Gurugram,29-04-2021,5,1428.6,0,45.93,56.51,37.19,94.02,142.69,23.81
Gurugram,30-04-2021,5,1028.06,0,29.47,82.97,15.97,105.11,135.64,24.83
Gurugram,01-05-2021,5,974.66,0,22.96,90.12,12.88,116.5,145.04,23.81
Gurugram,02-05-2021,5,1041.41,0,22.28,94.41,28.37,113.99,133.41,19.76
Gurugram,03-05-2021,5,1548.77,4.14,77.46,0.35,12.28,101.11,147.27,61.3
Gurugram,04-05-2021,5,2403.26,0.51,97.33,5.9,72.48,124.23,185.34,28.12
Gurugram,05-05-2021,5,627.52,0,15.42,88.69,23.84,61.82,89.52,15.33
Gurugram,06-05-2021,5,1615.52,0,57.58,60.8,40.53,126.84,158.02,21.28
Gurugram,07-05-2021,5,1441.96,0,43.18,98.71,48.16,133.21,157.09,15.83
Gurugram,08-05-2021,5,2109.53,0,57.58,68.67,17.64,253.14,285.68,21.28
Gurugram,09-05-2021,5,1308.44,0,40.1,70.81,49.11,93.07,120.74,22.8
Gurugram,10-05-2021,5,847.82,0,17.14,87.98,11.33,65.22,79.62,20.52
Gurugram,11-05-2021,5,961.3,0,14.05,105.86,20.27,88.9,103.35,21.03
Gurugram,12-05-2021,5,3044.13,0,87.74,37.55,62.94,254.88,312.31,27.87
Gurugram,13-05-2021,5,854.49,0,27.42,71.53,5.96,87.32,120.56,23.05
Gurugram,14-05-2021,5,2857.21,0,94.59,18.6,39.1,156.21,197.03,27.11
Gurugram,15-05-2021,5,2643.59,0.8,91.85,5.36,29.56,152.15,217.98,26.85
Gurugram,16-05-2021,5,2403.26,0,105.56,31.11,34.81,131.35,210.05,50.66
Gurugram,17-05-2021,5,1535.42,0,45.93,66.52,49.59,102.48,145.22,22.29
Gurugram,18-05-2021,5,494,0,8.31,75.82,3.79,64.56,80.06,12.79
Gurugram,19-05-2021,4,560.76,0,13.88,67.23,5.9,31.71,36.55,5.19
Gurugram,20-05-2021,4,714.3,0,32.22,26.46,32.42,33.79,36.35,1.57
Gurugram,21-05-2021,5,1842.5,0.04,56.21,20.39,11.8,202.58,235.8,10.13
Gurugram,22-05-2021,5,1041.41,0,26.73,70.81,5.84,111.54,136.64,7.92
Gurugram,23-05-2021,5,540.73,0,13.88,54.36,2.5,58.01,130.96,18.24
Gurugram,24-05-2021,4,587.46,0,20.56,37.55,2.89,46.89,95.88,23.05
Gurugram,25-05-2021,5,660.9,0,13.02,117.3,10.61,61.44,83.7,18.75
Gurugram,26-05-2021,5,2243.04,0.78,76.77,6.26,25.27,107.06,150.19,25.59
Gurugram,27-05-2021,5,2243.04,5.64,90.48,0.33,15.26,134.38,194.93,77.01
Gurugram,28-05-2021,5,1068.12,0,29.47,73.67,5.66,98.02,115.31,24.32
Gurugram,29-05-2021,5,921.25,0,21.25,84.4,9.42,94.02,123.01,24.32
Gurugram,30-05-2021,5,534.06,0,7.28,100.14,9.3,57.52,71.98,15.96
Gurugram,31-05-2021,5,1054.76,0,26.39,58.65,9.66,84.24,135.12,24.32
Gurugram,01-06-2021,5,720.98,0,25.71,49.35,6.5,57.68,118.79,7.22
Gurugram,02-06-2021,5,1976.01,24.81,50.72,0,6.68,90.69,160.25,15.71
Gurugram,03-06-2021,5,9185.79,1.37,260.47,3.49,37.19,868.18,999.37,18.24
Gurugram,04-06-2021,5,5287.17,0.35,145.32,7.06,55.31,493.24,596.81,30.65
Gurugram,05-06-2021,5,2376.56,0,71.97,65.8,15.5,416.53,465.56,29.64
Gurugram,06-06-2021,5,560.76,0,13.54,69.38,3.22,53.48,84.76,19.51
Gurugram,07-06-2021,5,1922.61,7.82,62.38,0.29,12.52,108.98,144.83,29.39
Gurugram,08-06-2021,5,1214.98,0,27.76,95.84,58.17,118.43,145.51,24.57
Gurugram,09-06-2021,4,333.79,0,8.91,65.8,3.31,27.86,90.35,15.33
Gurugram,10-06-2021,4,317.1,0,7.11,77.96,2.47,22.59,65.61,13.05
Gurugram,11-06-2021,4,614.17,0,10.11,97.28,15.74,41.84,76.72,13.17
Gurugram,12-06-2021,5,680.92,0,9.34,108.72,12.52,62.7,91.52,15.58
Gurugram,13-06-2021,5,974.66,0,5.48,188.83,15.02,101.42,103.76,4.56
Gurugram,14-06-2021,2,473.98,0,7.2,75.1,7.99,19.29,25.41,14.44
Gurugram,15-06-2021,5,814.44,0,24.68,75.1,7.27,68.35,106.88,23.81
Gurugram,16-06-2021,4,360.49,0,7.88,62.94,1.85,30.47,68.78,7.92
Gurugram,17-06-2021,5,1174.93,0,30.85,68.67,30.99,113.91,137.64,10.39
Gurugram,18-06-2021,5,707.63,0,13.2,101.57,12.99,60.06,68.32,12.03
Gurugram,19-06-2021,2,534.06,0,12.51,63.66,11.56,18.33,23.34,10.13
Gurugram,20-06-2021,4,614.17,0,34.62,34.69,41.96,40.45,46.57,3.45
Gurugram,21-06-2021,4,627.52,0,17.65,50.07,12.4,29.42,36.41,14.95
Gurugram,22-06-2021,5,1895.9,0,52.09,40.77,30.52,148.49,183.99,27.61
Gurugram,23-06-2021,5,1375.2,7.82,61.69,0.19,13.35,89.47,186.23,51.68
Gurugram,24-06-2021,5,841.14,0,12.85,143.05,16.69,138.43,208.45,25.84
Gurugram,25-06-2021,5,1682.28,0,45.24,52.93,31.47,134.78,195.19,26.85
Gurugram,26-06-2021,5,453.95,0,16.28,50.07,3.1,57.89,173.54,17.99
Gurugram,27-06-2021,5,714.3,0,10.2,133.04,20.27,134.06,226.08,19
Gurugram,28-06-2021,5,787.74,0,9.51,114.44,10.73,95.58,122.35,18.24
Gurugram,29-06-2021,5,2483.37,0,71.29,62.94,52.93,235.94,307.03,38
Gurugram,30-06-2021,5,694.28,0,26.05,57.94,9.18,71.47,169.91,21.53
Gurugram,01-07-2021,4,273.71,0,3.51,72.24,1.4,21.16,80.92,8.49
Gurugram,02-07-2021,5,310.42,0,9,70.1,2.8,34.23,111.1,14.06
Gurugram,03-07-2021,5,270.37,0,5.66,79.39,2.27,41.62,155.95,8.61
Gurugram,04-07-2021,5,277.04,0,6.08,71.53,1.82,58.89,226.68,11.4
Gurugram,05-07-2021,5,323.77,0,9.51,53.64,3.01,58.61,222.83,13.93
Gurugram,06-07-2021,5,333.79,0,10.8,50.07,3.13,37.21,123.15,15.33
Gurugram,07-07-2021,5,440.6,0,17.31,45.78,6.62,44.11,135.52,17.73
Gurugram,08-07-2021,5,487.33,0,21.42,30.4,4.53,37.68,113.74,19.76
Gurugram,09-07-2021,5,1081.47,0,42.16,72.24,46.73,97.96,212.27,20.77
Gurugram,10-07-2021,5,680.92,0,9.17,140.19,14.42,61.95,67.31,10.51
Gurugram,11-07-2021,3,640.87,0,6.86,114.44,18.12,24.1,27.21,8.87
Gurugram,12-07-2021,2,534.06,0,11.48,35.76,11.33,13.46,15.05,3.64
Gurugram,13-07-2021,4,514.03,0,13.54,50.78,18.6,27.58,31.83,6.52
Gurugram,14-07-2021,4,600.82,0,13.37,75.82,10.37,27.11,34.27,10.39
Gurugram,15-07-2021,4,854.49,0,20.74,48.64,14.66,41.88,49.91,8.49
Gurugram,16-07-2021,5,607.49,0,10.28,125.89,20.74,50.54,56.6,10.77
Gurugram,17-07-2021,5,1588.82,0,44.55,46.49,23.37,126.38,151.79,17.23
Gurugram,18-07-2021,3,520.71,0,10.2,70.81,3.04,21.59,25.57,14.82
Gurugram,19-07-2021,2,487.33,0,11.82,29.33,3.37,13.31,15.23,3.1
Gurugram,20-07-2021,1,383.85,0,8.91,30.4,0.83,6.96,8.24,2.06
Gurugram,21-07-2021,4,720.98,0.3,27.76,7.6,2.98,25.68,36.08,4.43
Gurugram,22-07-2021,5,907.9,0,17.31,55.79,8.82,90.21,98.37,4.37
Gurugram,23-07-2021,4,907.9,0.01,22.96,17.17,11.44,48.99,55.59,5
Gurugram,24-07-2021,5,2136.23,0,37.36,30.4,8.82,141.62,164.21,6.84
Gurugram,25-07-2021,5,741.01,0,12.51,74.39,5.31,84.05,94.17,6.9
Gurugram,26-07-2021,4,540.73,0,11.14,85.83,8.11,45.56,53.36,8.99
Gurugram,27-07-2021,5,1281.74,0,37.7,36.12,26.7,126.71,132.13,1.96
Gurugram,28-07-2021,2,514.03,0.01,16.11,19.67,2.33,18.23,23.22,4.18
Gurugram,29-07-2021,4,988.01,7.38,41.81,0.03,5.78,37.97,47.38,7.73
Gurugram,30-07-2021,4,988.01,0.91,34.62,3.76,9.54,47.92,63.96,8.61
Gurugram,31-07-2021,5,1121.52,0,19.19,75.1,19.07,110.8,115.17,3.42
Gurugram,01-08-2021,5,921.25,0,19.36,42.56,6.56,71.31,81.24,5.38
Gurugram,02-08-2021,5,1735.69,8.05,44.55,0.03,6.68,75.18,101.6,7.85
Gurugram,03-08-2021,5,1949.31,4.14,79.51,0.66,39.1,129.71,149.74,4.24
Gurugram,04-08-2021,5,834.47,0,33.59,45.78,32.9,73.16,82.63,4.12
Gurugram,05-08-2021,5,854.49,0,30.85,56.51,25.51,80.48,96.45,7.85
Gurugram,06-08-2021,5,3391.27,10.28,82.25,0.06,18.36,219.25,263.11,8.49
Gurugram,07-08-2021,5,1976.01,0.15,57.58,9.84,26.94,231.84,257.69,3.67
Gurugram,08-08-2021,5,1508.71,0,26.39,23.6,5.19,147.24,164.7,6.78
Gurugram,09-08-2021,5,1321.79,0.07,24.33,11.98,3.99,84.85,101.61,6.59
Gurugram,10-08-2021,5,1495.36,7.82,34.96,0.09,2.71,99.3,123.51,6.52
Gurugram,11-08-2021,4,594.14,0.03,23.31,20.21,2.92,33.94,84.8,15.2
Gurugram,12-08-2021,4,367.17,0,8.57,50.07,2.24,19.84,55.42,12.92
Gurugram,13-08-2021,4,397.21,0,11.14,38.27,2.59,22.12,69.49,14.31
Gurugram,14-08-2021,4,320.44,0,6.68,56.51,1.91,24.15,77.63,11.27
Gurugram,15-08-2021,3,283.72,0,5.06,60.08,2,17.77,45.45,9.63
Gurugram,16-08-2021,5,367.17,0,10.54,36.48,2.15,32.62,102.78,15.58
Gurugram,17-08-2021,5,2590.18,35.76,65.12,0,10.97,145.42,277.46,22.8
Gurugram,18-08-2021,5,1468.66,0,31.87,110.15,16.69,235.94,365.38,9.25
Gurugram,19-08-2021,5,4379.27,9.72,98.71,0.5,23.6,355.63,455.86,12.79
Gurugram,20-08-2021,5,1214.98,0,22.62,23.96,9.89,69.89,81.36,6.33
Gurugram,21-08-2021,3,720.98,0.02,20.22,13.95,12.16,23.27,25.43,2.63
Gurugram,22-08-2021,4,767.71,0,13.02,30.4,7.87,30.97,33.18,2.63
Gurugram,23-08-2021,4,827.79,0.14,20.22,8.85,2.86,38.98,51.44,6.02
Gurugram,24-08-2021,4,947.95,1.37,27.08,2.3,2.27,38.14,52.48,6.59
Gurugram,25-08-2021,5,1321.79,18.33,42.16,0,3.58,50.94,91.26,14.06
Gurugram,26-08-2021,4,427.25,0,11.65,50.07,2.65,25.98,78.98,15.71
Gurugram,27-08-2021,3,370.5,0,8.57,60.8,4.05,18.48,43.45,11.78
Gurugram,28-08-2021,5,534.06,0,17.14,41.13,2.33,47.68,151.83,15.83
Gurugram,29-08-2021,5,741.01,0,20.22,27.54,6.97,57.78,85.39,6.46
Gurugram,30-08-2021,5,707.63,0,14.74,36.48,12.76,94.33,103.21,5.83
Gurugram,31-08-2021,4,794.41,0,23.31,31.47,12.28,48.69,57.77,5.13
Gurugram,01-09-2021,4,634.19,0,20.22,31.47,14.66,48.85,52.17,2.91
Gurugram,02-09-2021,5,1535.42,1.01,42.16,3.31,9.54,81.4,101.66,6.52
Gurugram,03-09-2021,5,1028.06,0.13,32.56,13.95,3.87,62.08,79.78,6.97
Gurugram,04-09-2021,4,974.66,5.92,29.13,0.06,4.95,40.85,56.22,6.65
Gurugram,05-09-2021,5,1121.52,3.74,35.99,1.72,1.97,51.97,65.94,8.23
Gurugram,06-09-2021,4,1014.71,8.61,29.13,0.19,1.73,36.73,54.21,7.09
Gurugram,07-09-2021,5,988.01,0.04,31.19,18.95,2.8,55.48,79.71,7.41
Gurugram,08-09-2021,3,814.44,0,17.99,25.39,12.4,24.26,31.18,5.83
Gurugram,09-09-2021,4,540.73,0,15.42,58.65,17.64,47.4,52.23,4.02
Gurugram,10-09-2021,5,854.49,0,18.51,60.08,16.21,86.49,94.64,4.56
Gurugram,11-09-2021,4,747.68,0.01,23.99,18.24,16.45,34.48,36.33,2.31
Gurugram,12-09-2021,5,794.41,0,16.79,26.82,10.97,63.9,66.21,2.53
Gurugram,13-09-2021,5,1455.31,0,38.73,24.68,22.41,108.58,125.58,4.37
Gurugram,14-09-2021,5,1348.5,0,34.27,23.6,16.45,101.45,119.37,5.89
Gurugram,15-09-2021,5,2349.85,0.64,73.34,9.12,17.64,139,169.73,7.16
Gurugram,16-09-2021,5,4486.08,28.61,98.71,0,17.88,297.34,365.33,6.27
Gurugram,17-09-2021,5,2002.72,1.62,84.31,3.71,49.11,131.51,164.58,13.68
Gurugram,18-09-2021,4,580.79,0.01,27.08,22.53,22.17,26.28,35.36,6.33
Gurugram,19-09-2021,5,821.11,0,19.02,54.36,10.37,61.82,70.78,5.83
Gurugram,20-09-2021,5,1014.71,0.2,28.79,9.48,4.23,80.01,100.8,7.09
Gurugram,21-09-2021,5,761.03,0,21.42,37.19,5.25,52.8,69,6.84
Gurugram,22-09-2021,5,881.2,0,19.02,48.64,7.27,88.12,103.32,6.21
Gurugram,23-09-2021,5,1108.17,0.03,23.99,14.84,11.92,66.11,75.66,5.07
Gurugram,24-09-2021,5,1388.55,0.02,43.53,17.35,17.88,97.46,119.12,5.83
Gurugram,25-09-2021,5,1455.31,0.54,52.78,6.26,19.55,76.31,99.13,6.21
Gurugram,26-09-2021,5,1628.88,0.17,52.09,11.27,9.78,117.31,138.97,7.79
Gurugram,27-09-2021,5,1081.47,0,19.54,47.21,10.49,70.84,79.93,5.7
Gurugram,28-09-2021,5,1869.2,0.05,50.72,18.77,14.07,109.27,133.02,7.16
Gurugram,29-09-2021,4,727.65,0,16.62,37.91,9.42,38.91,46.83,5.13
Gurugram,30-09-2021,5,834.47,0,14.74,73.67,12.4,82.85,92.97,5.26
Gurugram,01-10-2021,5,1708.98,1.9,61.01,3.44,2.71,121.36,153.03,7.6
Gurugram,02-10-2021,5,867.84,0,18.34,57.94,3.16,73.67,82.99,9.75
Gurugram,03-10-2021,3,567.44,0,15.77,40.05,1.8,21.18,30.3,12.41
Gurugram,04-10-2021,3,594.14,0.04,23.31,15.38,2.62,19.44,38.9,22.8
Gurugram,05-10-2021,5,1895.9,51.41,35.3,0,6.14,62.94,106.46,30.4
Gurugram,06-10-2021,5,4272.46,5.42,152.17,0.55,41.49,408.68,483.34,44.58
Gurugram,07-10-2021,5,1789.09,21.01,43.53,0.02,4.53,109.63,162.49,14.31
Gurugram,08-10-2021,5,3391.27,34.87,69.23,0,11.68,237.36,294.65,16.72
Gurugram,09-10-2021,5,4112.24,86.73,80.2,0,14.07,203.96,274.1,27.61
Gurugram,10-10-2021,5,3204.35,76,45.93,0,10.13,172.05,267.82,45.6
Gurugram,11-10-2021,5,2857.21,61.69,64.43,0,7.03,128.89,182.42,28.12
Gurugram,12-10-2021,5,1922.61,43.81,47.3,0,4.89,91.86,142.59,35.47
Gurugram,13-10-2021,5,2376.56,37.55,49.35,0,8.35,128.49,204.47,29.89
Gurugram,14-10-2021,5,894.55,0,19.19,88.69,11.09,129.71,176.7,21.28
Gurugram,15-10-2021,5,961.3,0,34.27,34.69,5.72,84.44,113.57,24.57
Gurugram,16-10-2021,5,2349.85,5.98,75.4,1.04,7.57,159.33,204.84,25.84
Gurugram,17-10-2021,5,4379.27,2.46,111.04,4.38,24.08,352.22,394.21,27.36
Gurugram,18-10-2021,5,2830.51,12.29,80.2,0.01,32.9,181.66,205.89,4.5
Gurugram,19-10-2021,5,1508.71,13.86,46.61,0.01,28.61,89.99,117.46,5
Gurugram,20-10-2021,5,634.19,0,15.59,81.54,3.7,60.25,69.16,8.74
Gurugram,21-10-2021,5,807.76,0,25.02,64.37,4.29,80.96,109.18,21.28
Gurugram,22-10-2021,4,540.73,0,17.82,69.38,4.47,47.26,76.08,20.52
Gurugram,23-10-2021,5,1602.17,35.32,52.78,0,5.96,68.67,105.95,40.03
Gurugram,24-10-2021,4,527.38,0,21.76,36.84,2.15,32.31,46.58,19.76
Gurugram,25-10-2021,5,1148.22,0,40.78,40.77,19.55,95.35,114.03,5
Gurugram,26-10-2021,5,1482.01,1.22,50.72,5.45,5.72,122.79,153.34,8.99
Gurugram,27-10-2021,5,3044.13,35.76,56.21,0,9.42,190.94,247.5,20.27
Gurugram,28-10-2021,5,1348.5,0.01,42.16,30.4,6.44,95.26,123.8,22.04
Gurugram,29-10-2021,5,2162.93,19.45,61.01,0.04,5.48,124.03,163.79,24.07
Gurugram,30-10-2021,5,1842.5,0.04,52.78,22.89,7.75,142.06,176.15,24.57
Gurugram,31-10-2021,5,961.3,0,19.71,80.82,6.32,84.2,106.05,22.8
Gurugram,01-11-2021,5,1428.6,0.03,62.38,21.46,12.99,102.39,148.48,23.05
Gurugram,02-11-2021,5,1228.33,0,27.08,91.55,23.37,200.65,240.36,20.01
Gurugram,03-11-2021,5,1335.14,0,28.1,92.98,7.39,216.1,249.6,19.51
Gurugram,04-11-2021,5,1762.39,13.75,68.55,0.06,7.39,126.04,167.79,48.64
Gurugram,05-11-2021,5,3204.35,34.87,105.56,0,12.64,275.89,334.07,53.2
Gurugram,06-11-2021,5,2243.04,11.51,104.19,0.64,13.11,186.13,221.07,65.86
Gurugram,07-11-2021,5,1054.76,0,20.05,85.12,5.25,98,121.92,22.8
Gurugram,08-11-2021,5,1281.74,0,32.56,46.49,5.72,131.43,161.66,23.31
Gurugram,09-11-2021,5,1762.39,0,25.02,90.84,6.85,198.99,228.17,21.53
Gurugram,10-11-2021,5,3311.16,7.26,104.19,0.54,13.35,249.18,295.91,45.09
Gurugram,11-11-2021,5,2323.15,13.86,75.4,0.11,5.96,205.87,260.76,33.44
Gurugram,12-11-2021,5,2964.02,19,74.71,0.03,6.62,273.96,335.83,26.35
Gurugram,13-11-2021,5,2590.18,0.32,71.29,19.49,6.85,261.54,304.01,23.81
Gurugram,14-11-2021,5,1695.63,0,42.84,38.98,4.23,164.33,188.36,25.59
Gurugram,15-11-2021,5,1708.98,0.01,61.01,27.54,5.48,135.02,159.08,31.92
Gurugram,16-11-2021,5,2029.42,22.35,59.63,0.02,4.05,143.39,181.08,27.87
Gurugram,17-11-2021,5,2403.26,19.22,67.17,0.02,4.59,203.78,248.83,24.83
Gurugram,18-11-2021,5,8651.73,162.72,257.73,0,113.49,797.94,881.82,78.02
Gurugram,19-11-2021,5,10467.53,216.36,279.66,0,108.72,936.72,1067.75,104.37
Gurugram,20-11-2021,5,3524.78,76.89,79.51,0,6.85,221.2,269.78,36.98
Gurugram,21-11-2021,5,2483.37,9.05,77.46,0.36,6.26,227.72,263.63,28.63
Gurugram,22-11-2021,5,1014.71,0,17.14,94.41,11.21,135.53,146.78,19.76
Gurugram,23-11-2021,5,794.41,0,14.57,98.71,5.01,102.27,114.36,17.48
Gurugram,24-11-2021,5,2510.07,12.29,94.59,0.27,10.01,211.52,252.89,26.35
Gurugram,25-11-2021,5,2002.72,1.93,66.49,4.56,4.35,184.84,223.33,13.93
Gurugram,26-11-2021,5,1174.93,0.01,43.18,33.97,2.38,130.43,147.56,10.51
Gurugram,27-11-2021,5,3097.53,49.17,61.01,0,5.36,234.77,284.74,16.47
Gurugram,28-11-2021,5,1575.47,0.02,43.87,23.96,5.13,204.98,230.68,7.47
Gurugram,29-11-2021,5,8865.36,144.84,168.62,0,71.53,737.39,834.57,79.04
Gurugram,30-11-2021,5,988.01,0,24.33,67.95,5.07,151.43,164.81,19.25
Gurugram,01-12-2021,5,3524.78,57.22,61.69,0,9.06,313.47,378.48,24.07
Gurugram,02-12-2021,5,2696.99,10.73,75.4,0.95,6.91,289.4,334.2,13.05
Gurugram,03-12-2021,5,1976.01,0.13,48.67,18.78,6.62,249.71,272.11,6.4
Gurugram,04-12-2021,5,4806.52,74.21,84.31,0,25.75,454.81,518.81,14.57
Gurugram,05-12-2021,5,2296.45,27.49,106.93,0,12.16,205.52,233.7,97.27
Gurugram,06-12-2021,5,3845.21,38.44,124.75,0,53.41,328.12,350.52,6.08
Gurugram,07-12-2021,5,1562.12,1.56,44.55,3.89,4.53,153.72,181.27,6.97
Gurugram,08-12-2021,5,1081.47,0.01,35.99,32.19,4.47,94.72,112.7,15.07
Gurugram,09-12-2021,5,1922.61,8.05,62.38,0.55,3.93,169.69,206.26,12.41
Gurugram,10-12-2021,5,2002.72,5.31,71.29,2.44,3.81,160.18,191.24,8.74
Gurugram,11-12-2021,5,1201.63,0,35.99,47.92,5.07,132.2,147.98,12.79
Gurugram,12-12-2021,5,1562.12,17.66,47.98,0.03,3.1,135.79,164.26,25.08
Gurugram,13-12-2021,5,1482.01,6.26,82.94,1.05,7.75,131.16,157.15,71.94
Gurugram,14-12-2021,5,5020.14,54.09,127.49,0,56.74,419.02,475.3,64.85
Gurugram,15-12-2021,5,11108.4,246.76,186.44,0,52.45,966.79,1114.18,16.97
Gurugram,16-12-2021,5,3898.62,19.45,119.27,0.14,15.26,358.57,411.66,26.09
Gurugram,17-12-2021,5,1668.93,0.01,47.98,34.33,9.54,217.07,240.89,4.94
Gurugram,18-12-2021,5,894.55,0,23.31,70.81,7.51,94.13,106.27,17.99
Gurugram,19-12-2021,5,894.55,0,13.37,91.55,7.45,105.7,114.7,16.72
Gurugram,20-12-2021,5,894.55,0,20.39,70.81,4.29,109.94,122.14,13.68
Gurugram,21-12-2021,5,2777.1,44.26,78.14,0,6.08,218.25,253.1,25.84
Gurugram,22-12-2021,5,3524.78,45.6,78.14,0,6.68,350.63,392.96,18.75
Gurugram,23-12-2021,5,7263.18,139.47,183.7,0,80.11,574.49,653.6,83.09
Gurugram,24-12-2021,5,3685,38.89,70.6,0,6.85,395.4,442,16.09
Gurugram,25-12-2021,5,7263.18,69.74,135.72,0,13.35,706.07,777.41,12.16
Gurugram,26-12-2021,5,3364.56,44.7,117.9,0,46.25,521.14,571.71,65.86
Gurugram,27-12-2021,5,1708.98,0,56.89,39.7,37.19,255.67,264.6,1.55
Gurugram,28-12-2021,5,8117.68,180.6,95.96,0,16.69,628.35,742.66,7.79
Gurugram,29-12-2021,5,5981.45,250.34,94.59,0,41.48,432.34,482.88,33.44
Gurugram,30-12-2021,5,1949.31,2.54,58.95,3.62,4.77,195.7,227.76,11.65
Gurugram,31-12-2021,5,2456.67,29.06,65.8,0.02,5.19,164.62,203.09,14.19
Gurugram,01-01-2022,5,1522.06,0.61,65.12,11.27,3.99,166.91,190.91,6.84
Gurugram,02-01-2022,5,1575.47,2.65,61.01,3.08,3.81,191.16,213.11,13.55
Gurugram,03-01-2022,5,1655.58,0.99,50.72,6.62,2.74,210.79,236.88,9.75
Gurugram,04-01-2022,5,1949.31,6.15,69.92,1.1,3.81,231.32,260.5,15.2
Gurugram,05-01-2022,5,10894.78,236.03,128.87,0,19.31,851.45,976.19,17.73
Gurugram,06-01-2022,5,1188.28,0,12,87.98,8.34,191.93,195.55,2.41
Gurugram,07-01-2022,5,1214.98,0.59,33.24,14.48,4.29,155.26,169.7,4.94
Gurugram,08-01-2022,5,674.25,0,12,51.5,4.35,65.08,69.1,3.61
Gurugram,09-01-2022,4,827.79,0.31,23.31,7.87,3.99,42,47.59,4.88
Gurugram,10-01-2022,5,934.6,0,19.54,33.62,2.29,64.42,73.5,4.62
Gurugram,11-01-2022,5,1682.28,17.88,44.55,0.06,2.86,107.05,135.92,8.49
Gurugram,12-01-2022,5,854.49,0,19.02,67.23,5.3,102.13,110.63,3.96
Gurugram,13-01-2022,5,1281.74,0.09,39.07,27.89,3.67,155.85,171.69,4.56
Gurugram,14-01-2022,5,2937.32,64.37,101.45,0,17.17,166.52,191.2,70.93
Gurugram,15-01-2022,5,1695.63,0.47,48.67,16.99,2.09,230.48,250.74,5.76
Gurugram,16-01-2022,5,1789.09,12.29,42.84,0.16,2.77,208.41,238.68,13.43
Gurugram,17-01-2022,5,1949.31,3.35,57.58,3.53,2.98,268.29,286,5.38
Gurugram,18-01-2022,5,3524.78,72.42,63.75,0,6.08,373.16,410.44,11.4
Gurugram,19-01-2022,5,1121.52,0,24.68,44.7,3.46,219.04,233.76,3.93
Gurugram,20-01-2022,5,3150.94,1.08,77.46,11.98,10.97,409.59,440.82,4.31
Gurugram,21-01-2022,5,2136.23,19.45,56.21,0.05,10.49,308.15,344.58,17.23
Gurugram,22-01-2022,5,1468.66,0,21.25,125.89,18.84,301.46,315.15,1.23
Gurugram,23-01-2022,5,894.55,0,9.34,70.81,6.5,130.45,131.98,2.47
Gurugram,24-01-2022,4,847.82,0.44,17.99,13.59,1.43,42.3,48.38,5.45
Gurugram,25-01-2022,5,1228.33,8.05,33.93,0.51,2.71,66.13,86.39,8.74
Gurugram,26-01-2022,5,1388.55,1.4,41.13,4.6,2.41,113.78,133.8,6.08
Gurugram,27-01-2022,5,1121.52,0.04,33.59,24.32,3.16,105.89,122.24,5.13
Gurugram,28-01-2022,5,801.09,0,28.79,46.49,3.87,74.19,85.95,5.32
Gurugram,29-01-2022,5,854.49,0.04,37.01,27.54,3.19,66.84,83.11,5.45
Gurugram,30-01-2022,5,814.44,0,27.08,38.27,2.8,65.19,80.45,5.38
Gurugram,31-01-2022,5,841.14,0.17,32.56,17.17,1.77,72.17,88.58,7.22
Gurugram,01-02-2022,5,2590.18,14.98,65.8,0.16,10.25,231.4,281.41,26.85
Gurugram,02-02-2022,5,1094.82,0.02,31.19,29.33,4.41,186.88,225.55,5.51
Gurugram,03-02-2022,5,854.49,0,14.74,114.44,18.36,174.41,202.15,7.85
Gurugram,04-02-2022,5,827.79,0,8.83,80.11,10.37,96.63,103.59,2.53
Gurugram,05-02-2022,5,2429.96,27.49,74.71,0,27.66,172.87,212.45,4.5
Gurugram,06-02-2022,5,6942.75,141.26,137.09,0,68.66,588.53,669.75,56.24
Gurugram,07-02-2022,5,1054.76,0,25.36,47.92,2.68,135.32,153.85,6.02
Gurugram,08-02-2022,5,2323.15,18.1,55.52,0.07,3.73,241.88,286.76,8.36
Gurugram,09-02-2022,5,2990.72,14.98,58.26,0.08,10.01,368.43,418.87,7.35
Gurugram,10-02-2022,5,5928.04,97.45,87.74,0,18.6,505.56,605.37,15.71
Gurugram,11-02-2022,5,1321.79,0,21.08,78.68,7.75,125.73,140.76,15.96
Gurugram,12-02-2022,5,821.11,0,20.05,72.24,5.13,100.91,117.7,11.65
Gurugram,13-02-2022,5,1588.82,23.02,43.87,0.04,3.87,133.04,166.17,20.77
Gurugram,14-02-2022,5,8758.54,150.2,152.17,0,45.78,663.19,753.82,53.7
Gurugram,15-02-2022,5,7583.62,160.93,97.33,0,11.68,539.69,619.95,19.25
Gurugram,16-02-2022,5,4539.49,17.66,95.96,0.03,15.74,515.68,600.3,24.07
Gurugram,17-02-2022,5,2056.12,3.63,63.75,5.32,11.92,189.66,226.76,7.92
Gurugram,18-02-2022,5,6942.75,113.55,116.53,0,33.38,529.87,639.61,26.6
Gurugram,19-02-2022,5,2403.26,4.08,78.83,1.59,13.11,166.58,215.2,24.32
Gurugram,20-02-2022,5,747.68,0,14.05,92.98,13.11,95.71,108.77,16.97
Gurugram,21-02-2022,5,720.98,0,13.37,68.66,7.87,94.93,108.27,21.28
Gurugram,22-02-2022,5,1922.61,10.95,63.75,1.63,7.87,157.41,197.76,32.42
Gurugram,23-02-2022,5,654.22,0,9.08,130.18,17.4,101.79,114.2,16.72
Gurugram,24-02-2022,5,3524.78,9.72,80.88,0.55,10.37,398.01,447.96,7.98
Gurugram,25-02-2022,5,2937.32,17.43,102.82,0.01,28.61,287.09,348.46,10.13
Gurugram,26-02-2022,5,1121.52,0,31.19,101.57,27.66,137.81,159.75,8.23
Gurugram,27-02-2022,3,560.76,0,16.62,75.1,12.52,21.12,27.87,14.82
Gurugram,28-02-2022,4,694.27,0,18.68,57.22,5.66,47.94,59.17,22.04
Gurugram,01-03-2022,5,1108.17,0,33.59,50.07,7.99,106.88,125.64,16.21
Gurugram,02-03-2022,5,1789.09,0.1,46.61,25.75,7.99,147.21,170.64,12.29
Gurugram,03-03-2022,5,5500.79,56.33,141.2,0,42.92,374.4,438.43,30.91
Gurugram,04-03-2022,5,5287.17,41.57,97.33,0,14.54,520.64,605.61,6.97
Gurugram,05-03-2022,5,574.11,0,9.85,101.57,7.99,57.05,63.04,11.27
Gurugram,06-03-2022,5,647.54,0,12.68,85.12,4.29,57.53,65.89,18.24
Gurugram,07-03-2022,5,1535.42,0.03,35.3,26.11,4.17,142.6,170.24,21.79
Gurugram,08-03-2022,5,6141.66,0,128.87,26.82,35.29,737.33,835.1,24.32
Gurugram,09-03-2022,5,1375.2,1.15,42.84,5.45,3.81,108.44,132.04,24.57
Gurugram,10-03-2022,5,947.95,0.03,30.5,21.1,3.81,71.22,94.36,24.57
Gurugram,11-03-2022,5,947.95,0,29.13,53.64,6.68,75.43,94.56,18.49
Gurugram,12-03-2022,5,707.63,0,19.36,75.1,9.42,59.57,76.24,19.76
Gurugram,13-03-2022,5,894.55,0,27.42,40.41,4.41,66.9,93.82,21.79
Gurugram,14-03-2022,5,2189.64,5.76,56.21,0.88,7.75,152.59,199.7,24.07
Gurugram,15-03-2022,5,2269.74,0.1,63.06,14.31,10.25,178.61,239.03,23.81
Gurugram,16-03-2022,5,854.49,0,25.7,41.13,4.95,92.23,136.85,14.95
Gurugram,17-03-2022,5,907.9,0,19.02,69.38,4.95,130.78,170.35,21.53
Gurugram,18-03-2022,5,1976.01,0,46.61,57.94,20.98,271.61,318.16,15.33
Gurugram,19-03-2022,5,1708.98,0,40.78,41.84,11.56,210.07,245.57,22.8
Gurugram,20-03-2022,5,1495.36,0,38.04,31.47,7.33,157.36,187.39,23.81
Gurugram,21-03-2022,5,5874.63,20.12,142.57,0,26.23,480.7,610.76,34.45
Gurugram,22-03-2022,5,600.81,0,12.85,111.58,22.41,92.58,122.6,16.47
Gurugram,23-03-2022,5,807.76,0,18.51,100.14,14.54,111.52,137.67,20.27
Gurugram,24-03-2022,5,2082.82,9.16,69.92,0.94,13.47,141.35,203.51,32.17
Gurugram,25-03-2022,5,2243.04,1.72,76.77,4.6,29.09,145.03,224.44,27.11
Gurugram,26-03-2022,5,654.22,0,17.99,97.27,15.26,67.14,90.76,19.25
Gurugram,27-03-2022,5,494,0,7.88,114.44,6.26,64.18,86.36,16.21
Gurugram,28-03-2022,5,1375.2,0,47.3,31.11,15.74,88.83,133.72,23.05
Gurugram,29-03-2022,5,2590.18,16.99,78.14,0.02,27.89,147.55,228,41.04
Gurugram,30-03-2022,5,2483.37,11.06,86.37,0.15,30.99,130.07,206.32,27.61
Gurugram,31-03-2022,5,3952.03,16.09,153.54,0.02,82.97,229.51,330.85,63.33
Gurugram,01-04-2022,5,1455.31,0,31.53,90.84,25.51,216.71,269.64,23.56
Gurugram,02-04-2022,4,734.33,0,23.65,81.54,8.46,43.52,59.63,21.53
Gurugram,03-04-2022,5,934.6,0,19.02,101.57,13.11,82.37,106.04,26.6
Gurugram,04-04-2022,5,1214.98,0.34,45.93,10.01,12.28,63.26,107.17,38
Gurugram,05-04-2022,5,947.95,0,29.82,57.22,12.99,77.98,109.97,25.08
Gurugram,06-04-2022,5,1241.68,0,43.87,42.56,19.79,82.73,110.24,26.6
Gurugram,07-04-2022,5,854.49,0,25.7,85.12,16.45,64.88,85.23,22.04
Gurugram,08-04-2022,5,894.55,0,29.47,61.51,15.02,57.71,82.97,22.29
Gurugram,09-04-2022,5,1094.82,0,41.13,41.13,21.46,58.14,94.39,22.04
Gurugram,10-04-2022,5,1348.5,0.53,51.41,6.53,17.64,70.68,113.49,30.91
Gurugram,11-04-2022,5,707.63,0,24.33,57.22,9.06,54.18,81.04,23.81
Gurugram,12-04-2022,5,1548.77,1.26,64.43,3.67,18.36,73.13,116.74,32.93
Gurugram,13-04-2022,5,794.41,0,31.19,31.83,8.46,52.54,80.05,25.84
Gurugram,14-04-2022,4,787.73,0,33.93,34.33,10.37,47.53,90.99,22.04
Gurugram,15-04-2022,5,1628.88,0.04,61.69,19.67,32.42,99.67,151.01,26.09
Gurugram,16-04-2022,5,1495.36,0,54.15,74.39,59.13,105.66,142.63,24.32
Gurugram,17-04-2022,5,934.6,0,28.79,80.11,29.8,51.9,71.26,19
Gurugram,18-04-2022,5,5180.36,22.13,149.43,0,90.6,279.54,385.93,40.53
Gurugram,19-04-2022,5,1415.25,2.21,58.95,1.86,17.4,72.96,113.16,32.17
Gurugram,20-04-2022,5,754.36,0,29.82,40.41,15.5,63.81,141.77,21.03
Gurugram,21-04-2022,5,1214.98,0.1,52.78,13.23,16.45,78.6,138.37,26.6
Gurugram,22-04-2022,5,3685,10.28,132.98,0.02,81.06,205.89,350.42,32.17
Gurugram,23-04-2022,4,647.54,0,25.36,89.41,32.42,46.17,90.32,16.72
Gurugram,24-04-2022,4,580.79,0,14.74,101.57,13.23,48.22,78.41,20.77
Gurugram,25-04-2022,4,574.11,0,12.51,94.41,9.54,45.32,76.07,20.01
Gurugram,26-04-2022,5,1281.74,0,43.87,60.08,39.1,75.09,121.95,23.56
Gurugram,27-04-2022,5,974.66,0,34.62,90.84,23.6,65.55,109.84,26.09
Gurugram,28-04-2022,4,747.68,0,24.68,80.82,10.13,40.06,62.47,22.55
Gurugram,29-04-2022,5,907.9,0,35.64,37.55,11.44,52.34,97.2,23.56
Gurugram,30-04-2022,4,640.87,0,27.76,47.21,9.18,33.26,60.07,22.8
Gurugram,01-05-2022,5,1134.87,0,42.5,26.82,17.17,50.52,82.8,24.32
Gurugram,02-05-2022,5,714.3,0,6.6,174.52,15.97,88.01,99.43,15.07
Gurugram,03-05-2022,5,694.27,0,8.91,145.91,24.08,53.89,63.64,15.96
Gurugram,04-05-2022,5,801.09,0,9.68,155.93,14.66,100.53,116.54,18.24
Gurugram,05-05-2022,5,1869.2,0,54.15,76.53,61.04,187.13,226.79,19.25
Gurugram,06-05-2022,5,761.03,0,21.25,97.27,14.19,52.57,97.28,18.49
Gurugram,07-05-2022,5,1708.98,0.2,69.92,10.55,20.74,86.64,145.39,30.15
Gurugram,08-05-2022,5,2937.32,0.02,97.33,15.56,52.93,157.93,223.12,29.13
Gurugram,09-05-2022,5,714.3,0,7.37,134.47,12.52,56.27,69.37,17.23
Gurugram,10-05-2022,5,714.3,0,9.51,115.87,13.35,50.8,58.12,13.81
Gurugram,11-05-2022,5,1842.5,0,57.58,45.78,34.33,124.62,158.8,23.05
Gurugram,12-05-2022,5,867.84,0,11.31,150.2,27.42,115.42,135.64,20.01
Gurugram,13-05-2022,5,1108.17,0,21.42,117.3,43.87,131.19,171.84,22.8
Gurugram,14-05-2022,4,961.3,0.06,43.53,16.81,12.64,49.14,93.46,29.64
Gurugram,15-05-2022,5,1268.39,0.13,54.15,9.75,15.02,84.34,125.49,36.98
Gurugram,16-05-2022,4,600.81,0,24.68,34.69,6.44,40.58,86.9,21.28
Gurugram,17-05-2022,5,2029.42,0,59.63,47.21,36.72,204.83,322.94,29.39
Gurugram,18-05-2022,5,921.25,0,16.96,113.01,26.94,120.6,153.51,18.75
Gurugram,19-05-2022,5,1255.04,0,43.87,57.94,36.72,125.69,244.8,25.33
Gurugram,20-05-2022,5,3417.97,4.97,119.27,0.21,81.06,202.92,367.97,32.42
Gurugram,21-05-2022,5,687.6,0,13.02,160.22,21.7,129.61,218.69,12.92
Gurugram,22-05-2022,5,1522.06,2.43,69.23,1.3,19.07,97.14,235.81,26.6
Gurugram,23-05-2022,5,607.49,0,7.03,130.18,11.09,90.85,131.26,14.82
Gurugram,24-05-2022,5,774.38,0,11.65,107.29,15.5,63.05,68.28,7.28
Gurugram,25-05-2022,5,1081.47,0,32.22,67.23,19.55,77.22,95.37,15.2
Gurugram,26-05-2022,5,2643.59,10.62,89.11,0.09,13.95,168.76,217.9,36.48
Gurugram,27-05-2022,5,1869.2,0,43.18,98.71,52.93,180.05,222.87,24.07
Gurugram,28-05-2022,5,427.25,0,13.71,60.08,3.34,45.06,108.27,13.81
Gurugram,29-05-2022,5,727.65,0,37.01,23.96,6.26,68.45,217.15,34.45
Gurugram,30-05-2022,5,1001.36,0,26.39,74.39,24.8,124.68,300.62,25.84
Gurugram,31-05-2022,5,1682.28,26.6,53.47,0,14.54,102.95,298.14,30.4
Gurugram,01-06-2022,5,6782.53,35.32,183.7,0,61.04,461.78,666.82,33.44
Gurugram,02-06-2022,5,1295.09,3.19,57.58,1.5,11.56,88.02,242.99,24.57
Gurugram,03-06-2022,5,1895.9,13.19,65.12,0.01,23.37,115.52,251,32.93
Gurugram,04-06-2022,5,2750.4,1.44,112.41,3.13,60.56,150.45,272.94,29.13
Gurugram,05-06-2022,5,1762.39,5.09,69.23,0.3,18.36,104.84,198.54,34.45
Gurugram,06-06-2022,5,280.38,0,7.63,97.27,2.41,29.23,106.59,14.19
Gurugram,07-06-2022,5,1148.22,0.08,46.61,15.2,11.56,76.89,230.54,30.15
Gurugram,08-06-2022,5,480.65,0,17.14,60.8,5.3,55.53,175.9,20.27
Gurugram,09-06-2022,5,363.83,0,12.34,75.1,4.29,33.53,112.25,17.23
Gurugram,10-06-2022,5,627.52,0,22.62,60.08,7.45,67.39,228.42,20.27
Gurugram,11-06-2022,5,433.92,0,15.59,66.52,4.83,43.27,133.94,19.51
Gurugram,12-06-2022,5,547.41,0,21.76,44.7,5.66,56.06,189.01,21.79
Gurugram,13-06-2022,4,487.33,0,20.05,39.7,4.41,35.06,98.24,21.28
Gurugram,14-06-2022,4,347.14,0,8.23,74.39,3.93,21.76,54.94,15.71
Gurugram,15-06-2022,2,320.43,0,4.97,60.8,1.85,10.68,19.83,12.79
Gurugram,16-06-2022,1,287.06,0,4.33,74.39,2.09,9.81,18.23,8.36
Gurugram,17-06-2022,2,447.27,0,13.54,57.22,3.49,17.45,33.72,16.21
Gurugram,18-06-2022,4,867.84,0.04,43.18,19.31,4.17,29.08,55.14,14.57
Gurugram,19-06-2022,1,320.43,0,7.11,55.07,1.97,9.69,15.11,8.11
Gurugram,20-06-2022,3,700.95,0.19,28.1,9.57,2.77,20.25,32.25,15.07
Gurugram,21-06-2022,3,560.76,0,19.71,28.25,2.95,20.63,31.46,13.93
Gurugram,22-06-2022,5,881.2,0,19.54,105.86,9.78,107.64,125.24,6.33
Gurugram,23-06-2022,5,787.73,0,21.25,76.53,6.56,81.93,101.25,20.01
Gurugram,24-06-2022,5,754.36,0,21.08,84.4,8.7,64.22,101.96,22.29
Gurugram,25-06-2022,5,2323.15,1.66,84.31,2.95,20.27,117.92,203.72,26.6
Gurugram,26-06-2022,5,1134.87,0,26.05,107.29,23.6,124.28,166.79,21.03
Gurugram,27-06-2022,4,627.52,0,6.68,144.48,14.31,35.14,39.75,12.16
Gurugram,28-06-2022,2,754.36,0,12.51,59.37,10.97,13.48,21.05,17.23
Gurugram,29-06-2022,5,3791.81,19.45,98.71,0,39.1,156.68,210.32,36.48
Gurugram,30-06-2022,5,867.84,0,16.11,49.35,20.74,52.14,62.64,16.21
Gurugram,01-07-2022,4,1001.36,0,34.62,15.02,25.51,46.73,50.27,2.12
Gurugram,02-07-2022,5,1535.42,2.24,52.78,1.81,5.07,105.02,121.81,7.28
Gurugram,03-07-2022,2,403.88,0,8.14,75.82,1.45,18.39,21.26,7.03
Gurugram,04-07-2022,4,680.92,0.01,27.42,21.28,2.44,26.48,38.61,9.75
Gurugram,05-07-2022,5,1361.85,3.74,50.72,1.48,3.87,73.8,98.49,15.96
Gurugram,06-07-2022,4,881.2,0,16.11,94.41,16.45,44.64,51.45,10.26
Gurugram,07-07-2022,4,881.2,0,18.85,63.66,8.46,42.6,55.87,12.41
Gurugram,08-07-2022,4,841.14,0,25.36,47.92,15.26,43.95,56.52,19.51
Gurugram,09-07-2022,5,807.76,0,19.71,57.22,8.11,59.65,73.98,22.29
Gurugram,10-07-2022,4,694.27,0,9.85,55.79,10.73,45.86,49.58,7.16
Gurugram,11-07-2022,5,1214.98,0,46.61,30.4,46.73,109.02,122.88,6.27
Gurugram,12-07-2022,5,3524.78,0,57.58,100.14,55.79,454.94,494.53,11.53
Gurugram,13-07-2022,5,1241.68,0,31.53,43.63,9.3,99.93,121.59,14.95
Gurugram,14-07-2022,5,1789.09,0,58.95,40.41,56.74,141.43,160.99,4.37
Gurugram,15-07-2022,4,847.82,0,35.3,29.33,32.42,44.71,58.45,7.03
Gurugram,16-07-2022,4,574.11,0,12.85,82.97,10.37,41.28,47.86,9.37
Gurugram,17-07-2022,5,734.33,0,14.74,53.64,10.73,54.41,59.65,4.31
Gurugram,18-07-2022,5,1268.39,0,33.93,29.68,11.8,67.38,82.16,7.47
Gurugram,19-07-2022,5,2162.93,0,57.58,32.54,22.89,130.32,160.22,13.68
Gurugram,20-07-2022,5,1869.2,0,50.72,30.76,28.61,145.59,166.11,6.78
Gurugram,22-07-2022,4,894.55,5.2,26.73,0.22,18.6,39.58,45.73,4.02
Gurugram,23-07-2022,5,1388.55,1.08,63.06,2.62,27.66,79.96,87.88,4.18
Gurugram,24-07-2022,4,894.55,0,19.88,28.97,8.46,34.28,41.2,4.88
Gurugram,25-07-2022,4,500.68,0,9.42,68.66,12.16,29.63,31.31,3.07
Gurugram,26-07-2022,5,727.65,0,14.74,67.23,12.16,53.26,57.91,4.5
Gurugram,27-07-2022,5,680.92,0,10.71,80.11,7.99,61.81,68.16,6.78
Gurugram,28-07-2022,2,494,0.09,15.94,11.62,2.29,13.35,17.37,4.24
Gurugram,29-07-2022,3,754.36,1.72,30.5,1.79,2.47,20.33,28.61,6.4
Gurugram,30-07-2022,2,574.11,0.04,22.62,16.99,2.71,17.1,22.53,4.94
Gurugram,31-07-2022,2,660.9,0.64,25.36,4.92,3.7,14.7,22.59,6.9
Gurugram,01-08-2022,1,400.54,0,12,30.76,1.74,9.37,11.99,4.02
Gurugram,02-08-2022,3,627.52,0.02,24.33,20.03,2.41,23.24,34.09,6.52
Gurugram,03-08-2022,3,640.87,0.06,25.7,16.27,2.5,22.59,35.56,8.23
Gurugram,04-08-2022,4,607.49,0.01,16.45,22.53,2.44,25.31,33.3,5.95
Gurugram,05-08-2022,4,1068.12,0.18,30.85,7.24,13.23,46.75,54.78,5.26
Gurugram,06-08-2022,5,1588.82,0,35.3,28.61,5.36,119.82,143.34,7.79
Gurugram,07-08-2022,4,807.76,0.01,21.93,20.92,1.62,28.69,39.99,7.73
Gurugram,08-08-2022,5,1281.74,0,25.02,27.18,10.61,54.74,63.47,5.45
Gurugram,09-08-2022,5,2056.12,0.12,58.26,14.66,23.6,127.63,147.65,5.26
Gurugram,10-08-2022,5,1895.9,0.23,64.43,7.42,28.37,100.33,133.39,7.73
Gurugram,11-08-2022,4,500.68,0,12.17,83.68,12.16,43.68,51.6,12.41
Gurugram,12-08-2022,5,1255.04,0,50.72,28.25,41.48,83.04,106.78,8.23
Gurugram,13-08-2022,4,547.41,0,10.45,88.69,10.25,48.67,51.85,3.01
Gurugram,14-08-2022,4,680.92,0.05,26.05,17.52,1.71,33.25,43.85,8.36
Gurugram,15-08-2022,5,1415.25,0.99,48.67,2.32,17.4,113.64,128.46,6.46
Gurugram,16-08-2022,5,1335.14,0,55.52,19.13,48.64,85.81,117.01,8.61
Gurugram,17-08-2022,2,333.79,0,9.6,31.11,5.9,13.64,17.29,5.76
Gurugram,18-08-2022,3,367.16,0,11.65,51.5,3.4,22.37,28.53,5.45
Gurugram,19-08-2022,2,507.35,0,16.96,36.84,2.47,18.63,25.67,13.43
Gurugram,20-08-2022,1,353.81,0,8.83,50.78,1.62,5.8,9.68,10.39
Gurugram,21-08-2022,5,1682.28,1.16,77.46,0.98,27.89,117.2,142.67,6.9
Gurugram,22-08-2022,4,480.65,0,11.82,52.21,5.07,36.57,45.2,10.39
Gurugram,23-08-2022,2,494,0,14.74,50.07,16.45,11.1,15.87,7.16
Gurugram,24-08-2022,2,333.79,0,6.34,63.66,4.11,17.54,20.87,5.64
Gurugram,25-08-2022,5,714.3,0,22.28,35.41,7.09,52.55,69.39,9.75
Gurugram,26-08-2022,1,357.15,0,9.77,45.06,2.09,8.79,13.48,13.17
Gurugram,27-08-2022,2,367.16,0,11.14,55.07,4.11,13.66,21.09,12.03
Gurugram,28-08-2022,2,263.69,0,5.65,55.79,1.73,10.88,28.56,11.02
Gurugram,29-08-2022,3,280.38,0,6.17,60.8,1.79,12.63,35.91,10.89
Gurugram,30-08-2022,5,1735.69,8.05,80.2,0.03,22.41,76.6,125.11,23.56
Gurugram,31-08-2022,3,634.19,0.01,26.05,29.33,4.23,24.1,40.34,19.76
Gurugram,01-09-2022,3,540.73,0,22.28,26.46,3.58,20.47,38.3,20.01
Gurugram,02-09-2022,4,1014.71,7.93,36.67,0.11,6.26,35.05,66.82,26.6
Gurugram,03-09-2022,4,727.65,0,28.79,26.46,5.48,43.02,73.95,23.81
Gurugram,04-09-2022,2,290.39,0,6.17,66.52,1.68,12.68,26.86,12.29
Gurugram,05-09-2022,1,300.41,0,6.68,52.93,1.7,7.52,15.9,12.41
Gurugram,06-09-2022,2,447.27,0,14.74,43.27,3.34,17.45,33.53,16.97
Gurugram,07-09-2022,5,1415.25,5.53,58.26,0.41,12.76,68.48,129.1,26.85
Gurugram,08-09-2022,5,2563.48,33.53,68.55,0,23.6,118.39,202.45,33.94
Gurugram,09-09-2022,5,1401.9,0,29.13,90.12,32.42,209.08,247.03,24.83
Gurugram,10-09-2022,5,1041.41,0,13.19,80.82,6.44,85.36,98.83,20.52
Gurugram,11-09-2022,5,881.2,0,17.82,58.65,5.72,66.86,80.89,18.49
Gurugram,12-09-2022,4,687.6,0,19.36,50.78,13.23,30.49,39.13,17.99
Gurugram,13-09-2022,4,580.79,0,17.14,42.2,8.34,28.25,38.98,17.48
Gurugram,14-09-2022,1,387.19,0,10.88,50.07,9.54,9.28,12.52,7.66
Gurugram,15-09-2022,3,580.79,0.02,33.24,15.2,34.33,21.92,25.78,2.88
Gurugram,16-09-2022,5,1041.41,6.65,61.69,0,68.66,66.46,78.84,3.55
Gurugram,17-09-2022,5,1495.36,7.6,57.58,0.25,10.49,96.1,127.36,7.28
Gurugram,18-09-2022,5,761.03,0,22.62,37.55,7.75,62.18,112.53,10.51
Gurugram,19-09-2022,5,1535.42,0,33.59,37.19,18.6,207.21,266.95,8.99
Gurugram,20-09-2022,5,1148.22,0,17.82,77.25,8.7,190.68,216.27,10.39
Gurugram,21-09-2022,5,1789.09,0.18,45.24,10.01,11.09,102.83,121.03,6.08
Gurugram,22-09-2022,5,3337.86,78.68,45.93,0,7.03,173.8,221,10.51
Gurugram,23-09-2022,4,794.41,0.01,21.93,21.46,13.59,30.28,32.91,2.37
Gurugram,24-09-2022,4,1041.41,0,25.02,31.11,17.4,46.9,49.34,2.91
Gurugram,25-09-2022,4,894.55,1.24,21.76,1.32,3.04,28.14,34.07,5.83
Gurugram,26-09-2022,5,2964.02,55.88,40.44,0,5.72,165.44,226.24,13.05
Gurugram,27-09-2022,4,827.79,0.52,33.24,6.97,2.8,49.47,99.23,7.47
Gurugram,28-09-2022,5,1949.31,37.1,39.41,0,5.54,106.4,176.88,14.69
Gurugram,29-09-2022,5,2696.99,46.49,50.04,0,7.87,157.29,247.64,11.27
Gurugram,30-09-2022,5,2136.23,38,47.3,0,6.08,130.12,184.25,24.32
Gurugram,01-10-2022,5,3952.03,63.48,68.55,0,12.99,257.08,334.32,11.02
Gurugram,02-10-2022,5,4272.46,67.06,62.38,0,6.56,245.27,323.86,13.68
Gurugram,03-10-2022,5,774.38,0,26.39,33.62,4.53,61.4,107.09,19.25
Gurugram,04-10-2022,4,720.98,0.01,28.1,27.18,4.89,39.06,69.06,22.29
Gurugram,05-10-2022,5,2830.51,4.3,77.46,1.14,10.61,246.4,299,9.37
Gurugram,06-10-2022,4,667.57,0,18.34,47.21,9.78,43.33,53.18,5.83
Gurugram,07-10-2022,3,614.17,0,17.48,41.48,10.85,24.08,32.75,11.4
Gurugram,08-10-2022,4,821.11,0.27,25.7,5.1,13.47,30.42,33.48,3.07
Gurugram,09-10-2022,4,727.65,0.06,25.7,11.8,15.5,27.95,30.58,2.63
Gurugram,10-10-2022,2,627.52,0.01,12.34,20.38,1.97,18.18,23,5.07
Gurugram,11-10-2022,5,1081.47,0.04,26.73,16.09,5.19,71.62,85.07,5.76
Gurugram,12-10-2022,5,5500.79,106.39,70.6,0,14.78,347.52,429.33,35.46
Gurugram,13-10-2022,5,1348.5,0.29,42.5,11.27,3.58,112.66,137,7.03
Gurugram,14-10-2022,5,1161.58,0.01,33.24,29.33,4.29,104.85,132.06,16.47
Gurugram,15-10-2022,5,1388.55,0.13,43.53,18.24,5.01,137.52,176.02,16.97
Gurugram,16-10-2022,5,1735.69,0.88,61.69,8.49,10.01,150.95,192.95,35.46
Gurugram,17-10-2022,5,1268.39,0.1,47.98,20.03,3.22,105.33,130.06,22.55
Gurugram,18-10-2022,5,1628.88,5.53,70.6,1.03,7.15,104.39,134.69,43.57
Gurugram,19-10-2022,5,1308.44,2.04,78.14,10.46,4.71,67.51,96.41,28.37
Gurugram,20-10-2022,5,1895.9,4.97,59.63,0.67,4.35,155.34,201.82,27.87
Gurugram,21-10-2022,5,1976.01,0,50.72,67.23,79.15,339.41,379.85,7.54
Gurugram,22-10-2022,5,1308.44,4.69,54.15,1.83,4.77,66.12,93.25,26.09
Gurugram,23-10-2022,5,1522.06,6.03,50.04,1.41,4.05,122.87,160.84,23.31
Gurugram,24-10-2022,5,1708.98,18.33,50.72,0.02,3.73,130.66,170.94,23.05
Gurugram,25-10-2022,5,1321.79,0.02,43.87,25.39,5.01,79.02,102.02,25.33
Gurugram,26-10-2022,5,1869.2,14.75,55.52,0.05,7.27,139.14,199.69,31.66
Gurugram,27-10-2022,5,1815.8,0.85,104.19,8.31,10.37,139.22,196.56,33.94
Gurugram,28-10-2022,5,1869.2,12.29,97.33,0.38,8.11,132.41,202.77,44.08
Gurugram,29-10-2022,5,3685,0,104.19,43.27,50.07,572.81,680.03,32.93
Gurugram,30-10-2022,5,2964.02,2.68,159.03,1.63,27.18,206.52,275.06,93.22
Gurugram,31-10-2022,5,2216.34,27.94,76.77,0,9.66,134.81,183.23,48.64
Gurugram,01-11-2022,5,2136.23,25.03,117.9,0.01,12.04,147.95,214.99,72.96
Gurugram,02-11-2022,5,881.2,0,26.73,69.38,4.71,105.81,150.31,13.81
Gurugram,03-11-2022,5,2002.72,14.53,63.75,0.08,3.99,170.32,249.41,18.49
Gurugram,04-11-2022,5,3144,48.63,67.75,0,9.16,208,273,18.49
Gurugram,05-11-2022,5,2696,0,36.25,98.5,14.28,343,392,6.02
Gurugram,06-11-2022,5,1348.5,0,22.62,77.96,7.99,253.95,301.15,6.02
Gurugram,07-11-2022,5,961.3,0,19.02,77.96,1.77,170.79,207.84,8.11
Gurugram,08-11-2022,5,2429.96,0,105.56,45.78,44.82,361.78,415.9,76
Gurugram,09-11-2022,5,4859.92,91.2,106.93,0,20.03,416.63,484.32,33.44
Gurugram,10-11-2022,5,2429.96,0,84.31,32.9,25.27,348.34,387.96,13.17
Gurugram,11-11-2022,5,1228.33,0,37.01,39.7,3.43,130.36,151.85,6.52
Gurugram,12-11-2022,5,1108.17,0,26.05,82.25,8.46,98.05,116.52,20.77
Gurugram,13-11-2022,5,1228.33,0,25.02,63.66,4.65,95.82,116.79,22.04
Gurugram,14-11-2022,5,1789.09,4.08,85,2.15,13.83,129.73,188.92,82.08
Gurugram,15-11-2022,5,5180.36,16.09,157.65,0.08,34.33,421.6,515.47,19.51
Gurugram,16-11-2022,5,4486.08,95.67,174.11,0,43.87,259.27,327.75,125.65
Gurugram,17-11-2022,5,988.01,0,31.53,50.07,6.26,67.87,86.26,23.56
Gurugram,18-11-2022,5,894.55,0,29.47,55.79,6.56,54.23,69.28,22.55
Gurugram,19-11-2022,5,2269.74,42.02,68.55,0,7.33,107.31,137.85,31.41
Gurugram,20-11-2022,5,2349.85,19,61.69,0.04,5.07,161.39,195.65,27.87
Gurugram,21-11-2022,5,1001.36,0.01,32.56,32.54,4.29,82.41,99.54,26.6
Gurugram,22-11-2022,5,921.25,0,33.24,45.42,4.47,63.04,81.79,23.05
Gurugram,23-11-2022,5,921.25,0,37.01,36.12,4.89,50.15,65.93,23.31
Gurugram,24-11-2022,4,667.57,0,24.33,60.08,3.99,41.32,55.01,20.52
Gurugram,25-11-2022,5,1949.31,27.05,62.38,0.01,5.96,131.06,174.02,42.05
Gurugram,26-11-2022,5,1548.77,0.29,60.32,13.95,5.72,129.96,164.3,27.61
Gurugram,27-11-2022,5,1201.63,0,39.07,35.05,3.07,143.58,180.37,24.07
Gurugram,28-11-2022,5,1842.5,8.83,63.06,0.38,4.05,175.8,226.56,22.8
Gurugram,29-11-2022,5,2857.21,19,85,0.07,9.18,257.04,307.8,30.4
Gurugram,30-11-2022,5,1869.2,4.02,73.34,1.99,3.28,210.92,240.23,11.78
Gurugram,01-12-2022,5,1949.31,0.21,60.32,17.34,4.35,240.57,269.88,8.23
Gurugram,02-12-2022,5,2189.64,19.67,58.26,0.04,6.2,251.62,294.23,26.35
Gurugram,03-12-2022,5,2536.77,32.19,120.64,0.01,13.83,223.21,270.71,71.94
Gurugram,04-12-2022,5,1695.63,8.38,73.34,0.43,5.9,155.19,182.07,40.02
Gurugram,05-12-2022,5,1708.98,4.47,51.41,1.05,2.29,258.65,286.78,11.15
Gurugram,06-12-2022,5,1815.8,5.36,63.75,1.9,3.22,229.66,268.45,7.98
Gurugram,07-12-2022,5,974.66,0,16.45,87.26,4.59,174.03,196.87,13.3
Gurugram,08-12-2022,5,921.25,0,20.05,74.39,4.59,166.58,206.19,10.77
Gurugram,09-12-2022,5,2777.1,46.49,56.89,0,4.41,252.91,328.86,16.72
Gurugram,11-12-2022,5,974.66,0.15,22.62,18.6,3.04,100.09,116.32,6.52
Gurugram,12-12-2022,5,1041.41,0.04,34.27,22.35,3.67,88.56,110.92,16.72
Gurugram,13-12-2022,5,1094.82,0.01,35.99,31.83,4.59,94.53,113.65,25.59
Gurugram,14-12-2022,5,794.41,0,16.62,75.82,5.01,74.32,87.08,19.25
Gurugram,15-12-2022,5,961.3,0,34.62,38.98,4.17,70.78,89.65,23.31
Gurugram,16-12-2022,4,700.95,0,29.47,45.78,6.79,45.37,60.28,19.25
Gurugram,17-12-2022,5,1895.9,48.73,45.24,0,8.11,142.86,192,28.37
Gurugram,18-12-2022,5,1482.01,8.83,56.21,0.4,6.85,122.79,157.49,40.02
Gurugram,19-12-2022,5,2269.74,19.22,61.69,0.08,4.89,229.77,267.35,10.77
Gurugram,20-12-2022,5,2269.74,21.46,70.6,0.06,4.17,270.35,316.87,11.53
Gurugram,21-12-2022,5,2296.45,36.66,52.09,0,3.58,260.67,308.53,10.26
Gurugram,22-12-2022,5,2616.88,0.47,73.34,17.7,6.68,368.07,406.67,7.16
Gurugram,23-12-2022,5,2990.72,2.37,67.86,4.65,7.75,400.39,439.54,6.08
Gurugram,24-12-2022,5,2429.96,0,56.89,47.92,25.99,365.37,398.21,6.27
Gurugram,25-12-2022,5,1014.71,0,19.88,52.93,2.56,138.21,151.45,4.81
Gurugram,26-12-2022,5,1495.36,0.11,27.42,28.97,2.5,229.67,247.31,6.21
Gurugram,27-12-2022,5,1695.63,0,41.13,40.05,3.73,266.9,290.92,5.07
Gurugram,28-12-2022,5,934.6,0,15.94,91.55,3.99,160.13,173.82,11.27
Gurugram,29-12-2022,5,1281.74,0,27.76,66.52,5.66,278.53,307.17,8.61
Gurugram,30-12-2022,5,1762.39,0,49.35,40.77,17.17,247.74,276.91,6.46
Gurugram,31-12-2022,5,4913.33,69.74,113.79,0,23.13,501.8,579.34,24.07
Gurugram,01-01-2023,5,1001.36,0.01,29.82,32.54,2.29,104.57,121.05,5.76
Gurugram,02-01-2023,5,2269.74,21.9,80.88,0.03,6.74,141.72,166.91,22.29
Gurugram,03-01-2023,5,10681.15,218.15,122.01,0,37.19,1038.76,1181.37,21.03
Gurugram,04-01-2023,5,1441.96,0,24.68,61.51,3.87,200.15,215.58,4.5
Gurugram,05-01-2023,5,2216.34,1.4,59.63,6.08,4.23,283.42,318.9,7.79
Gurugram,06-01-2023,5,3204.35,36.66,61.69,0.01,4.11,362.63,407.99,10.77
Gurugram,07-01-2023,5,3791.81,59.01,54.84,0,4.89,361.63,412.14,10.51
Gurugram,08-01-2023,5,1255.04,0,18.51,64.37,2.56,215.94,227.74,3.7
Gurugram,09-01-2023,5,1976.01,0.24,47.98,16.27,3.25,241.25,267.77,7.22
Gurugram,10-01-2023,5,2349.85,20.56,48.67,0.13,3.1,300.16,327.61,5.89
Gurugram,11-01-2023,5,1455.31,0,24.33,67.95,5.3,290.46,308.11,3.36
Gurugram,12-01-2023,5,2002.72,0,44.55,59.37,11.8,321.82,346.11,3.58
Gurugram,13-01-2023,5,1335.14,0,29.82,42.2,12.64,266.76,285.19,3.39
Gurugram,14-01-2023,5,7263.18,261.07,68.55,0,23.84,529.8,563.91,34.45
Gurugram,15-01-2023,5,841.14,0,14.39,91.55,6.38,101.81,114.73,9.75
Gurugram,16-01-2023,4,787.73,0,26.39,56.51,2.62,59.46,72.53,17.23
Gurugram,17-01-2023,5,1255.04,0.35,51.41,13.77,3.7,90.58,115.64,8.36
Gurugram,18-01-2023,5,1842.5,9.61,67.86,0.58,4.53,148.51,182.23,16.21
Gurugram,19-01-2023,5,2403.26,35.32,64.43,0,4.53,205.38,251.07,23.81
Gurugram,20-01-2023,5,5180.36,69.74,165.88,0,100.14,539.84,589.67,6.65
Gurugram,21-01-2023,5,1949.31,21.01,52.78,0.01,10.85,159.44,193.14,7.22
Gurugram,22-01-2023,5,2269.74,16.32,66.49,0.17,7.57,218.81,253.59,6.9
Gurugram,23-01-2023,5,3845.21,39.34,80.2,0,22.65,329.74,395.68,20.01
Gurugram,24-01-2023,5,1255.04,0.38,54.15,22.71,5.3,123.75,142.48,7.66
Gurugram,25-01-2023,5,3898.62,59.9,63.06,0,14.54,257.24,293.77,9.12
Gurugram,26-01-2023,5,1308.44,0,26.39,39.34,7.87,212.84,235.36,6.65
Gurugram,27-01-2023,5,707.63,0,19.02,67.95,7.87,75.79,85.32,17.73
Gurugram,28-01-2023,5,814.44,0,20.91,82.25,9.3,94.4,106.09,16.97
Gurugram,29-01-2023,5,1548.77,0.31,71.29,15.2,7.39,116.99,136.44,27.87
Gurugram,30-01-2023,5,947.95,0,43.87,75.1,50.07,131.81,134.51,0.4
Gurugram,31-01-2023,5,1708.98,32.19,47.3,0.01,10.01,112.37,137.37,33.94
Gurugram,01-02-2023,4,627.52,0,12.68,77.25,5.66,73.65,81.52,5.32
Gurugram,02-02-2023,5,854.49,0,16.62,88.69,10.61,103.87,116.3,16.21
Gurugram,03-02-2023,5,881.2,0,20.91,68.66,4.05,90.94,114.82,17.48
Gurugram,04-02-2023,5,1348.5,1.33,47.98,6.79,3.7,125.71,165.19,11.78
Gurugram,05-02-2023,5,841.14,0,18.85,62.23,2.71,114.86,137.22,15.96
Gurugram,06-02-2023,5,1735.69,0.05,71.97,21.64,10.85,186.41,223.45,38
Gurugram,07-02-2023,5,3097.53,13.08,69.92,0.07,10.73,277.15,339.16,16.09
Gurugram,08-02-2023,4,741,0,20.73,76.53,9.18,67.16,83.6,19.25
Gurugram,09-02-2023,5,1708.98,2.15,63.75,4.69,4.95,141.1,174.24,27.61
Gurugram,10-02-2023,5,734.33,0,19.88,51.5,2.74,77.94,98.28,11.65
Gurugram,11-02-2023,5,2269.74,0.35,66.49,13.95,6.02,236.6,284.46,8.36
Gurugram,12-02-2023,5,1308.44,0.01,32.9,31.83,9.42,248.68,292.31,26.6
Gurugram,13-02-2023,3,540.73,0,11.48,88.69,7.39,40.62,49.07,19.51
Gurugram,14-02-2023,3,527.38,0,9.08,115.87,5.78,34.9,43.06,14.44
Gurugram,15-02-2023,5,801.09,0,22.62,61.51,5.3,76.75,105.75,22.8
Gurugram,16-02-2023,5,1068.12,0,25.7,72.96,7.63,155.83,195.45,19.76
Gurugram,17-02-2023,5,3898.62,51.86,65.12,0,13.11,397.13,466.89,16.72
Gurugram,18-02-2023,5,2750.4,3.69,69.92,2.39,6.44,494.16,550.77,14.44
Gurugram,19-02-2023,5,1375.2,0,41.81,87.26,5.54,228.35,258.77,22.8
Gurugram,20-02-2023,5,1348.5,0.13,46.61,21.1,2.56,195.9,235.2,13.05
Gurugram,21-02-2023,5,741,0,20.91,55.79,3.81,113.76,131.24,22.04
Gurugram,22-02-2023,5,2269.74,0,50.72,61.51,17.4,316.3,365.16,13.55
Gurugram,23-02-2023,5,1815.8,0,49.35,40.77,14.78,182.76,216.85,21.53
Gurugram,25-02-2023,5,1508.71,7.38,32.56,0.55,2.26,146.77,174.62,21.53
Gurugram,26-02-2023,5,5126.95,16.54,142.57,0.03,48.16,420.54,509.78,44.58
Gurugram,27-02-2023,5,5073.55,24.36,117.9,0.04,35.29,442.94,536.67,28.12
Gurugram,28-02-2023,5,3177.64,49.17,54.15,0,16.21,204.33,279.9,30.15
Gurugram,01-03-2023,5,2162.93,0.11,87.05,11.27,53.41,132.11,178.25,28.88
Gurugram,02-03-2023,5,1428.6,0.02,45.24,23.6,7.09,109.11,139.66,18.75
Gurugram,03-03-2023,5,1949.31,6.37,61.69,0.78,8.94,125.63,165.03,22.55
Gurugram,04-03-2023,3,767.71,0,25.02,42.2,5.6,36.68,52.43,18.49
Gurugram,05-03-2023,4,781.06,0.48,19.19,12.52,2.56,52.24,63.51,9.75
Gurugram,06-03-2023,3,827.79,0,24.33,42.92,10.13,49.16,62.4,20.27
Gurugram,07-03-2023,5,1482.01,5.2,52.09,0.8,5.78,77.76,104.84,29.64
Gurugram,08-03-2023,5,1682.28,0.06,70.6,20.56,15.26,87.69,111.68,32.17
Gurugram,09-03-2023,4,1014.71,0.03,31.53,25.03,2.71,62.37,77.19,18.24
Gurugram,10-03-2023,4,754.36,0,22.28,47.21,3.55,52.67,64.85,16.72
Gurugram,11-03-2023,5,1588.82,11.4,50.72,0.16,3.93,103.9,133.08,30.4
Gurugram,12-03-2023,5,1121.52,0,43.18,68.66,11.09,98.76,118.98,40.53
Gurugram,13-03-2023,5,3685,6.09,106.93,0.56,27.18,258.88,333.41,26.35
Gurugram,14-03-2023,5,1842.5,29.06,45.24,0,6.62,147.8,196.6,35.97
Gurugram,15-03-2023,5,1976.01,15.2,60.32,0.02,9.78,128.86,170.32,35.97
Gurugram,16-03-2023,4,1268.39,6.54,54.15,0.69,4.47,58.26,87.33,34.45
Gurugram,17-03-2023,4,1161.58,0.01,38.04,23.96,12.04,66.26,92.3,24.83
Gurugram,18-03-2023,5,1468.66,2.85,65.8,3.35,3.43,93.25,117.2,16.47
Gurugram,19-03-2023,4,1108.17,0.14,31.53,13.05,3.49,74.16,96.36,8.74
Gurugram,20-03-2023,5,2456.67,50.07,58.95,0,12.99,124.36,169.59,61.81
Gurugram,21-03-2023,5,1976.01,18.78,72.66,0,29.56,138.99,153.84,11.78
Gurugram,22-03-2023,5,6675.72,91.2,89.11,0,15.97,469.38,587.07,11.15
Gurugram,23-03-2023,5,2056.12,16.54,50.72,0.03,4.05,145.51,177.1,18.75
Gurugram,24-03-2023,5,3337.86,60.8,62.38,0,11.92,170.04,230.02,31.41
Gurugram,25-03-2023,5,1241.68,0,40.44,75.82,35.76,108.18,117.42,2.56
Gurugram,26-03-2023,5,3097.53,0.03,135.72,16.81,123.98,343.19,379.06,3.01
Gurugram,27-03-2023,5,2056.12,0.34,58.95,9.75,12.76,127.88,175.69,22.55
Gurugram,28-03-2023,5,1789.09,0,53.47,32.19,14.66,129.85,160.91,20.01
Gurugram,29-03-2023,5,2964.02,3.52,97.33,1.5,24.56,177.67,240.24,26.85
Gurugram,30-03-2023,5,5661.01,54.99,171.36,0,100.14,506.61,577.05,27.11
Gurugram,31-03-2023,5,1949.31,5.53,71.29,0.86,9.18,128.82,159.59,16.21
Gurugram,01-04-2023,5,3738.4,51.41,100.08,0,31.95,279.68,314.94,17.48
Gurugram,02-04-2023,5,4753.11,30.85,116.53,0,19.31,359.33,442.24,21.79
Gurugram,03-04-2023,5,2349.85,7.15,63.06,0.61,9.54,129.15,167.71,17.99
Gurugram,04-04-2023,5,1735.69,0,51.41,57.22,45.78,141.28,186.22,24.83
Gurugram,05-04-2023,3,700.95,0,19.54,65.09,7.87,42.92,61.67,20.27
Gurugram,06-04-2023,4,1028.06,0,35.64,66.52,30.52,50.23,70.19,21.03
Gurugram,07-04-2023,4,947.95,0,28.1,65.09,16.45,51.98,72.32,22.29
Gurugram,08-04-2023,3,801.09,0,22.96,72.96,9.3,39.79,55.87,21.28
Gurugram,09-04-2023,4,1081.47,0.01,38.04,25.39,9.89,50.17,71.38,23.81
Gurugram,10-04-2023,4,1068.12,0,34.62,38.98,13.23,54.92,74.97,22.8
Gurugram,11-04-2023,3,620.84,0,17.99,85.12,10.61,39.66,51.24,18.75
Gurugram,12-04-2023,3,473.98,0,8.57,110.15,8.94,39.16,59.01,16.09
Gurugram,13-04-2023,2,453.95,0,16.28,38.62,3.4,12.39,24.04,18.24
Gurugram,14-04-2023,5,1081.47,0,37.7,60.08,15.5,75.1,111.82,24.07
Gurugram,15-04-2023,5,2029.42,8.16,80.88,0.09,19.79,96.04,147.64,29.64
Gurugram,16-04-2023,5,1762.39,0,87.74,24.32,23.6,88.96,147.15,52.18
Gurugram,17-04-2023,4,1174.93,0.05,56.89,16.45,12.64,57.82,97.92,78.02
Gurugram,18-04-2023,5,2269.74,11.96,100.08,0.05,21.7,82.91,135.94,52.18
Gurugram,19-04-2023,5,2670.29,22.13,111.04,0,31.47,99.33,178.21,64.34
Gurugram,20-04-2023,4,1308.44,0.01,67.17,21.46,56.27,65.51,100.86,20.27
Gurugram,21-04-2023,3,1041.41,0,48.67,33.62,60.56,43.66,67.81,21.28
Gurugram,22-04-2023,4,1081.47,0,39.41,75.82,47.21,61.67,96.5,21.28
Gurugram,23-04-2023,4,1028.06,0,44.55,61.51,43.87,51.07,76.22,20.52
Gurugram,24-04-2023,5,2056.12,2.71,83.63,3.35,24.8,117.09,156.91,48.64
Gurugram,25-04-2023,3,567.44,0,13.71,98.71,11.09,30.49,39.89,16.72
Gurugram,26-04-2023,5,3524.78,6.65,141.2,1.08,51.5,202.57,257.48,46.61
Gurugram,27-04-2023,5,5767.82,69.74,143.95,0,74.39,303.66,403.56,40.53
Gurugram,28-04-2023,5,3845.21,19.89,101.45,0.01,27.42,237.53,287.45,39.01
Gurugram,29-04-2023,4,1054.76,0,33.24,50.78,6.44,67.37,80.94,22.29
Gurugram,30-04-2023,3,974.66,0,37.36,50.78,7.33,36.21,53.98,42.05
Gurugram,01-05-2023,5,881.2,0,16.62,72.24,16.45,77.52,84.78,8.74
Gurugram,02-05-2023,3,894.55,0,21.93,55.79,5.13,48.05,61.77,7.03
Gurugram,03-05-2023,3,1001.36,0,26.73,27.18,6.26,35.7,50.87,6.78
Gurugram,04-05-2023,5,3898.62,39.79,113.79,0,36.72,225.11,278.65,69.92
Gurugram,05-05-2023,5,8117.68,29.5,235.8,0,47.21,688.79,806.94,45.6
Gurugram,06-05-2023,5,1655.58,0,54.84,32.9,6.02,106.93,125.94,25.33
Gurugram,07-05-2023,5,1495.36,0.15,47.3,13.59,6.85,79.71,104.23,30.15
Gurugram,08-05-2023,5,1068.12,0,14.39,164.51,28.85,132.61,156.81,20.27
Gurugram,09-05-2023,4,881.2,0,28.1,65.8,16.69,54.85,87.62,20.01
Gurugram,10-05-2023,4,988.01,0,31.87,87.98,29.56,55.17,76.83,22.55
Gurugram,11-05-2023,4,1482.01,0,54.15,49.35,22.89,63.57,90.13,24.32
Gurugram,12-05-2023,5,4112.24,29.5,119.27,0,50.54,183.05,257.39,35.46
Gurugram,13-05-2023,5,2883.91,0,69.92,84.4,82.97,249.01,306.01,31.41
Gurugram,14-05-2023,5,1241.68,0,41.47,53.64,22.17,75.69,118.63,22.29
Gurugram,15-05-2023,5,2750.4,0.27,93.22,7.69,42.44,149.66,203.45,29.64
Gurugram,16-05-2023,5,2964.02,7.49,109.67,0.17,59.13,140.52,211.9,28.12
Gurugram,17-05-2023,3,380.52,0,9.6,76.53,4.35,28.12,71.23,15.58
Gurugram,18-05-2023,2,367.16,0,8.74,94.41,4.11,23.02,47.46,11.15
Gurugram,19-05-2023,4,687.6,0,16.79,117.3,11.44,55.18,91.3,17.48
Gurugram,20-05-2023,5,1361.85,0,47.98,47.21,16.45,85.68,131.58,25.84
Gurugram,21-05-2023,4,1375.2,0,52.09,31.83,20.27,65.64,103.91,25.08
Gurugram,22-05-2023,4,714.3,0,30.5,26.82,7.45,44.05,117.61,23.56
Gurugram,23-05-2023,4,787.73,0.72,35.64,8.94,6.38,41.22,111.52,20.77
Gurugram,24-05-2023,5,2029.42,15.42,77.46,0.02,28.85,81.64,164.66,33.94
Gurugram,25-05-2023,5,1976.01,0,80.2,27.18,61.99,172.4,209.08,20.52
Guwahati,30-11-2020,4,390.53,0.18,1.65,110.15,2.5,31.88,35.6,4.94
Guwahati,01-12-2020,5,747.68,0.6,16.11,5.36,2.71,52.15,72.62,6.27
Guwahati,02-12-2020,5,907.9,7.94,14.74,0.09,3.7,63.91,94.99,10.13
Guwahati,03-12-2020,5,947.95,8.72,15.94,0.1,3.55,71.61,102.58,7.85
Guwahati,04-12-2020,5,707.63,0.91,16.97,3.09,3.52,54.41,73.82,5.57
Guwahati,05-12-2020,5,847.82,10.17,13.71,0.15,4.35,56.79,77.58,9.75
Guwahati,06-12-2020,5,694.28,0.1,13.71,13.59,2.59,50.24,60.63,7.79
Guwahati,07-12-2020,5,714.3,0.81,13.02,3,2.89,57.16,71.85,6.59
Guwahati,08-12-2020,5,794.41,1.84,12.85,1.63,2.38,75.78,94.89,5.57
Guwahati,09-12-2020,5,1001.36,14.75,9.08,0.02,2.77,79.13,111.73,5.38
Guwahati,10-12-2020,5,1735.69,24.36,24.68,0.01,7.27,138.14,168.92,7.54
Guwahati,11-12-2020,5,1575.47,6.87,33.24,0.14,5.6,137,165.02,6.08
Guwahati,12-12-2020,5,1068.12,11.18,19.71,0.09,3.58,77.44,104.62,6.4
Guwahati,13-12-2020,5,974.66,0.01,15.25,19.13,4.65,75.13,88.05,5.13
Guwahati,14-12-2020,5,1255.04,8.05,22.96,0.17,4.77,104.17,109.68,8.23
Guwahati,15-12-2020,5,961.3,1.93,13.71,1.74,2.77,91.66,114.52,7.6
Guwahati,16-12-2020,5,1228.33,22.58,9.85,0,9.89,106.71,140.28,27.87
Guwahati,17-12-2020,5,1428.6,7.94,20.56,0.31,5.13,118.6,138.17,7.22
Guwahati,18-12-2020,5,1815.8,30.4,15.25,0.01,4.77,158.04,186.94,7.22
Guwahati,19-12-2020,5,988.01,0,15.59,28.61,6.08,135.09,154.07,8.23
Guwahati,20-12-2020,5,714.3,0.24,14.74,9.3,2.09,76.03,90.46,6.52
Guwahati,21-12-2020,5,707.63,0.76,16.11,5.19,1.85,51.1,64.51,5.13
Guwahati,22-12-2020,5,814.44,5.7,13.02,0.09,2.27,59.84,83.22,4.81
Guwahati,23-12-2020,5,1495.36,24.14,24.33,0.01,22.89,111.47,142.03,54.21
Guwahati,24-12-2020,5,974.66,15.87,14.4,0.03,9.66,83.81,119.06,28.37
Guwahati,25-12-2020,5,1108.17,19,16.62,0.02,16.45,84.88,115.37,46.61
Guwahati,26-12-2020,5,1041.41,5.09,17.82,0.52,6.2,89.7,109.64,12.67
Guwahati,27-12-2020,5,1068.12,15.65,16.11,0.02,12.04,90.37,117.94,34.45
Guwahati,28-12-2020,5,934.6,12.18,11.48,0.05,3.1,88.54,117.25,9.88
Guwahati,29-12-2020,5,1695.63,27.27,31.87,0,28.85,131.96,167.93,69.92
Guwahati,30-12-2020,5,1028.06,17.66,12.51,0.01,10.13,86.84,120.08,31.16
Guwahati,31-12-2020,5,1054.76,17.43,15.08,0.01,15.26,82.64,114.02,46.61
Guwahati,01-01-2021,5,974.66,14.98,9.85,0.01,2.83,85.56,115.96,6.08
Guwahati,02-01-2021,5,947.95,13.41,11.48,0.03,2.65,88.94,124.9,6.9
Guwahati,03-01-2021,5,834.47,9.16,10.97,0.11,2.21,80.62,106.32,6.59
Guwahati,04-01-2021,5,674.25,0.57,15.94,5.81,1.97,56.4,71.42,5.95
Guwahati,05-01-2021,5,907.9,13.08,10.28,0.01,3.04,71.27,103.53,7.22
Guwahati,06-01-2021,5,1295.09,18.11,25.36,0.02,21.94,103.98,144.61,64.34
Guwahati,07-01-2021,5,1842.5,18.33,21.94,0.02,5.42,172.15,206.7,9.25
Guwahati,08-01-2021,5,907.9,1.16,21.25,3.76,2.74,81.12,104.69,6.59
Guwahati,09-01-2021,5,1415.25,23.25,22.96,0,20.27,135.02,176.04,59.28
Guwahati,10-01-2021,5,1602.17,13.3,26.39,0.06,5.36,141.89,165.66,8.61
Guwahati,11-01-2021,4,647.54,0.01,12.17,26.46,2.38,44.95,52,5.07
Guwahati,12-01-2021,5,714.3,0.05,13.71,14.84,2.68,55.25,62.7,4.24
Guwahati,13-01-2021,5,761.03,0.08,14.4,13.77,2.77,64.12,72.97,4.94
Guwahati,14-01-2021,5,1361.85,21.91,13.37,0.01,9.78,124.6,146.96,28.37
Guwahati,15-01-2021,5,1361.85,21.46,18.34,0.01,11.33,125.78,159.32,32.42
Guwahati,16-01-2021,5,1268.39,2.77,22.62,1.54,4.77,127.68,148.93,7.16
Guwahati,17-01-2021,5,1335.14,18.33,17.31,0.01,4.71,141.59,169.58,13.43
Guwahati,18-01-2021,5,827.79,4.25,13.88,0.53,2.68,76.33,96.83,9.88
Guwahati,19-01-2021,5,1134.87,1.27,19.71,2.28,5.31,89.09,100.86,6.02
Guwahati,20-01-2021,5,1068.12,1.15,20.05,3.35,3.52,94.09,103.17,7.98
Guwahati,21-01-2021,4,554.09,0,7.45,33.26,2.83,38.64,40.48,2.57
Guwahati,22-01-2021,5,947.95,0.49,16.62,5.72,2.65,72.83,85.29,6.02
Guwahati,23-01-2021,5,894.55,0.2,16.62,10.73,2.47,66.08,83.78,4.5
Guwahati,24-01-2021,5,1308.44,9.39,12.34,0.13,2.59,116.25,133.51,3.86
Guwahati,25-01-2021,5,947.95,6.99,12.17,0.27,2.21,92.26,118.28,6.21
Guwahati,26-01-2021,5,1054.76,15.2,8.82,0.01,5.48,87.88,112.24,15.96
Guwahati,27-01-2021,5,1228.33,5.92,21.08,1.59,4.47,102.77,123.39,6.08
Guwahati,28-01-2021,5,781.06,6.48,9.25,0.39,6.32,67.28,83.57,17.48
Guwahati,29-01-2021,5,1148.22,15.2,18.85,0.04,12.16,102.42,139.61,35.97
Guwahati,30-01-2021,5,734.33,0,10.28,30.76,3.79,70.97,81.54,3.96
Guwahati,31-01-2021,5,947.95,0,9.08,52.21,3.87,178.16,190.3,4.31
Guwahati,01-02-2021,5,1468.66,4.08,18.68,0.82,5.72,226.97,245.39,15.07
Guwahati,02-02-2021,5,1668.93,7.6,19.02,0.32,6.08,223.12,254.49,11.15
Guwahati,03-02-2021,5,1789.09,20.12,30.5,0.02,23.6,201.96,238.13,54.72
Guwahati,04-02-2021,5,1735.69,17.66,46.61,0.03,26.7,138.01,178.21,69.92
Guwahati,05-02-2021,5,1214.98,9.84,29.13,0.16,16.21,96.04,137.78,52.69
Guwahati,06-02-2021,5,1321.79,13.64,24.33,0.05,4.83,98.33,131.74,14.69
Guwahati,07-02-2021,5,620.84,0,7.28,52.21,3.64,57.19,64.14,5.38
Guwahati,08-02-2021,5,741.01,0,12.17,38.27,4.47,54.13,63.5,4.37
Guwahati,09-02-2021,5,1041.41,0.41,23.31,9.21,5.54,83.77,103.71,11.65
Guwahati,10-02-2021,5,1642.23,9.16,25.02,0.14,5.66,153.04,187.2,9.12
Guwahati,11-02-2021,5,1148.22,0,17.82,37.19,5.84,138.06,157.98,6.9
Guwahati,12-02-2021,5,1495.36,5.14,29.13,1.43,6.38,139.53,166.34,8.99
Guwahati,13-02-2021,5,2296.45,19.67,57.58,0.02,28.61,190.33,239.28,61.81
Guwahati,14-02-2021,5,1121.52,0.08,19.71,16.99,4.41,114.03,131.76,7.66
Guwahati,15-02-2021,5,1001.36,0,15.59,33.98,4.47,119.51,134.45,6.97
Guwahati,16-02-2021,5,1428.6,9.61,36.33,0.16,12.64,184.54,233.77,35.47
Guwahati,17-02-2021,5,1495.36,10.51,28.1,0.32,6.08,194.41,224.78,12.29
Guwahati,18-02-2021,5,934.6,0.68,22.62,6.17,3.34,73.18,95.17,8.74
Guwahati,19-02-2021,4,680.92,0.01,15.25,26.82,3.19,36.12,48.72,12.92
Guwahati,20-02-2021,5,1268.39,13.97,24.68,0.03,7.75,80.34,125.23,31.67
Guwahati,21-02-2021,5,1041.41,0,18.17,31.11,4.53,81.51,94.47,7.98
Guwahati,22-02-2021,5,1214.98,0.2,23.31,11.09,5.07,103.9,123.97,11.65
Guwahati,23-02-2021,5,961.3,0,17.31,36.12,5.84,94.58,110.4,12.16
Guwahati,24-02-2021,5,821.11,0,13.02,50.07,6.2,100.09,113.18,15.96
Guwahati,25-02-2021,5,907.9,0,15.08,39.7,6.68,138.05,152.72,16.97
Guwahati,26-02-2021,5,1081.47,0.22,20.56,13.95,3.58,229.63,252.62,6.9
Guwahati,27-02-2021,5,1094.82,0,14.4,37.91,3.46,216.94,232.72,5.64
Guwahati,28-02-2021,5,767.71,0,7.28,60.8,2.53,116.88,122.33,5.13
Guwahati,01-03-2021,5,647.54,0,5.4,75.82,2.65,99.62,102.77,4.31
Guwahati,02-03-2021,5,894.55,0,14.57,32.54,3.4,126.12,148.57,7.98
Guwahati,03-03-2021,5,1028.06,0.38,21.76,7.24,3.31,137.8,173.26,7.47
Guwahati,04-03-2021,5,1014.71,1.52,24.68,2.46,3.82,108.73,146.86,11.53
Guwahati,05-03-2021,5,787.74,0.01,14.05,19.49,2.77,86.54,107.81,6.52
Guwahati,06-03-2021,4,527.38,0,5.57,62.23,3.52,43.92,47.72,5.19
Guwahati,07-03-2021,4,547.41,0,4.46,64.37,2.89,36.29,38.31,3.1
Guwahati,08-03-2021,4,620.84,0,9.25,47.21,3.16,45.21,53.68,8.36
Guwahati,09-03-2021,5,794.41,0,14.4,34.69,3.22,62.69,78.37,11.78
Guwahati,10-03-2021,4,540.73,0,5.66,60.8,2.74,35.33,38.08,3.67
Guwahati,11-03-2021,4,614.17,0,6.68,57.22,2.83,32.05,34.94,3.33
Guwahati,12-03-2021,4,687.6,0,9.85,38.98,2.65,27.13,34.65,7.54
Guwahati,13-03-2021,5,1174.93,6.31,26.05,0.21,10.97,91.62,128.12,35.47
Guwahati,14-03-2021,5,734.33,0,4.84,81.54,5.31,80.65,87.07,7.92
Guwahati,15-03-2021,5,1028.06,0.18,21.94,10.73,3.7,62.1,78.25,6.71
Guwahati,16-03-2021,5,921.25,0,15.08,37.91,3.49,80,95.56,6.97
Guwahati,17-03-2021,5,1615.52,2.18,35.99,2.86,5.66,148.09,177.09,10.77
Guwahati,18-03-2021,5,1281.74,2.74,35.64,1.72,5.66,139.32,184.97,20.01
Guwahati,19-03-2021,5,1214.98,0,19.54,31.11,6.8,142.02,179.9,17.99
Guwahati,20-03-2021,5,1575.47,0.22,32.9,10.19,7.27,179.08,235.17,19.76
Guwahati,21-03-2021,5,1335.14,0.01,22.62,18.95,5.96,190.37,244.47,17.48
Guwahati,22-03-2021,5,867.84,0,18.68,33.26,4.05,117.23,145.87,17.23
Guwahati,23-03-2021,5,961.3,0.06,21.59,15.74,4.65,103.54,138.82,20.27
Guwahati,24-03-2021,5,1081.47,0.09,24.33,13.95,5.66,109.98,142.1,17.23
Guwahati,25-03-2021,5,1081.47,0,19.36,43.63,8.7,138.97,164.77,19.76
Guwahati,26-03-2021,5,1188.28,0.01,23.65,24.32,8.82,123.15,150.19,18.24
Guwahati,27-03-2021,5,1148.22,0.01,36.67,23.25,19.31,97.48,135.71,43.57
Guwahati,28-03-2021,5,634.19,0,7.54,82.25,7.63,84.4,106.88,16.09
Guwahati,29-03-2021,5,821.11,0,13.2,42.92,5.78,100.47,123.69,17.23
Guwahati,30-03-2021,5,1922.61,4.53,37.36,0.63,12.04,175.34,220.83,29.64
Guwahati,31-03-2021,3,467.3,0,3.77,60.08,2.3,20.28,21.03,1.76
Guwahati,01-04-2021,4,494,0,5.4,31.47,2.68,26.87,29.43,3.86
Guwahati,02-04-2021,4,761.03,0,11.65,19.31,3.28,40.89,49.92,4.69
Guwahati,03-04-2021,5,974.66,0,16.97,30.04,4.23,90.15,115.23,10.26
Guwahati,04-04-2021,5,787.74,0,11.82,28.97,2.65,66.4,82.44,5.95
Guwahati,05-04-2021,5,687.6,0,9,54.36,4.17,82.39,98.02,6.97
Guwahati,06-04-2021,5,867.84,0.35,19.71,8.14,4.71,64.74,91.7,18.75
Guwahati,07-04-2021,5,1014.71,0,18.85,27.54,8.11,87.3,107.88,21.03
Guwahati,08-04-2021,5,567.44,0,4.33,147.34,5.9,89.03,97.84,7.03
Guwahati,09-04-2021,4,567.44,0,4.54,103,2.95,46.28,49.11,4.37
Guwahati,10-04-2021,5,1188.28,0.25,21.25,9.12,6.26,59.92,73.98,7.28
Guwahati,11-04-2021,5,1388.55,1.22,19.88,2.53,4.41,115.74,137.96,7.47
Guwahati,12-04-2021,5,881.2,0,11.14,38.27,3.55,110.76,124.71,7.85
Guwahati,13-04-2021,5,1094.82,0.01,20.91,19.49,4.05,137.62,167.97,8.99
Guwahati,14-04-2021,5,720.98,0,6.34,81.54,4.53,92.59,103.26,10.51
Guwahati,15-04-2021,5,714.3,0,8.57,70.1,4.83,62.53,70.9,12.16
Guwahati,16-04-2021,4,614.17,0,4.5,83.69,2.95,36.59,39.53,4.31
Guwahati,17-04-2021,4,680.92,0,6.51,65.8,3.7,29.61,34.74,4.43
Guwahati,18-04-2021,2,647.54,0,6,55.79,2.59,13.83,16.94,5.57
Guwahati,19-04-2021,4,781.06,0,10.28,40.41,4.83,33.27,38.91,7.03
Guwahati,20-04-2021,5,988.01,0.24,16.11,9.92,3.34,71.93,97.94,7.6
Guwahati,21-04-2021,3,560.76,0,4.84,65.09,3.46,23.69,26.67,6.14
Guwahati,22-04-2021,4,741.01,0,10.37,43.99,3.58,32.97,41.66,10.64
Guwahati,23-04-2021,5,934.6,0,12,23.96,6.2,74.08,85.41,4.37
Guwahati,24-04-2021,5,720.98,0.01,12.85,25.39,3.73,71.28,90.54,9.75
Guwahati,25-04-2021,5,794.41,0,14.22,42.2,5.19,76.89,95.16,13.55
Guwahati,26-04-2021,5,867.84,1.93,19.71,1.77,4.95,87.51,126.43,19.51
Guwahati,27-04-2021,5,741.01,0,9.17,65.09,4.47,98.12,123.79,18.24
Guwahati,28-04-2021,5,734.33,0,10.28,59.37,5.48,77.73,97.73,18.75
Guwahati,29-04-2021,5,1174.93,0.14,24.33,11.44,6.74,109.52,134.98,16.72
Guwahati,30-04-2021,5,1148.22,0,19.02,25.39,7.39,119.54,144.38,14.69
Guwahati,01-05-2021,5,1548.77,4.02,30.5,0.68,9.42,101.57,131.38,18.49
Guwahati,02-05-2021,5,841.14,0,11.82,37.91,5.36,56.38,66.39,4.43
Guwahati,03-05-2021,5,1415.25,8.83,19.71,0.05,8.11,103.32,129.52,18.49
Guwahati,04-05-2021,4,560.76,0,5.74,39.34,6.02,31.87,35.82,3.8
Guwahati,05-05-2021,4,854.49,0.01,13.88,16.63,9.78,43.16,51.59,4.75
Guwahati,06-05-2021,3,720.98,0,7.97,22.89,4.53,20.25,24.44,3.55
Guwahati,07-05-2021,2,660.9,0,6.68,16.27,2.65,11.23,13.24,2.98
Guwahati,08-05-2021,3,781.06,0,8.91,24.68,4.05,21.98,28.26,4.62
Guwahati,09-05-2021,4,907.9,0.01,14.91,14.66,6.8,32.9,39.89,6.02
Guwahati,10-05-2021,4,867.84,0,8.91,35.05,5.31,47.27,51.65,3.33
Guwahati,11-05-2021,4,654.22,0,6.6,70.1,5.9,26.45,28.95,3.45
Guwahati,12-05-2021,2,687.6,0,5.06,40.77,2.59,15.74,17.51,2.5
Guwahati,13-05-2021,2,614.17,0,5.66,22.89,2.8,13.54,15.7,3.14
Guwahati,14-05-2021,2,674.25,0,8.4,25.75,5.01,19.54,22.04,3.04
Guwahati,15-05-2021,4,747.68,0,8.14,62.94,6.91,27.45,31.06,4.12
Guwahati,16-05-2021,4,647.54,0,4.33,72.96,3.82,26.5,27.91,2.09
Guwahati,17-05-2021,2,600.82,0.01,5.91,11,2.09,13.69,16.43,3.36
Guwahati,18-05-2021,3,640.87,0,6.94,17.35,3.1,22.15,23.92,2.69
Guwahati,19-05-2021,4,801.09,0,12.51,16.99,11.09,33.95,37.09,4.12
Guwahati,20-05-2021,5,1415.25,7.94,15.42,0.14,6.26,110.64,132.98,10.01
Guwahati,21-05-2021,2,447.27,0.02,9.25,12.52,5.01,13.35,15.36,2.6
Guwahati,22-05-2021,4,607.49,0,8.05,46.49,5.19,33.14,35.37,2.98
Guwahati,23-05-2021,4,694.28,0,7.71,42.92,5.72,44.35,49.51,4.5
Guwahati,24-05-2021,5,680.92,0,7.28,47.92,3.19,50.82,56.5,3.48
Guwahati,25-05-2021,3,634.19,0.01,10.45,14.31,4.89,21.95,27.38,3.9
Guwahati,26-05-2021,2,560.76,0.03,8.82,5.99,2.53,15.43,19.45,2.79
Guwahati,27-05-2021,2,554.09,0.11,11.48,2.5,3.4,16.08,20.27,3.48
Guwahati,28-05-2021,5,1508.71,6.65,21.94,0.02,7.51,77.66,101.88,8.23
Guwahati,29-05-2021,5,1108.17,0.35,15.77,4.65,5.48,68.4,85.66,5.32
Guwahati,30-05-2021,4,600.82,0.02,9,11.98,3.93,31.34,40.44,4.24
Guwahati,31-05-2021,4,647.54,0.02,9.34,14.84,5.42,35.61,42.38,4.69
Guwahati,01-06-2021,3,574.11,0,7.8,16.99,4.11,22.87,25.5,3.2
Guwahati,02-06-2021,4,947.95,0.7,19.19,5.99,8.58,41.46,47.11,3.71
Guwahati,03-06-2021,5,1588.82,3.19,26.39,3.22,8.23,83.07,92.42,9.88
Guwahati,04-06-2021,5,921.25,0,12.34,39.34,6.32,88.02,99.51,6.33
Guwahati,05-06-2021,5,700.95,0,6.51,91.55,6.38,69.91,73.12,2.91
Guwahati,06-06-2021,4,660.9,0,4.71,52.21,3.13,26.95,28.63,2.91
Guwahati,07-06-2021,2,540.73,0,6.08,14.84,2.15,13.66,16.66,3.2
Guwahati,08-06-2021,2,540.73,0.01,7.2,12.34,3.46,13.24,15.63,3.45
Guwahati,09-06-2021,2,654.22,0,10.28,19.49,4.89,19.27,23.76,4.56
Guwahati,10-06-2021,4,841.14,1.2,15.25,1.97,4.11,34.01,51.71,5.13
Guwahati,11-06-2021,2,607.49,0.01,8.57,9.12,7.75,16.75,19.49,3.55
Guwahati,12-06-2021,3,667.57,0.01,8.14,8.85,2.62,24.2,28.98,3.74
Guwahati,13-06-2021,2,574.11,0.05,8.48,3.98,2.53,16.9,22.61,4.43
Guwahati,14-06-2021,4,1054.76,5.09,11.14,0.02,4.83,48.06,53.65,6.27
Guwahati,15-06-2021,4,781.06,0.16,10.37,1.72,5.42,27.74,32.34,3.29
Guwahati,16-06-2021,4,907.9,0.02,14.4,11.44,6.8,40.36,46.59,3.36
Guwahati,17-06-2021,2,554.09,0.01,10.45,12.34,5.6,17.01,22.25,5.45
Guwahati,18-06-2021,2,480.65,0.16,10.11,5.28,2.95,12.45,20.83,5.32
Guwahati,19-06-2021,5,961.3,0,18.51,11.98,11.33,51.25,57.89,5.7
Guwahati,20-06-2021,2,460.63,0,5.06,38.27,3.79,14.53,15.31,2.28
Guwahati,21-06-2021,2,467.3,0,6.17,20.74,6.56,14.51,16.93,3.8
Guwahati,22-06-2021,3,600.82,0.04,8.23,16.09,4.23,21.8,25.93,3.36
Guwahati,23-06-2021,4,640.87,0,9.51,43.27,7.99,28.86,31.93,3.55
Guwahati,24-06-2021,2,387.19,0,5.83,33.98,4.89,11.88,14.05,2.95
Guwahati,25-06-2021,4,540.73,0,9.08,51.5,7.21,28.64,33.49,4.81
Guwahati,26-06-2021,4,620.84,0,9.51,35.76,5.84,32.11,41.04,4.88
Guwahati,27-06-2021,2,410.56,0,5.1,57.22,4.41,19.33,22.06,3.33
Guwahati,28-06-2021,4,427.25,0,4.93,75.1,4.41,36.4,38.1,2.76
Guwahati,29-06-2021,2,403.88,0,7.28,37.91,4.29,13.61,16.01,3.29
Guwahati,30-06-2021,3,627.52,0.09,14.05,7.96,6.2,23.75,28.01,3.55
Guwahati,01-07-2021,4,654.22,0,13.2,17.35,10.01,33.83,37,4.31
Guwahati,02-07-2021,2,527.38,0,7.97,23.6,3.01,17.47,21.45,3.42
Guwahati,03-07-2021,2,560.76,0,7.63,20.74,3.55,19.23,22.43,3.71
Guwahati,04-07-2021,4,720.98,0.04,15.08,6.62,6.68,28.7,34.31,6.84
Guwahati,05-07-2021,4,894.55,0.02,12.51,10.01,7.21,41.27,47.11,4.81
Guwahati,06-07-2021,4,947.95,0.5,14.4,2.73,6.02,43.02,55.74,5.13
Guwahati,07-07-2021,4,767.71,0.01,15.08,12.88,12.76,32.72,37.4,4.81
Guwahati,08-07-2021,2,494,0.01,8.48,11.18,2.5,13.1,14.52,2.38
Guwahati,09-07-2021,4,934.6,0.88,14.05,0.52,6.97,34.28,41.67,5.32
Guwahati,10-07-2021,4,974.66,0.11,22.96,12.16,19.55,46.82,50.95,3.48
Guwahati,11-07-2021,2,460.63,0.01,6.08,7.06,2.09,10.68,12.6,3.1
Guwahati,12-07-2021,2,560.76,0.1,8.91,5.28,2.35,17.67,23.49,5
Guwahati,13-07-2021,4,754.36,0.01,8.23,11,6.74,29.59,32.73,3.48
Guwahati,14-07-2021,3,587.46,0.01,8.91,13.41,6.32,23.76,28.24,3.67
Guwahati,15-07-2021,2,494,0.01,9.94,15.56,6.62,16.39,22.7,4.56
Guwahati,16-07-2021,3,660.9,0.1,12,6.35,6.2,23.25,30.86,4.94
Guwahati,17-07-2021,4,720.98,0,12.68,21.46,8.46,44.93,51.3,5.76
Guwahati,18-07-2021,4,660.9,0,12.68,15.91,11.09,30.92,35.49,6.27
Guwahati,19-07-2021,3,607.49,0,9.51,20.39,7.21,23.83,26.49,3.86
Guwahati,20-07-2021,4,807.76,0.01,9.94,15.56,8.46,38.35,42.62,3.33
Guwahati,21-07-2021,4,988.01,1.22,16.97,2.68,5.54,45.77,52.59,3.77
Guwahati,22-07-2021,4,867.84,0.33,16.11,3.22,6.02,33.73,43.51,3.96
Guwahati,23-07-2021,4,867.84,0.01,12.17,14.31,6.38,36.94,41.19,4.05
Guwahati,24-07-2021,3,607.49,0,7.2,28.25,5.9,20.52,22.61,3.36
Guwahati,25-07-2021,3,620.84,0.41,8.14,2.95,3.87,20.5,25.86,3.8
Guwahati,26-07-2021,4,947.95,4.14,12.17,0.58,4.95,44.56,54.04,5.83
Guwahati,27-07-2021,2,473.98,0.01,11.14,15.02,5.13,14.26,18.75,3.36
Guwahati,28-07-2021,2,514.03,0.06,7.71,6.26,2.09,13.41,21.21,3.48
Guwahati,29-07-2021,2,534.06,0.08,10.63,5.36,5.01,15.9,24.05,4.88
Guwahati,30-07-2021,2,453.95,0.02,6.68,5.54,2.53,11.64,13.71,2.19
Guwahati,31-07-2021,2,427.25,0.01,6.34,8.94,2.41,10.04,11.8,2.34
Guwahati,01-08-2021,3,614.17,0.02,10.37,6.8,7.99,20.58,22.79,3.93
Guwahati,02-08-2021,2,494,0.01,7.71,12.7,3.04,14.8,17.4,3.52
Guwahati,03-08-2021,3,574.11,0,7.03,34.69,8.23,20.04,21.9,2.95
Guwahati,04-08-2021,4,734.33,0,10.2,32.9,7.75,37.69,42.21,3.83
Guwahati,05-08-2021,3,607.49,0,6.17,32.54,5.6,24.52,27.87,2.22
Guwahati,06-08-2021,4,727.65,0.02,9.43,9.84,5.84,29.55,35.66,3.52
Guwahati,07-08-2021,2,567.44,0.01,5.91,16.45,5.25,17.55,19.85,2.31
Guwahati,08-08-2021,2,674.25,0,7.2,21.82,6.86,19.91,21.89,3.48
Guwahati,09-08-2021,2,413.9,0,6.26,39.34,4.77,14.85,17.15,3.14
Guwahati,10-08-2021,3,507.36,0,7.28,43.27,4.53,22.71,25.62,3.14
Guwahati,11-08-2021,3,634.19,0,9.43,37.55,6.97,23.96,26.82,3.48
Guwahati,12-08-2021,4,734.33,0.02,13.37,9.03,11.44,30.91,36.17,5.57
Guwahati,13-08-2021,2,560.76,0,9.51,27.54,5.9,19.88,25.45,4.5
Guwahati,14-08-2021,4,647.54,0.01,13.37,12.16,10.25,28.16,31.84,4.69
Guwahati,15-08-2021,5,988.01,6.71,16.28,0.07,6.68,65.69,73.64,24.32
Guwahati,16-08-2021,4,767.71,0.09,14.74,11.8,9.66,37.31,41.84,4.43
Guwahati,17-08-2021,4,814.44,0.08,15.42,5.19,11.92,36.4,40,3.93
Guwahati,18-08-2021,4,707.63,0.01,13.54,13.59,12.64,30.02,34.05,3.74
Guwahati,19-08-2021,2,403.88,0,8.14,30.04,5.78,11.73,13.66,3.01
Guwahati,20-08-2021,2,407.22,0,9.17,26.11,6.32,12.14,14.86,3.8
Guwahati,21-08-2021,2,500.68,0,10.28,26.82,10.13,18.47,22.29,5
Guwahati,22-08-2021,2,403.88,0,6.26,42.2,4.05,18,22.1,3.83
Guwahati,23-08-2021,4,507.36,0,9.25,23.25,5.66,29.91,32.74,3.71
Guwahati,24-08-2021,4,667.57,0.02,13.37,15.91,7.45,31.45,33.6,2.88
Guwahati,25-08-2021,5,680.92,0,10.88,32.54,7.39,50.62,56.14,4.81
Guwahati,26-08-2021,4,787.74,0,12.17,21.82,6.62,32.27,34.48,2.76
Guwahati,27-08-2021,2,647.54,0.01,8.48,10.19,2.27,18.53,19.87,2.38
Guwahati,28-08-2021,2,473.98,0.05,8.4,4.2,2.74,12.91,15.18,3.07
Guwahati,29-08-2021,3,567.44,0.01,7.54,7.78,3.67,20.7,25.47,3.58
Guwahati,30-08-2021,2,460.63,0.02,7.63,6.8,2.77,12.96,14.53,3.01
Guwahati,31-08-2021,4,827.79,0.03,12.17,6.08,7.87,33.85,38.5,4.18
Guwahati,01-09-2021,2,507.36,0.01,7.28,13.77,6.02,17.26,21.1,3.04
Guwahati,02-09-2021,4,720.98,0.24,14.4,10.91,6.62,33.62,38.05,2.53
Guwahati,03-09-2021,5,1375.2,2.85,20.05,0.4,6.56,71.95,85.23,5.76
Guwahati,04-09-2021,4,787.74,0.07,11.48,9.21,5.01,30.71,39.68,3.55
Guwahati,05-09-2021,5,827.79,0,9.51,18.95,4.83,53.29,59.41,3.29
Guwahati,06-09-2021,4,774.38,0.01,9.17,14.31,2.62,41.15,49.53,4.24
Guwahati,07-09-2021,4,787.74,0.49,12.85,1.45,3.16,28.96,40.61,4.56
Guwahati,08-09-2021,4,1001.36,0.92,16.79,1.99,7.99,47.42,56.39,5.64
Guwahati,09-09-2021,5,1041.41,1.57,18.85,0.94,6.56,54.86,72.79,8.04
Guwahati,10-09-2021,4,821.11,3.52,11.31,0.22,3.1,35.62,52.15,6.14
Guwahati,11-09-2021,4,761.03,6.04,10.88,0.12,3.07,28.11,46.74,6.59
Guwahati,12-09-2021,3,620.84,4.41,6.77,0.05,2.53,20.16,33.78,5.19
Guwahati,13-09-2021,4,807.76,0.48,12.85,2.21,5.01,33.34,38.4,3.93
Guwahati,14-09-2021,4,667.57,0,11.14,23.25,7.75,26.61,29.93,4.5
Guwahati,15-09-2021,2,520.71,0.23,8.48,3.93,4.41,15,21.99,3.48
Guwahati,16-09-2021,3,540.73,0.01,8.05,18.06,4.59,22.1,27.11,2.88
Guwahati,17-09-2021,3,687.6,0.01,9.94,11.44,10.13,24.77,26.59,3.17
Guwahati,18-09-2021,4,894.55,0.07,18.85,5.1,15.02,37.83,42.72,5.07
Guwahati,19-09-2021,4,707.63,0,7.71,25.39,5.07,32.57,36.7,4.5
Guwahati,20-09-2021,4,827.79,0,8.82,22.71,5.31,46.46,53.51,4.18
Guwahati,21-09-2021,5,921.25,0,9.43,18.6,5.36,60.14,70.04,3.17
Guwahati,22-09-2021,4,614.17,0,7.03,48.64,5.01,31.68,34.34,3.01
Guwahati,23-09-2021,4,614.17,0,7.28,26.82,4.29,26.89,32.48,3.9
Guwahati,24-09-2021,5,1401.9,0.21,25.02,4.96,8.23,80.69,95.82,6.21
Guwahati,25-09-2021,4,741.01,0.36,10.97,3.93,2.5,37.58,51.66,4.62
Guwahati,26-09-2021,4,634.19,0.3,10.2,3.22,2.03,29.45,41.55,4.31
Guwahati,27-09-2021,3,587.46,1.93,9.6,0.56,2.27,23.64,36.45,5.45
Guwahati,28-09-2021,4,907.9,9.5,9.6,0,5.72,40.65,63.24,11.27
Guwahati,29-09-2021,2,500.68,0.01,8.31,13.59,7.39,17.92,23.1,4.56
Guwahati,30-09-2021,5,881.2,0.05,22.62,6.17,14.07,50.52,59.02,6.52
Guwahati,01-10-2021,3,554.09,0,8.05,22.71,5.25,20.67,28.82,4.18
Guwahati,02-10-2021,4,747.68,0.1,12.34,10.1,4.59,44.85,56.74,4.37
Guwahati,03-10-2021,4,727.65,0.66,10.88,3.09,3.87,41.88,48.8,5.57
Guwahati,04-10-2021,5,921.25,2.96,15.42,0.16,4.47,69.63,81.78,11.53
Guwahati,05-10-2021,2,494,0.01,7.37,11.62,2.18,15.03,16.69,2.06
Guwahati,06-10-2021,4,714.3,0.06,16.28,8.58,9.18,30.61,36.43,5.13
Guwahati,07-10-2021,5,1348.5,22.35,6.51,0,5.78,81.36,100.46,10.64
Guwahati,08-10-2021,4,660.9,0.04,8.57,12.88,4.53,26.21,33.02,2.98
Guwahati,09-10-2021,5,1388.55,6.65,16.28,0.16,5.54,116.09,138.92,9.25
Guwahati,10-10-2021,5,988.01,0.2,12.17,6.44,3.67,90.76,105.9,5.83
Guwahati,11-10-2021,5,1535.42,19.89,19.54,0,15.74,138.03,163.42,48.64
Guwahati,12-10-2021,5,1708.98,31.74,11.48,0,7.63,123.21,152.55,12.67
Guwahati,13-10-2021,5,1255.04,22.58,7.54,0,5.25,94.41,123.29,9.75
Guwahati,14-10-2021,5,1441.96,17.21,11.48,0,5.66,93.2,117.65,9.63
Guwahati,15-10-2021,5,1255.04,29.5,8.4,0,7.87,72.05,100.69,15.58
Guwahati,16-10-2021,5,747.68,0.64,14.22,3.22,2.59,53.15,69.92,4.81
Guwahati,17-10-2021,3,554.09,0.01,10.03,16.45,2.12,21.32,27.32,4.43
Guwahati,18-10-2021,2,433.92,0,6.26,24.32,2.24,12.96,17.38,4.12
Guwahati,19-10-2021,2,420.57,0,5.74,35.05,3.55,11.32,13.68,2.57
Guwahati,20-10-2021,3,554.09,0.01,13.37,11.8,5.01,20.43,24.07,3.29
Guwahati,21-10-2021,2,540.73,0,8.31,27.18,6.97,14.67,16.1,2.79
Guwahati,22-10-2021,5,741.01,0,3.86,115.87,5.78,94.82,98.79,4.5
Guwahati,23-10-2021,5,934.6,6.65,19.19,0.37,5.36,87.43,109.5,8.74
Guwahati,24-10-2021,5,867.84,9.5,7.54,0.05,3.07,97.44,121.31,9.63
Guwahati,25-10-2021,5,834.47,6.43,12.85,0.16,7.21,74.69,93.58,24.83
Guwahati,26-10-2021,5,1068.12,3.47,17.48,0.63,4.23,90.26,95.28,3.8
Guwahati,27-10-2021,5,854.49,0.7,12.68,3.49,2.74,70.76,90.56,6.02
Guwahati,28-10-2021,5,827.79,3.16,11.65,0.53,3.25,55.11,77,6.97
Guwahati,29-10-2021,5,894.55,11.85,7.2,0.01,3.1,56.06,85.4,7.54
Guwahati,30-10-2021,5,907.9,12.29,7.11,0,3.76,55.78,88.85,10.01
Guwahati,31-10-2021,5,907.9,7.15,22.62,0.14,10.61,52.26,82.12,45.6
Guwahati,01-11-2021,5,894.55,5.98,14.39,0.21,3.34,57.75,80.7,5.76
Guwahati,02-11-2021,4,814.44,5.53,13.19,0.34,2.92,49.65,70.45,5.83
Guwahati,03-11-2021,5,894.55,15.65,9.68,0.01,5.48,54.29,86.1,15.2
Guwahati,04-11-2021,5,1108.17,9.5,19.02,0.02,5.25,72.65,94.88,6.4
Guwahati,05-11-2021,5,1495.36,21.23,29.13,0,22.41,116.49,155.3,58.26
Guwahati,06-11-2021,5,1281.74,31.29,9.34,0,9.3,85.06,114.57,22.55
Guwahati,07-11-2021,5,807.76,9.5,12.34,0.1,5.54,61.51,85.61,19
Guwahati,08-11-2021,4,660.9,3.8,12,0.58,2.38,45.37,62.6,7.09
Guwahati,09-11-2021,4,620.84,1.77,13.54,1.54,2.83,35.24,51.41,7.47
Guwahati,10-11-2021,4,807.76,11.62,10.8,0.02,4.47,48.26,76.54,13.3
Guwahati,11-11-2021,5,881.2,8.05,14.05,0.13,3.46,53.95,84.75,9.12
Guwahati,12-11-2021,5,961.3,15.65,10.37,0.01,4.95,64.02,99.93,13.68
Guwahati,13-11-2021,5,961.3,16.76,10.88,0.01,6.56,61.03,95.54,20.01
Guwahati,14-11-2021,5,854.49,8.72,15.77,0.16,6.68,68.23,91.33,25.84
Guwahati,15-11-2021,5,1375.2,21.68,12.68,0,4.71,104.99,127.42,8.99
Guwahati,16-11-2021,5,947.95,4.02,21.59,0.35,4.23,75.52,101.69,9.37
Guwahati,17-11-2021,5,807.76,2.32,17.48,1.59,3.67,62.15,84.09,9.63
Guwahati,18-11-2021,4,720.98,6.65,12.34,0.24,2.98,44.51,63.87,7.6
Guwahati,19-11-2021,5,961.3,14.98,11.65,0.02,5.42,66.32,103.15,15.71
Guwahati,20-11-2021,5,934.6,16.32,11.14,0.01,6.85,69.16,101.36,22.8
Guwahati,21-11-2021,5,961.3,2.15,21.59,1.3,4.83,79.98,100.54,12.54
Guwahati,22-11-2021,5,1148.22,14.53,15.59,0.03,4.47,97.08,123.92,11.53
Guwahati,23-11-2021,4,614.17,0.01,12.85,16.81,3.19,33.47,41.28,4.81
Guwahati,24-11-2021,4,580.79,0,7.71,28.61,2.8,30.31,35.84,3.93
Guwahati,25-11-2021,5,761.03,0.15,13.19,12.16,2.29,53.95,67.82,5.07
Guwahati,26-11-2021,5,867.84,4.53,14.05,0.44,2.8,62.29,88.65,6.65
Guwahati,27-11-2021,5,827.79,6.76,14.05,0.21,2.92,56.52,82.93,7.92
Guwahati,28-11-2021,4,640.87,2.49,12.85,1.34,2.32,37.16,51.91,7.6
Guwahati,29-11-2021,4,741,10.28,9.42,0.04,4.29,45.15,68.16,15.71
Guwahati,30-11-2021,4,774.38,5.25,13.54,0.39,2.71,47.59,70.45,6.9
Guwahati,01-12-2021,4,747.68,3.86,14.39,0.68,2.56,48.26,69.62,6.78
Guwahati,02-12-2021,5,854.49,11.96,12,0.01,7.39,54.47,82.53,23.81
Guwahati,03-12-2021,5,894.55,15.42,7.54,0.01,3.58,66.36,98.14,9.37
Guwahati,04-12-2021,5,988.01,18.78,9.85,0,5.6,78.76,118.89,17.23
Guwahati,05-12-2021,5,1535.42,28.61,12.85,0,5.42,107.42,133.07,10.64
Guwahati,06-12-2021,5,720.98,0.68,16.62,4.43,2.47,51.37,67.91,7.41
Guwahati,07-12-2021,4,714.3,9.05,9,0.06,3.28,34.51,62.92,8.23
Guwahati,08-12-2021,4,607.49,0.16,13.37,8.49,2.59,30.09,40.22,4.94
Guwahati,09-12-2021,5,894.55,11.96,8.91,0.02,2.92,51.39,82.59,7.09
Guwahati,10-12-2021,5,1094.82,21.23,11.14,0,6.91,66.16,107.62,17.99
Guwahati,11-12-2021,5,1014.71,3.35,24.68,1.63,4.53,74.65,91.46,8.04
Guwahati,12-12-2021,5,867.84,8.94,12.17,0.07,4.17,99.97,127.74,18.24
Guwahati,13-12-2021,5,727.65,4.19,12,0.58,2.62,82.16,100.61,8.49
Guwahati,14-12-2021,5,854.49,11.73,9,0.02,3.13,66.75,95.89,8.36
Guwahati,15-12-2021,5,1268.39,19.89,15.77,0.01,3.99,109.91,148.13,7.35
Guwahati,16-12-2021,5,1482.01,31.29,14.39,0,10.01,131.76,163.92,22.55
Guwahati,17-12-2021,5,1108.17,14.53,21.76,0.06,15.5,83.99,110.56,44.58
Guwahati,18-12-2021,5,867.84,13.19,11.48,0.06,6.32,70.76,100.36,20.01
Guwahati,19-12-2021,5,974.66,16.54,9.85,0.01,2.77,89.66,119.95,5.7
Guwahati,20-12-2021,5,1108.17,10.62,13.37,0.11,5.6,110.38,131.35,14.06
Guwahati,21-12-2021,5,1281.74,18.1,15.94,0.05,8.34,116.39,142.48,18.75
Guwahati,22-12-2021,5,1081.47,16.76,13.71,0.01,7.51,97.75,137.81,23.56
Guwahati,23-12-2021,5,894.55,6.65,14.22,0.15,3.31,52.59,66.68,5.26
Guwahati,24-12-2021,5,1188.28,17.21,16.45,0.04,8.11,74.59,96.49,20.01
Guwahati,25-12-2021,5,834.47,5.87,17.48,0.31,5.19,60.17,83.7,16.47
Guwahati,26-12-2021,4,567.44,0.55,12.85,5.19,1.94,30.85,44.13,4.94
Guwahati,27-12-2021,4,700.95,1.49,15.42,2.82,1.89,38.16,54.95,5.26
Guwahati,28-12-2021,5,834.47,12.74,9.34,0.02,2.8,52.09,84.43,7.16
Guwahati,29-12-2021,4,627.52,0.19,16.11,12.7,2.24,32.07,46.41,5.64
Guwahati,30-12-2021,5,2109.53,20.79,40.1,0.02,7.63,150.81,174.82,11.65
Guwahati,31-12-2021,4,814.44,11.06,10.45,0.05,2.74,40.78,66.92,6.71
Guwahati,01-01-2022,5,1041.41,16.76,11.82,0,3.13,71.37,106.48,7.35
Guwahati,02-01-2022,5,781.06,9.28,11.48,0.12,5.78,52.85,73.69,22.29
Guwahati,03-01-2022,5,881.2,11.29,13.02,0.04,8.11,63.67,90.3,29.89
Guwahati,04-01-2022,5,1415.25,21.9,15.77,0.01,3.87,94.77,118.56,6.27
Guwahati,05-01-2022,5,867.84,14.19,11.14,0.02,8.82,53.97,82.64,26.6
Guwahati,06-01-2022,5,1134.87,17.66,15.08,0.01,9.54,82.2,119.49,27.61
Guwahati,07-01-2022,5,1335.14,24.81,12.51,0,4.77,112.51,153.07,10.26
Guwahati,08-01-2022,5,1148.22,18.55,14.05,0.01,8.7,102.31,141.99,27.11
Guwahati,09-01-2022,5,961.3,6.15,19.54,0.25,6.91,87.24,117.1,28.88
Guwahati,10-01-2022,5,1001.36,11.06,17.14,0.04,10.85,96.68,126.07,38.5
Guwahati,11-01-2022,5,1575.47,9.95,32.22,0.28,7.99,136.29,163.6,11.65
Guwahati,12-01-2022,5,1054.76,7.38,16.28,0.15,3.07,93.84,126.96,7.09
Guwahati,13-01-2022,4,574.11,0,9.77,32.54,3.31,25.45,28.63,3.55
Guwahati,14-01-2022,5,1361.85,23.25,7.97,0,2.86,87.66,106.52,5.76
Guwahati,15-01-2022,5,1108.17,9.72,13.02,0.09,4.41,65.12,89.8,14.19
Guwahati,16-01-2022,5,974.66,9.83,17.31,0.08,10.25,57.89,84.44,42.05
Guwahati,17-01-2022,5,1174.93,15.65,8.4,0.03,4.17,86.04,104.67,9.88
Guwahati,18-01-2022,5,827.79,4.81,14.57,0.94,2.8,57.12,78.33,7.54
Guwahati,19-01-2022,5,854.49,9.05,10.45,0.05,2.68,50.03,74.54,6.4
Guwahati,20-01-2022,5,1508.71,24.81,18.85,0.01,5.54,92.41,121.08,8.87
Guwahati,21-01-2022,5,1495.36,0.78,33.24,5.54,7.09,110.46,120.37,6.78
Guwahati,22-01-2022,5,1214.98,1.9,18.16,2.01,3.43,79.6,89.5,4.24
Guwahati,23-01-2022,4,694.27,0,12,30.76,2.32,40.78,49.28,4.88
Guwahati,24-01-2022,2,473.98,0,5.18,42.92,2.26,14.39,15.76,2.6
Guwahati,25-01-2022,4,667.57,0.02,13.19,21.82,2.41,32.5,43.33,4.69
Guwahati,26-01-2022,5,1255.04,1.31,33.24,10.55,9.06,100.1,111.99,8.61
Guwahati,27-01-2022,5,727.65,0,8.57,37.91,3.81,66.7,73.58,3.55
Guwahati,28-01-2022,5,747.68,0,8.4,57.94,4.89,75.19,84.45,5.32
Guwahati,29-01-2022,5,894.55,0,13.71,50.78,4.89,105.57,118.33,6.33
Guwahati,30-01-2022,5,1295.09,9.95,17.31,0.17,7.09,178.29,201.18,16.21
Guwahati,31-01-2022,5,1041.41,0.01,12.51,28.97,3.16,146.65,160.77,5.32
Guwahati,01-02-2022,5,947.95,0,15.08,40.77,4.05,135.35,149.59,4.69
Guwahati,02-02-2022,5,934.6,0,9.25,68.66,5.66,110.97,117.08,3.77
Guwahati,03-02-2022,5,988.01,1.01,17.82,4.11,2.74,81.54,104.22,6.84
Guwahati,04-02-2022,4,640.87,0,9.08,58.65,3.87,38.73,46.55,8.74
Guwahati,05-02-2022,2,413.89,0,3.34,85.12,2.15,12.21,13.04,1.42
Guwahati,06-02-2022,5,1375.2,14.98,13.88,0.03,4.83,76.36,78.75,13.68
Guwahati,07-02-2022,5,1415.25,2.18,23.99,3.98,5.3,92.72,113.02,10.39
Guwahati,08-02-2022,5,907.9,0,9.94,52.21,6.32,61.51,68,4.43
Guwahati,09-02-2022,5,1134.87,0.64,19.19,6.53,3.31,81.17,99.8,7.73
Guwahati,10-02-2022,5,1134.87,5.7,14.05,0.51,2.8,90.82,121.67,7.22
Guwahati,11-02-2022,5,767.71,0,9.42,78.68,7.39,67.82,72.19,3.1
Guwahati,12-02-2022,5,988.01,0,11.82,40.77,4.23,90.93,98.37,5.38
Guwahati,13-02-2022,5,1081.47,0.72,17.99,7.96,2.95,131.86,149.65,5.76
Guwahati,14-02-2022,5,907.9,0.02,12.17,23.25,1.91,74.21,86.22,4.43
Guwahati,15-02-2022,5,1068.12,8.16,21.08,0.16,9.18,73.14,111.53,30.15
Guwahati,16-02-2022,5,2029.42,18.55,39.07,0.02,14.31,154.44,195.74,21.28
Guwahati,17-02-2022,5,1081.47,0,15.94,43.63,5.01,111.38,127.29,6.52
Guwahati,18-02-2022,5,1375.2,3.07,26.39,2.41,4.59,174.41,202.66,9.63
Guwahati,19-02-2022,5,1575.47,18.33,27.76,0.08,7.99,138.64,169.17,13.05
Guwahati,20-02-2022,5,614.17,0,10.88,45.42,5.19,71.09,81.7,14.57
Guwahati,21-02-2022,5,640.87,0.01,9.68,38.62,4.65,72.37,76.31,4.37
Guwahati,22-02-2022,4,667.57,0,9.68,41.48,3.58,30.29,34.13,3.93
Guwahati,23-02-2022,5,1028.06,5.64,17.14,0.36,3.28,73.24,103.63,8.49
Guwahati,24-02-2022,5,867.84,0.2,19.54,10.55,2.89,55.89,75.36,9.5
Guwahati,25-02-2022,5,700.95,0,11.31,45.78,2.95,50.34,61.17,6.59
Guwahati,26-02-2022,4,807.76,0.06,15.25,18.42,3.04,48.14,55.91,6.02
Guwahati,27-02-2022,5,1028.06,3.74,17.14,0.91,3.01,79.57,105.6,6.65
Guwahati,28-02-2022,5,1375.2,10.17,30.16,0.11,11.68,113.47,146.61,40.02
Guwahati,01-03-2022,5,781.06,0,10.45,55.79,3.55,55,64.25,4.31
Guwahati,02-03-2022,5,1001.36,1.44,18.16,2.5,3.16,80.28,105.95,6.21
Guwahati,03-03-2022,5,1482.01,3.19,28.79,1.68,5.36,122.27,145.73,8.87
Guwahati,04-03-2022,5,894.55,0,12.34,35.76,4.23,75.43,86.9,6.78
Guwahati,05-03-2022,5,894.55,0.02,15.08,20.03,3.99,102.82,118.94,9.37
Guwahati,06-03-2022,5,700.95,0,10.54,28.97,2.32,70.93,84.24,7.09
Guwahati,07-03-2022,5,807.76,0.25,15.94,8.76,3.93,80.1,98.17,15.58
Guwahati,08-03-2022,5,1241.68,4.64,27.42,0.65,13.35,104.08,133.5,34.96
Guwahati,09-03-2022,5,1455.31,0,26.73,25.75,7.75,120.85,144.68,23.31
Guwahati,10-03-2022,5,907.9,0,9.17,79.39,6.79,121.74,135.32,17.48
Guwahati,11-03-2022,5,854.49,0,7.03,97.27,7.63,125.01,136.82,17.23
Guwahati,12-03-2022,5,834.47,0,9.42,67.23,6.5,121.41,133.09,15.45
Guwahati,13-03-2022,5,881.2,0,8.05,67.23,5.36,146.95,158.59,15.83
Guwahati,14-03-2022,5,894.55,0,9.6,55.79,4.95,141.51,153.34,15.58
Guwahati,15-03-2022,5,934.6,0,9.34,75.82,6.26,144.01,155.6,16.21
Guwahati,16-03-2022,5,694.27,0,7.45,73.67,6.85,91.29,102.02,14.95
Guwahati,17-03-2022,5,827.79,0,11.65,55.79,8.11,102.89,121.39,17.23
Guwahati,18-03-2022,5,821.11,0,10.97,70.1,9.78,135.27,156.76,14.57
Guwahati,19-03-2022,5,727.65,0,9.42,77.25,7.15,142.03,161.36,12.54
Guwahati,20-03-2022,5,654.22,0,8.23,59.37,4.59,110.84,123.38,12.03
Guwahati,21-03-2022,5,1094.82,0.01,21.08,21.46,6.97,142.53,163.15,20.52
Guwahati,22-03-2022,5,1214.98,0,20.05,32.19,7.51,157.47,182.15,18.49
Guwahati,23-03-2022,5,1174.93,3.24,27.08,0.94,4.47,139.11,171.55,12.41
Guwahati,24-03-2022,5,814.44,0,8.05,70.1,6.85,103.33,114.99,14.31
Guwahati,25-03-2022,5,787.73,0,9.6,107.29,10.13,129.32,147.12,13.43
Guwahati,26-03-2022,5,734.33,0,8.83,44.7,3.61,80.52,90.42,4.02
Guwahati,27-03-2022,4,647.54,0,6.34,26.46,2.56,25.7,29.6,3.93
Guwahati,28-03-2022,4,741,0,11.14,26.46,2.62,33.43,43.65,5.76
Guwahati,29-03-2022,3,574.11,0,6.43,30.04,3.07,22.72,26.5,4.5
Guwahati,30-03-2022,4,674.25,0,11.82,24.68,3.22,38.28,46.61,5.76
Guwahati,31-03-2022,4,534.06,0,7.03,40.05,3.19,31.24,35.22,5.07
Guwahati,01-04-2022,4,700.95,0,11.48,17.7,3.93,38.98,43.68,3.99
Guwahati,02-04-2022,2,473.98,0,5.57,26.46,2.18,13.55,15.7,2.88
Guwahati,03-04-2022,3,580.79,0,7.11,29.33,1.91,21.53,24.18,3.04
Guwahati,04-04-2022,1,473.98,0,4.37,38.27,1.97,9.67,11.57,2.56
Guwahati,05-04-2022,2,554.08,0.01,6.85,13.05,2.44,12.62,15.85,3.45
Guwahati,06-04-2022,2,580.79,0.02,7.71,11,2.65,14.72,19.56,3.8
Guwahati,07-04-2022,2,540.73,0,6.34,21.82,2.12,15.97,19.71,2.94
Guwahati,08-04-2022,2,494,0,5.44,23.96,2.32,14.87,17.32,3.36
Guwahati,09-04-2022,2,433.92,0,3.81,58.65,2.06,11.71,13.05,2.44
Guwahati,10-04-2022,4,660.9,0,9.17,19.31,2.26,32.09,38.04,3.83
Guwahati,11-04-2022,1,500.68,0,4.28,35.76,2,9.67,10.48,1.9
Guwahati,12-04-2022,4,807.76,0.32,13.02,4.78,3.01,31.43,48.44,6.02
Guwahati,13-04-2022,5,947.95,0,12.85,50.78,10.97,51.99,56.43,4.75
Guwahati,14-04-2022,4,867.84,0.21,18.85,9.75,9.78,31.19,36.97,10.39
Guwahati,15-04-2022,2,634.19,0.01,13.54,16.99,6.38,19.34,23.75,3.8
Guwahati,16-04-2022,5,947.95,0,14.91,25.75,7.57,66.37,80.42,5.45
Guwahati,17-04-2022,4,547.41,0,5.91,52.93,3.87,28.15,30.88,3.51
Guwahati,18-04-2022,4,547.41,0,6.6,55.07,2.92,26.63,29.51,4.05
Guwahati,19-04-2022,2,607.49,0,8.31,32.54,2.86,18.75,25.42,4.69
Guwahati,20-04-2022,2,587.46,0,6.08,35.05,2.56,19.1,21.49,3.13
Guwahati,21-04-2022,4,727.65,0.51,12,3.44,2.71,30.2,46.08,5
Guwahati,22-04-2022,5,834.47,0.06,11.65,12.52,4.77,51.44,62.56,4.75
Guwahati,23-04-2022,4,667.57,0,10.62,42.92,10.73,32.87,35.51,4.05
Guwahati,24-04-2022,4,640.87,0,7.45,57.22,4.05,31.33,35.72,2.82
Guwahati,25-04-2022,5,627.52,0,5.74,65.09,2.89,60.26,68.72,4.37
Guwahati,26-04-2022,4,734.33,0,9.94,21.1,2.98,33.21,42.48,4.37
Guwahati,27-04-2022,4,741,0,6.51,62.94,2.68,44.41,49.34,3.86
Guwahati,28-04-2022,3,640.87,0,6.17,45.78,2.89,21.57,25.05,3.39
Guwahati,29-04-2022,4,781.06,0,12,26.46,3.01,34.48,47.21,4.88
Guwahati,30-04-2022,2,534.06,0,3.04,55.07,1.36,11.21,11.76,1.57
Guwahati,01-05-2022,2,534.06,0,4.2,59.37,2.35,14.99,16.19,2.06
Guwahati,02-05-2022,4,741,1.63,11.48,0.88,3.25,35.91,52.86,9.5
Guwahati,03-05-2022,5,1028.06,0,14.05,19.31,7.87,58,65.81,5
Guwahati,04-05-2022,1,540.73,0,3.86,16.63,1.79,8.43,9.56,1.95
Guwahati,05-05-2022,2,620.84,0.01,9.42,16.45,2.56,16.55,24.35,4.43
Guwahati,06-05-2022,4,988.01,8.16,10.8,0.03,3.13,49.07,80.73,5.89
Guwahati,07-05-2022,4,1081.47,5.53,14.22,0.15,5.48,48.87,64.93,8.87
Guwahati,08-05-2022,4,974.66,12.29,8.83,0.02,5.84,47.22,66.33,16.72
Guwahati,09-05-2022,5,1094.82,0.12,19.02,8.14,3.93,68.64,86.57,4.81
Guwahati,10-05-2022,5,640.87,0,6.68,62.23,6.32,53.85,60.15,5.13
Guwahati,11-05-2022,4,554.08,0,7.28,30.04,7.09,25.19,27.5,3.55
Guwahati,12-05-2022,3,607.49,0,6.77,70.81,5.3,23.19,24.96,2.72
Guwahati,13-05-2022,4,614.17,0,9.77,55.07,8.34,25.85,29.65,3.93
Guwahati,14-05-2022,3,640.87,0,10.71,18.6,9.89,21.51,23.67,2.85
Guwahati,15-05-2022,1,420.57,0,5.48,20.74,2.74,8.44,10,2.66
Guwahati,16-05-2022,1,420.57,0.02,5.83,6.62,2.32,8.22,9.3,2.03
Guwahati,17-05-2022,1,417.23,0.08,5.65,2.62,2.18,7.16,8.54,2.25
Guwahati,18-05-2022,3,667.57,1.96,15.42,1.1,6.02,21.23,27.99,9.12
Guwahati,19-05-2022,1,413.89,0,5.4,40.77,2.62,9.61,11.48,2.53
Guwahati,20-05-2022,1,410.56,0,4.63,12.7,2.29,7.69,8.96,1.99
Guwahati,21-05-2022,2,534.06,0,8.05,23.6,5.6,17.45,21.41,3.93
Guwahati,22-05-2022,2,427.25,0.01,5.91,10.01,2.92,10.28,12.23,2.98
Guwahati,23-05-2022,3,647.54,0,9.94,33.26,7.09,24.31,27.66,3.64
Guwahati,24-05-2022,4,1014.71,3.97,17.82,0.25,6.44,45.52,72.88,14.19
Guwahati,25-05-2022,5,1174.93,2.99,16.96,1.65,4.89,70.76,87.18,5
Guwahati,26-05-2022,5,1014.71,0.03,13.71,14.31,4.89,58.59,62.81,3.64
Guwahati,27-05-2022,5,821.11,0,10.11,36.84,5.13,60.87,71.69,4.94
Guwahati,28-05-2022,5,1388.55,21.68,5.91,0,3.99,120.56,137.03,5.7
Guwahati,29-05-2022,5,1295.09,9.28,26.05,0.04,11.44,100.24,133.51,40.53
Guwahati,30-05-2022,5,1001.36,0.01,12.34,13.05,5.6,80.67,92.81,5.45
Guwahati,31-05-2022,4,947.95,0.3,15.77,4.25,4.77,48.72,65.58,5.95
Guwahati,01-06-2022,4,767.71,0.26,10.62,5.59,4.05,26.95,37.1,4.62
Guwahati,02-06-2022,5,961.3,0,16.11,39.7,14.31,50.56,56.46,4.75
Guwahati,03-06-2022,4,881.2,2.43,9.94,0.56,3.87,34.54,46.07,5.57
Guwahati,04-06-2022,3,640.87,0,12.17,22.17,8.7,22.03,25.65,4.31
Guwahati,05-06-2022,2,520.71,0,8.91,20.38,5.66,14.72,17.7,4.18
Guwahati,06-06-2022,4,754.36,0,20.56,29.33,8.11,35.85,43.09,12.29
Guwahati,07-06-2022,4,821.11,0.1,19.71,8.49,7.21,35.82,47.95,7.41
Guwahati,08-06-2022,4,694.27,0.02,19.88,8.49,10.49,27.02,30.72,3.83
Guwahati,09-06-2022,2,514.03,0.01,10.62,14.48,5.19,14.89,18.75,3.64
Guwahati,10-06-2022,3,694.27,0.01,15.08,12.87,13.47,23.47,26.07,3.99
Guwahati,11-06-2022,2,473.98,0,9.94,16.09,6.14,11.83,13.76,3.01
Guwahati,12-06-2022,2,487.33,0,10.2,20.21,6.32,13.25,16.77,4.37
Guwahati,13-06-2022,1,413.89,0,6.6,26.11,3.87,8.92,10.85,2.85
Guwahati,14-06-2022,2,520.71,0,6.08,26.11,3.28,13.15,15.74,3.1
Guwahati,15-06-2022,2,460.62,0,6.6,21.82,3.1,11.55,13.33,2.28
Guwahati,16-06-2022,2,487.33,0,6.51,17.34,2.86,12.32,13.83,2.41
Guwahati,17-06-2022,4,761.03,0.25,19.02,1.81,12.04,27.6,30.39,4.75
Guwahati,18-06-2022,2,494,0.1,9.34,2.53,3.99,12.28,15.22,3.45
Guwahati,19-06-2022,3,680.92,0,12,14.13,8.34,23.23,25.12,3.51
Guwahati,20-06-2022,3,594.14,0,9.34,28.97,5.42,20.29,22.42,3.17
Guwahati,21-06-2022,4,707.63,0,10.2,29.68,8.34,25.59,27.87,3.42
Guwahati,22-06-2022,4,947.95,0,9,27.54,6.62,44.92,49.4,3.64
Guwahati,23-06-2022,2,473.98,0,6.94,26.11,6.08,12.44,14.89,3.1
Guwahati,24-06-2022,3,540.73,0,9,47.21,6.02,21.72,27.07,4.69
Guwahati,25-06-2022,4,694.27,0.02,10.54,11.09,5.01,29.85,35.8,3.61
Guwahati,26-06-2022,4,814.44,0.59,13.54,4.07,4.35,34.29,41.75,4.18
Guwahati,27-06-2022,2,417.23,0,6.34,31.11,5.07,13.32,17.93,3.93
Guwahati,28-06-2022,2,500.68,0,8.05,37.55,5.25,17.74,21,3.45
Guwahati,29-06-2022,5,1014.71,0.21,23.99,13.05,15.26,55.94,62.44,7.85
Guwahati,30-06-2022,5,1134.87,9.28,22.28,0.03,11.44,57.68,67.84,17.99
Guwahati,01-07-2022,4,700.95,0.16,15.77,13.59,8.23,31.02,35.92,3.2
Guwahati,02-07-2022,4,841.14,0.02,18.85,21.46,10.61,34.04,41.73,5.32
Guwahati,03-07-2022,4,814.44,1.1,9.51,1.16,3.64,35.14,45.38,5.07
Guwahati,04-07-2022,4,921.25,0.82,12.85,1.97,4.89,38.87,48.42,7.16
Guwahati,05-07-2022,4,974.66,2.37,21.93,1.5,7.09,43.14,51.06,4.43
Guwahati,06-07-2022,4,974.66,0.02,16.11,14.31,8.11,48.56,62.06,9.5
Guwahati,07-07-2022,4,1014.71,0.47,19.36,5.72,6.14,46.77,58.88,4.18
Guwahati,08-07-2022,3,487.33,0,7.63,34.33,5.25,21.91,29.83,5.57
Guwahati,09-07-2022,1,353.81,0,4.97,21.28,2.98,9.04,10.91,1.39
Guwahati,10-07-2022,2,514.03,0.03,7.63,11.18,3.58,16,21.71,3.51
Guwahati,11-07-2022,2,480.65,0,5.4,32.19,4.29,15.56,18.01,2.5
Guwahati,12-07-2022,4,781.06,0.01,13.02,15.56,7.45,30.1,34.99,3.99
Guwahati,13-07-2022,4,1001.36,0.52,17.65,2.37,6.44,40.74,54.94,5.45
Guwahati,14-07-2022,3,640.87,0.06,10.54,8.94,2.62,20.24,26.18,3.55
Guwahati,15-07-2022,5,1174.93,3.21,16.62,0.06,6.56,52.54,66.51,5.64
Guwahati,16-07-2022,1,433.92,0,5.23,28.61,4.17,8.98,10.42,1.96
Guwahati,17-07-2022,2,487.33,0,5.48,17.17,3.28,18.53,21.38,2.31
Guwahati,18-07-2022,3,627.52,0.15,10.45,3.62,4.17,20.82,29.78,4.75
Guwahati,19-07-2022,2,340.46,0,5.57,57.22,5.07,12.18,14.48,3.32
Guwahati,20-07-2022,2,467.3,0,7.88,43.27,5.01,19.37,22.88,3.45
Guwahati,22-07-2022,2,480.65,0.1,7.11,5.81,2.86,13.2,14.54,2.69
Guwahati,23-07-2022,2,607.49,0.47,12.17,1.97,2.74,19.81,32.5,4.37
Guwahati,24-07-2022,1,447.27,0.02,6,6.35,4.17,7.94,9.15,2.22
Guwahati,25-07-2022,5,1188.28,10.84,15.42,0.04,7.09,55.41,75.2,11.78
Guwahati,26-07-2022,2,614.17,0.02,9.94,8.4,6.97,19.52,25.28,4.37
Guwahati,27-07-2022,4,881.2,1.02,13.71,1.79,6.44,39.26,51.61,6.46
Guwahati,28-07-2022,3,534.06,0,7.37,43.63,9.42,23.78,25.89,2.66
Guwahati,29-07-2022,4,687.6,0,9.68,23.6,8.46,31.76,35.91,3.64
Guwahati,30-07-2022,2,494,0,5.83,18.06,5.42,14.21,17.42,2.75
Guwahati,31-07-2022,4,774.38,0,7.71,39.7,5.42,26.15,27.59,2.82
Guwahati,01-08-2022,3,560.76,0,8.23,30.76,5.6,20.52,22.7,3.74
Guwahati,02-08-2022,4,894.55,0.07,13.37,7.6,9.06,39.94,46.99,5.07
Guwahati,03-08-2022,3,680.92,0.01,10.28,13.23,6.68,24.38,27.44,2.98
Guwahati,04-08-2022,3,754.36,0.01,8.31,12.87,7.09,23.22,26.68,2.85
Guwahati,05-08-2022,3,767.71,0.03,9.08,9.39,4.71,24.95,30.72,3.2
Guwahati,06-08-2022,1,423.91,0.02,9.17,9.48,3.99,9.61,12.89,2.82
Guwahati,07-08-2022,4,821.11,0,12,28.25,8.11,33.69,39.05,3.67
Guwahati,08-08-2022,2,580.79,0,6.6,17.17,4.35,16.94,20.08,2.82
Guwahati,09-08-2022,5,1148.22,9.05,13.37,0.11,5.01,50.87,73.22,7.35
Guwahati,10-08-2022,3,620.84,0.03,10.28,9.66,6.32,20.98,25.46,4.62
Guwahati,11-08-2022,4,667.57,0,12,16.63,6.32,27.41,36.49,5.76
Guwahati,12-08-2022,4,734.33,0.59,12,4.2,4.53,34,45.18,4.56
Guwahati,13-08-2022,1,427.25,0,5.74,24.68,4.41,9.29,12.15,3.32
Guwahati,14-08-2022,2,480.65,0,7.54,15.74,3.87,14.86,18.64,4.12
Guwahati,15-08-2022,2,534.06,0.03,6.94,12.16,5.13,14.41,17.52,3.96
Guwahati,16-08-2022,2,393.87,0,6.68,36.84,4.89,11.65,16.43,4.43
Guwahati,17-08-2022,4,907.9,6.03,10.28,0.11,5.07,35.9,53.26,7.16
Guwahati,18-08-2022,5,1028.06,1.77,16.11,1.54,5.78,57.57,76.18,7.98
Guwahati,19-08-2022,4,700.95,0.18,12.85,5.36,2.74,32.7,48.4,4.5
Guwahati,20-08-2022,5,1081.47,1.96,19.54,0.98,8.46,52.46,63.99,14.57
Guwahati,21-08-2022,2,587.46,0.01,6.08,15.74,2.65,15.07,18.22,2.56
Guwahati,22-08-2022,2,574.11,0.02,7.63,10.73,3.64,16.7,23.69,3.55
Guwahati,23-08-2022,3,574.11,0,8.31,17.34,4.83,21.23,26.44,3.13
Guwahati,24-08-2022,4,787.73,0.03,16.62,7.69,12.4,30.56,37.78,6.4
Guwahati,25-08-2022,2,460.62,0,6.51,42.56,4.95,14.65,19.68,4.94
Guwahati,26-08-2022,4,627.52,0,10.62,30.04,6.5,33.57,45.26,5.89
Guwahati,27-08-2022,4,534.06,0,7.03,43.27,5.01,37.38,43.69,4.43
Guwahati,28-08-2022,5,787.73,0,11.31,22.89,6.38,61.74,64.93,3.04
Guwahati,29-08-2022,3,580.79,0.01,7.54,13.77,5.01,24.76,28.86,3.7
Guwahati,30-08-2022,2,494,0,6.85,20.56,5.36,16.7,22.76,3.67
Guwahati,31-08-2022,4,767.71,0,12,23.6,7.21,33.21,38.67,3.7
Guwahati,01-09-2022,4,660.9,0,10.54,25.03,7.33,31.69,35.19,3.55
Guwahati,02-09-2022,4,834.47,0.01,15.08,12.34,10.25,34.9,40.32,4.69
Guwahati,03-09-2022,4,754.36,0,15.25,21.99,8.82,33.43,37.45,4.12
Guwahati,04-09-2022,4,654.22,0,8.74,35.05,4.59,27.88,28.95,2.47
Guwahati,05-09-2022,4,807.76,0,10.62,23.96,4.65,35.02,37,2.69
Guwahati,06-09-2022,4,714.3,0,12.68,19.31,4.71,25.3,28.22,3.26
Guwahati,07-09-2022,2,567.44,0,6.25,20.56,2.03,12.36,13.62,2.28
Guwahati,08-09-2022,2,507.35,0.17,9.6,2.21,2.68,14.46,20.04,3.77
Guwahati,09-09-2022,2,580.79,0.26,10.54,2.5,2.47,19.1,27.95,3.83
Guwahati,10-09-2022,2,567.44,0.01,11.65,15.02,2.8,19.77,28.97,6.97
Guwahati,11-09-2022,4,767.71,0.21,15.25,7.51,4.47,41.03,55.83,6.4
Guwahati,12-09-2022,1,410.56,0,5.83,18.95,5.6,9.62,10.92,2.94
Guwahati,13-09-2022,4,781.06,0.03,15.42,11.98,10.01,35.48,40.89,4.94
Guwahati,14-09-2022,4,934.6,0.05,16.96,8.76,10.85,42.25,47.9,5.13
Guwahati,15-09-2022,4,694.27,0.61,11.65,3.49,5.9,25.35,33.97,6.52
Guwahati,16-09-2022,4,654.22,0,11.31,15.56,8.58,27.66,33.55,5.07
Guwahati,17-09-2022,4,741,0,13.02,22.17,8.7,25.81,28.78,3.01
Guwahati,18-09-2022,5,1081.47,2.57,18.68,0.87,5.42,61.78,67.14,5.07
Guwahati,19-09-2022,4,1041.41,5.87,15.77,0.18,4.89,49.09,57.59,3.67
Guwahati,20-09-2022,2,460.62,0,4.41,25.39,4.77,10.75,12.3,1.95
Guwahati,21-09-2022,4,894.55,3.63,11.31,0.12,4.59,37.93,50.38,4.31
Guwahati,22-09-2022,4,694.27,0.66,12.51,1.7,6.32,25.98,33.78,5.83
Guwahati,23-09-2022,4,741,0.44,15.94,9.39,10.73,26.84,31.34,3.7
Guwahati,24-09-2022,4,988.01,1.93,19.36,0.53,7.63,39.91,50.05,7.16
Guwahati,25-09-2022,2,534.06,0,7.03,23.6,2.65,14.27,16.49,3.01
Guwahati,26-09-2022,2,514.03,0.01,6.43,12.7,2.35,12.77,15.13,3.2
Guwahati,27-09-2022,4,834.47,0,16.45,15.74,9.42,40.39,46.09,4.69
Guwahati,28-09-2022,4,747.68,0,12.51,20.38,7.75,31.77,38.76,5
Guwahati,29-09-2022,4,841.14,0,13.88,18.42,10.61,33.34,38.17,4.12
Guwahati,30-09-2022,5,1428.6,33.08,12,0,6.44,75.86,97.51,10.51
Guwahati,01-10-2022,5,988.01,4.19,13.71,0.06,3.67,50.62,77.87,6.46
Guwahati,02-10-2022,4,1014.71,7.49,12,0.04,4.35,48.36,64.42,6.46
Guwahati,03-10-2022,4,821.11,1.19,15.77,2.19,4.47,37.92,46.3,4.24
Guwahati,04-10-2022,4,974.66,5.59,16.45,0.08,8.82,38.96,52.93,15.07
Guwahati,05-10-2022,4,921.25,1.55,21.08,2.95,6.85,41.37,54.17,6.84
Guwahati,06-10-2022,4,934.6,0.2,15.25,4.2,5.6,44.04,51.49,5.45
Guwahati,07-10-2022,4,620.84,0,9.34,40.77,7.63,46.83,52.43,4.37
Guwahati,08-10-2022,4,660.9,0,7.03,47.21,6.91,36.82,39.6,3.39
Guwahati,09-10-2022,5,547.41,0,6.6,69.38,7.27,68.95,70.62,2.41
Guwahati,10-10-2022,4,654.22,0,8.23,29.68,5.78,30.86,32.93,3.39
Guwahati,11-10-2022,4,767.71,0,7.71,34.69,4.95,27.19,29.53,3.26
Guwahati,12-10-2022,2,580.79,0.04,13.37,9.75,5.13,12.37,13.96,2.91
Guwahati,13-10-2022,2,547.41,0,11.82,21.1,5.78,17.78,20.11,3.04
Guwahati,14-10-2022,4,794.41,0,13.88,18.06,10.25,39.6,45.95,5.95
Guwahati,15-10-2022,5,988.01,0.07,12.51,13.05,4.35,65.75,79.37,5.13
Guwahati,16-10-2022,5,1241.68,9.39,19.54,0.13,7.39,132.3,155.59,19.76
Guwahati,17-10-2022,5,934.6,9.39,6.6,0.02,3.34,73.65,97.87,9.37
Guwahati,18-10-2022,4,781.06,0.99,15.08,3.89,3.81,42.2,51.39,2.98
Guwahati,19-10-2022,4,700.95,0.04,10.71,14.31,3.99,43.6,56.65,3.7
Guwahati,20-10-2022,4,694.27,0,10.62,32.9,7.51,43.52,50.86,3.83
Guwahati,21-10-2022,4,714.3,2.37,12.51,0.66,2.95,37.77,56.87,5.95
Guwahati,22-10-2022,4,680.92,3.55,11.31,0.64,2.92,36.06,54.79,7.22
Guwahati,23-10-2022,3,514.03,0.73,10.88,3.58,2.35,23.88,35.49,6.52
Guwahati,24-10-2022,4,480.65,0.01,7.03,16.81,1.79,26.38,30,2.6
Guwahati,25-10-2022,1,277.04,0,2.44,59.37,0.72,3.19,3.56,0.89
Guwahati,26-10-2022,4,727.65,0.91,11.14,2.53,5.01,29.15,38.23,6.08
Guwahati,27-10-2022,5,1268.39,26.82,12.68,0,14.19,77.4,93.7,42.56
Guwahati,28-10-2022,5,1134.87,21.23,9.25,0,7.09,104.36,132.58,19.51
Guwahati,29-10-2022,5,827.79,10.51,7.54,0.03,3.1,50.36,73.41,6.97
Guwahati,30-10-2022,4,694.27,9.05,5.31,0.03,2.83,41.93,61.03,9.75
Guwahati,31-10-2022,4,714.3,9.05,4.63,0.03,2.56,49.13,68.27,7.73
Guwahati,01-11-2022,5,754.36,2.79,10.37,0.56,2.41,52.76,67.75,5.83
Guwahati,02-11-2022,5,1014.71,16.99,12,0.01,13.23,60.32,94.03,42.56
Guwahati,03-11-2022,5,1401.9,18.1,12.51,0.01,5.96,99.55,124.83,11.27
Guwahati,04-11-2022,5,1240,18.06,17.63,0,12.5,102.5,141,11.27
Guwahati,05-11-2022,4,906,18.75,5.64,0.01,3.34,72.25,106,8.49
Guwahati,06-11-2022,5,767.71,11.96,5.27,0.02,2.86,59.32,87.34,8.49
Guwahati,07-11-2022,5,867.84,19.45,6.51,0,5.48,66.62,99.72,16.97
Guwahati,08-11-2022,5,1148.22,20.34,16.45,0.01,15.74,86.8,118.99,45.09
Guwahati,09-11-2022,5,934.6,11.18,10.28,0.03,4.35,74.23,109.72,10.77
Guwahati,10-11-2022,5,988.01,19.45,7.11,0.01,4.71,78.38,114.34,12.41
Guwahati,11-11-2022,5,1268.39,23.47,19.02,0,17.17,88.04,128.68,50.16
Guwahati,12-11-2022,5,1588.82,28.61,15.77,0,10.73,117.35,150.05,22.55
Guwahati,13-11-2022,5,894.55,11.4,8.48,0.05,4.23,83.22,101.45,11.4
Guwahati,14-11-2022,5,734.33,2.91,12.85,0.74,2.38,54.07,74.62,7.03
Guwahati,15-11-2022,5,907.9,15.87,11.14,0.01,8.94,59.93,90.27,27.61
Guwahati,16-11-2022,5,1241.68,25.93,14.57,0,17.64,84.46,120.38,50.16
Guwahati,17-11-2022,5,801.09,1.75,16.79,2.37,3.93,61.74,79.04,6.84
Guwahati,18-11-2022,5,867.84,4.47,15.77,0.26,3.25,66.08,91.6,7.03
Guwahati,19-11-2022,5,747.68,5.2,16.62,0.61,4.29,51.74,72.87,13.05
Guwahati,20-11-2022,4,554.08,1.98,11.82,1.31,1.85,38.57,52.77,5.76
Guwahati,21-11-2022,5,774.38,7.82,9.77,0.05,2.41,54.94,81.27,7.47
Guwahati,22-11-2022,5,974.66,16.09,8.91,0,3.43,71.09,106.19,6.52
Guwahati,23-11-2022,5,1201.63,23.47,14.57,0,12.99,100.9,135.49,34.96
Guwahati,24-11-2022,5,1094.82,18.1,14.91,0.01,10.49,80.21,107.53,24.83
Guwahati,25-11-2022,4,747.68,7.38,15.59,0.37,4.17,48.72,67.96,12.16
Guwahati,26-11-2022,5,814.44,11.85,11.48,0.07,5.72,61.57,91.5,18.49
Guwahati,27-11-2022,5,1068.12,16.09,18.16,0.02,14.31,88.69,115.17,45.09
Guwahati,28-11-2022,5,801.09,10.06,9.94,0.09,3.61,67.94,91.19,10.77
Guwahati,29-11-2022,5,774.38,3.02,15.94,0.75,3.07,52.05,74.77,8.04
Guwahati,30-11-2022,5,827.79,10.39,9.25,0.01,3.1,55.56,84.96,8.87
Guwahati,01-12-2022,5,947.95,12.63,12,0.02,3.31,66.6,101.15,8.23
Guwahati,02-12-2022,5,1081.47,22.35,12,0,13.35,72.59,105.74,39.01
Guwahati,03-12-2022,5,1121.52,22.13,12.51,0.01,8.82,94.21,133.42,26.09
Guwahati,04-12-2022,5,1028.06,18.1,10.45,0.01,7.33,93.99,120.12,24.07
Guwahati,05-12-2022,5,680.92,4.47,11.65,0.46,3.46,51.79,69.5,12.67
Guwahati,06-12-2022,5,1161.58,11.06,21.42,0.09,4.47,96.44,128.14,9.88
Guwahati,07-12-2022,5,1321.79,3.63,23.65,0.7,5.13,124.43,147.73,6.71
Guwahati,08-12-2022,5,961.3,16.09,9.42,0.02,5.07,84.02,118.96,14.31
Guwahati,09-12-2022,5,961.3,17.21,10.54,0.02,6.85,76.4,111.81,20.01
Guwahati,11-12-2022,5,727.65,8.72,9,0.1,9.06,61.89,77.32,37.49
Guwahati,12-12-2022,5,934.6,14.75,14.39,0.02,11.8,79.91,109.62,45.6
Guwahati,13-12-2022,5,974.66,15.42,11.14,0.01,6.38,84.89,118.1,17.48
Guwahati,14-12-2022,5,1188.28,19.22,20.73,0.01,17.64,92.7,125,50.16
Guwahati,15-12-2022,5,1615.52,33.53,14.39,0,5.78,133.45,175.02,11.15
Guwahati,16-12-2022,5,1228.33,0.14,22.96,13.41,6.02,121.06,137.4,6.27
Guwahati,17-12-2022,5,1028.06,16.54,10.8,0.02,3.07,99.92,133.58,6.14
Guwahati,18-12-2022,5,600.81,0.73,12.68,4.16,1.8,51.38,64.33,4.94
Guwahati,19-12-2022,5,841.14,8.27,14.39,0.14,5.01,68.56,93.06,10.89
Guwahati,20-12-2022,5,1081.47,21.01,11.14,0,8.58,79.52,118.28,28.37
Guwahati,21-12-2022,5,1228.33,18.1,20.73,0.02,15.5,91.15,128.93,44.58
Guwahati,22-12-2022,5,1308.44,15.42,20.05,0.03,4.53,111.63,143.39,7.03
Guwahati,23-12-2022,5,1094.82,0.32,22.96,16.27,5.13,98.13,111.55,4.94
Guwahati,24-12-2022,5,1161.58,20.34,13.37,0.01,10.49,118.21,147.33,29.39
Guwahati,25-12-2022,5,974.66,0.59,14.91,5.68,3.28,89.49,102.8,6.08
Guwahati,26-12-2022,5,707.63,0.04,10.54,22.35,3.07,83.66,89.72,5.76
Guwahati,27-12-2022,5,1655.58,23.02,33.59,0.01,24.08,177.36,190.25,67.89
Guwahati,28-12-2022,5,988.01,0,12.34,29.68,3.04,151.77,158.9,4.31
Guwahati,29-12-2022,4,881.2,0.01,13.54,22.53,2.65,66.01,76.79,4.18
Guwahati,30-12-2022,4,907.9,3.44,13.02,0.66,2.41,62.64,80.87,5.64
Guwahati,31-12-2022,5,1455.31,17.66,16.11,0.03,4.89,118.99,147.04,9.12
Guwahati,01-01-2023,5,947.95,4.25,13.54,0.69,1.91,99.54,114.77,4.37
Guwahati,02-01-2023,4,834.47,2.35,13.88,1.07,1.97,71.69,89.47,4.5
Guwahati,03-01-2023,4,961.3,7.04,14.57,0.13,2.62,68.66,96.91,5
Guwahati,04-01-2023,4,907.9,14.98,10.11,0.01,7.99,61.85,93.11,24.57
Guwahati,05-01-2023,4,894.55,13.19,8.57,0.02,4.83,65.96,93.25,13.17
Guwahati,06-01-2023,4,827.79,10.73,15.25,0.17,5.07,53.3,71.32,9.63
Guwahati,07-01-2023,5,961.3,16.54,8.4,0.01,3.43,77.72,105.04,8.11
Guwahati,08-01-2023,5,961.3,6.65,17.31,0.51,4.77,89.89,108.67,11.27
Guwahati,09-01-2023,5,1108.17,16.99,10.45,0.01,7.63,113.36,138.16,22.55
Guwahati,10-01-2023,5,1174.93,13.41,14.57,0.04,7.99,140.22,177.78,22.8
Guwahati,11-01-2023,5,1815.8,18.33,23.65,0.03,9.3,184.83,224.03,20.52
Guwahati,12-01-2023,5,1361.85,7.93,23.65,0.47,4.77,134.64,158.83,7.09
Guwahati,13-01-2023,5,1134.87,0.01,14.57,28.97,3.99,170.59,187.74,5.32
Guwahati,14-01-2023,5,1842.5,12.29,24.33,0.07,8.11,275.02,311.37,17.99
Guwahati,15-01-2023,5,947.95,0,11.82,45.06,3.43,185.05,199.92,5.13
Guwahati,16-01-2023,5,1014.71,1.73,19.54,2.5,3.99,128.86,150.7,15.07
Guwahati,17-01-2023,5,1815.8,11.51,24.33,0.13,5.72,225.11,262.2,9.37
Guwahati,18-01-2023,5,1201.63,0.25,23.99,10.64,4.71,141.24,163.04,6.59
Guwahati,19-01-2023,5,1121.52,5.98,21.08,0.54,3.61,116.53,144.69,8.11
Guwahati,20-01-2023,5,1735.69,16.99,26.39,0.05,5.72,166.21,199.19,9.25
Guwahati,21-01-2023,5,1628.88,23.47,27.42,0.01,17.4,149.52,181.03,33.94
Guwahati,22-01-2023,5,934.6,8.27,12.68,0.16,4.17,119.07,147.81,15.07
Guwahati,23-01-2023,5,854.49,2.32,23.65,2.26,8.46,83.76,105.3,31.92
Guwahati,24-01-2023,5,907.9,2.93,19.54,1.45,3.99,85.89,110.86,12.67
Guwahati,25-01-2023,5,988.01,7.15,20.39,0.32,5.07,96.38,127.4,16.47
Guwahati,26-01-2023,5,1708.98,23.25,35.64,0.01,27.89,156.3,190.57,59.78
Guwahati,27-01-2023,5,1441.96,19.67,21.08,0.03,7.51,141.6,173.5,14.57
Guwahati,28-01-2023,5,1361.85,21.68,17.65,0.01,9.78,121.68,158.2,25.59
Guwahati,29-01-2023,5,961.3,6.15,16.28,0.25,5.01,116.61,142.87,18.49
Guwahati,30-01-2023,5,781.06,1.63,16.79,2.44,3.04,89.7,108,9.88
Guwahati,31-01-2023,5,1495.36,20.56,17.82,0.01,6.97,140.98,170.73,11.4
Guwahati,01-02-2023,5,947.95,0,13.71,45.78,5.19,113.35,127.68,8.61
Guwahati,02-02-2023,5,1321.79,0,10.45,80.11,6.26,280,299.42,6.02
Guwahati,03-02-2023,5,2216.34,15.2,38.04,0.07,7.99,259.97,298.49,10.64
Guwahati,04-02-2023,5,1789.09,3.21,33.24,2.95,6.08,226.28,256.14,8.11
Guwahati,05-02-2023,5,1108.17,0,10.8,50.78,4.17,196.12,211.84,6.21
Guwahati,06-02-2023,5,1094.82,0,11.14,61.51,4.71,207.59,223.4,7.6
Guwahati,07-02-2023,5,1188.28,0,16.11,30.4,4.95,187,205.06,6.65
Guwahati,08-02-2023,5,1121.52,0,25.7,30.4,5.07,149.99,172.06,10.39
Guwahati,09-02-2023,3,634.19,0,7.54,65.09,3.43,43.07,47.06,3.93
Guwahati,10-02-2023,4,734.33,0.01,15.59,25.39,3.01,52.38,66.1,5.83
Guwahati,11-02-2023,3,634.19,0,12.34,40.05,3.64,48.93,58.49,7.79
Guwahati,12-02-2023,4,694.27,0,11.31,30.4,2.5,59.52,67.68,5.19
Guwahati,13-02-2023,5,881.2,0.12,16.62,15.02,4.11,113.99,135.65,10.64
Guwahati,14-02-2023,5,1081.47,3.07,23.65,1.36,4.17,118.36,156.61,15.83
Guwahati,15-02-2023,5,1228.33,8.49,28.79,0.24,13.71,117.56,160.33,50.16
Guwahati,16-02-2023,5,2056.12,9.83,54.84,0.23,18.84,173.9,218.01,42.56
Guwahati,17-02-2023,5,1028.06,7.15,21.08,0.3,5.19,83.71,115.01,15.58
Guwahati,18-02-2023,5,1214.98,0.54,26.39,11.98,6.14,104.87,124.4,12.92
Guwahati,19-02-2023,5,761.03,0,10.71,65.8,5.25,105.51,117.94,15.71
Guwahati,20-02-2023,5,1068.12,0,17.48,37.19,6.14,143.59,161.62,13.93
Guwahati,21-02-2023,5,2750.4,29.5,52.78,0,27.18,292.37,347.65,67.89
Guwahati,22-02-2023,4,714.3,0,8.57,53.64,4.53,74.3,79.33,5.13
Guwahati,23-02-2023,5,1575.47,0.27,46.61,10.91,23.37,150.62,173.26,52.18
Guwahati,25-02-2023,4,714.3,0.04,8.57,23.96,2.12,50.37,58.38,4.31
Guwahati,26-02-2023,3,801.09,0.3,17.31,9.21,2.35,49.64,68.28,7.41
Guwahati,27-02-2023,5,1789.09,11.73,47.3,0.1,15.5,138.72,170.33,43.57
Guwahati,28-02-2023,4,834.47,0.01,15.77,26.82,3.1,66.31,85.15,5.83
Guwahati,01-03-2023,3,660.9,0,13.88,31.47,3.22,27.99,39.68,7.92
Guwahati,02-03-2023,4,1001.36,6.71,18.34,0.34,4.05,69.94,106.87,12.29
Guwahati,03-03-2023,5,1348.5,0.45,29.47,6.17,4.77,101.36,132.05,11.4
Guwahati,04-03-2023,5,1281.74,0.47,40.1,4.92,7.99,113.67,154.34,30.91
Guwahati,05-03-2023,5,807.76,4.08,11.31,0.86,3.99,84.82,106.71,15.96
Guwahati,06-03-2023,5,1201.63,0.95,28.79,3.26,5.9,102.4,127.83,24.07
Guwahati,07-03-2023,4,947.95,0.45,17.65,6.79,3.04,74.96,98.37,7.28
Guwahati,08-03-2023,4,988.01,0.81,18.34,4.52,2.95,72.66,102.54,6.84
Guwahati,09-03-2023,4,847.82,0,12.34,39.34,5.07,74.35,86.35,14.69
Guwahati,10-03-2023,4,787.73,0,10.8,54.36,5.6,66.57,75.63,13.43
Guwahati,11-03-2023,5,1241.68,6.03,32.56,0.42,9.42,94.56,125.75,26.09
Guwahati,12-03-2023,5,1081.47,0,15.77,38.27,4.71,129.3,145.36,17.23
Guwahati,13-03-2023,5,921.25,2.93,18.16,0.69,4.47,81.66,106.13,18.75
Guwahati,14-03-2023,4,988.01,0.01,22.28,20.03,6.44,57.32,70.54,16.72
Guwahati,15-03-2023,5,1535.42,0.09,34.96,14.13,8.11,121.57,149.68,23.05
Guwahati,16-03-2023,3,580.79,0,7.88,36.84,2.44,27.12,33.74,4.5
Guwahati,17-03-2023,2,814.44,0.04,15.77,18.24,3.31,23.79,36.62,8.04
Guwahati,18-03-2023,5,1455.31,0.11,32.56,11.98,6.14,81.85,93.05,6.97
Guwahati,19-03-2023,2,754.36,0.01,8.48,18.95,2,24.5,31.33,4.43
Guwahati,20-03-2023,2,680.92,0,7.8,30.76,3.43,17.07,19.61,3.29
Guwahati,21-03-2023,2,627.52,0,6.85,25.03,3.07,11.55,13.39,2.69
Guwahati,22-03-2023,3,834.47,0,10.62,37.91,8.46,25.78,29.39,4.05
Guwahati,23-03-2023,4,1028.06,0,8.91,70.81,4.77,62.75,66.36,3.55
Guwahati,24-03-2023,4,1054.76,0,6.6,67.95,2.89,63.35,66.84,3.51
Guwahati,25-03-2023,4,1241.68,0.18,23.99,9.57,8.34,73.15,91.34,22.8
Guwahati,26-03-2023,5,1789.09,0.14,21.76,11.09,7.45,112.9,124.85,8.87
Guwahati,27-03-2023,4,907.9,0,7.03,52.21,2.18,64.1,69.46,4.18
Guwahati,28-03-2023,5,1401.9,0.08,22.62,13.95,5.72,131.7,154.71,9.88
Guwahati,29-03-2023,3,554.08,0,5.01,49.35,3.04,25.75,29.35,3.55
Guwahati,30-03-2023,2,580.79,0,6.68,47.92,3.07,22.22,26.37,5.38
Guwahati,31-03-2023,4,881.2,0,13.71,26.11,2.92,55.28,68.66,5.13
Guwahati,01-04-2023,5,1148.22,0,14.39,46.49,6.56,103.59,111.12,3.99
Guwahati,02-04-2023,3,794.41,0,7.37,26.11,5.13,45.5,49.41,4.37
Guwahati,03-04-2023,5,1188.28,0.05,15.42,15.38,5.25,110.3,118.94,7.98
Guwahati,04-04-2023,2,687.6,0,6,33.62,3.55,21.56,25.46,3.45
Guwahati,05-04-2023,2,627.52,0,5.74,38.27,2.71,16.08,18.76,3.32
Guwahati,06-04-2023,3,714.3,0,8.14,33.26,2.44,32.3,38.77,4.12
Guwahati,07-04-2023,4,794.41,0.06,11.31,14.84,2.5,51.74,67.74,5.07
Guwahati,08-04-2023,4,841.14,0.04,14.91,16.99,2.74,64.6,83.73,5.57
Guwahati,09-04-2023,5,867.84,0.67,16.45,4.83,3.61,84.01,108.29,10.51
Guwahati,10-04-2023,5,867.84,1.56,15.59,2.01,2.8,103.84,126.79,6.65
Guwahati,11-04-2023,5,1028.06,0.06,20.73,16.27,3.61,126.03,152.35,10.77
Guwahati,12-04-2023,5,1041.41,0.09,17.65,13.77,3.16,103.38,129.29,6.59
Guwahati,13-04-2023,5,974.66,0,19.54,29.33,6.26,104.21,123.78,15.33
Guwahati,14-04-2023,5,961.3,0.11,20.39,13.23,3.99,94.13,119.91,13.55
Guwahati,15-04-2023,5,1628.88,5.31,36.67,0.63,10.73,157.31,188.79,27.36
Guwahati,16-04-2023,5,1281.74,0.12,23.31,8.94,6.32,138.73,162.39,19.76
Guwahati,17-04-2023,5,1174.93,0.64,17.99,4.56,4.83,113.79,135.02,10.64
Guwahati,18-04-2023,3,667.57,0,9,40.41,3.28,33.32,40.22,6.52
Guwahati,19-04-2023,5,1028.06,0,19.36,26.82,4.11,89.96,113.91,10.01
Guwahati,20-04-2023,3,640.87,0,6,52.21,3.22,33.85,37.59,5.89
Guwahati,21-04-2023,2,607.49,0,4.11,87.26,3.43,22.73,25.51,4.31
Guwahati,22-04-2023,3,687.6,0,8.65,41.84,5.25,27.38,32.18,4.24
Guwahati,23-04-2023,4,667.57,0,10.54,37.19,2.92,58.47,70.67,5.07
Guwahati,24-04-2023,3,827.79,0.96,14.91,2.32,3.99,37.84,48,12.16
Guwahati,25-04-2023,3,714.3,0,11.14,28.61,2.98,28.26,37.71,5.89
Guwahati,26-04-2023,3,1001.36,0.86,19.71,3.93,5.72,49.18,65.79,11.53
Guwahati,27-04-2023,3,747.68,0,12.17,25.03,3.37,32.16,45.41,6.33
Guwahati,28-04-2023,5,1081.47,0.09,22.96,15.38,5.54,102.94,124.48,11.15
Guwahati,29-04-2023,3,694.27,0,6.6,50.07,2.8,27.5,32.1,4.56
Guwahati,30-04-2023,2,767.71,0,4.97,66.52,2.06,23.91,26.51,3.1
Guwahati,01-05-2023,3,921.25,0,12,32.54,8.11,31.41,35.38,4.05
Guwahati,02-05-2023,3,814.44,0,6.77,50.78,5.48,28.26,32.74,3.83
Guwahati,03-05-2023,4,907.9,0,9.77,33.97,5.36,68.78,76.93,4.31
Guwahati,04-05-2023,5,767.71,0,7.71,80.82,6.26,86.46,89.63,2.34
Guwahati,05-05-2023,4,774.38,0,7.11,63.66,7.39,56.09,58.68,3.45
Guwahati,06-05-2023,5,1161.58,0.01,13.19,19.13,4.83,116.35,131.49,4.62
Guwahati,07-05-2023,5,974.66,0,12.68,21.64,2.86,125.92,142.24,7.09
Guwahati,08-05-2023,3,774.38,0,6.34,38.62,2.47,45.9,51.68,4.43
Guwahati,09-05-2023,3,654.22,0,7.37,40.77,3.07,41.76,48.14,5.45
Guwahati,10-05-2023,5,947.95,0.27,18.34,6.08,3.19,99.4,127.52,6.4
Guwahati,11-05-2023,5,847.82,0,13.54,24.32,3.93,106.98,130.4,6.84
Guwahati,12-05-2023,5,720.98,0,6.6,77.96,7.57,102.58,113.67,5.26
Guwahati,13-05-2023,4,654.22,0,9.51,38.27,4.05,54.2,63.81,13.68
Guwahati,14-05-2023,3,707.63,0.37,16.96,6.17,3.1,47.16,65.2,13.68
Guwahati,15-05-2023,2,373.84,0,1.48,77.25,1.15,17.78,18.37,2.44
Guwahati,16-05-2023,2,427.25,0,4.16,84.4,2.8,17.64,19.63,3.42
Guwahati,17-05-2023,2,433.92,0,3.26,55.07,2.03,10.49,11.53,1.95
Guwahati,18-05-2023,2,507.35,0,5.65,32.19,2.95,12.81,15.73,3.45
Guwahati,19-05-2023,1,467.3,0,7.8,33.26,6.62,9.42,11.22,2.79
Guwahati,20-05-2023,2,714.3,0,10.45,32.9,9.3,24.87,27.93,3.8
Guwahati,21-05-2023,2,647.54,0.01,11.14,16.99,3.52,20.65,27.5,3.8
Guwahati,22-05-2023,2,594.14,0.01,8.83,10.19,3.07,15.77,20.63,4.81
Guwahati,23-05-2023,3,707.63,0,10.88,19.13,3.13,26.3,34.4,4.05
Guwahati,24-05-2023,3,947.95,0.01,13.37,14.48,6.68,49.41,61.82,5.13
Guwahati,25-05-2023,4,1054.76,16.76,10.11,0,10.37,60.51,84.6,29.89
Hyderabad,30-11-2020,5,514.03,1.15,10.45,135.9,23.37,59.5,62.85,4.37
Hyderabad,01-12-2020,5,2029.42,23.02,47.3,0.02,24.08,150.99,175.15,10.89
Hyderabad,02-12-2020,5,2510.07,36.66,47.98,0,20.03,167.66,191.94,6.59
Hyderabad,03-12-2020,5,2857.21,6.71,87.74,1.2,29.33,233.19,257.01,19.51
Hyderabad,04-12-2020,5,2616.88,29.95,65.8,0.01,23.37,208.51,228.61,10.89
Hyderabad,05-12-2020,5,5714.42,109.08,73.34,0,30.99,378.92,412.52,26.6
Hyderabad,06-12-2020,5,2563.48,26.6,62.38,0.03,19.07,206.08,224.27,16.21
Hyderabad,07-12-2020,5,1522.06,0.01,45.93,36.48,16.45,151.7,165.38,5.32
Hyderabad,08-12-2020,5,1976.01,5.76,65.12,2.95,25.51,154.08,173.53,15.83
Hyderabad,09-12-2020,5,1615.52,0.42,56.21,16.63,24.32,111.96,127.92,16.97
Hyderabad,10-12-2020,5,1895.9,15.87,61.69,0.25,16.93,141.65,167.36,10.89
Hyderabad,11-12-2020,5,754.36,0,22.96,68.67,14.42,103.31,114.09,5.76
Hyderabad,12-12-2020,5,1121.52,0,37.01,50.07,14.78,149.3,164.58,4.56
Hyderabad,13-12-2020,5,814.44,0,22.28,57.94,11.09,147.32,158.52,2.6
Hyderabad,14-12-2020,5,854.49,0,24.68,62.23,12.76,125.84,135.97,6.21
Hyderabad,15-12-2020,5,821.11,0,21.59,62.23,15.97,136.25,147.7,3.83
Hyderabad,16-12-2020,5,2376.56,13.86,60.32,0.34,19.79,212.15,235.42,7.03
Hyderabad,17-12-2020,5,1642.23,1.03,50.72,10.01,21.22,108.65,123.2,9.63
Hyderabad,18-12-2020,5,1682.28,3.55,56.89,2.95,26.46,148.49,166.66,16.47
Hyderabad,19-12-2020,5,1789.09,0.84,62.38,10.55,27.18,151.74,164.5,16.47
Hyderabad,20-12-2020,5,1441.96,0.1,49.35,21.46,18.36,101.52,112.27,14.19
Hyderabad,21-12-2020,5,1922.61,0.92,65.12,10.28,27.9,135.58,148.93,17.23
Hyderabad,22-12-2020,5,3044.13,35.76,69.92,0,35.76,190.1,211.18,24.32
Hyderabad,23-12-2020,5,6515.5,135.9,76.77,0,35.29,404.14,446.96,33.95
Hyderabad,24-12-2020,5,947.95,0,24.68,76.53,15.97,152.3,165.17,6.59
Hyderabad,25-12-2020,5,1428.6,0,44.55,43.63,20.27,151.76,168.23,6.65
Hyderabad,26-12-2020,5,4432.68,74.21,69.23,0,29.09,331.82,369.01,13.81
Hyderabad,27-12-2020,5,2056.12,3.38,61.69,3.49,16.21,218.46,241.27,6.97
Hyderabad,28-12-2020,5,1895.9,1.75,55.52,5.9,16.45,241.3,262.82,8.23
Hyderabad,29-12-2020,5,1335.14,0,31.87,60.08,16.93,222.26,238.23,5.32
Hyderabad,30-12-2020,5,974.66,0,22.28,87.98,20.03,189.65,203.52,4.62
Hyderabad,31-12-2020,5,1121.52,0,30.85,73.67,21.94,166.91,180.93,6.9
Hyderabad,01-01-2021,5,1161.58,0,32.9,45.06,20.5,164.28,181.87,6.9
Hyderabad,02-01-2021,5,1161.58,0,31.53,58.65,17.41,190.87,207.58,6.84
Hyderabad,03-01-2021,5,1214.98,0,30.85,53.64,15.5,181.38,195.97,4.94
Hyderabad,04-01-2021,5,907.9,0,20.22,87.26,15.02,156.3,168.72,4.81
Hyderabad,05-01-2021,5,1108.17,0,32.56,55.08,17.17,124.51,143.99,5.13
Hyderabad,06-01-2021,5,774.38,0,21.94,40.05,16.45,54.61,65.82,3.55
Hyderabad,07-01-2021,5,727.65,0.03,25.36,27.9,20.98,51.36,55.31,2.95
Hyderabad,08-01-2021,5,3337.86,53.64,45.93,0,22.89,235.87,259.99,8.11
Hyderabad,09-01-2021,4,614.17,0,18.85,44.35,14.66,39.29,45.2,3.39
Hyderabad,10-01-2021,5,1014.71,0.01,30.85,36.84,14.19,76.79,89.38,6.97
Hyderabad,11-01-2021,5,1976.01,13.97,56.21,0.15,20.27,130.62,150.86,16.97
Hyderabad,12-01-2021,5,8544.92,205.64,76.77,0,51.5,548.76,601.41,46.61
Hyderabad,13-01-2021,5,4753.11,89.41,65.12,0,26.46,351.99,394.71,12.16
Hyderabad,14-01-2021,5,5554.2,119.81,59.63,0,31.47,349.42,389.67,29.13
Hyderabad,15-01-2021,5,5180.36,103.71,63.75,0,35.76,327.55,366.2,30.91
Hyderabad,16-01-2021,5,3231.05,50.96,60.32,0,20.98,253.45,286.49,10.89
Hyderabad,17-01-2021,5,1428.6,0.38,45.93,13.59,14.66,133.16,149.37,7.85
Hyderabad,18-01-2021,5,654.22,0,16.45,65.09,12.52,87.98,97.01,6.02
Hyderabad,19-01-2021,5,2162.93,12.52,58.26,0.24,22.41,152.75,175.72,11.53
Hyderabad,20-01-2021,5,2109.53,26.82,53.47,0.02,19.07,146.68,172.15,11.53
Hyderabad,21-01-2021,5,2964.02,59.9,68.55,0,20.74,166.83,199.16,19.25
Hyderabad,22-01-2021,5,7583.62,173.45,91.85,0,30.99,460.4,495.72,17.23
Hyderabad,23-01-2021,5,5126.95,104.61,67.17,0,31.95,305.51,345.86,17.48
Hyderabad,24-01-2021,5,1348.5,3.52,48.67,6.44,13.23,99.78,115.07,10.01
Hyderabad,25-01-2021,5,2162.93,20.34,58.95,0.27,15.74,134.35,153.85,9.88
Hyderabad,26-01-2021,5,1842.5,16.76,54.84,0.39,20.27,113.39,136,17.99
Hyderabad,27-01-2021,5,4859.92,88.51,87.05,0,27.18,290.1,329.24,20.27
Hyderabad,28-01-2021,5,1295.09,2.91,37.01,11.18,20.03,90.92,105.88,8.87
Hyderabad,29-01-2021,5,580.79,0,15.42,67.95,12.88,55.96,63.31,5.95
Hyderabad,30-01-2021,5,1335.14,3.58,47.98,6.53,18.84,63.65,78.96,14.31
Hyderabad,31-01-2021,5,2536.77,14.19,80.2,0.84,26.46,147.22,165.45,17.99
Hyderabad,01-02-2021,5,961.3,0,23.99,47.21,17.88,109.13,118.28,9.37
Hyderabad,02-02-2021,5,2429.96,22.8,61.01,0.05,27.9,188.96,208.65,22.29
Hyderabad,03-02-2021,5,3898.62,61.69,69.23,0,42.44,245.97,274.04,29.64
Hyderabad,04-02-2021,5,6942.75,148.42,82.94,0,47.21,435.78,492.93,43.57
Hyderabad,05-02-2021,5,1335.14,0.02,46.61,35.05,23.84,119.68,141.73,15.58
Hyderabad,06-02-2021,5,1001.36,0.01,37.01,45.78,23.37,91.72,109.61,12.67
Hyderabad,07-02-2021,5,3578.19,73.31,52.09,0,26.7,231.93,261.52,26.6
Hyderabad,08-02-2021,5,1041.41,0,29.47,97.28,26.46,98.92,107.78,11.65
Hyderabad,09-02-2021,5,2777.1,38,63.06,0,31.95,178.34,201.41,24.32
Hyderabad,10-02-2021,5,6462.1,130.53,78.14,0,47.68,382.32,431.31,38
Hyderabad,11-02-2021,5,5500.79,84.04,93.22,0,48.64,332.89,370.89,31.92
Hyderabad,12-02-2021,5,741.01,0,19.02,90.84,20.98,96.96,108.9,8.87
Hyderabad,13-02-2021,5,1308.44,0.03,42.5,33.98,23.13,107.14,123.73,15.33
Hyderabad,14-02-2021,5,2296.45,25.71,55.52,0.07,21.22,142.79,168.73,19.76
Hyderabad,15-02-2021,5,660.9,0,17.99,76.53,15.26,59.98,68.16,8.49
Hyderabad,16-02-2021,5,2483.37,24.81,61.69,0.2,26.94,159.59,188.65,21.79
Hyderabad,17-02-2021,5,620.84,0,16.62,76.53,15.26,65.87,73.17,7.47
Hyderabad,18-02-2021,5,480.65,0,11.82,97.28,14.31,79.44,86.39,3.96
Hyderabad,19-02-2021,5,947.95,0,28.45,77.25,25.03,107.25,116.79,10.51
Hyderabad,20-02-2021,5,867.84,0,25.71,90.12,33.85,98.29,104.76,6.9
Hyderabad,21-02-2021,5,674.25,0,14.74,87.98,20.74,95.35,102.74,7.09
Hyderabad,22-02-2021,5,2376.56,34.42,47.98,0,18.84,108.55,133.54,11.78
Hyderabad,23-02-2021,5,6355.29,99.24,98.71,0,53.41,399.33,447.11,38.51
Hyderabad,24-02-2021,5,3685,36.66,86.37,0,48.16,231.4,256.25,27.11
Hyderabad,25-02-2021,5,7797.24,166.3,86.37,0,67.71,444.1,491.66,39.01
Hyderabad,26-02-2021,5,7049.56,126.96,139.83,0,146.87,422.81,463.84,94.24
Hyderabad,27-02-2021,5,1441.96,9.39,53.47,1.5,18.12,117.29,136.34,14.95
Hyderabad,28-02-2021,5,1228.33,0.82,47.3,9.03,19.07,73.87,87.83,13.81
Hyderabad,01-03-2021,5,3738.4,52.75,78.83,0,51.02,189.63,213.41,23.56
Hyderabad,02-03-2021,5,2269.75,1.84,76.77,4.83,42.44,142.25,160.23,20.77
Hyderabad,03-03-2021,5,3524.78,31.29,82.25,0,51.5,204.24,235.21,25.08
Hyderabad,04-03-2021,5,2883.91,0.01,94.59,26.46,59.13,181.61,205.03,21.28
Hyderabad,05-03-2021,5,1281.74,0.04,45.24,26.11,25.75,82.56,101.02,15.45
Hyderabad,06-03-2021,5,2082.82,24.36,58.95,0.32,29.56,122.35,149.04,17.99
Hyderabad,07-03-2021,5,4432.68,46.49,95.96,0,61.04,234.31,269.09,33.44
Hyderabad,08-03-2021,5,881.2,0,25.71,58.65,20.03,58.95,74.93,11.78
Hyderabad,09-03-2021,4,480.65,0,12.85,60.08,13.11,31.57,39.12,7.22
Hyderabad,10-03-2021,4,480.65,0,13.02,61.51,12.52,25.95,32.59,7.28
Hyderabad,11-03-2021,2,453.95,0,14.05,53.64,12.76,15.89,20.84,7.22
Hyderabad,12-03-2021,3,714.3,0,25.71,34.69,18.36,24.54,32.17,10.64
Hyderabad,13-03-2021,4,794.41,0.01,28.45,30.4,17.64,25.59,34.3,11.27
Hyderabad,14-03-2021,5,2082.82,17.21,52.78,0.08,36.24,83.82,100.05,18.75
Hyderabad,15-03-2021,4,714.3,0,21.94,47.21,15.26,30.04,37.22,9.88
Hyderabad,16-03-2021,4,587.46,0,16.28,68.67,16.21,30.38,36.22,7.92
Hyderabad,17-03-2021,4,787.74,0,25.02,50.07,19.31,47.84,57.57,10.51
Hyderabad,18-03-2021,4,560.76,0,14.4,59.37,14.54,41.11,48.54,6.97
Hyderabad,19-03-2021,5,647.54,0,17.14,62.94,19.07,51.03,61.27,7.92
Hyderabad,20-03-2021,5,1081.47,0,36.33,37.19,23.84,69.61,84.75,12.67
Hyderabad,21-03-2021,5,841.14,0,23.65,47.21,19.07,86.44,99.56,11.15
Hyderabad,22-03-2021,5,1895.9,8.83,51.41,0.41,30.99,115.87,135.79,18.49
Hyderabad,23-03-2021,5,1174.93,0,33.93,55.79,28.61,120.56,138.36,12.41
Hyderabad,24-03-2021,5,1148.22,0,33.24,41.49,25.27,117.42,136.07,13.81
Hyderabad,25-03-2021,5,1201.63,0,35.64,55.08,23.13,113.65,128.28,11.15
Hyderabad,26-03-2021,5,2883.91,11.4,86.37,0.2,60.08,174.74,196.88,23.31
Hyderabad,27-03-2021,5,2563.48,0.29,87.74,13.23,50.07,164.62,187.09,21.53
Hyderabad,28-03-2021,5,2777.1,12.18,80.88,0.04,51.02,178.36,209.74,20.77
Hyderabad,29-03-2021,5,2323.15,0.1,80.88,18.95,48.64,138.56,171.48,30.65
Hyderabad,30-03-2021,5,3738.4,27.05,102.82,0.12,61.99,205.82,249.92,23.81
Hyderabad,31-03-2021,5,2082.82,27.05,55.52,0.01,36.72,130.07,181.13,19.25
Hyderabad,01-04-2021,5,1642.23,29.5,48.67,0.01,30.04,81.53,118.24,22.04
Hyderabad,02-04-2021,5,4699.71,90.3,94.59,0,90.6,244.84,358.81,48.64
Hyderabad,03-04-2021,5,3337.86,50.52,91.85,0,61.99,183.07,283.13,39.01
Hyderabad,04-04-2021,5,1255.04,0.03,45.93,47.21,25.75,105.53,166.9,17.73
Hyderabad,05-04-2021,5,3524.78,36.66,74.03,0,49.59,211.96,263.63,24.57
Hyderabad,06-04-2021,4,654.22,0,17.65,63.66,18.6,43.42,55.95,8.74
Hyderabad,07-04-2021,4,627.52,0,15.25,71.53,15.26,40.49,54.22,7.6
Hyderabad,08-04-2021,5,1228.33,0,41.47,51.5,26.46,72.93,93.27,11.27
Hyderabad,09-04-2021,5,2536.77,14.53,82.25,0.14,48.16,141.8,170.75,22.04
Hyderabad,10-04-2021,4,687.6,0,19.54,68.67,27.18,41.77,62.45,9.12
Hyderabad,11-04-2021,4,934.6,0,29.82,36.48,22.41,41.79,50.42,5.07
Hyderabad,12-04-2021,4,480.65,0,10.45,76.53,13.95,25.75,32.54,4.88
Hyderabad,13-04-2021,5,3070.83,31.29,73.34,0,41.49,149.34,170.52,22.8
Hyderabad,14-04-2021,5,2750.4,27.27,61.01,0,29.56,125.8,145.83,11.15
Hyderabad,15-04-2021,5,2376.56,21.91,64.43,0.01,26.23,108.44,128.69,11.02
Hyderabad,16-04-2021,2,520.71,0,14.57,34.69,16.69,12.6,16.71,7.16
Hyderabad,17-04-2021,4,594.14,0,13.54,75.1,16.21,39.62,46.6,7.79
Hyderabad,18-04-2021,5,3257.75,35.76,72.66,0,33.85,167.13,187.77,20.27
Hyderabad,19-04-2021,5,847.82,0.01,24.68,36.48,14.66,53.25,67.16,10.51
Hyderabad,20-04-2021,5,1268.39,0.07,41.47,21.64,21.94,93.69,124.58,14.69
Hyderabad,21-04-2021,5,620.84,0,14.22,92.98,19.55,66.5,79.74,7.03
Hyderabad,22-04-2021,5,834.47,0,22.62,55.79,18.6,60.81,75.54,10.39
Hyderabad,23-04-2021,4,854.49,0,23.99,60.08,15.5,46.99,57.86,8.49
Hyderabad,24-04-2021,4,781.06,0,22.96,57.22,15.02,45.53,56.89,9.25
Hyderabad,25-04-2021,5,714.3,0,19.36,61.51,13.71,54.87,69.81,7.35
Hyderabad,26-04-2021,4,654.22,0,16.11,55.08,15.02,37.49,48.45,8.61
Hyderabad,27-04-2021,5,660.9,0,16.97,75.82,14.31,53.57,64.41,7.35
Hyderabad,28-04-2021,5,2536.77,28.39,71.97,0.01,24.08,158.9,214.07,17.99
Hyderabad,29-04-2021,5,5500.79,89.41,126.12,0,113.49,302.18,362.28,80.05
Hyderabad,30-04-2021,5,2002.72,19.22,54.15,0.03,26.23,118.85,154.34,20.01
Hyderabad,01-05-2021,4,574.11,0,14.74,70.81,17.64,40.29,52.39,7.6
Hyderabad,02-05-2021,4,534.06,0,14.22,45.06,14.19,33.68,44.17,7.03
Hyderabad,03-05-2021,5,1842.5,12.07,52.78,0.21,26.23,93.7,114.56,17.99
Hyderabad,04-05-2021,5,1068.12,0,37.01,53.64,23.37,71.6,83.29,12.03
Hyderabad,05-05-2021,5,1655.58,6.48,65.12,7.69,24.08,74.48,91.48,13.43
Hyderabad,06-05-2021,4,841.14,0,30.16,40.05,26.23,49.92,61.2,11.91
Hyderabad,07-05-2021,4,747.68,0.17,27.08,17.88,18.6,27.26,36.56,10.39
Hyderabad,08-05-2021,3,881.2,1.15,29.13,7.15,22.65,24.06,30.66,10.77
Hyderabad,09-05-2021,1,433.92,0.01,9.08,29.33,9.06,7.21,10.15,5.38
Hyderabad,10-05-2021,5,4539.49,100.14,61.01,0,41.96,189.92,233.63,30.91
Hyderabad,11-05-2021,5,1682.28,29.06,34.27,0.02,17.17,63.96,97.21,15.96
Hyderabad,12-05-2021,3,560.76,0,11.31,80.11,10.85,21.92,27.64,6.9
Hyderabad,13-05-2021,4,420.57,0,6.68,113.01,7.39,32.69,40.19,6.08
Hyderabad,14-05-2021,4,500.68,0,13.02,67.95,12.16,36.12,45.08,7.85
Hyderabad,15-05-2021,3,467.3,0,11.48,67.95,14.42,24.17,29.34,4.75
Hyderabad,16-05-2021,1,303.75,0,5.91,53.64,5.9,6.04,8.26,1.55
Hyderabad,17-05-2021,3,560.76,0.07,17.65,17.17,14.19,21.28,25.04,2.72
Hyderabad,18-05-2021,3,420.57,0,10.28,48.64,10.97,20.33,23.81,4.18
Hyderabad,19-05-2021,1,323.77,0,9.94,47.21,15.02,8.48,11.5,3.26
Hyderabad,20-05-2021,1,370.5,0,10.03,58.65,7.33,7.5,12.4,2.69
Hyderabad,21-05-2021,1,387.19,0,8.23,61.51,6.68,5.98,11.4,6.46
Hyderabad,22-05-2021,4,433.92,0,6.86,101.57,6.56,32.9,39.14,5.38
Hyderabad,23-05-2021,5,1588.82,0.36,57.58,11.62,22.41,110.09,153.03,17.23
Hyderabad,24-05-2021,5,447.27,0,8.65,82.97,8.58,61.11,94.79,7.73
Hyderabad,25-05-2021,4,397.21,0,9.94,54.36,12.28,29.2,47.13,7.79
Hyderabad,26-05-2021,4,453.95,0,13.54,50.78,8.94,34.73,62.65,10.39
Hyderabad,27-05-2021,4,520.71,0,20.56,39.7,11.09,33.69,79.76,10.77
Hyderabad,28-05-2021,2,323.77,0,9.6,55.08,7.63,13.96,32.32,7.09
Hyderabad,29-05-2021,2,330.45,0,9.68,60.08,9.54,11.61,19.32,6.27
Hyderabad,30-05-2021,2,333.79,0,8.05,75.82,7.39,16.4,22.14,6.08
Hyderabad,31-05-2021,2,393.87,0,9.08,65.8,7.51,14.74,20.65,8.49
Hyderabad,01-06-2021,2,353.81,0,7.2,75.82,6.14,11.7,15.34,3.99
Hyderabad,02-06-2021,2,397.21,0,9.68,77.96,7.99,15.28,18.43,1.87
Hyderabad,03-06-2021,5,3284.45,95.67,33.59,0,37.67,141.81,202.4,28.37
Hyderabad,04-06-2021,4,847.82,0.73,29.82,8.67,12.76,32.64,49.65,6.02
Hyderabad,05-06-2021,4,640.87,0.02,20.74,26.11,9.3,42.58,61.44,4.5
Hyderabad,06-06-2021,4,467.3,0,9,90.12,8.58,47.39,53.27,1.43
Hyderabad,07-06-2021,3,527.38,0,14.74,47.92,7.45,22.42,31.16,4.12
Hyderabad,08-06-2021,2,367.17,0,13.88,36.48,9.78,10.6,19.34,8.87
Hyderabad,09-06-2021,1,330.45,0,10.28,43.63,8.58,8.11,10.24,2.44
Hyderabad,10-06-2021,1,277.04,0.01,8.91,27.18,4.95,3.38,4.55,1.58
Hyderabad,11-06-2021,1,267.03,0.02,8.05,22.35,4.05,4.01,5.41,1.92
Hyderabad,12-06-2021,1,253.68,0,5.4,33.98,3.76,3.17,4.67,3.2
Hyderabad,13-06-2021,1,280.38,0,6.51,33.26,3.87,3.38,4.13,1.09
Hyderabad,14-06-2021,1,260.35,0,5.23,35.05,3.73,2.8,3.63,1.16
Hyderabad,15-06-2021,1,313.76,0.01,9,26.46,4.71,4.78,6.36,2.38
Hyderabad,16-06-2021,1,317.1,0,7.97,33.98,3.73,4.78,6.88,1.88
Hyderabad,17-06-2021,1,287.06,0.01,8.65,26.82,4.47,5.49,7.18,1.62
Hyderabad,18-06-2021,1,273.71,0.05,7.63,18.06,4.53,6.89,8.43,2.34
Hyderabad,19-06-2021,1,250.34,0,5.91,35.76,3.46,3.27,4.89,3.01
Hyderabad,20-06-2021,1,233.65,0,4.16,33.26,2.59,2.93,3.91,2.31
Hyderabad,21-06-2021,1,253.68,0,5.48,43.63,4.47,4.55,6.39,4.56
Hyderabad,22-06-2021,1,353.81,0.01,14.22,29.68,9.18,6.28,11.21,8.23
Hyderabad,23-06-2021,1,297.07,0,9.25,37.19,6.26,3.45,6.48,6.59
Hyderabad,24-06-2021,1,340.46,0.01,12.68,26.11,9.42,7.44,12.83,8.04
Hyderabad,25-06-2021,1,280.38,0.01,7.63,26.82,4.23,4.68,6.7,4.24
Hyderabad,26-06-2021,1,303.75,0.01,10.03,25.75,4.77,5.27,6.85,2.34
Hyderabad,27-06-2021,1,303.75,0.01,8.48,26.46,4.29,4.12,5.67,1.49
Hyderabad,28-06-2021,1,337.12,0.03,10.54,21.64,5.19,6.8,9.01,1.93
Hyderabad,29-06-2021,3,500.68,0,17.82,42.92,12.04,21.89,29.55,3.17
Hyderabad,30-06-2021,2,433.92,0.01,16.62,30.4,11.21,14.09,22.14,8.49
Hyderabad,01-07-2021,5,2376.56,42.92,49.35,0,25.27,104.29,136.89,11.15
Hyderabad,02-07-2021,1,363.83,0.2,14.4,12.52,10.49,8.64,12.39,2.47
Hyderabad,03-07-2021,1,300.41,0.02,8.23,25.75,4.29,4.59,8.21,3.83
Hyderabad,04-07-2021,2,614.17,3.19,23.65,6.17,9.3,17.67,30.57,9.12
Hyderabad,05-07-2021,2,473.98,0.3,17.82,12.52,7.87,13.63,27.79,10.39
Hyderabad,06-07-2021,5,1575.47,18.33,50.72,0.02,29.56,60.96,74.69,7.22
Hyderabad,07-07-2021,4,680.92,4.75,23.99,1.23,10.37,25.84,44.2,4.12
Hyderabad,08-07-2021,3,627.52,1.79,23.31,3.58,10.85,24.7,35.79,3.04
Hyderabad,09-07-2021,3,514.03,0.2,17.31,13.41,8.82,23.09,30.22,2.91
Hyderabad,10-07-2021,2,407.22,0.21,17.65,11.62,8.82,15.81,20.33,2.06
Hyderabad,11-07-2021,1,333.79,0.12,10.97,13.41,5.13,7.72,9.07,1.17
Hyderabad,12-07-2021,1,307.08,0.01,8.48,25.75,5.19,5.01,6.15,1.22
Hyderabad,13-07-2021,1,297.07,0.04,8.57,19.49,5.25,4.74,5.82,1.17
Hyderabad,14-07-2021,1,287.06,0.05,8.65,17.52,4.23,4.28,5.05,0.9
Hyderabad,15-07-2021,1,280.38,0.02,7.97,23.96,4.17,4.26,5,0.85
Hyderabad,16-07-2021,1,327.11,0.01,9.25,32.9,4.89,6.53,8.37,1.39
Hyderabad,17-07-2021,1,363.83,0.02,13.02,26.46,7.27,9.6,12.17,1.65
Hyderabad,18-07-2021,2,423.91,0.05,15.77,20.92,9.78,12.53,17.88,2.63
Hyderabad,19-07-2021,1,347.14,0.22,10.97,11.8,6.68,6.19,9.42,2.03
Hyderabad,20-07-2021,1,277.04,0.01,7.8,26.11,4.17,2.89,3.72,0.93
Hyderabad,21-07-2021,1,257.02,0.01,7.63,26.11,4.23,3.69,4.67,1.09
Hyderabad,22-07-2021,1,243.66,0.01,6.17,25.03,2.5,2.67,3.1,0.58
Hyderabad,23-07-2021,1,253.68,0.02,7.28,23.25,3.82,5.09,5.93,1.06
Hyderabad,24-07-2021,1,273.71,0.02,8.05,24.68,4.47,7.68,8.85,1.25
Hyderabad,25-07-2021,1,257.02,0.05,6.77,17.88,4.65,2.59,4.06,2.91
Hyderabad,26-07-2021,1,247,0,6,30.76,4.47,3.01,4.52,3.39
Hyderabad,27-07-2021,1,263.69,0,6.77,32.9,5.13,2.89,4.28,2.85
Hyderabad,28-07-2021,1,257.02,0.01,6.26,28.25,4.41,3.36,5.05,3.33
Hyderabad,29-07-2021,1,250.34,0,6,32.19,4.47,6.49,8.44,3.64
Hyderabad,30-07-2021,1,243.66,0.01,6.17,28.97,3.82,8.98,10.99,2.19
Hyderabad,31-07-2021,1,250.34,0.01,6.34,24.32,4.11,8.61,10.89,3.48
Hyderabad,01-08-2021,1,230.31,0,5.14,31.11,3.52,3.96,5.53,3.74
Hyderabad,02-08-2021,1,243.66,0.01,5.06,29.68,4.05,5.67,7.82,3.61
Hyderabad,03-08-2021,1,263.69,0,6.68,38.98,5.72,5.62,8.31,4.37
Hyderabad,04-08-2021,1,263.69,0,7.88,32.54,6.02,4.19,6.01,3.1
Hyderabad,05-08-2021,1,263.69,0.01,7.11,30.4,5.36,3.15,4.76,3.55
Hyderabad,06-08-2021,1,273.71,0.02,7.54,25.39,5.48,5.46,7.59,3.86
Hyderabad,07-08-2021,2,353.81,0.01,13.2,28.25,8.82,12.89,19.6,5.51
Hyderabad,08-08-2021,1,297.07,0,7.8,36.48,5.25,8.48,12.96,4.24
Hyderabad,09-08-2021,3,734.33,8.27,19.36,0.54,7.27,23.62,41.51,3.9
Hyderabad,10-08-2021,2,390.53,0.04,14.22,22.71,9.42,12.33,18.91,3.26
Hyderabad,11-08-2021,1,363.83,0.02,10.88,26.11,6.02,5.2,9.29,6.71
Hyderabad,12-08-2021,1,357.15,0,9.43,45.78,6.68,7.64,10.87,4.24
Hyderabad,13-08-2021,2,370.5,0.01,13.88,29.33,9.89,10.79,16.3,5
Hyderabad,14-08-2021,4,867.84,9.84,26.05,0.92,10.01,29.98,49.74,6.46
Hyderabad,15-08-2021,1,250.34,0,6.08,34.69,3.19,2.69,4.57,5.38
Hyderabad,16-08-2021,1,317.1,0.01,10.63,29.68,6.5,7.39,10.07,2.28
Hyderabad,17-08-2021,1,320.44,0.02,11.82,24.68,5.54,9.8,11.2,1.24
Hyderabad,18-08-2021,1,333.79,0.01,10.2,26.82,4.11,7.89,9.01,1.06
Hyderabad,19-08-2021,1,313.76,0.05,11.31,19.67,6.26,7.38,9.29,1.9
Hyderabad,20-08-2021,1,260.35,0.02,7.88,25.39,3.87,4.09,6.05,2.38
Hyderabad,21-08-2021,2,500.68,4.3,17.65,0.91,7.87,14.68,26.41,2.98
Hyderabad,22-08-2021,1,327.11,0.16,9.43,13.77,5.19,6.05,10.89,2.03
Hyderabad,23-08-2021,4,634.19,1.69,21.76,9.48,9.42,25.72,32.46,2.22
Hyderabad,24-08-2021,5,1001.36,4.81,32.9,1.34,12.16,53.18,72.77,3.61
Hyderabad,25-08-2021,5,1522.06,33.53,22.28,0,13.71,72.41,102.72,5.76
Hyderabad,26-08-2021,3,487.33,0.62,17.65,8.32,8.23,20.56,30.19,2.6
Hyderabad,27-08-2021,3,674.25,14.75,13.02,0.02,9.78,23.09,39.91,3.48
Hyderabad,28-08-2021,2,440.6,2.99,15.42,2.08,7.75,11.83,18.39,2.09
Hyderabad,29-08-2021,2,403.88,0.78,15.42,4.34,6.62,16.84,21.68,1.93
Hyderabad,30-08-2021,2,357.15,0.04,9.08,20.56,4.59,14.34,15.85,1.49
Hyderabad,31-08-2021,1,310.42,0.01,9,30.4,4.29,6.45,7.15,0.75
Hyderabad,01-09-2021,2,487.33,0.88,16.79,5.99,10.01,13.14,20.47,2.76
Hyderabad,02-09-2021,4,961.3,16.54,18.51,0.04,12.52,39.94,63.65,4.69
Hyderabad,03-09-2021,4,781.06,10.28,20.91,0.55,15.74,30.2,40.73,3.36
Hyderabad,04-09-2021,1,407.22,0.34,14.05,12.34,5.6,8.45,11.64,1.58
Hyderabad,05-09-2021,1,313.76,0.03,8.48,21.28,3.37,4.9,5.77,0.93
Hyderabad,06-09-2021,1,380.52,0.05,11.14,19.31,6.26,8.87,10.18,1.55
Hyderabad,07-09-2021,2,350.48,0.08,13.02,16.81,6.02,10.68,12.29,1.3
Hyderabad,08-09-2021,1,277.04,0.01,7.63,26.46,3.31,3.54,5.05,1.49
Hyderabad,09-09-2021,1,270.37,0,7.28,34.33,4.29,3.81,6.01,2.6
Hyderabad,10-09-2021,1,290.39,0.01,10.45,27.54,6.62,4.47,6.86,3.42
Hyderabad,11-09-2021,1,293.73,0.01,10.8,26.11,6.8,7.09,10.3,3.17
Hyderabad,12-09-2021,1,260.35,0.01,7.03,25.39,4.23,3.54,4.88,1.46
Hyderabad,13-09-2021,1,240.33,0,5.57,34.33,3.19,3.78,5.19,1.98
Hyderabad,14-09-2021,1,273.71,0.01,7.28,28.61,4.35,4.27,5.79,1.82
Hyderabad,15-09-2021,1,300.41,0.04,9.34,20.92,5.01,3.42,5.34,2.06
Hyderabad,16-09-2021,2,420.57,0.62,16.28,8.4,6.86,10.22,19.82,3.71
Hyderabad,17-09-2021,2,567.44,1.84,21.25,4.83,8.94,18.7,33.36,3.48
Hyderabad,18-09-2021,2,547.41,1.05,21.42,6.71,8.82,19.47,33.92,3.67
Hyderabad,19-09-2021,4,594.14,0.28,21.76,12.52,8.11,27.35,44.79,4.88
Hyderabad,20-09-2021,3,473.98,0.43,17.82,9.92,7.51,20.91,32.35,2.69
Hyderabad,21-09-2021,4,687.6,4.19,21.76,1.3,10.01,31.32,43.37,2.82
Hyderabad,22-09-2021,1,387.19,0.18,14.57,12.88,6.8,8.87,11.73,1.82
Hyderabad,23-09-2021,1,343.8,0.15,12.85,13.59,5.78,8.15,10.31,1.66
Hyderabad,24-09-2021,2,440.6,0.71,18.51,5.81,8.35,13.75,16.31,1.71
Hyderabad,25-09-2021,4,747.68,12.74,15.59,0.05,9.54,25.34,44.22,3.48
Hyderabad,26-09-2021,2,370.5,0.03,11.14,21.1,5.84,14.79,17.6,2.01
Hyderabad,27-09-2021,2,360.49,0.06,11.31,17.52,5.72,11.92,13.49,1.52
Hyderabad,28-09-2021,1,323.77,0.01,9,26.46,3.73,6.61,7.24,0.79
Hyderabad,29-09-2021,1,337.12,0.07,10.8,19.31,5.72,5.74,9.94,2.76
Hyderabad,30-09-2021,2,440.6,0.14,15.25,21.1,7.87,15.23,28.96,2.63
Hyderabad,01-10-2021,5,3417.97,112.65,23.65,0,25.03,159.81,205.21,14.69
Hyderabad,02-10-2021,5,1054.76,0,30.85,52.21,34.33,95.23,100.49,3.71
Hyderabad,03-10-2021,5,1068.12,1.98,32.9,3.89,14.9,54.07,62.81,3.04
Hyderabad,04-10-2021,5,3070.83,62.59,36.67,0,21.7,142.32,163.59,5.76
Hyderabad,05-10-2021,5,2029.42,35.32,30.16,0,21.46,109.72,128.43,7.85
Hyderabad,06-10-2021,5,947.95,0.41,29.82,10.37,25.99,54.87,58.99,3.61
Hyderabad,07-10-2021,4,801.09,0.1,29.13,18.06,27.18,44.52,48.24,3.8
Hyderabad,08-10-2021,4,640.87,0,23.31,39.7,15.5,42.24,50.86,2.79
Hyderabad,09-10-2021,4,754.36,5.42,23.31,1.06,10.49,31.05,51.34,3.8
Hyderabad,10-10-2021,3,594.14,0.08,14.74,17.52,6.14,23.76,32.03,2.66
Hyderabad,11-10-2021,4,847.82,3.49,19.02,1.3,7.63,39.47,52.98,3.52
Hyderabad,12-10-2021,5,2883.91,46.05,48.67,0,25.27,186.75,223.84,13.3
Hyderabad,13-10-2021,5,4165.65,79.57,55.52,0,27.66,270.01,308.98,10.51
Hyderabad,14-10-2021,5,3845.22,89.41,49.35,0,23.84,243.79,295.09,12.67
Hyderabad,15-10-2021,5,847.82,0.19,31.53,16.99,11.8,76.11,94.65,8.36
Hyderabad,16-10-2021,5,574.11,0,10.97,113.01,17.41,62.39,63.78,1.44
Hyderabad,17-10-2021,5,1241.68,11.18,26.39,0.07,13.47,63.07,75.64,6.08
Hyderabad,18-10-2021,2,540.73,0,7.54,69.38,6.38,12.56,14.77,1.31
Hyderabad,19-10-2021,5,574.11,0,15.77,72.24,10.25,77.51,94.91,7.22
Hyderabad,20-10-2021,5,1174.93,4.02,40.1,2.75,14.66,83.52,107.44,13.81
Hyderabad,21-10-2021,5,947.95,0.04,34.62,27.18,14.54,76.61,95.41,12.16
Hyderabad,22-10-2021,5,2429.96,57.22,37.36,0,19.31,143.5,171.75,13.17
Hyderabad,23-10-2021,5,4753.11,126.96,58.26,0,33.38,241.47,277.58,27.61
Hyderabad,24-10-2021,5,1148.22,0,35.99,57.94,28.37,114.58,131.65,11.53
Hyderabad,25-10-2021,5,2323.15,17.43,52.09,0.03,22.65,158.17,178.53,13.17
Hyderabad,26-10-2021,5,1522.06,1.4,56.21,7.69,20.98,124.48,148.42,14.95
Hyderabad,27-10-2021,5,1094.82,0,35.64,73.67,27.18,135.37,152.68,9.63
Hyderabad,28-10-2021,5,1708.98,0.09,54.84,22.89,28.13,142.58,159.59,15.96
Hyderabad,29-10-2021,5,527.38,0,13.2,108.72,20.03,76.22,83.06,4.62
Hyderabad,30-10-2021,5,1295.09,0,40.44,55.79,28.13,125.53,136.86,5.89
Hyderabad,31-10-2021,5,1588.82,0.1,39.76,17.35,20.27,93.91,102.91,4.88
Hyderabad,01-11-2021,5,1148.22,0.02,26.39,26.11,17.64,69.41,77.14,3.89
Hyderabad,02-11-2021,4,767.71,0.03,19.54,25.03,22.89,45.53,48.41,2.79
Hyderabad,03-11-2021,4,834.47,0.03,22.96,25.75,25.99,48.35,50.43,2.09
Hyderabad,04-11-2021,5,1014.71,0.05,33.93,22.17,31.95,58.72,62.31,3.48
Hyderabad,05-11-2021,4,707.63,0,18.68,46.49,22.41,28.33,31.02,2.82
Hyderabad,06-11-2021,5,1335.14,5.81,40.1,0.99,21.46,59.29,72.37,5.26
Hyderabad,07-11-2021,5,1308.44,0,38.73,36.48,18.36,96.43,105.97,10.64
Hyderabad,08-11-2021,5,1121.52,0,31.87,57.22,18.6,138.63,147.87,8.74
Hyderabad,09-11-2021,5,1976.01,0.02,68.55,33.26,30.99,231.93,251.01,17.23
Hyderabad,10-11-2021,5,1842.5,0.03,63.75,27.54,26.46,177.57,194.13,16.21
Hyderabad,11-11-2021,5,881.2,0,20.73,128.75,26.94,152.75,164.59,5.07
Hyderabad,12-11-2021,5,1014.71,0,17.99,121.59,17.4,199.15,205.16,1.41
Hyderabad,13-11-2021,4,707.63,0.13,17.48,15.38,16.93,39.27,40.67,2.6
Hyderabad,14-11-2021,2,614.17,0.03,17.99,23.25,18.12,17.41,19.04,2.09
Hyderabad,15-11-2021,4,727.65,0.1,19.88,17.34,18.36,25.24,27.87,2.47
Hyderabad,16-11-2021,4,580.79,3.41,23.31,1.03,21.46,32.64,36.01,2.66
Hyderabad,17-11-2021,2,640.87,0.19,18.34,14.31,15.26,16.59,18.27,1.87
Hyderabad,18-11-2021,5,2536.77,21.01,52.78,0.02,28.13,125.15,140.08,8.99
Hyderabad,19-11-2021,5,2029.42,27.72,36.67,0,26.7,90.19,100.9,5.83
Hyderabad,20-11-2021,4,720.98,0.05,22.28,22.17,21.7,35.67,36.98,1.87
Hyderabad,21-11-2021,2,507.35,0,10.71,43.63,12.52,17.42,18.78,1.12
Hyderabad,22-11-2021,2,427.25,0.13,13.71,15.74,12.64,10.9,12.54,1.88
Hyderabad,23-11-2021,5,1388.55,1.87,40.1,7.24,19.07,75.33,86.43,4.75
Hyderabad,24-11-2021,5,2056.12,19.22,72.66,0,42.44,114.07,130.18,6.33
Hyderabad,25-11-2021,5,1615.52,8.16,40.44,0.54,21.93,87.75,102.32,5.38
Hyderabad,26-11-2021,5,1949.31,0.02,58.26,32.19,28.85,173.66,187.69,10.01
Hyderabad,27-11-2021,5,1401.9,0.02,44.55,30.4,20.03,117.67,127.74,9.88
Hyderabad,28-11-2021,5,1134.87,0.04,35.99,25.75,15.97,103.22,113,11.78
Hyderabad,29-11-2021,5,687.6,0,10.11,92.98,14.54,75.75,79.21,2.28
Hyderabad,30-11-2021,5,1001.36,0,22.62,60.08,25.75,112.62,116.61,3.58
Hyderabad,01-12-2021,5,1642.23,2.29,47.3,3.8,22.89,189.33,206.55,14.06
Hyderabad,02-12-2021,5,741,0,15.08,97.27,17.64,147.14,156.92,2.37
Hyderabad,03-12-2021,5,947.95,0,22.96,89.41,18.36,161.53,179.08,5.07
Hyderabad,04-12-2021,5,3017.43,33.53,64.43,0,26.94,252.07,279.44,10.77
Hyderabad,05-12-2021,5,1428.6,0.36,47.3,13.59,16.45,136.05,148.36,14.19
Hyderabad,06-12-2021,5,1054.76,0.01,35.3,31.47,17.17,77.55,86.53,12.03
Hyderabad,07-12-2021,5,1602.17,0,47.98,50.78,29.09,165.02,178.9,13.93
Hyderabad,08-12-2021,5,1001.36,0,31.87,60.8,27.66,96.68,104.72,10.51
Hyderabad,09-12-2021,5,1401.9,0,39.07,65.8,23.13,133.3,144.4,5.45
Hyderabad,10-12-2021,5,894.55,0,24.33,47.21,24.56,84.01,91.25,3.86
Hyderabad,11-12-2021,5,1508.71,0.36,46.61,12.7,26.94,97.68,105.03,5.26
Hyderabad,12-12-2021,5,1228.33,0,34.27,52.21,20.5,100.94,111.35,7.09
Hyderabad,13-12-2021,5,1655.58,0.31,50.72,15.91,20.98,161.28,175.09,14.19
Hyderabad,14-12-2021,5,1281.74,0.05,39.07,22.71,24.8,93.56,104.37,12.92
Hyderabad,15-12-2021,5,1348.5,0.43,43.18,11.98,23.6,108.33,121.04,14.19
Hyderabad,16-12-2021,5,1014.71,0,32.22,75.1,24.56,122.17,130.49,8.36
Hyderabad,17-12-2021,5,1789.09,0.61,62.38,13.23,24.08,164.87,179.12,15.71
Hyderabad,18-12-2021,5,1388.55,0,48.67,42.92,27.18,130.08,141.17,10.77
Hyderabad,19-12-2021,5,881.2,0,27.08,76.53,27.18,124.99,133.3,6.71
Hyderabad,20-12-2021,5,1682.28,0.56,54.15,15.02,20.74,173.34,188.55,11.02
Hyderabad,21-12-2021,5,2056.12,1.06,69.23,9.48,30.52,136.93,153.1,19.76
Hyderabad,22-12-2021,5,4486.08,81.36,72.66,0,40.05,255.21,285.51,28.37
Hyderabad,23-12-2021,5,3150.94,42.47,71.97,0,31.47,193.47,226.23,25.59
Hyderabad,24-12-2021,5,2857.21,36.21,74.03,0,29.09,162.82,191.1,23.05
Hyderabad,25-12-2021,5,1522.06,0.49,53.47,16.63,19.79,112.56,130.14,15.58
Hyderabad,26-12-2021,5,3631.59,39.79,82.25,0,25.51,259.79,289.19,22.04
Hyderabad,27-12-2021,5,741,0,19.36,72.96,15.97,92.88,102.59,8.36
Hyderabad,28-12-2021,5,747.68,0,22.62,52.93,18.36,69.13,78.78,7.6
Hyderabad,29-12-2021,5,567.44,0,13.37,60.08,11.92,50.71,56.71,5.13
Hyderabad,30-12-2021,4,567.44,0,16.45,57.22,14.54,41.98,51,6.71
Hyderabad,31-12-2021,5,794.41,0,23.99,47.92,18.36,64.45,72.83,6.97
Hyderabad,01-01-2022,5,1281.74,0.1,41.13,19.49,21.46,89.12,100.92,13.93
Hyderabad,02-01-2022,5,1054.76,0.08,31.19,20.38,16.21,80.82,89.69,11.65
Hyderabad,03-01-2022,5,947.95,0,28.45,52.93,19.31,82.61,90.87,10.01
Hyderabad,04-01-2022,5,1708.98,3.97,57.58,2.82,23.13,130.69,145.82,15.58
Hyderabad,05-01-2022,5,3417.97,46.49,60.32,0,24.32,241.59,269.42,10.01
Hyderabad,06-01-2022,5,934.6,0,28.1,61.51,21.22,85.11,97.96,8.23
Hyderabad,07-01-2022,5,881.2,0,22.96,75.1,20.74,111.01,126.38,6.71
Hyderabad,08-01-2022,5,520.71,0,10.8,72.24,10.49,65.74,73.63,3.2
Hyderabad,09-01-2022,4,500.68,0,12.17,52.93,9.66,35.72,43.33,4.81
Hyderabad,10-01-2022,4,607.49,0,17.14,40.77,10.97,31.7,39.45,7.79
Hyderabad,11-01-2022,3,614.17,0.01,19.54,36.48,13.95,24.7,31.06,3.07
Hyderabad,12-01-2022,5,1428.6,14.31,39.41,0.59,18.84,62.45,72.18,3.8
Hyderabad,13-01-2022,4,520.71,0.01,14.57,33.97,13.11,28.11,31.9,2.69
Hyderabad,14-01-2022,4,600.81,0.12,17.31,19.13,16.21,36.78,39.47,1.96
Hyderabad,15-01-2022,4,727.65,0.01,18.68,32.9,15.97,36.59,42.62,2.6
Hyderabad,16-01-2022,4,767.71,0.01,21.08,33.97,16.21,43.11,48.59,3.1
Hyderabad,17-01-2022,5,1108.17,0.18,31.19,15.91,14.9,56.89,66.22,3.99
Hyderabad,18-01-2022,5,2830.51,21.46,57.58,0.02,21.93,162.96,183.22,6.78
Hyderabad,19-01-2022,5,2109.53,16.99,52.09,0.12,20.74,142.54,158.43,11.4
Hyderabad,20-01-2022,5,2029.42,28.39,44.55,0.01,18.84,139.76,159.98,16.21
Hyderabad,21-01-2022,5,5500.79,102.82,94.59,0,30.28,318.82,348.58,15.58
Hyderabad,22-01-2022,5,2082.82,37.1,37.7,0,24.08,101.31,120.59,19.51
Hyderabad,23-01-2022,5,687.6,0,18.51,67.23,13.11,68.94,85.03,9.75
Hyderabad,24-01-2022,4,534.06,0.02,18.16,37.19,13.11,25.83,45.78,11.91
Hyderabad,25-01-2022,5,3471.37,66.16,59.63,0,27.66,206.18,265.01,24.07
Hyderabad,26-01-2022,5,2216.34,11.51,80.88,3.17,34.33,145.66,182.15,24.83
Hyderabad,27-01-2022,5,761.03,0,22.28,98.71,31.47,90.82,108.55,8.61
Hyderabad,28-01-2022,5,781.06,0,25.7,90.12,32.42,73.21,82.87,8.99
Hyderabad,29-01-2022,5,921.25,0,33.24,71.53,31.47,73.02,81.73,9.88
Hyderabad,30-01-2022,5,1949.31,9.39,56.89,0.44,28.13,117.81,132.02,17.73
Hyderabad,31-01-2022,5,2296.45,25.7,58.95,0.01,30.99,117.5,135.53,18.75
Hyderabad,01-02-2022,5,5981.45,96.56,104.19,0,53.88,341.43,375.14,29.89
Hyderabad,02-02-2022,5,5874.63,137.69,63.06,0,54.84,331.86,370.8,33.94
Hyderabad,03-02-2022,5,1548.77,0.01,52.09,34.33,23.84,110.39,128.21,17.73
Hyderabad,04-02-2022,5,654.22,0,17.99,91.55,20.03,86.25,99.68,9.25
Hyderabad,05-02-2022,5,1174.93,0.4,49.35,15.91,19.07,74.98,118.28,14.82
Hyderabad,06-02-2022,5,801.09,0,25.02,72.24,22.65,82.92,101.33,11.02
Hyderabad,07-02-2022,5,947.95,0,28.1,55.79,18.6,77.08,94.27,11.91
Hyderabad,08-02-2022,5,1428.6,0.03,46.61,27.18,26.23,86.52,107.65,17.23
Hyderabad,09-02-2022,5,640.87,0,18.51,82.97,22.41,54.07,65.88,8.49
Hyderabad,10-02-2022,4,473.98,0,12.34,73.67,13.59,39.61,48.63,6.14
Hyderabad,11-02-2022,5,1054.76,0,34.27,37.91,21.7,76.66,91.28,14.06
Hyderabad,12-02-2022,5,660.9,0,17.65,124.45,30.99,80.54,89.97,7.92
Hyderabad,13-02-2022,5,640.87,0,19.54,111.58,26.23,54.09,60.05,8.23
Hyderabad,14-02-2022,5,1588.82,0.18,52.78,18.06,26.94,97.7,112.18,17.23
Hyderabad,15-02-2022,5,988.01,0,28.79,65.09,25.51,79.01,90.18,12.29
Hyderabad,16-02-2022,5,794.41,0,22.28,85.12,27.42,86.1,99.97,10.01
Hyderabad,17-02-2022,5,761.03,0,19.88,97.27,22.89,88.22,101.42,8.87
Hyderabad,18-02-2022,5,567.44,0,13.02,118.73,25.27,94.48,106.15,5.26
Hyderabad,19-02-2022,5,674.25,0,15.59,113.01,23.84,93.12,104.06,6.4
Hyderabad,20-02-2022,5,867.84,0,25.7,74.39,16.93,77.34,89.54,10.01
Hyderabad,21-02-2022,5,961.3,0,27.42,46.49,16.69,125.19,138.39,13.81
Hyderabad,22-02-2022,5,2162.93,10.73,68.55,0.87,37.67,133.47,153.9,22.55
Hyderabad,23-02-2022,5,1094.82,0,36.33,57.94,27.66,81.62,97.84,14.19
Hyderabad,24-02-2022,4,660.9,0,19.71,63.66,16.93,33.39,41.35,8.74
Hyderabad,25-02-2022,5,1562.12,0.14,53.47,21.1,25.99,77.43,93.22,16.97
Hyderabad,26-02-2022,5,707.63,0,20.73,84.4,21.93,59.9,69.91,8.87
Hyderabad,27-02-2022,4,514.03,0,15.94,55.79,12.76,28.79,36.54,8.11
Hyderabad,28-02-2022,4,494,0,15.25,57.22,15.14,25.59,32.26,8.11
Hyderabad,01-03-2022,4,707.63,0,23.65,54.36,21.7,29.48,37.26,9.88
Hyderabad,02-03-2022,4,814.44,0,25.36,65.8,25.03,43.62,51.34,9.88
Hyderabad,03-03-2022,5,1081.47,0,34.96,36.48,26.23,58.44,68.49,12.79
Hyderabad,04-03-2022,5,1708.98,0.06,56.89,23.6,34.81,102.8,119.35,16.72
Hyderabad,05-03-2022,5,1682.28,0.1,56.21,21.82,35.29,115.67,133.26,16.72
Hyderabad,06-03-2022,5,921.25,0,25.7,90.84,29.09,104.84,115.21,8.87
Hyderabad,07-03-2022,5,647.54,0,15.59,75.82,16.45,79.67,90.87,7.22
Hyderabad,08-03-2022,5,1121.52,0,34.62,50.78,25.75,95.47,108.54,12.29
Hyderabad,09-03-2022,5,1735.69,9.05,51.41,0.38,36.24,115.24,134.48,18.24
Hyderabad,10-03-2022,5,2136.23,5.64,71.97,1.68,43.39,130.84,150.39,20.52
Hyderabad,11-03-2022,5,2616.88,25.7,61.69,0,45.3,174.36,200.61,22.8
Hyderabad,12-03-2022,5,594.14,0,12.51,118.73,27.66,89.63,97.41,5
Hyderabad,13-03-2022,5,1615.52,4.19,63.06,5.1,21.22,113.62,129.11,13.55
Hyderabad,14-03-2022,5,727.65,0,20.39,108.72,25.03,58,68.67,9.37
Hyderabad,15-03-2022,5,2216.34,0,71.97,40.77,55.31,115.93,133.13,18.49
Hyderabad,16-03-2022,5,3097.53,32.19,80.88,0,58.17,158.8,201.8,29.39
Hyderabad,17-03-2022,5,1895.9,9.28,67.17,0.56,41.96,110.28,147.75,19.51
Hyderabad,18-03-2022,5,2483.37,11.85,77.46,0.13,67.71,132.01,163.64,22.8
Hyderabad,19-03-2022,5,814.44,0,23.31,76.53,19.79,84.96,105.94,8.99
Hyderabad,20-03-2022,5,894.55,0.01,27.76,45.78,18.36,82.21,104.6,10.51
Hyderabad,21-03-2022,5,821.11,0.02,29.47,27.18,13.83,70.37,89.64,11.91
Hyderabad,22-03-2022,5,767.71,0,19.19,72.96,21.7,93.74,107.61,10.26
Hyderabad,23-03-2022,5,2002.72,3.49,65.8,1.83,44.82,140.34,164.37,20.27
Hyderabad,24-03-2022,5,2162.93,6.26,68.55,2.3,32.9,141.94,171.9,17.99
Hyderabad,25-03-2022,5,834.47,0,21.25,69.38,20.27,62.85,75.77,9.25
Hyderabad,26-03-2022,4,754.36,0,21.59,60.08,21.7,44.45,55.01,9.5
Hyderabad,27-03-2022,5,3791.81,37.1,85.68,0,50.54,200.48,225.78,24.57
Hyderabad,28-03-2022,5,787.73,0,20.39,62.94,18.6,58.58,71.06,9.5
Hyderabad,29-03-2022,5,1762.39,4.92,58.95,6.35,32.42,96.82,122.4,18.49
Hyderabad,30-03-2022,5,2109.53,0.03,71.97,21.82,53.41,110.32,132.85,21.03
Hyderabad,31-03-2022,5,1976.01,0.01,74.03,30.76,46.25,108.71,130.47,18.75
Hyderabad,01-04-2022,5,654.22,0,16.96,94.41,24.08,50.17,62.05,8.61
Hyderabad,02-04-2022,4,500.68,0,12.34,83.68,14.42,32.35,40.9,6.65
Hyderabad,03-04-2022,4,440.6,0,9.08,95.84,13.11,36.64,44.4,5.76
Hyderabad,04-04-2022,4,467.3,0,11.65,74.39,14.78,26.23,32.57,7.03
Hyderabad,05-04-2022,4,440.6,0,11.48,71.53,14.07,26.1,32.48,6.14
Hyderabad,06-04-2022,3,473.98,0,13.54,64.37,15.26,24.18,31.61,6.71
Hyderabad,07-04-2022,4,547.41,0,14.74,75.1,16.93,33.73,42.67,7.98
Hyderabad,08-04-2022,3,527.38,0,14.22,72.24,16.45,22.73,29.63,7.41
Hyderabad,09-04-2022,3,627.52,0,18.68,56.51,17.64,22.04,29.43,8.74
Hyderabad,10-04-2022,2,447.27,0,10.62,49.35,11.56,10.56,14.34,6.4
Hyderabad,11-04-2022,2,480.65,0,10.88,48.64,11.92,12.63,16.7,6.33
Hyderabad,12-04-2022,3,487.33,0,13.02,64.37,15.74,20.36,25.94,6.46
Hyderabad,13-04-2022,2,440.6,0,10.54,50.78,11.44,11.12,15.21,5.57
Hyderabad,14-04-2022,1,383.85,0.02,11.48,23.96,11.21,5.58,9.31,5.89
Hyderabad,15-04-2022,5,3471.37,64.37,49.35,0,63.9,139.43,170.57,27.61
Hyderabad,16-04-2022,4,614.17,0,17.82,48.64,10.25,36.09,43.41,5
Hyderabad,17-04-2022,4,440.6,0,7.8,87.98,7.87,45.72,52.18,4.88
Hyderabad,18-04-2022,4,761.03,0,23.99,49.35,12.52,39.38,53.39,9.12
Hyderabad,19-04-2022,4,747.68,0,22.28,63.66,16.45,37.41,50.69,9.5
Hyderabad,20-04-2022,5,680.92,0,17.99,66.52,17.4,50.08,64.06,9.12
Hyderabad,21-04-2022,4,547.41,0,12.34,87.98,15.26,44.65,55.12,6.71
Hyderabad,22-04-2022,4,534.06,0,14.74,62.94,14.42,29.75,41.04,7.41
Hyderabad,23-04-2022,5,5554.2,97.45,89.11,0,51.98,288.12,329.41,34.45
Hyderabad,24-04-2022,5,3284.45,50.51,67.17,0,27.89,176.12,211.98,22.55
Hyderabad,25-04-2022,5,2082.82,18.33,68.55,0.05,21.93,88.98,115.8,16.97
Hyderabad,26-04-2022,5,5767.82,86.72,93.22,0,61.04,297.68,343.46,27.36
Hyderabad,27-04-2022,5,881.2,0,26.73,63.66,21.22,65.11,86.18,10.77
Hyderabad,28-04-2022,5,821.11,0,22.96,62.23,23.13,54.74,71.66,9.88
Hyderabad,29-04-2022,5,841.14,0,23.99,75.1,26.94,62.03,78.55,10.64
Hyderabad,30-04-2022,5,2323.15,9.16,80.88,12.87,36.24,133.18,163.71,16.97
Hyderabad,01-05-2022,5,2109.53,1.73,84.31,13.77,35.29,136.73,170.4,16.21
Hyderabad,02-05-2022,5,1134.87,0,41.47,50.07,20.27,97.62,123.65,12.29
Hyderabad,03-05-2022,5,4325.87,50.07,90.48,0,65.8,217.58,266.97,26.09
Hyderabad,04-05-2022,5,600.81,0,15.59,90.12,21.22,66.64,83.21,8.23
Hyderabad,05-05-2022,5,1201.63,3.86,47.3,4.11,18.36,53.71,79.55,14.06
Hyderabad,06-05-2022,5,1041.41,0.25,36.67,32.9,19.79,50.26,66.05,11.27
Hyderabad,07-05-2022,4,587.46,0,15.94,75.1,14.54,47.31,72.81,7.79
Hyderabad,08-05-2022,5,774.38,0,20.39,70.1,22.65,74.82,111.08,10.51
Hyderabad,09-05-2022,5,1134.87,0.06,44.55,21.99,18.84,94.98,121.53,10.89
Hyderabad,10-05-2022,5,3471.37,13.63,106.93,0.25,58.17,232.94,283.44,24.57
Hyderabad,11-05-2022,3,574.11,0,15.59,34.69,19.79,23.83,30.57,7.6
Hyderabad,12-05-2022,4,1255.04,0.42,51.41,9.39,28.85,46.11,55.34,7.73
Hyderabad,13-05-2022,4,580.79,0,16.96,56.51,19.79,28.74,32.74,2.75
Hyderabad,14-05-2022,4,627.52,0,15.59,67.23,12.04,38.47,47.9,6.33
Hyderabad,15-05-2022,5,514.03,0,9.25,103,10.97,55.25,75.66,5.83
Hyderabad,16-05-2022,4,500.68,0,9.94,77.25,10.97,28.75,33.45,5.95
Hyderabad,17-05-2022,4,527.38,0,12.34,83.68,14.31,29.02,34.08,5.64
Hyderabad,18-05-2022,4,520.71,0,12.68,83.68,14.42,34.87,38.55,3.61
Hyderabad,19-05-2022,3,453.95,0,11.31,53.64,12.76,21.03,23.61,3.07
Hyderabad,20-05-2022,2,520.71,0.02,19.54,22.89,20.03,17.45,22.48,3.58
Hyderabad,21-05-2022,2,480.65,0,10.2,28.97,6.02,14.1,18.05,3.26
Hyderabad,22-05-2022,2,263.69,0,3.94,62.23,3.64,19.54,27.34,4.37
Hyderabad,23-05-2022,1,250.34,0,3.73,58.65,3.4,6.86,12.01,4.37
Hyderabad,24-05-2022,1,300.41,0,6.85,62.23,5.84,5.34,9.08,5.83
Hyderabad,25-05-2022,1,327.11,0,7.97,60.08,6.56,9.31,19.78,6.65
Hyderabad,26-05-2022,4,453.95,0,13.19,78.68,9.89,29.21,53.87,9.25
Hyderabad,27-05-2022,4,741,0,31.53,37.55,14.9,47.19,86.13,12.67
Hyderabad,28-05-2022,2,293.73,0,6.43,80.11,4.65,12.16,27.06,6.78
Hyderabad,29-05-2022,3,277.04,0,5.57,75.82,4.17,15.86,38.54,6.52
Hyderabad,30-05-2022,2,287.06,0,6,70.1,5.19,11.88,27.71,7.22
Hyderabad,31-05-2022,4,507.35,0,16.79,44.35,12.28,30.71,66.75,10.77
Hyderabad,01-06-2022,4,821.11,4.81,34.27,2.86,12.64,41.62,67.36,3.96
Hyderabad,02-06-2022,4,580.79,0.12,22.96,19.67,9.18,29.13,61.51,12.29
Hyderabad,03-06-2022,3,317.1,0,7.37,68.66,9.18,17.38,36.9,5
Hyderabad,04-06-2022,4,440.6,0,12.51,60.08,8.11,44.51,89.88,9.25
Hyderabad,05-06-2022,5,1655.58,30.85,43.87,0,37.67,85.13,188.8,51.68
Hyderabad,06-06-2022,4,313.76,0,6.34,97.27,7.03,42.74,79.63,6.4
Hyderabad,07-06-2022,3,337.12,0,8.05,82.97,11.44,24.37,33.33,5.32
Hyderabad,08-06-2022,2,293.73,0,6.25,75.1,4.77,12.91,16.98,4.62
Hyderabad,09-06-2022,4,360.49,0,11.14,69.38,9.66,25.76,38.2,8.36
Hyderabad,10-06-2022,1,340.46,0,9.77,44.7,6.5,7.64,13.79,7.92
Hyderabad,11-06-2022,1,290.39,0,7.2,55.07,4.47,3.7,6.04,5.19
Hyderabad,12-06-2022,1,277.04,0,7.03,28.61,5.07,2.3,3.61,3.45
Hyderabad,13-06-2022,1,357.15,0,12.17,32.19,9.18,7.28,11.95,4.37
Hyderabad,14-06-2022,1,327.11,0.02,10.88,26.82,8.23,4.99,7.56,3.58
Hyderabad,15-06-2022,2,560.76,0.07,20.91,19.67,11.32,16.38,23.5,6.52
Hyderabad,16-06-2022,4,1121.52,10.28,38.04,0.56,15.74,44.17,68.65,8.87
Hyderabad,17-06-2022,4,894.55,2.1,37.01,8.85,19.31,29.23,34.96,3.1
Hyderabad,18-06-2022,3,754.36,0.51,29.13,9.03,20.27,23.14,29.66,4.24
Hyderabad,19-06-2022,2,607.49,0.57,22.96,15.2,9.06,19.52,28.14,3.55
Hyderabad,20-06-2022,1,323.77,0.06,10.37,17.88,6.74,5.34,7.41,1.61
Hyderabad,21-06-2022,1,330.45,0.05,11.31,19.49,7.99,5.22,8.08,2.25
Hyderabad,22-06-2022,1,317.1,0.01,9.85,28.61,6.56,4.93,7.07,1.93
Hyderabad,23-06-2022,1,340.46,0.01,11.65,27.54,7.87,4.92,10.24,5.38
Hyderabad,24-06-2022,1,320.43,0.02,10.54,26.11,7.63,5.1,8.02,2.44
Hyderabad,25-06-2022,1,300.41,0.01,9.08,28.97,5.01,2.76,5.03,4.43
Hyderabad,26-06-2022,1,273.7,0.01,6.77,27.89,4.11,3.01,4.18,1.17
Hyderabad,27-06-2022,1,287.06,0.01,7.8,27.54,5.13,4.24,5.55,1.55
Hyderabad,28-06-2022,1,303.75,0.01,8.74,27.54,5.54,4.56,6.4,1.42
Hyderabad,29-06-2022,1,297.07,0.02,9.77,23.96,5.84,3.93,6.51,3.58
Hyderabad,30-06-2022,1,343.8,0.12,14.05,15.02,7.45,6.54,9.69,2.06
Hyderabad,01-07-2022,1,333.79,0.1,13.88,15.91,7.27,6.28,8.5,1.65
Hyderabad,02-07-2022,1,270.37,0.02,7.71,23.6,3.64,1.98,3.31,1.61
Hyderabad,03-07-2022,1,293.73,0.02,9.85,25.03,5.25,4.54,7.4,3.48
Hyderabad,04-07-2022,1,260.35,0.01,6.77,23.96,4.29,2.43,3.4,2.28
Hyderabad,05-07-2022,1,303.75,0.01,8.48,27.18,4.59,4.58,5.61,1.01
Hyderabad,06-07-2022,1,290.39,0.01,7.37,28.97,3.76,4.05,4.97,0.96
Hyderabad,07-07-2022,1,297.07,0.01,8.14,30.76,4.59,6.06,7.14,1.03
Hyderabad,08-07-2022,1,283.72,0.02,8.48,23.6,3.7,4.09,4.79,0.78
Hyderabad,09-07-2022,1,273.7,0.01,6.94,27.89,2.89,3.91,4.57,0.78
Hyderabad,10-07-2022,1,233.65,0,3.13,33.62,1.45,2.8,3.18,0.77
Hyderabad,11-07-2022,1,243.66,0,4.24,31.11,1.74,2.39,2.72,0.54
Hyderabad,12-07-2022,1,250.34,0,4.88,32.54,2.71,3.45,3.95,0.7
Hyderabad,13-07-2022,1,240.33,0,4.71,32.19,2.26,2.57,2.99,0.6
Hyderabad,14-07-2022,1,230.31,0.01,4.24,29.33,2.21,2.07,2.55,0.66
Hyderabad,15-07-2022,1,236.99,0.02,4.84,22.89,2.95,4.59,5.72,1.58
Hyderabad,16-07-2022,1,267.03,0.02,7.54,22.89,4.53,2.28,3.59,2.28
Hyderabad,17-07-2022,1,257.02,0.05,6.08,16.27,3.34,2.14,2.84,1.22
Hyderabad,18-07-2022,1,257.02,0.02,6.68,22.71,3.28,2.5,3.08,0.79
Hyderabad,19-07-2022,1,303.75,0.01,8.14,30.76,5.48,8.31,11.2,2.03
Hyderabad,20-07-2022,1,347.14,0.01,12.17,29.68,8.11,8.28,12.27,3.1
Hyderabad,22-07-2022,1,333.79,0.11,9.94,18.78,6.62,5.61,7.32,2.47
Hyderabad,23-07-2022,1,357.15,0.06,12,19.13,5.66,7.29,9.33,1.52
Hyderabad,24-07-2022,1,273.7,0.01,7.03,28.97,4.53,5.18,6.78,1.36
Hyderabad,25-07-2022,1,283.72,0.01,7.63,27.54,5.01,6.19,7.58,1.33
Hyderabad,26-07-2022,2,433.92,1.01,17.65,8.23,10.25,14.75,20.46,2.18
Hyderabad,27-07-2022,5,1401.9,34.87,16.11,0,13.83,57.5,83.74,6.65
Hyderabad,28-07-2022,5,2483.37,74.21,29.13,0,16.93,113.98,147.58,6.4
Hyderabad,29-07-2022,5,5447.39,106.39,57.58,0,30.52,301.89,327.51,6.14
Hyderabad,30-07-2022,4,1001.36,1.7,39.41,10.64,16.69,46.61,53.19,2.56
Hyderabad,31-07-2022,5,3017.43,84.04,23.65,0,13.83,144.32,179.25,5.45
Hyderabad,01-08-2022,3,674.25,7.71,15.59,0.19,8.82,24.88,37.22,3.17
Hyderabad,02-08-2022,5,2723.69,85.83,15.08,0,19.31,121.11,155.6,9.63
Hyderabad,03-08-2022,5,5340.58,189.54,28.79,0,44.82,272.2,313.21,21.28
Hyderabad,04-08-2022,5,3685,98.35,36.67,0,37.19,176,198.83,9.5
Hyderabad,05-08-2022,2,467.3,0,8.4,48.64,6.74,16.7,19.67,1.66
Hyderabad,06-08-2022,1,283.72,0.01,8.05,28.61,3.67,2.55,4.05,1.41
Hyderabad,07-08-2022,1,236.99,0.01,5.74,25.75,3.25,2.77,3.61,1.3
Hyderabad,08-08-2022,1,233.65,0.01,5.44,27.89,3.13,3.09,3.7,0.89
Hyderabad,09-08-2022,1,230.31,0.02,5.1,24.68,2.83,3.02,3.69,0.8
Hyderabad,10-08-2022,1,220.3,0,4.41,31.83,2.65,3.31,4.26,1.54
Hyderabad,11-08-2022,1,233.65,0.01,5.4,24.68,2.77,1.57,2.5,2.37
Hyderabad,12-08-2022,1,247,0.03,6.6,22.35,3.52,1.93,3.12,2.53
Hyderabad,13-08-2022,1,233.65,0.01,5.57,30.4,4.05,3.67,5.71,3.01
Hyderabad,14-08-2022,1,243.66,0.01,6.25,24.68,3.55,3.22,3.91,1.12
Hyderabad,15-08-2022,1,247,0.01,6.77,25.75,4.11,4.16,4.91,1.09
Hyderabad,16-08-2022,1,280.38,0.03,8.23,22.89,4.47,3.21,5.19,1.49
Hyderabad,17-08-2022,1,367.16,0.16,12.85,14.84,7.39,6.36,12.08,2.53
Hyderabad,18-08-2022,1,323.77,0.02,11.65,25.75,7.51,6.3,10.06,3.61
Hyderabad,19-08-2022,1,303.75,0.07,10.2,16.99,5.25,3.89,6.51,3.39
Hyderabad,20-08-2022,1,283.72,0.07,9,15.91,3.93,2.96,5.18,3.51
Hyderabad,21-08-2022,1,260.35,0.01,6.08,25.39,2.8,2.37,3.62,2.28
Hyderabad,22-08-2022,1,277.04,0.06,8.74,16.99,5.48,2.68,4.49,3.96
Hyderabad,23-08-2022,1,320.43,0.47,12.34,7.96,7.39,7.17,10.48,1.77
Hyderabad,24-08-2022,1,317.1,0.08,12.34,17.34,7.87,7.08,10.31,2.6
Hyderabad,25-08-2022,1,337.12,0.35,15.42,9.21,7.39,8.28,11.91,2.03
Hyderabad,26-08-2022,4,1094.82,22.8,22.96,0.03,10.13,43.97,65.73,3.48
Hyderabad,27-08-2022,4,540.73,0.01,16.62,28.97,7.87,29.14,36.18,2.82
Hyderabad,28-08-2022,1,367.16,0.05,10.71,19.85,5.54,7.07,9.6,1.74
Hyderabad,29-08-2022,3,747.68,5.98,22.96,0.58,10.01,20.36,29.21,6.59
Hyderabad,30-08-2022,5,2243.04,38.89,37.36,0,26.23,98.91,110.15,5.83
Hyderabad,31-08-2022,4,934.6,0.24,34.62,12.16,20.03,37.38,48.48,4.37
Hyderabad,01-09-2022,4,787.73,5.87,24.33,0.42,21.22,26.52,34.22,3.8
Hyderabad,02-09-2022,4,807.76,1.9,27.08,6.44,16.93,30.55,37.91,3.67
Hyderabad,03-09-2022,4,707.63,0.06,24.68,20.56,18.36,33.49,41.51,3.86
Hyderabad,04-09-2022,5,1548.77,25.7,35.3,0,19.55,56.93,73.17,5.19
Hyderabad,05-09-2022,1,383.85,0,9.17,37.91,6.56,8.85,10.62,1.41
Hyderabad,06-09-2022,5,1922.61,20.56,41.81,0.01,29.09,83.42,95.88,7.22
Hyderabad,07-09-2022,5,1281.74,2.99,49.35,8.23,23.84,54.66,58.97,2.56
Hyderabad,08-09-2022,5,1628.88,14.19,56.89,0.13,37.67,74.8,80.45,4.02
Hyderabad,09-09-2022,5,1295.09,18.55,39.07,0.09,21.7,58.9,68.33,3.17
Hyderabad,10-09-2022,2,660.9,2.01,19.71,3.67,11.68,18.28,25.97,2.82
Hyderabad,11-09-2022,3,567.44,0,11.65,30.76,5.48,20.6,22.06,1.22
Hyderabad,12-09-2022,1,230.31,0.02,5.23,25.03,2.62,3.01,3.99,1.22
Hyderabad,13-09-2022,1,233.65,0.03,5.83,21.99,2.8,2.07,3.31,2.22
Hyderabad,14-09-2022,1,287.06,0.06,9.08,19.13,4.77,3.26,5.59,2.12
Hyderabad,15-09-2022,1,290.39,0.01,11.14,30.04,8.34,8.89,12.99,2.34
Hyderabad,16-09-2022,1,273.7,0,6.85,33.62,4.29,2.97,4.54,1.93
Hyderabad,17-09-2022,1,293.73,0.06,10.62,17.88,6.44,3.89,6.31,3.1
Hyderabad,18-09-2022,1,363.83,0.24,13.19,10.82,6.74,8.31,15.01,2.79
Hyderabad,19-09-2022,2,480.65,1.42,17.65,3.67,6.97,14.14,24.93,4.24
Hyderabad,20-09-2022,1,310.42,0,8.83,39.34,5.3,6.39,8.34,2.12
Hyderabad,21-09-2022,2,357.15,0.01,11.65,28.61,5.6,15.67,17.67,1.57
Hyderabad,22-09-2022,1,360.49,0,12.68,37.19,6.02,7.25,9.25,1.93
Hyderabad,23-09-2022,1,320.43,0,11.14,35.76,6.2,8.93,12.19,2.44
Hyderabad,24-09-2022,2,460.62,0.3,18.34,12.34,7.63,13.47,22.95,3.1
Hyderabad,25-09-2022,2,380.52,0.1,15.77,16.27,7.39,10.96,18,3.99
Hyderabad,26-09-2022,5,1602.17,35.76,25.7,0,11.32,68.31,85.42,3.86
Hyderabad,27-09-2022,3,520.71,0.11,17.99,17.52,10.85,21.23,27.75,3.2
Hyderabad,28-09-2022,4,827.79,9.61,21.76,0.3,10.73,31.55,43.1,3.74
Hyderabad,29-09-2022,4,694.27,0.55,20.91,9.03,10.25,34.81,40.89,2.94
Hyderabad,30-09-2022,4,640.87,0.03,15.77,23.6,9.42,31.36,36.33,2.5
Hyderabad,01-10-2022,5,1869.2,30.85,47.98,0,13.35,83.94,112.66,3.26
Hyderabad,02-10-2022,4,453.95,0.02,12.68,24.68,5.25,28.78,38.66,3.45
Hyderabad,03-10-2022,3,383.85,0,10.62,43.27,6.02,21.41,29.25,3.83
Hyderabad,04-10-2022,2,373.84,0,11.14,45.42,8.34,16.06,24.24,7.92
Hyderabad,05-10-2022,4,774.38,0.69,28.45,9.39,11.09,29.25,42.02,7.03
Hyderabad,06-10-2022,5,1548.77,9.39,47.98,0.51,32.9,88.98,95.67,4.56
Hyderabad,07-10-2022,4,1094.82,0.54,33.24,8.94,29.8,38.71,44.56,4.12
Hyderabad,08-10-2022,4,547.41,0,13.19,52.21,10.49,30.3,33.84,1.96
Hyderabad,09-10-2022,5,1895.9,17.66,35.3,0.01,20.03,96.17,106.81,6.52
Hyderabad,10-10-2022,3,594.14,0.1,16.11,16.27,15.74,24.05,25.8,2.31
Hyderabad,11-10-2022,2,494,0.23,16.62,13.05,15.02,15.22,16.94,2.22
Hyderabad,12-10-2022,1,387.19,0.07,13.19,20.21,11.44,9.25,11.53,2.28
Hyderabad,13-10-2022,4,934.6,0.41,36.67,10.01,37.19,41.27,46.69,5.64
Hyderabad,14-10-2022,5,2189.64,55.88,24.33,0,26.23,87.36,97.03,5.51
Hyderabad,15-10-2022,4,654.22,1.49,23.31,3.98,14.9,40.64,45.13,2.79
Hyderabad,16-10-2022,4,867.84,4.81,19.36,0.49,15.5,48.82,52.15,3.04
Hyderabad,17-10-2022,3,487.33,0.12,16.28,16.63,17.17,20.15,22.72,2.44
Hyderabad,18-10-2022,5,2216.34,29.95,40.78,0,27.18,128.55,147.84,8.11
Hyderabad,19-10-2022,5,3070.83,51.41,40.78,0,21.7,186.01,204,5.38
Hyderabad,20-10-2022,5,1708.98,0.25,58.26,17.7,48.64,116.62,123.97,4.75
Hyderabad,21-10-2022,5,1081.47,0.01,29.47,34.33,23.13,71.21,76.72,2.91
Hyderabad,22-10-2022,5,1001.36,0,27.08,73.67,31.95,130.69,139.87,7.73
Hyderabad,23-10-2022,5,614.17,0,13.88,86.55,15.5,92.3,106.34,6.65
Hyderabad,24-10-2022,5,487.33,0,14.22,62.23,8.11,60.61,77.34,8.87
Hyderabad,25-10-2022,5,1575.47,23.92,35.64,0.02,15.14,106.89,141.75,11.78
Hyderabad,26-10-2022,5,2323.15,44.26,48.67,0,22.89,138.85,163.87,18.49
Hyderabad,27-10-2022,5,6675.72,166.3,62.38,0,32.9,413.28,462,18.24
Hyderabad,28-10-2022,5,2723.69,49.62,53.47,0,21.93,169.24,191.04,14.44
Hyderabad,29-10-2022,5,827.79,0,26.73,87.98,30.99,79.44,88.31,9.37
Hyderabad,30-10-2022,5,881.2,0,28.79,73.67,23.84,86.9,103.46,9.5
Hyderabad,31-10-2022,5,2082.82,0.14,64.43,19.67,22.65,163.53,184.82,12.92
Hyderabad,01-11-2022,5,1308.44,0,43.18,50.07,23.6,125.17,139.98,13.3
Hyderabad,02-11-2022,5,3685,50.07,81.57,0,30.04,250.64,270.76,11.65
Hyderabad,03-11-2022,5,2803.8,10.06,74.71,0.29,27.42,289.84,312.66,7.16
Hyderabad,04-11-2022,5,1980,7.72,52.87,0.58,24.12,196,213.5,7.16
Hyderabad,05-11-2022,5,2224,8.28,59,0.67,22.94,175.5,194.5,13.43
Hyderabad,06-11-2022,5,1241.68,0.01,40.44,34.33,19.55,107.9,127.39,13.43
Hyderabad,07-11-2022,5,4699.71,89.41,55.52,0,27.18,317.62,353.52,24.32
Hyderabad,08-11-2022,5,5126.95,94.77,67.86,0,32.9,351.52,397.43,27.61
Hyderabad,09-11-2022,5,4112.24,77.78,59.63,0,33.38,290.64,328.71,27.87
Hyderabad,10-11-2022,5,1575.47,0,52.78,45.06,30.52,176.14,194.24,14.57
Hyderabad,11-11-2022,5,807.76,0,25.36,78.68,30.28,132.22,142.7,7.28
Hyderabad,12-11-2022,5,634.19,0,15.42,117.3,27.66,145.73,156.19,2.63
Hyderabad,13-11-2022,5,827.79,0,22.62,80.82,19.07,139.9,148.6,7.41
Hyderabad,14-11-2022,5,1054.76,0,29.13,37.55,15.26,154.65,166.03,10.13
Hyderabad,15-11-2022,5,2777.1,18.33,74.03,0.07,30.52,203.78,227.86,23.31
Hyderabad,16-11-2022,5,2296.45,16.99,60.32,0.08,31.95,145.39,164.41,22.04
Hyderabad,17-11-2022,5,5180.36,121.59,80.2,0,62.94,316.24,362.12,52.18
Hyderabad,18-11-2022,5,1815.8,0,61.69,40.05,32.9,131.26,146.87,16.21
Hyderabad,19-11-2022,5,1895.9,1.62,69.92,9.03,24.32,139.98,158.11,16.09
Hyderabad,20-11-2022,5,1281.74,0,42.16,45.06,16.69,145.2,161.44,12.41
Hyderabad,21-11-2022,5,647.54,0,17.31,89.41,14.66,87.23,95.87,7.54
Hyderabad,22-11-2022,5,1708.98,0.08,60.32,18.95,39.58,136.12,147.94,9.5
Hyderabad,23-11-2022,5,767.71,0.01,24.68,32.9,27.18,67.22,73.27,4.31
Hyderabad,24-11-2022,5,807.76,0.1,26.05,18.78,22.89,61.75,67.64,3.42
Hyderabad,25-11-2022,5,1895.9,16.54,45.24,0.04,23.84,87.17,102.19,6.9
Hyderabad,26-11-2022,5,2162.93,0.01,71.97,31.83,31.47,202.75,222.35,17.48
Hyderabad,27-11-2022,5,2269.74,1.82,76.09,5.19,27.42,169.76,188.65,19.25
Hyderabad,28-11-2022,5,1121.52,0,37.36,37.19,24.56,95.19,107.69,14.82
Hyderabad,29-11-2022,5,1949.31,4.75,63.75,1.65,30.52,123.15,141.46,20.77
Hyderabad,30-11-2022,5,2429.96,16.99,65.8,0.08,31.95,159.98,179.18,23.05
Hyderabad,01-12-2022,5,3952.03,60.8,66.49,0,30.52,309.56,341.23,25.59
Hyderabad,02-12-2022,5,4219.06,52.3,73.34,0,27.66,339.35,370.35,11.02
Hyderabad,03-12-2022,5,1428.6,0,37.7,47.92,18.84,134.15,147.19,5.32
Hyderabad,04-12-2022,5,1295.09,0.08,34.96,20.03,15.97,119.95,133.37,7.54
Hyderabad,05-12-2022,5,1281.74,0,36.67,62.94,24.56,183.21,194.83,10.13
Hyderabad,06-12-2022,5,1361.85,0,42.16,54.36,28.37,213.63,226.99,10.64
Hyderabad,07-12-2022,5,1268.39,0,43.87,41.84,25.03,111.6,121.99,12.29
Hyderabad,08-12-2022,5,867.84,0,28.1,68.66,23.13,126.29,136.05,9.12
Hyderabad,09-12-2022,5,560.76,0,16.28,82.97,14.31,59.44,66.1,8.04
Hyderabad,11-12-2022,2,547.41,0.06,11.65,24.68,12.16,10.64,11.49,1.88
Hyderabad,12-12-2022,2,500.68,0.01,13.02,34.69,14.07,15.37,16.83,1.79
Hyderabad,13-12-2022,2,487.33,0.04,16.11,23.96,17.4,12.47,14.38,1.85
Hyderabad,14-12-2022,4,787.73,0.02,22.62,28.61,18.36,43.34,49.28,3.1
Hyderabad,15-12-2022,5,2136.23,33.97,39.76,0,20.98,107.25,128.94,6.21
Hyderabad,16-12-2022,5,3124.24,47.83,52.78,0,24.08,217,246.36,8.23
Hyderabad,17-12-2022,5,5661.01,123.38,52.78,0,33.86,357.48,392.88,14.69
Hyderabad,18-12-2022,5,1642.23,0.02,50.04,29.33,18.84,178.64,193.97,7.85
Hyderabad,19-12-2022,5,2002.72,14.08,49.35,0.06,23.84,142.9,157.74,17.99
Hyderabad,20-12-2022,5,4486.08,70.63,71.97,0,33.38,312.08,344.15,29.13
Hyderabad,21-12-2022,5,3578.19,55.43,64.43,0,32.42,258.17,288.27,25.84
Hyderabad,22-12-2022,5,4112.24,69.74,63.75,0,37.67,329.79,362.27,27.87
Hyderabad,23-12-2022,5,3524.78,42.02,67.17,0,31.47,312.88,342.23,24.07
Hyderabad,24-12-2022,5,3070.83,29.5,74.03,0,27.89,258.62,286.65,18.75
Hyderabad,25-12-2022,5,1014.71,0,29.13,64.37,16.69,119.5,129.55,10.01
Hyderabad,26-12-2022,3,507.35,0,13.19,49.35,19.31,31.36,35.36,2.85
Hyderabad,27-12-2022,3,627.52,0.01,19.19,31.11,15.14,28.95,34.94,3.48
Hyderabad,28-12-2022,3,707.63,0.07,25.7,21.64,13.95,30.85,41.12,6.21
Hyderabad,29-12-2022,4,1295.09,8.61,39.41,0.4,21.46,53.38,67.46,12.79
Hyderabad,30-12-2022,5,2456.67,29.5,54.84,0,33.86,168.27,188.66,22.8
Hyderabad,31-12-2022,5,6729.13,151.99,86.37,0,48.64,389.96,424.13,33.94
Hyderabad,01-01-2023,5,2803.8,42.92,54.84,0,30.52,163.95,184.77,22.04
Hyderabad,02-01-2023,5,1922.61,11.18,58.95,0.39,20.98,158.48,175.69,16.97
Hyderabad,03-01-2023,5,1174.93,0,34.62,37.55,22.41,79.6,91.85,11.15
Hyderabad,04-01-2023,4,847.82,0,25.02,50.07,19.07,73.36,86.67,10.77
Hyderabad,05-01-2023,4,567.44,0,13.02,78.68,14.07,55.48,63.47,5
Hyderabad,06-01-2023,5,1134.87,0,29.47,63.66,18.84,103.2,114.52,4.24
Hyderabad,07-01-2023,5,1401.9,0,34.62,50.07,21.93,184.11,194.95,7.79
Hyderabad,08-01-2023,5,867.84,0,26.73,50.78,13.95,96.81,105.76,9.75
Hyderabad,09-01-2023,5,1415.25,0,46.61,48.64,24.08,103.4,114.63,13.05
Hyderabad,10-01-2023,5,2563.48,9.39,81.57,0.75,31.95,197.26,219.57,21.03
Hyderabad,11-01-2023,5,3284.45,20.34,90.48,0.06,41.48,251.95,275.15,22.04
Hyderabad,12-01-2023,5,7049.56,162.72,87.05,0,48.16,410.03,461.04,36.98
Hyderabad,13-01-2023,5,4058.84,107.29,63.06,0,76.29,252.12,342.77,71.94
Hyderabad,14-01-2023,5,7156.37,137.69,105.56,0,46.25,443.35,488.19,36.48
Hyderabad,15-01-2023,5,2830.51,31.29,61.01,0,20.74,206.63,233.98,19.51
Hyderabad,16-01-2023,5,787.73,0,21.25,71.53,15.97,91.66,103.01,9.63
Hyderabad,17-01-2023,4,687.6,0,21.08,61.51,15.5,52.9,62.03,10.13
Hyderabad,18-01-2023,3,640.87,0,20.39,51.5,13.11,42.33,51.24,9.37
Hyderabad,19-01-2023,4,1001.36,0,32.22,50.78,20.27,73.38,86.56,12.67
Hyderabad,20-01-2023,5,1094.82,0,34.27,50.07,21.46,100.68,114.74,12.29
Hyderabad,21-01-2023,5,1588.82,2.07,54.15,6.44,20.03,97.39,116.12,15.71
Hyderabad,22-01-2023,4,1508.71,1.79,49.35,7.06,17.17,74.9,90.2,14.57
Hyderabad,23-01-2023,5,1028.06,0,28.79,47.21,15.97,86.02,99.58,10.51
Hyderabad,24-01-2023,5,594.14,0,12.68,91.55,16.45,100.75,115.11,4.81
Hyderabad,25-01-2023,4,587.46,0,16.11,69.38,15.97,60.59,72.54,7.6
Hyderabad,26-01-2023,4,827.79,0,25.02,53.64,16.45,70.36,83.9,8.36
Hyderabad,27-01-2023,5,2136.23,3.38,69.23,3.49,29.56,164.75,186.64,19
Hyderabad,28-01-2023,5,2696.99,17.66,76.77,0.08,32.42,220.66,247.36,22.29
Hyderabad,29-01-2023,5,1695.63,0.45,53.47,12.7,21.93,155.58,173.44,15.83
Hyderabad,30-01-2023,5,554.08,0,8.65,98.71,11.8,97.22,109.06,3.61
Hyderabad,31-01-2023,5,1588.82,0.06,50.04,23.96,25.03,95.73,113.23,15.83
Hyderabad,01-02-2023,5,3097.53,37.55,65.8,0,31.47,191.71,214.5,22.04
Hyderabad,02-02-2023,5,1375.2,0,39.41,68.66,28.13,219.03,232.6,12.29
Hyderabad,03-02-2023,5,1482.01,0,55.52,39.7,34.81,105.21,118.95,15.71
Hyderabad,04-02-2023,5,2456.67,6.2,80.88,1.5,42.92,156.57,175.35,21.53
Hyderabad,05-02-2023,5,3524.78,46.04,69.92,0,39.1,231.5,257.06,23.81
Hyderabad,06-02-2023,5,4219.06,61.69,78.14,0,43.87,253.42,285.8,29.13
Hyderabad,07-02-2023,5,3578.19,46.94,71.29,0,39.1,228.51,265.43,28.63
Hyderabad,08-02-2023,5,7263.18,187.75,95.96,0,91.55,450.5,543.31,78.02
Hyderabad,09-02-2023,5,1602.17,1.61,55.52,7.24,25.27,148.42,167.05,18.75
Hyderabad,10-02-2023,5,3124.24,13.19,89.11,0.42,61.04,198.56,227.09,28.12
Hyderabad,11-02-2023,5,2429.96,0.18,87.74,18.24,51.98,181.99,204.64,20.27
Hyderabad,12-02-2023,5,4859.92,97.45,69.92,0,70.57,258.73,292.71,41.54
Hyderabad,13-02-2023,4,480.65,0,14.05,98.71,26.46,55.33,74.38,8.74
Hyderabad,14-02-2023,5,1468.66,0,53.47,50.78,37.19,95.64,117.92,16.97
Hyderabad,15-02-2023,5,1201.63,0,42.5,56.51,27.89,82.31,99.62,16.21
Hyderabad,16-02-2023,5,1214.98,0,45.93,56.51,35.76,88.62,109.04,14.95
Hyderabad,17-02-2023,5,1428.6,0.23,56.89,18.06,28.61,84.73,116.5,15.71
Hyderabad,18-02-2023,5,1401.9,2.85,52.78,4.52,28.13,83.63,108.44,17.48
Hyderabad,19-02-2023,5,2109.53,7.6,60.32,0.47,35.29,136.26,164.48,20.01
Hyderabad,20-02-2023,5,2643.59,17.66,69.23,0.06,31.95,167.96,198.72,22.29
Hyderabad,21-02-2023,5,5661.01,88.51,84.31,0,79.15,362.85,406.72,35.97
Hyderabad,22-02-2023,5,2990.72,9.83,86.37,0.88,69.62,206.06,230.52,25.59
Hyderabad,23-02-2023,5,6782.53,123.38,90.48,0,91.55,390.4,432.94,43.57
Hyderabad,25-02-2023,5,2883.91,28.61,61.01,0.01,41.01,216.6,242.13,21.28
Hyderabad,26-02-2023,5,1949.31,0.05,65.8,22.53,44.82,123.57,141.31,18.75
Hyderabad,27-02-2023,4,867.84,0,29.13,60.8,20.74,66.11,77.93,11.15
Hyderabad,28-02-2023,4,634.19,0,18.34,78.68,20.27,61.4,72.69,8.87
Hyderabad,01-03-2023,3,547.41,0,14.91,73.67,15.97,44.73,53,7.47
Hyderabad,02-03-2023,4,787.73,0,21.93,77.25,23.84,72.77,85.78,9.63
Hyderabad,03-03-2023,5,2269.74,9.05,69.23,0.87,43.39,143.75,168.81,21.28
Hyderabad,04-03-2023,5,1815.8,0,60.32,41.13,42.44,146.12,166.43,17.23
Hyderabad,05-03-2023,5,881.2,0,26.39,46.49,22.65,95.48,111.49,12.67
Hyderabad,06-03-2023,5,1188.28,0,35.99,47.92,27.66,108.29,127.26,13.55
Hyderabad,07-03-2023,5,1134.87,0,36.33,47.92,30.28,92.12,112.16,13.93
Hyderabad,08-03-2023,4,540.73,0,10.2,110.15,12.28,58.02,62.29,5.07
Hyderabad,09-03-2023,5,1401.9,0,46.61,53.64,36.24,116.23,131.27,13.93
Hyderabad,10-03-2023,5,1054.76,0,30.5,50.78,24.08,100.71,116.31,12.41
Hyderabad,11-03-2023,5,1148.22,0,33.93,55.79,27.66,103.48,117.75,12.41
Hyderabad,12-03-2023,5,714.3,0,15.08,89.41,17.88,93.5,103.2,6.9
Hyderabad,13-03-2023,5,961.3,0,27.08,55.07,21.46,77.15,89,11.02
Hyderabad,14-03-2023,5,1441.96,0.01,46.61,37.55,30.04,96.91,111.75,13.81
Hyderabad,15-03-2023,5,1174.93,0,36.33,45.78,27.89,83.54,96.81,12.92
Hyderabad,16-03-2023,4,614.17,0,13.37,62.23,14.54,68.33,78.06,5.45
Hyderabad,17-03-2023,3,667.57,0,14.05,45.78,17.17,29.26,31.55,2.66
Hyderabad,18-03-2023,3,1068.12,0.77,31.53,7.78,17.4,35.14,45.12,4.56
Hyderabad,19-03-2023,2,814.44,0.03,19.36,24.32,20.03,18.58,20.75,2.75
Hyderabad,20-03-2023,4,1441.96,0,41.81,32.9,16.69,68.98,83.09,8.11
Hyderabad,21-03-2023,3,867.84,0.22,27.42,20.03,13.47,37.67,48.56,3.8
Hyderabad,22-03-2023,5,6942.75,123.38,106.93,0,48.16,412.72,472.02,36.98
Hyderabad,23-03-2023,5,1735.69,14.98,54.84,0.64,19.31,91.14,105.84,13.68
Hyderabad,24-03-2023,5,2777.1,16.32,97.33,2.7,40.53,150.18,168.5,22.55
Hyderabad,25-03-2023,3,761.03,0,19.54,66.52,18.36,44.06,51.74,7.41
Hyderabad,26-03-2023,2,554.08,0,12,41.13,12.52,16.41,19.57,2.22
Hyderabad,27-03-2023,3,714.3,0,17.65,47.92,14.19,33.14,40.12,5.19
Hyderabad,28-03-2023,5,4432.68,20.34,123.38,1.12,51.98,257.51,287.25,23.81
Hyderabad,29-03-2023,2,547.41,0,12.85,65.09,13.35,24.08,29.6,5.51
Hyderabad,30-03-2023,3,614.17,0,15.25,72.24,12.4,29.95,37.48,7.22
Hyderabad,31-03-2023,3,674.25,0,16.45,77.25,14.19,45.46,54.35,8.23
Hyderabad,01-04-2023,5,2243.04,16.09,72.66,0.14,31.95,108.37,139.31,20.01
Hyderabad,02-04-2023,4,1081.47,0.33,39.41,30.76,18.36,57.13,69.07,7.85
Hyderabad,03-04-2023,5,1468.66,0,51.41,57.94,21.22,89.9,103.9,12.16
Hyderabad,04-04-2023,3,514.03,0,12.17,92.98,21.46,49.98,55.94,4.69
Hyderabad,05-04-2023,3,607.49,0,16.62,67.95,19.07,42.22,49.85,7.66
Hyderabad,06-04-2023,4,747.68,0,20.39,62.23,21.22,50.15,60.67,10.13
Hyderabad,07-04-2023,3,1121.52,0.01,36.33,26.46,25.03,47.9,56.7,10.89
Hyderabad,08-04-2023,3,827.79,0,25.7,42.56,19.31,39.58,44.7,5.64
Hyderabad,09-04-2023,5,1121.52,0,33.93,32.19,16.93,89.38,102.67,11.91
Hyderabad,10-04-2023,4,761.03,0,19.54,48.64,17.17,62.3,76.27,9.88
Hyderabad,11-04-2023,4,1081.47,0.01,31.19,28.25,24.08,71.63,85.23,13.3
Hyderabad,12-04-2023,4,1295.09,0.02,43.18,26.11,27.66,68.08,83.04,14.44
Hyderabad,13-04-2023,5,1789.09,0.1,63.75,18.95,37.67,116.09,132.9,16.47
Hyderabad,14-04-2023,4,720.98,0,23.65,79.39,15.74,57.06,65.79,6.08
Hyderabad,15-04-2023,2,413.89,0,6.43,87.26,6.02,24.6,27.47,3.2
Hyderabad,16-04-2023,3,674.25,0,17.99,28.25,9.18,39.44,47.42,10.13
Hyderabad,17-04-2023,5,6088.26,110.86,134.35,0,77.25,316.31,374.51,60.29
Hyderabad,18-04-2023,5,2990.72,4.14,93.22,1.99,56.27,166.05,186.76,24.07
Hyderabad,19-04-2023,5,1762.39,9.72,50.04,0.44,29.33,109.16,124.9,18.49
Hyderabad,20-04-2023,5,1869.2,10.62,53.47,0.21,31.95,114.25,132.64,19
Hyderabad,21-04-2023,5,1335.14,0.02,53.47,37.19,21.7,94.55,103.44,9.5
Hyderabad,22-04-2023,4,527.38,0,8.91,140.19,12.4,57.27,62.14,3.01
Hyderabad,23-04-2023,4,734.33,0,15.77,78.68,15.74,53.53,61.67,8.61
Hyderabad,24-04-2023,3,507.35,0,9.34,78.68,12.87,30.21,35.4,3.93
Hyderabad,25-04-2023,2,487.33,0,11.82,50.07,14.42,17.34,21.68,4.81
Hyderabad,26-04-2023,2,647.54,0.02,21.76,26.11,22.65,21.42,25.18,3.61
Hyderabad,27-04-2023,2,921.25,0.23,29.82,13.41,18.36,24.82,34.35,7.79
Hyderabad,28-04-2023,3,1201.63,0.02,35.3,25.39,23.37,49.75,59.17,5.76
Hyderabad,29-04-2023,3,934.6,0.02,27.42,28.25,20.27,41.12,51.41,6.14
Hyderabad,30-04-2023,5,4859.92,101.92,36.33,0,23.84,243.75,278.68,9.75
Hyderabad,01-05-2023,3,834.47,0.56,31.53,6.44,22.41,26.49,32.13,3.51
Hyderabad,02-05-2023,2,660.9,0,13.88,45.06,14.54,16.03,18.88,2.28
Hyderabad,03-05-2023,2,580.79,0,14.39,35.41,15.97,16.61,20.81,2.85
Hyderabad,04-05-2023,3,934.6,0.07,28.1,30.04,22.17,44.25,52.39,4.43
Hyderabad,05-05-2023,4,1535.42,3.35,51.41,5.1,27.66,69.5,79.56,8.49
Hyderabad,06-05-2023,4,1214.98,1.82,36.33,3.8,20.27,54.7,65.86,4.5
Hyderabad,07-05-2023,5,2323.15,6.2,63.06,0.95,20.98,121.16,139.02,6.97
Hyderabad,08-05-2023,5,5928.04,88.51,77.46,0,25.51,318.49,348.49,7.73
Hyderabad,09-05-2023,5,1869.2,2.79,58.26,5.14,21.22,102.34,125.18,11.91
Hyderabad,10-05-2023,5,3257.75,31.29,84.31,0.01,24.08,159.4,181.04,3.96
Hyderabad,11-05-2023,5,2830.51,27.49,72.66,0.05,23.37,169.06,198.44,4.43
Hyderabad,12-05-2023,4,1228.33,1.65,44.55,6.53,14.9,68.74,94.6,11.91
Hyderabad,13-05-2023,5,2830.51,47.83,70.6,0,27.66,140.03,189.33,21.79
Hyderabad,14-05-2023,5,2349.85,30.85,65.12,0.01,40.53,132.48,185.29,36.98
Hyderabad,15-05-2023,4,1388.55,19.45,33.93,0.08,16.69,69.25,109.01,15.96
Hyderabad,16-05-2023,5,1735.69,33.97,33.59,0,31.47,82.88,134.81,28.12
Hyderabad,17-05-2023,5,1842.5,36.21,36.33,0,25.75,88.99,149.09,23.05
Hyderabad,18-05-2023,5,2162.93,35.32,62.38,0,33.86,92,142.06,28.63
Hyderabad,19-05-2023,5,5607.6,71.53,105.56,0,68.66,279.99,318.27,31.66
Hyderabad,20-05-2023,4,1255.04,0.01,45.93,45.78,26.23,72.5,108.35,11.4
Hyderabad,21-05-2023,4,1134.87,0.07,43.87,36.48,20.03,73.4,110.09,11.27
Hyderabad,22-05-2023,5,1214.98,0,39.76,45.78,22.89,80.13,112.83,13.93
Hyderabad,23-05-2023,5,3150.94,37.1,61.69,0,39.1,160.91,197.67,24.07
Hyderabad,24-05-2023,5,2483.37,2.77,89.11,13.23,34.33,151.01,179.51,15.58
Hyderabad,25-05-2023,3,507.35,0,11.48,82.25,8.82,48.42,69.5,9.12
Jaipur,30-11-2020,4,453.95,0.99,7.88,168.8,19.55,41.68,44.8,7.79
Jaipur,01-12-2020,5,1228.33,0.66,44.55,11.36,11.09,93.54,110.39,34.45
Jaipur,02-12-2020,5,1121.52,0.04,42.16,23.25,12.04,90.99,105.16,28.12
Jaipur,03-12-2020,5,988.01,0.34,47.98,13.77,9.54,71.08,87.05,28.63
Jaipur,04-12-2020,5,1201.63,5.25,57.58,0.82,9.42,77.96,97.09,34.45
Jaipur,05-12-2020,5,1895.9,0,45.93,40.41,16.69,165.25,192.32,31.41
Jaipur,06-12-2020,5,827.79,0,21.25,62.23,8.23,77.38,90.5,20.27
Jaipur,07-12-2020,5,867.84,0,16.79,54.36,7.75,149.66,163.18,20.27
Jaipur,08-12-2020,5,2670.29,7.49,98.71,0.6,16.93,254.16,287.71,54.21
Jaipur,09-12-2020,5,1361.85,0,29.82,50.07,10.61,163.22,184.52,12.03
Jaipur,10-12-2020,5,1321.79,0,36.67,38.62,11.33,142.58,165.42,12.29
Jaipur,11-12-2020,5,988.01,0,29.13,40.41,7.75,111.85,127.06,11.65
Jaipur,12-12-2020,5,494,0,14.57,52.93,12.88,71.48,75.85,1.69
Jaipur,13-12-2020,5,707.63,0,9.77,77.96,3.67,84.99,91.78,16.72
Jaipur,14-12-2020,4,427.25,0,7.88,80.82,4.59,25.7,30.62,13.43
Jaipur,15-12-2020,5,640.87,0,18.51,59.37,5.54,60.73,68.72,16.97
Jaipur,16-12-2020,5,754.36,0,22.62,47.92,4.41,79.9,89.94,13.3
Jaipur,17-12-2020,5,660.9,0,10.71,90.84,5.19,78.81,86.6,13.43
Jaipur,18-12-2020,4,614.17,0,13.71,88.69,4.35,49.35,57.21,14.06
Jaipur,19-12-2020,4,687.6,0,26.39,40.77,5.48,42.38,50.76,19
Jaipur,20-12-2020,5,894.55,0.11,41.81,21.46,15.97,85.29,98.22,44.58
Jaipur,21-12-2020,5,1361.85,10.62,53.47,0.22,21.7,86.46,106.41,69.92
Jaipur,22-12-2020,5,2349.85,23.92,56.89,0.01,19.55,175.25,206.5,50.66
Jaipur,23-12-2020,5,2056.12,0.04,56.89,20.56,12.76,189.26,213.57,29.13
Jaipur,24-12-2020,5,1428.6,0,42.16,35.76,8.46,184.41,201.49,26.6
Jaipur,25-12-2020,5,1001.36,0,23.31,65.09,11.44,203.53,214.65,15.83
Jaipur,26-12-2020,5,2883.91,9.84,86.37,0.31,37.19,263.68,296.53,68.9
Jaipur,27-12-2020,5,2136.23,6.31,72.66,0.58,10.25,203.42,226.23,38.51
Jaipur,28-12-2020,5,297.07,0,6.17,87.26,3.87,44.2,174.46,10.13
Jaipur,29-12-2020,5,1068.12,1.55,43.18,5.54,12.04,74.84,99.64,35.97
Jaipur,30-12-2020,5,680.92,0,14.91,76.53,4.83,81.96,98.91,17.23
Jaipur,31-12-2020,5,667.57,0,12.51,83.69,7.63,82.38,90.36,15.96
Jaipur,01-01-2021,5,1094.82,0.5,49.35,11.44,7.63,99.7,112.36,33.44
Jaipur,02-01-2021,5,660.9,0,7.45,124.45,12.76,125.2,132.85,6.84
Jaipur,03-01-2021,5,560.76,0,6.6,62.23,6.26,114.51,116.1,1.93
Jaipur,04-01-2021,5,587.46,0,4.41,87.98,5.07,81.94,82.87,1.9
Jaipur,05-01-2021,5,667.57,0,8.65,65.8,7.15,141.5,145.87,2.66
Jaipur,06-01-2021,5,1081.47,0.23,27.08,12.16,7.15,159.11,165.88,6.84
Jaipur,07-01-2021,5,694.28,0,12.34,53.64,3.07,55.29,59.82,3.23
Jaipur,08-01-2021,5,894.55,0,17.82,37.91,3.55,101.49,109.67,5.38
Jaipur,09-01-2021,5,1001.36,0,13.02,67.23,8.82,192.26,198.58,2.57
Jaipur,10-01-2021,5,667.57,0,12.68,48.64,2.83,80.86,86.75,4.62
Jaipur,11-01-2021,5,807.76,0,12.68,75.1,2.8,84.96,90.94,7.6
Jaipur,12-01-2021,5,707.63,0,17.99,64.37,5.01,74.56,82.22,6.9
Jaipur,13-01-2021,4,580.79,0,18.34,64.37,4.95,46.39,53.13,14.57
Jaipur,14-01-2021,5,1789.09,4.81,60.32,1.81,12.16,128.36,149.12,34.96
Jaipur,15-01-2021,5,2056.12,0.01,46.61,30.04,12.64,150.81,172.47,27.61
Jaipur,16-01-2021,5,1201.63,0.02,39.41,27.9,6.5,107.84,123.23,9.63
Jaipur,17-01-2021,5,1388.55,2.12,42.84,4.02,6.56,138.67,155.46,15.33
Jaipur,18-01-2021,5,520.71,0,5.14,117.3,8.7,140.57,145.34,6.71
Jaipur,19-01-2021,5,680.92,0,12.85,63.66,4.53,123.13,129.43,4.02
Jaipur,20-01-2021,5,947.95,0,19.02,39.34,4.59,203.8,214.84,5.76
Jaipur,21-01-2021,5,1068.12,0.02,26.73,28.61,4.89,249.34,261.06,10.89
Jaipur,22-01-2021,5,1094.82,0,52.78,40.05,19.07,134.01,156.03,67.89
Jaipur,23-01-2021,5,694.28,0,13.02,76.53,5.66,118.31,128.07,11.65
Jaipur,24-01-2021,5,707.63,0,5.06,117.3,5.9,173.09,231.15,7.92
Jaipur,25-01-2021,5,720.98,0,10.97,94.41,6.62,78.73,84.54,13.43
Jaipur,26-01-2021,5,907.9,0.04,27.08,26.11,5.07,95.75,109,16.09
Jaipur,27-01-2021,5,934.6,0.18,31.19,16.45,6.38,75.1,90.8,25.33
Jaipur,28-01-2021,5,961.3,0.04,23.99,32.9,6.68,113.07,126.22,12.79
Jaipur,29-01-2021,5,1041.41,1.23,39.07,6.08,6.26,98.75,118.49,27.61
Jaipur,30-01-2021,5,894.55,0.72,34.62,9.92,7.63,69.7,85.06,26.85
Jaipur,31-01-2021,5,821.11,0.19,37.7,16.45,10.25,69.69,83.86,30.15
Jaipur,01-02-2021,5,801.09,0,18.17,75.82,7.75,94.47,105.62,19
Jaipur,02-02-2021,5,1655.58,0.02,51.41,23.96,14.31,124.03,151.48,30.65
Jaipur,03-02-2021,5,894.55,0,24.68,66.52,24.56,123.93,144.79,16.09
Jaipur,04-02-2021,5,3284.45,28.39,64.43,0,30.28,247.81,298.98,39.52
Jaipur,05-02-2021,5,841.14,0,11.65,79.39,6.02,182.78,193,4.69
Jaipur,06-02-2021,5,660.9,0,17.82,68.67,6.02,79.28,88.01,19.25
Jaipur,07-02-2021,4,594.14,0,20.91,50.07,5.54,40.05,48.07,21.03
Jaipur,08-02-2021,5,988.01,0.26,35.3,12.88,11.09,74.31,92.77,35.97
Jaipur,09-02-2021,5,1682.28,11.18,58.95,0.36,37.67,118.78,153.25,89.17
Jaipur,10-02-2021,5,1842.5,0.04,47.3,29.33,16.69,153.48,186.56,31.16
Jaipur,11-02-2021,5,654.22,0,17.31,58.65,6.26,71.05,89.81,22.04
Jaipur,12-02-2021,5,1241.68,0.38,43.53,10.73,9.3,158.36,184.94,27.61
Jaipur,13-02-2021,5,1268.39,0,37.36,33.98,8.35,202.1,224.1,24.32
Jaipur,14-02-2021,5,707.63,0,18.85,57.22,5.19,113.75,124.11,19.51
Jaipur,15-02-2021,5,1495.36,0.01,35.64,27.9,10.37,214.51,240.48,31.16
Jaipur,16-02-2021,5,1081.47,0,25.71,51.5,9.18,186.4,202.04,21.28
Jaipur,17-02-2021,5,1148.22,0,23.99,55.79,7.63,221.66,238.02,17.73
Jaipur,18-02-2021,5,974.66,0,20.39,78.68,12.16,206.2,224.18,19.51
Jaipur,19-02-2021,5,867.84,0,15.59,86.55,14.19,172.25,186.2,16.72
Jaipur,20-02-2021,5,654.22,0,19.36,61.51,7.09,70.71,79.4,20.77
Jaipur,21-02-2021,5,934.6,0.33,35.64,11,7.99,68.15,80.7,28.88
Jaipur,22-02-2021,5,1201.63,0.12,44.55,15.38,17.88,121.89,142.28,43.06
Jaipur,23-02-2021,5,1976.01,2.77,56.21,1.83,33.38,144.97,171.44,49.14
Jaipur,24-02-2021,5,1094.82,0.01,37.01,25.75,19.31,86.62,103.45,31.16
Jaipur,25-02-2021,5,881.2,0,21.94,76.53,15.74,90.44,108.36,22.55
Jaipur,26-02-2021,5,734.33,0,31.19,41.84,10.49,58.14,79.21,22.55
Jaipur,27-02-2021,4,460.63,0,12.34,69.38,12.04,34.72,57.81,15.07
Jaipur,28-02-2021,4,500.68,0,17.14,47.21,7.87,36.5,66.89,20.77
Jaipur,01-03-2021,4,440.6,0,14.91,60.08,7.21,31.39,61.59,17.99
Jaipur,02-03-2021,4,427.25,0,11.48,81.54,7.03,25.7,38.3,16.72
Jaipur,03-03-2021,4,560.76,0,15.94,75.1,7.99,41.36,52.04,17.73
Jaipur,04-03-2021,5,1628.88,0,40.44,34.69,30.28,103.78,135.13,29.39
Jaipur,05-03-2021,5,854.49,0,32.22,38.62,18.6,65.07,102.24,30.4
Jaipur,06-03-2021,5,761.03,0.01,31.19,31.11,13.23,56.21,83.79,24.07
Jaipur,07-03-2021,5,620.84,0,15.77,61.51,14.9,55.58,101.57,19.51
Jaipur,08-03-2021,4,514.03,0,15.77,37.55,9.78,32.57,56.7,19
Jaipur,09-03-2021,5,587.46,0,16.97,58.65,9.06,64.25,139.68,19.25
Jaipur,10-03-2021,5,547.41,0,11.48,79.39,6.14,76.57,106.52,15.71
Jaipur,11-03-2021,5,574.11,0,7.63,117.3,18.36,100.48,140.86,12.79
Jaipur,12-03-2021,5,574.11,0,11.48,88.69,9.42,79.98,119.02,15.83
Jaipur,13-03-2021,4,587.46,0,15.59,60.08,8.23,40.52,51.74,18.24
Jaipur,14-03-2021,5,667.57,0,18.17,50.07,9.66,55.19,70.53,21.53
Jaipur,15-03-2021,4,473.98,0,12.34,66.52,5.31,45.43,63.3,16.47
Jaipur,16-03-2021,5,774.38,0.01,27.76,28.25,10.37,69.28,98.86,23.31
Jaipur,17-03-2021,5,514.03,0,15.25,55.08,7.57,63.65,137.7,20.27
Jaipur,18-03-2021,5,1735.69,7.15,50.72,0.39,27.9,125.61,201.15,38.51
Jaipur,19-03-2021,5,527.38,0,14.05,65.09,6.14,61.39,93.67,16.09
Jaipur,20-03-2021,5,841.14,0,21.59,48.64,11.09,70.67,94.23,20.52
Jaipur,21-03-2021,4,480.65,0,10.97,62.94,5.9,48.74,77.52,19
Jaipur,22-03-2021,5,867.84,0,23.99,44.7,15.14,69.11,97.84,23.31
Jaipur,23-03-2021,5,554.09,0,12.34,82.25,8.58,68.62,91.57,16.09
Jaipur,24-03-2021,5,520.71,0,13.88,65.09,9.3,51.18,72.69,14.57
Jaipur,25-03-2021,5,527.38,0,6.77,118.73,8.11,68.67,91.59,12.67
Jaipur,26-03-2021,4,520.71,0,17.82,70.81,8.7,42.28,62.5,17.99
Jaipur,27-03-2021,5,921.25,0.11,37.36,14.13,10.85,67.17,103.7,28.12
Jaipur,28-03-2021,5,480.65,0,9.17,82.97,5.72,58.36,89.5,17.73
Jaipur,29-03-2021,4,383.85,0,8.74,88.69,9.54,39.75,77.07,14.57
Jaipur,30-03-2021,4,300.41,0,6.17,81.54,5.72,38.15,70.35,9.5
Jaipur,31-03-2021,5,277.04,0,3.81,147.34,4.35,40.21,140.52,8.61
Jaipur,01-04-2021,3,337.12,0,5.74,148.77,8.58,21.41,34.42,10.39
Jaipur,02-04-2021,4,417.23,0,11.48,111.58,10.13,28.72,45.49,16.09
Jaipur,03-04-2021,3,514.03,0,17.31,63.66,7.21,24.27,35.93,18.49
Jaipur,04-04-2021,4,453.95,0,9.6,107.29,9.54,41.69,51.84,17.73
Jaipur,05-04-2021,5,600.82,0,12.17,120.16,16.69,56,73.97,17.48
Jaipur,06-04-2021,4,380.52,0,8.82,90.12,9.42,44.45,85.03,12.41
Jaipur,07-04-2021,4,327.11,0,6.34,86.55,7.27,46.95,81.84,9.12
Jaipur,08-04-2021,4,370.5,0,7.03,107.29,5.31,25.86,41.56,13.43
Jaipur,09-04-2021,3,373.84,0,7.97,111.58,5.84,20.61,26.92,13.3
Jaipur,10-04-2021,2,347.14,0,6,110.15,3.82,19.76,31.21,11.27
Jaipur,11-04-2021,4,390.53,0,8.74,87.98,5.36,28.08,46.97,15.58
Jaipur,12-04-2021,4,427.25,0,11.31,71.53,6.56,38.38,75.34,16.72
Jaipur,13-04-2021,5,654.22,0,17.99,67.23,12.04,56.38,91.61,23.56
Jaipur,14-04-2021,4,514.03,0,13.37,72.24,8.23,47.54,82.87,18.24
Jaipur,15-04-2021,5,1001.36,0.16,38.04,13.23,17.17,72.1,115.86,33.44
Jaipur,16-04-2021,4,707.63,0,20.39,62.23,15.26,45.3,60.68,18.49
Jaipur,17-04-2021,4,507.36,0,15.94,62.94,9.06,29.74,45.56,17.23
Jaipur,18-04-2021,2,360.49,0,6.86,82.25,3.19,14.7,25.09,12.41
Jaipur,19-04-2021,4,667.57,0,27.76,40.77,10.97,34.55,65.77,28.63
Jaipur,20-04-2021,4,447.27,0,12.17,82.97,7.15,28.41,46.49,16.72
Jaipur,21-04-2021,5,854.49,0,26.39,31.47,14.66,57.36,93.09,22.04
Jaipur,22-04-2021,2,427.25,0,8.82,100.14,5.48,19.1,28.96,11.65
Jaipur,23-04-2021,5,947.95,0,27.76,37.19,16.21,50.48,82.46,25.08
Jaipur,24-04-2021,4,480.65,0,3.94,180.24,14.07,31.55,37.06,11.53
Jaipur,25-04-2021,2,403.88,0,9.34,113.01,7.15,18.55,22.49,13.81
Jaipur,26-04-2021,2,447.27,0,13.37,83.69,6.56,19.91,25.31,16.97
Jaipur,27-04-2021,5,1922.61,0.02,60.32,17.7,43.87,100.47,135.29,32.17
Jaipur,28-04-2021,4,620.84,0,20.22,53.64,11.44,36.82,61.37,20.27
Jaipur,29-04-2021,4,410.56,0,12,76.53,5.96,31.27,57.32,16.21
Jaipur,30-04-2021,4,347.14,0,7.54,87.26,4.89,34.87,59.88,11.4
Jaipur,01-05-2021,5,720.98,0,17.65,73.67,13.83,79.24,104.25,19.76
Jaipur,02-05-2021,5,1201.63,0.08,41.47,12.7,18.36,94.82,125.96,32.42
Jaipur,03-05-2021,5,2029.42,1.19,45.93,3.13,31.95,115.59,160.1,39.01
Jaipur,04-05-2021,5,1201.63,0.02,30.85,29.33,26.46,70.19,109.03,26.09
Jaipur,05-05-2021,5,907.9,0.2,39.41,10.37,15.97,56.45,93.53,27.61
Jaipur,06-05-2021,4,654.22,0,24.33,30.76,11.92,32.13,57.75,21.53
Jaipur,07-05-2021,5,634.19,0,3.43,160.22,8.7,67.31,78.62,11.78
Jaipur,08-05-2021,5,767.71,0,11.82,97.28,8.11,93.54,108.52,16.97
Jaipur,09-05-2021,5,587.46,0,6.26,115.87,8.58,61.81,74.58,12.03
Jaipur,10-05-2021,5,640.87,0,6.34,117.3,10.37,82.17,96.57,13.55
Jaipur,11-05-2021,5,734.33,0,13.54,82.97,13.59,76.9,97.61,19.25
Jaipur,12-05-2021,4,580.79,0,13.88,60.8,14.31,36.77,69.92,17.48
Jaipur,13-05-2021,5,2056.12,4.97,58.95,1.95,26.46,116.88,160.25,38
Jaipur,14-05-2021,5,620.84,0,12.85,72.96,7.99,61.08,83.25,17.23
Jaipur,15-05-2021,5,520.71,0,8.4,105.86,6.68,61.39,105.94,13.3
Jaipur,16-05-2021,5,700.95,0,5.1,145.91,14.66,94.63,115.92,12.92
Jaipur,17-05-2021,5,647.54,0,14.74,58.65,8.58,74.89,114.88,19.76
Jaipur,18-05-2021,5,494,0,6.51,91.55,8.82,68.6,76.47,9.37
Jaipur,19-05-2021,4,453.95,0,5.27,92.98,4.47,37.17,38.17,1.95
Jaipur,20-05-2021,4,634.19,0,7.71,75.82,5.19,46.84,47.74,1.87
Jaipur,21-05-2021,5,1468.66,0,30.85,49.35,11.92,131.62,166.12,22.29
Jaipur,22-05-2021,5,1361.85,0.06,40.1,15.38,10.13,100.92,164.56,16.72
Jaipur,23-05-2021,5,881.2,0,19.36,37.19,8.35,75.89,131.68,9.63
Jaipur,24-05-2021,4,467.3,0,14.4,52.21,4.17,33.59,60.02,16.72
Jaipur,25-05-2021,4,560.76,0,12.85,70.1,7.45,39.56,84.71,16.97
Jaipur,26-05-2021,5,433.92,0,10.54,82.97,6.91,48.48,125.34,13.3
Jaipur,27-05-2021,5,480.65,0,15.94,55.08,6.68,51.81,136.12,17.23
Jaipur,28-05-2021,5,974.66,0,22.96,45.42,17.17,76.29,190.34,22.8
Jaipur,29-05-2021,5,333.79,0,7.2,88.69,6.97,43.08,109.67,10.26
Jaipur,30-05-2021,4,310.42,0,6.08,75.1,5.54,32.5,72.7,10.39
Jaipur,31-05-2021,5,433.92,0,12.34,57.94,6.74,48.97,128.16,16.72
Jaipur,01-06-2021,5,694.28,0,24.68,50.78,9.06,67.89,180.72,15.45
Jaipur,02-06-2021,4,410.56,0,10.2,71.53,7.63,29.26,45.09,8.74
Jaipur,03-06-2021,4,433.92,0,12.17,90.12,4.71,34.97,66.15,12.54
Jaipur,04-06-2021,5,2082.82,0,56.21,24.68,22.65,127.82,185.92,29.64
Jaipur,05-06-2021,5,700.95,0,17.99,64.37,11.33,60.24,99.52,21.03
Jaipur,06-06-2021,4,360.49,0,6.86,74.39,7.99,26.42,57.69,13.05
Jaipur,07-06-2021,4,540.73,0,15.42,49.35,8.82,36.04,71.55,20.01
Jaipur,08-06-2021,4,293.73,0,6,75.82,8.11,22.97,56.36,9.25
Jaipur,09-06-2021,2,280.38,0,6,63.66,6.26,13.9,32.2,8.74
Jaipur,10-06-2021,3,307.08,0,7.88,67.23,7.09,16.74,45.02,10.51
Jaipur,11-06-2021,2,277.04,0,5.91,65.8,5.66,10.71,28.42,8.36
Jaipur,12-06-2021,3,300.41,0,7.63,72.96,4.77,17.34,46.17,10.13
Jaipur,13-06-2021,4,317.1,0,8.4,57.94,4.17,21.11,69.06,12.29
Jaipur,14-06-2021,5,527.38,0,12.68,62.23,8.35,55.68,165.06,19
Jaipur,15-06-2021,5,347.14,0,8.82,65.8,8.23,39.55,115.37,10.26
Jaipur,16-06-2021,5,894.55,0.02,30.5,20.39,12.28,50.64,88.72,14.06
Jaipur,17-06-2021,5,1789.09,0.24,45.24,8.58,21.46,87.24,124.71,30.91
Jaipur,18-06-2021,5,614.17,0,9,108.72,8.94,76.89,101.97,16.21
Jaipur,19-06-2021,5,547.41,0,6.77,145.91,9.66,58.4,63.27,10.89
Jaipur,20-06-2021,4,380.52,0,6.6,62.23,5.13,35.4,50.85,11.4
Jaipur,21-06-2021,4,330.45,0,5.31,72.96,5.78,29.69,57.41,8.87
Jaipur,22-06-2021,5,293.73,0,6.43,68.67,4.83,62.02,160.93,8.61
Jaipur,23-06-2021,5,303.75,0,6.94,77.25,7.45,46.08,127.99,9.88
Jaipur,24-06-2021,5,333.79,0,7.2,75.1,8.23,58.04,191.6,10.89
Jaipur,25-06-2021,5,277.04,0,5.27,87.98,6.91,60.47,217.23,7.98
Jaipur,26-06-2021,5,337.12,0,8.14,79.39,7.45,54.99,156.23,9.88
Jaipur,27-06-2021,5,390.53,0,12,55.08,5.96,45.08,152.52,15.83
Jaipur,28-06-2021,5,700.95,0,19.88,47.21,11.33,66.34,182.65,20.27
Jaipur,29-06-2021,5,487.33,0,14.05,57.22,9.3,71.52,198.41,16.97
Jaipur,30-06-2021,5,277.04,0,5.31,75.82,6.38,33.55,116.65,8.49
Jaipur,01-07-2021,3,263.69,0,4.16,60.08,4.83,11.85,44.22,5.89
Jaipur,02-07-2021,4,277.04,0,6.51,62.94,6.91,21.47,68.75,8.36
Jaipur,03-07-2021,4,236.99,0,4.67,77.96,4.59,24.88,83.13,5.7
Jaipur,04-07-2021,3,300.41,0,6.77,56.51,7.21,21.38,46.53,9.37
Jaipur,05-07-2021,5,363.83,0,8.23,57.22,8.46,46.01,158.19,11.78
Jaipur,06-07-2021,5,370.5,0,10.54,58.65,9.66,38.31,106.33,13.68
Jaipur,07-07-2021,4,317.1,0,7.8,70.1,8.46,29.76,80.35,10.64
Jaipur,08-07-2021,4,240.33,0,5.14,70.1,5.01,16.9,57.85,7.35
Jaipur,09-07-2021,4,297.07,0,8.57,61.51,6.68,19.03,56.91,11.02
Jaipur,10-07-2021,5,500.68,0,9.51,75.1,5.72,70.96,137.62,16.97
Jaipur,11-07-2021,5,620.84,0,6.86,104.43,6.14,51.84,57.4,11.4
Jaipur,12-07-2021,2,781.06,0,6.68,45.78,4.41,15.6,16.46,3.93
Jaipur,13-07-2021,3,574.11,0,7.2,61.51,6.2,22.05,23.47,4.18
Jaipur,14-07-2021,5,600.82,0,8.57,82.25,6.26,52.52,56.1,7.16
Jaipur,15-07-2021,4,527.38,0,8.74,75.1,5.9,35.03,38.48,7.28
Jaipur,16-07-2021,5,514.03,0,6.26,108.72,6.8,51.8,56.18,10.89
Jaipur,17-07-2021,4,494,0,10.28,70.81,5.72,39.85,44.1,13.05
Jaipur,18-07-2021,2,480.65,0,6,82.97,6.5,15.14,16.77,6.65
Jaipur,19-07-2021,1,307.08,0,6.77,30.76,4.59,5.08,7.27,6.02
Jaipur,20-07-2021,4,714.3,0.01,18.34,18.6,10.49,31.37,41.24,4.94
Jaipur,21-07-2021,3,297.07,0,5.91,30.76,6.2,19.29,43.32,7.09
Jaipur,22-07-2021,4,500.68,0,12.17,36.48,10.25,36.18,72.38,14.06
Jaipur,23-07-2021,5,2109.53,22.13,36.67,0,13.11,144.2,213.86,13.05
Jaipur,24-07-2021,5,1295.09,0.01,25.36,23.6,12.88,72.46,82.06,7.35
Jaipur,25-07-2021,4,907.9,0,13.2,48.64,5.72,48.6,55.29,6.27
Jaipur,26-07-2021,4,487.33,0,8.74,68.67,5.36,34.97,39.81,7.85
Jaipur,27-07-2021,2,520.71,0,11.82,43.63,7.03,15.34,19.04,3.86
Jaipur,28-07-2021,2,337.12,0,6.51,30.4,6.02,15.39,21.88,5.32
Jaipur,29-07-2021,3,447.27,0.02,11.82,19.49,8.35,24.7,36.75,8.74
Jaipur,30-07-2021,3,567.44,0.02,14.74,18.06,12.99,22.06,26.42,4.94
Jaipur,31-07-2021,2,383.85,0,9.25,27.18,3.79,14.64,15.87,2.47
Jaipur,01-08-2021,3,313.76,0.01,8.31,18.6,3.07,21.14,26.37,2.57
Jaipur,02-08-2021,4,283.72,0,6.34,36.12,3.25,27.89,59.23,3.29
Jaipur,03-08-2021,2,330.45,0,7.2,41.49,2.77,11.23,12.23,1.85
Jaipur,04-08-2021,4,694.28,0,6.26,82.97,10.85,47.07,47.73,1.38
Jaipur,05-08-2021,5,1041.41,2.21,23.99,1.86,6.97,68.15,83.72,9.25
Jaipur,06-08-2021,5,1041.41,0.07,23.31,14.13,9.66,63.83,81.21,6.71
Jaipur,07-08-2021,4,894.55,0.8,21.94,3.26,10.37,42.59,63.49,6.78
Jaipur,08-08-2021,4,1094.82,1.93,21.94,1.63,6.86,47.13,67.85,9.37
Jaipur,09-08-2021,4,500.68,0,13.37,27.54,5.84,36.09,77.8,8.04
Jaipur,10-08-2021,4,440.6,0,12.17,47.21,7.15,28.83,65.17,6.46
Jaipur,11-08-2021,2,377.18,0,8.05,46.49,7.45,11.58,22.89,10.26
Jaipur,12-08-2021,2,447.27,0,11.31,41.49,8.23,15.17,28.19,11.65
Jaipur,13-08-2021,3,407.22,0,9.6,45.78,7.63,16.98,37.62,12.16
Jaipur,14-08-2021,3,433.92,0,11.82,36.48,7.09,20.88,47.34,13.05
Jaipur,15-08-2021,2,337.12,0,8.4,41.84,5.25,12.69,24.46,9.63
Jaipur,16-08-2021,3,360.49,0,9.85,41.49,5.6,19.41,44.92,11.27
Jaipur,17-08-2021,4,420.57,0,9.94,51.5,7.21,28.05,75.73,11.91
Jaipur,18-08-2021,4,554.09,0,16.11,42.92,8.94,36.28,85.11,17.48
Jaipur,19-08-2021,5,988.01,0,26.05,37.19,14.42,73.67,148.74,24.57
Jaipur,20-08-2021,5,807.76,0.03,24.33,16.81,8.94,71.8,147.04,21.03
Jaipur,21-08-2021,4,667.57,0,9,43.63,4.89,25.62,26.89,3.04
Jaipur,22-08-2021,4,867.84,0.01,9.25,19.67,4.29,28.93,30.16,3.04
Jaipur,23-08-2021,4,554.09,0,12,30.04,6.74,27.44,37.49,5.45
Jaipur,24-08-2021,4,741.01,0,17.48,29.33,8.35,29.59,48.69,8.87
Jaipur,25-08-2021,4,413.9,0,7.37,53.64,7.27,24.92,51.49,10.26
Jaipur,26-08-2021,2,320.44,0,7.03,47.21,7.03,10.7,32.59,8.74
Jaipur,27-08-2021,2,327.11,0,8.4,44.7,6.74,14.25,22.96,9.12
Jaipur,28-08-2021,4,400.54,0,12,39.34,8.94,24.64,62.89,11.65
Jaipur,29-08-2021,4,534.06,0,12.68,40.05,5.96,25.31,55.51,12.67
Jaipur,30-08-2021,3,440.6,0,8.48,43.99,4.95,21.51,29.03,5.51
Jaipur,31-08-2021,4,687.6,0,9.08,47.21,4.89,36.93,39.09,3.67
Jaipur,01-09-2021,5,680.92,0,7.71,60.8,5.19,50.79,53.03,3.07
Jaipur,02-09-2021,4,767.71,0,12.51,27.18,6.32,37.17,39.73,3.93
Jaipur,03-09-2021,4,761.03,0.01,17.31,25.39,8.82,39.57,47.83,6.84
Jaipur,04-09-2021,5,1134.87,0.43,23.99,6.8,11.8,56.27,69.68,7.09
Jaipur,05-09-2021,5,1214.98,0.14,23.65,11.27,8.94,62.33,78.92,8.99
Jaipur,06-09-2021,5,1268.39,1.26,27.42,6.44,8.82,59.01,76.72,7.6
Jaipur,07-09-2021,4,747.68,0,14.74,40.41,6.68,45.57,52.74,5.76
Jaipur,08-09-2021,2,834.47,0,7.97,41.49,3.7,19.29,20.73,3.17
Jaipur,09-09-2021,4,554.09,0,5.44,95.84,5.6,48.16,49.83,2.91
Jaipur,10-09-2021,4,654.22,0,10.37,50.78,6.97,40.97,43.95,4.37
Jaipur,11-09-2021,4,667.57,0.01,11.14,24.32,4.53,27.26,27.8,1.98
Jaipur,12-09-2021,1,403.88,0.02,7.71,16.63,3.82,9.83,10.78,2.44
Jaipur,13-09-2021,3,487.33,0,5.91,59.37,3.87,22.82,23.49,2.19
Jaipur,14-09-2021,5,827.79,0,6.94,70.1,4.35,90.62,93.48,3.61
Jaipur,15-09-2021,4,433.92,0,5.57,84.4,5.07,37.13,39.96,3.83
Jaipur,16-09-2021,4,390.53,0,6,64.37,6.32,26.43,28.87,4.94
Jaipur,17-09-2021,3,377.18,0,4.71,60.08,3.87,24.29,25.79,3.74
Jaipur,18-09-2021,2,440.6,0,8.74,43.27,5.25,16.64,18.13,2.53
Jaipur,19-09-2021,5,554.09,0,4.97,89.41,4.71,64.36,65.97,3.07
Jaipur,20-09-2021,5,854.49,0.06,16.11,16.45,5.84,53.77,60.77,7.54
Jaipur,21-09-2021,5,894.55,0,15.08,45.78,8.35,64.48,72.65,7.28
Jaipur,22-09-2021,5,907.9,0.01,19.71,24.32,10.13,57.66,67.58,7.73
Jaipur,23-09-2021,4,614.17,0,11.65,28.97,6.5,32.6,35.87,4.18
Jaipur,24-09-2021,5,667.57,0,9,73.67,5.07,63,66.86,4.24
Jaipur,25-09-2021,5,647.54,0,10.97,55.08,4.71,58.93,63.82,5.26
Jaipur,26-09-2021,5,794.41,0,15.08,28.61,4.71,65.94,72.47,7.09
Jaipur,27-09-2021,5,834.47,0,6.6,77.96,4.29,65.37,67.23,3.74
Jaipur,28-09-2021,5,660.9,0,7.11,88.69,6.02,76.79,81.63,4.18
Jaipur,29-09-2021,4,660.9,0,5.18,94.41,4.23,40.18,42.24,3.2
Jaipur,30-09-2021,5,707.63,0,6.6,77.96,5.6,53.14,55.18,3.01
Jaipur,01-10-2021,5,1815.8,0.14,29.47,11.98,10.85,158.4,179.12,10.89
Jaipur,02-10-2021,5,1455.31,2.01,32.22,2.12,8.58,103.22,118.36,11.02
Jaipur,03-10-2021,4,614.17,0,15.42,32.54,5.78,29.94,37.67,5.76
Jaipur,04-10-2021,2,357.15,0,7.03,57.22,6.08,12.67,16.49,9.75
Jaipur,05-10-2021,3,627.52,0,17.65,30.4,9.3,24.39,34.77,13.55
Jaipur,06-10-2021,5,1495.36,2.38,42.16,6.97,10.85,65.73,92.06,11.78
Jaipur,07-10-2021,5,2964.02,12.85,63.75,0.07,22.41,165.61,190.8,26.09
Jaipur,08-10-2021,5,3738.4,34.42,67.86,0,21.22,238.68,293.23,32.93
Jaipur,09-10-2021,4,547.41,0,10.88,74.39,8.46,43,75.47,14.31
Jaipur,10-10-2021,4,487.33,0,10.71,60.8,6.8,34.29,51.9,15.96
Jaipur,11-10-2021,4,500.68,0,11.48,62.94,6.8,39.78,58.82,14.95
Jaipur,12-10-2021,4,580.79,0,13.02,71.53,10.25,44.5,63.6,15.71
Jaipur,13-10-2021,5,2830.51,21.01,50.04,0.01,23.6,176.44,219.64,35.97
Jaipur,14-10-2021,5,420.57,0,7.28,133.04,10.85,50.24,71.33,11.78
Jaipur,15-10-2021,5,727.65,0,26.73,38.62,7.33,54.28,78.25,21.28
Jaipur,16-10-2021,5,727.65,0,29.13,41.84,8.46,52.45,69.39,22.55
Jaipur,17-10-2021,5,1508.71,0.01,39.41,23.25,12.28,128.86,151.92,27.87
Jaipur,18-10-2021,5,754.36,0,8.31,66.52,5.78,60.48,61.85,3.61
Jaipur,19-10-2021,4,761.03,0.01,14.74,25.75,4.29,44.06,48.77,4.62
Jaipur,20-10-2021,5,974.66,0.01,29.13,28.25,6.68,76.44,89.5,12.29
Jaipur,21-10-2021,5,894.55,0,29.13,43.27,7.57,85.18,120.21,20.52
Jaipur,22-10-2021,4,427.25,0,10.45,85.12,9.06,42.18,61.63,13.55
Jaipur,23-10-2021,4,453.95,0,12.51,61.51,7.45,37.67,54.73,14.31
Jaipur,24-10-2021,4,453.95,0,11.31,74.39,8.82,48.82,60.79,10.64
Jaipur,25-10-2021,5,1281.74,0.5,44.55,8.32,13.11,72.5,88,22.55
Jaipur,26-10-2021,5,600.82,0,15.59,46.49,5.19,56.62,79.07,20.52
Jaipur,27-10-2021,5,627.52,0,12.85,70.1,6.14,61.67,84.83,18.24
Jaipur,28-10-2021,5,1682.28,5.31,69.92,1.72,34.81,111.95,148.32,90.18
Jaipur,29-10-2021,5,907.9,0,26.05,33.98,9.18,63.71,83.36,28.12
Jaipur,30-10-2021,5,1121.52,0,26.39,33.98,8.58,82.17,98.52,27.61
Jaipur,31-10-2021,5,974.66,0,32.9,39.34,14.42,75.32,101.6,37.49
Jaipur,01-11-2021,5,1575.47,5.42,51.41,0.44,20.98,113.67,156.24,54.21
Jaipur,02-11-2021,5,1068.12,0,23.99,85.83,12.64,109.74,137.75,21.79
Jaipur,03-11-2021,5,834.47,0,17.99,91.55,10.37,75.61,95.25,18.75
Jaipur,04-11-2021,5,1161.58,0,30.85,60.8,12.4,113.08,136.59,26.35
Jaipur,05-11-2021,5,974.66,0,21.93,76.53,8.58,100.31,116.32,21.53
Jaipur,06-11-2021,5,1842.5,2.65,64.43,5.14,30.52,149.7,175.35,85.12
Jaipur,07-11-2021,5,1495.36,0.04,47.98,19.67,15.74,136.76,165.94,48.13
Jaipur,08-11-2021,5,761.03,0,22.28,39.34,5.9,80.66,109.43,21.53
Jaipur,09-11-2021,5,881.2,0.02,28.79,26.82,7.63,82.04,107.31,21.79
Jaipur,10-11-2021,5,1869.2,6.15,84.31,1.13,40.53,140.32,182.64,106.39
Jaipur,11-11-2021,5,1241.68,0.79,52.09,10.46,21.22,121.35,159.75,46.1
Jaipur,12-11-2021,5,1628.88,0.78,61.01,9.3,20.27,149.69,181.3,33.94
Jaipur,13-11-2021,5,1482.01,0,34.62,38.27,24.08,145.68,172.48,51.68
Jaipur,14-11-2021,5,1401.9,0.02,30.5,29.68,12.64,118.14,137.91,36.98
Jaipur,15-11-2021,5,3311.16,0.01,70.6,22.17,14.66,275.87,305.52,32.42
Jaipur,16-11-2021,5,1735.69,0,41.81,38.62,16.93,140.14,158.73,36.98
Jaipur,17-11-2021,5,1201.63,0.12,47.3,16.99,7.39,122.51,141.33,28.88
Jaipur,18-11-2021,5,1241.68,0,18.34,113.01,12.87,220.84,236.1,10.64
Jaipur,19-11-2021,5,1068.12,0,16.11,87.98,7.45,228.04,241.45,10.64
Jaipur,20-11-2021,5,1321.79,0.12,34.62,15.2,11.56,73.22,90.45,9.5
Jaipur,21-11-2021,5,1188.28,0,17.31,71.53,5.72,311.61,319.55,3.17
Jaipur,22-11-2021,5,1361.85,1.87,50.04,4.92,6.79,128.38,145,41.54
Jaipur,23-11-2021,5,867.84,0,23.99,66.52,12.04,97.02,115,20.77
Jaipur,24-11-2021,5,1895.9,0.12,70.6,17.52,37.19,149.04,172.15,80.05
Jaipur,25-11-2021,5,1308.44,0,32.9,37.55,8.34,96.95,114.71,13.93
Jaipur,26-11-2021,5,1735.69,0.07,45.93,18.42,11.8,157.21,190.4,12.67
Jaipur,27-11-2021,5,1642.23,0.18,41.81,14.66,8.23,155.59,180.78,8.74
Jaipur,28-11-2021,5,674.25,0,14.74,65.09,5.07,93.9,106.45,5.19
Jaipur,29-11-2021,5,761.03,0,11.14,79.39,6.14,161.93,174.72,5
Jaipur,30-11-2021,5,1214.98,1.93,39.07,5.99,11.8,138.09,159.93,32.93
Jaipur,01-12-2021,5,2296.45,5.92,74.03,0.66,17.17,166.57,190.65,27.87
Jaipur,02-12-2021,5,1949.31,0,41.47,55.07,16.21,282.72,310.43,20.52
Jaipur,03-12-2021,5,741,0,15.59,59.37,4.89,85.41,92.79,11.91
Jaipur,04-12-2021,5,1762.39,0.72,50.04,7.69,10.01,145.67,164.33,25.84
Jaipur,05-12-2021,5,1255.04,0,33.93,33.62,8.46,106.17,122.62,10.89
Jaipur,06-12-2021,5,894.55,0,16.62,57.94,5.48,175.41,184.07,6.21
Jaipur,07-12-2021,5,881.2,0,20.73,37.19,5.42,93,103.56,10.26
Jaipur,08-12-2021,5,907.9,0.28,29.13,13.05,6.74,70.57,86.01,26.6
Jaipur,09-12-2021,5,2643.59,27.94,71.29,0,21.7,200.54,240.43,64.85
Jaipur,10-12-2021,5,1789.09,13.41,46.61,0.23,6.56,132.42,155.4,19.25
Jaipur,11-12-2021,5,814.44,0,26.39,37.91,5.78,68.14,80.61,22.04
Jaipur,12-12-2021,5,1575.47,0,43.18,33.26,7.87,133.07,157.02,14.57
Jaipur,13-12-2021,5,600.81,0,12.51,82.25,4.77,64.23,69.73,7.16
Jaipur,14-12-2021,5,647.54,0,10.88,90.84,5.6,95.52,102.21,5.76
Jaipur,15-12-2021,5,720.98,0,13.19,75.1,5.19,118.34,126.28,3.93
Jaipur,16-12-2021,5,1068.12,0,12.17,103,9.18,234.04,245.03,2.98
Jaipur,17-12-2021,5,647.54,0,5.31,120.16,7.51,117.82,122.43,5
Jaipur,18-12-2021,5,781.06,0,15.42,85.12,7.99,85.48,93.66,14.44
Jaipur,19-12-2021,5,807.76,0,21.59,53.64,5.19,80.57,90.96,19.51
Jaipur,20-12-2021,5,761.03,0,25.7,41.13,7.03,71.09,81.42,21.03
Jaipur,21-12-2021,5,2136.23,0.01,53.47,29.33,16.93,210.8,238.47,33.44
Jaipur,22-12-2021,5,2296.45,26.38,63.06,0,23.13,180.58,218.43,68.9
Jaipur,23-12-2021,5,1708.98,0,44.55,34.69,12.87,213.04,239,10.26
Jaipur,24-12-2021,5,1174.93,0.12,37.36,16.99,6.91,119.84,136.77,8.99
Jaipur,25-12-2021,5,1148.22,0,31.87,37.55,7.99,143.4,159.98,8.99
Jaipur,26-12-2021,5,988.01,0,16.79,72.96,5.6,219.37,232.04,5.89
Jaipur,27-12-2021,5,787.73,0,6.51,113.01,12.76,256.56,258.71,1.58
Jaipur,28-12-2021,5,714.3,0,8.83,101.57,4.89,175.55,182.32,2.88
Jaipur,29-12-2021,5,988.01,0,19.54,39.7,3.7,124.28,132.15,4.88
Jaipur,30-12-2021,5,834.47,0,15.94,61.51,5.36,102.36,112.66,19.25
Jaipur,31-12-2021,5,1014.71,0.24,44.55,14.66,5.72,75.29,89.57,24.57
Jaipur,01-01-2022,5,3391.27,54.99,66.49,0,17.17,228.34,255.77,52.18
Jaipur,02-01-2022,5,1628.88,9.39,45.93,0.44,6.68,119.86,139.4,19.51
Jaipur,03-01-2022,5,947.95,0.38,32.56,10.37,4.05,108.15,119.5,15.45
Jaipur,04-01-2022,5,2002.72,0.05,48.67,22.71,10.01,206.4,233.99,10.77
Jaipur,05-01-2022,5,761.03,0,17.99,60.8,6.02,85.07,93.86,15.45
Jaipur,06-01-2022,4,480.65,0,7.54,72.96,5.6,36.26,37.7,2.69
Jaipur,07-01-2022,5,961.3,0.01,16.96,28.61,4.71,115.8,119.38,4.81
Jaipur,08-01-2022,2,433.92,0,7.11,53.64,5.36,13.3,14.61,2.37
Jaipur,09-01-2022,4,720.98,0,9.77,48.64,2.18,46.63,50.19,3.8
Jaipur,10-01-2022,4,654.22,0,8.4,73.67,2.56,46.98,50.15,3.61
Jaipur,11-01-2022,5,834.47,0.03,20.22,30.76,3.76,62.05,71.48,7.6
Jaipur,12-01-2022,5,761.03,0,14.39,62.94,3.93,66.15,72.57,5.7
Jaipur,13-01-2022,5,2323.15,25.48,73.34,0.03,39.58,199.45,223.44,91.2
Jaipur,14-01-2022,5,1735.69,8.05,57.58,1.39,13.71,151.56,169.72,32.17
Jaipur,15-01-2022,5,947.95,0,17.82,42.2,3.31,107.14,117.5,6.33
Jaipur,16-01-2022,5,1108.17,0.29,26.05,13.77,4.05,166,178.57,8.04
Jaipur,17-01-2022,5,1188.28,0.02,29.82,27.54,5.78,143.24,155.11,8.74
Jaipur,18-01-2022,5,1041.41,0.06,27.42,24.32,4.65,159.44,172.13,6.9
Jaipur,19-01-2022,5,974.66,1.27,37.36,6.17,3.7,106.19,119.82,5.32
Jaipur,20-01-2022,5,1295.09,0,25.36,54.36,7.45,183.42,201.36,7.73
Jaipur,21-01-2022,5,827.79,0,12.34,75.82,3.99,176.48,183.65,3.77
Jaipur,22-01-2022,5,714.3,0,6.43,104.43,5.19,155.36,159.8,1.58
Jaipur,23-01-2022,4,494,0,9.17,62.94,2.65,46.85,68.14,3.93
Jaipur,24-01-2022,4,754.36,0.01,13.02,45.42,5.19,42.85,47.5,4.88
Jaipur,25-01-2022,5,867.84,0.02,24.33,29.68,3.81,53.49,62.03,6.08
Jaipur,26-01-2022,4,640.87,0,14.74,74.39,4.89,49.03,54.91,6.65
Jaipur,27-01-2022,4,587.46,0,18.34,60.8,3.93,36.12,43.2,10.13
Jaipur,28-01-2022,4,727.65,0.1,30.5,22.71,4.35,44.32,52.9,16.09
Jaipur,29-01-2022,5,1028.06,1.49,53.47,6.71,9.18,65.5,82.44,34.96
Jaipur,30-01-2022,5,1508.71,2.68,45.24,2.55,10.73,113.06,130.53,38.5
Jaipur,31-01-2022,5,1201.63,1.02,43.18,5.23,15.26,83.54,101.7,39.01
Jaipur,01-02-2022,5,1869.2,11.51,50.72,0.2,16.21,152.67,204.94,36.48
Jaipur,02-02-2022,5,694.27,0,26.05,38.27,4.83,81.48,121.03,15.83
Jaipur,03-02-2022,5,687.6,0,12.34,86.55,6.5,113.46,145.67,8.61
Jaipur,04-02-2022,5,821.11,0,5.48,128.75,9.66,74.84,116.87,8.74
Jaipur,05-02-2022,5,687.6,0,14.74,62.94,4.23,54.95,62.05,10.13
Jaipur,06-02-2022,5,1308.44,0.03,35.64,25.39,6.44,104.7,130.66,27.36
Jaipur,07-02-2022,5,747.68,0,16.96,71.53,6.38,62.51,80.33,8.99
Jaipur,08-02-2022,5,1789.09,0.07,42.5,17.88,15.97,155.89,200.56,34.45
Jaipur,09-02-2022,5,2323.15,24.59,50.72,0,18.6,158.21,215.44,46.61
Jaipur,10-02-2022,5,947.95,0,14.22,90.12,8.82,177.42,189.59,5.7
Jaipur,11-02-2022,4,574.11,0,14.91,86.55,5.25,46.4,57.65,15.71
Jaipur,12-02-2022,5,640.87,0,21.59,60.8,5.36,56.94,71.84,19
Jaipur,13-02-2022,5,1388.55,8.05,56.21,0.44,22.41,97.84,123.66,85.12
Jaipur,14-02-2022,5,687.6,0,19.19,60.8,6.85,53.18,63.27,20.01
Jaipur,15-02-2022,5,534.06,0,12.68,82.25,6.08,51.47,58.6,15.45
Jaipur,16-02-2022,5,707.63,0,22.28,47.21,7.15,63.03,74.41,21.79
Jaipur,17-02-2022,4,580.79,0,23.31,42.92,7.57,42.55,53.44,26.35
Jaipur,18-02-2022,5,2002.72,0.67,80.88,6.97,30.28,150.5,184.49,50.66
Jaipur,19-02-2022,4,500.68,0,15.08,77.96,10.01,47.57,56.49,17.73
Jaipur,20-02-2022,4,433.92,0,10.45,83.68,5.42,34.07,45.69,15.07
Jaipur,21-02-2022,4,507.35,0,9.94,80.82,6.85,38.74,49.53,17.23
Jaipur,22-02-2022,5,587.46,0,13.88,100.14,10.61,62.67,93.89,16.47
Jaipur,23-02-2022,3,447.27,0,14.05,67.23,9.3,24.32,36.01,15.71
Jaipur,24-02-2022,5,961.3,0,28.79,48.64,8.23,126.49,204.46,23.81
Jaipur,25-02-2022,5,674.25,0,18.34,52.93,6.44,80.06,125.04,21.28
Jaipur,26-02-2022,5,607.49,0,9.42,107.29,6.79,104.84,147.69,14.19
Jaipur,27-02-2022,5,680.92,0,8.23,98.71,6.2,109.81,123.03,15.33
Jaipur,28-02-2022,4,494,0,5.57,115.87,5.66,47.71,54.09,12.54
Jaipur,01-03-2022,4,600.81,0,15.08,73.67,8.34,37.7,46.85,20.27
Jaipur,02-03-2022,5,801.09,0,25.36,41.84,7.27,58.37,70.04,22.8
Jaipur,03-03-2022,5,700.95,0,15.42,72.24,7.03,63.25,72.56,16.97
Jaipur,04-03-2022,5,567.44,0,9.17,97.27,5.3,50.58,60.72,14.06
Jaipur,05-03-2022,4,507.35,0,6.17,117.3,3.99,41.18,47.07,11.02
Jaipur,06-03-2022,4,487.33,0,12,76.53,4.11,26.49,33.59,15.71
Jaipur,07-03-2022,4,540.73,0,10.02,80.11,4.95,39.04,44.98,15.96
Jaipur,08-03-2022,5,607.49,0,9.85,105.86,5.25,76.64,83.7,14.57
Jaipur,09-03-2022,5,1441.96,0.05,40.78,18.42,12.4,106.11,134.44,27.36
Jaipur,10-03-2022,5,774.38,0,20.22,49.35,7.09,73.47,82.19,20.01
Jaipur,11-03-2022,5,1054.76,0.38,34.96,10.28,14.54,71.87,92.99,34.45
Jaipur,12-03-2022,4,560.76,0,19.36,48.64,5.9,27.93,45.19,18.24
Jaipur,13-03-2022,4,767.71,0.03,30.5,21.46,8.46,48.77,79.34,28.12
Jaipur,14-03-2022,5,934.6,1.08,34.62,3.62,12.76,61.08,107.47,30.15
Jaipur,15-03-2022,5,821.11,0.07,31.53,16.63,11.92,72.35,121.52,26.09
Jaipur,16-03-2022,4,433.92,0,14.74,57.94,6.44,37.91,66.02,16.09
Jaipur,17-03-2022,5,507.35,0,16.79,53.64,8.34,53.29,92.2,17.73
Jaipur,18-03-2022,5,660.9,0,16.28,70.1,10.61,85.24,118.73,20.27
Jaipur,19-03-2022,5,934.6,0,14.22,85.83,10.13,181.07,209.7,19.76
Jaipur,20-03-2022,5,921.25,0,29.82,27.89,18.36,55.11,77.48,26.09
Jaipur,21-03-2022,5,393.87,0,10.97,77.96,7.63,45.93,118.9,14.57
Jaipur,22-03-2022,5,540.73,0,15.25,62.94,7.87,57.04,84,17.99
Jaipur,23-03-2022,5,507.35,0,15.08,64.37,7.57,58.63,84.67,17.73
Jaipur,24-03-2022,4,494,0,13.71,71.53,12.4,34.09,52.47,16.21
Jaipur,25-03-2022,5,734.33,0,23.99,43.99,16.45,53.16,90.94,22.04
Jaipur,26-03-2022,5,507.35,0,14.74,77.25,7.15,59.21,85.7,16.72
Jaipur,27-03-2022,4,494,0,13.54,68.66,9.18,48.26,72.47,17.99
Jaipur,28-03-2022,4,754.36,0,29.13,27.54,14.31,49.62,85.81,25.08
Jaipur,29-03-2022,5,1201.63,0.01,35.99,21.82,26.7,77.23,121.34,34.45
Jaipur,30-03-2022,5,787.73,0,23.99,47.92,18.12,66.3,121.43,24.83
Jaipur,31-03-2022,5,894.55,0,24.68,40.77,19.79,62.6,128.43,22.29
Jaipur,01-04-2022,4,427.25,0,8.74,123.02,7.39,41.76,60.21,15.33
Jaipur,02-04-2022,5,774.38,0,24.33,67.95,14.07,73.71,102.11,23.81
Jaipur,03-04-2022,5,634.19,0,13.02,117.3,14.9,77.25,102.88,19
Jaipur,04-04-2022,4,560.76,0,22.28,37.55,8.82,27.23,54.7,22.55
Jaipur,05-04-2022,4,580.79,0,18.85,65.8,8.94,43.92,67.58,19.51
Jaipur,06-04-2022,5,1228.33,0,47.98,32.54,31.47,69.96,101.53,70.93
Jaipur,07-04-2022,4,473.98,0,14.22,80.82,6.14,32.84,50.59,15.2
Jaipur,08-04-2022,4,727.65,0,24.68,37.19,13.59,44.71,71.58,24.57
Jaipur,09-04-2022,5,1188.28,0,37.7,28.97,25.75,62.98,92.4,30.91
Jaipur,10-04-2022,4,383.85,0,10.54,73.67,5.01,28.37,43.27,15.71
Jaipur,11-04-2022,4,467.3,0,15.25,71.53,8.7,33.1,50.7,17.99
Jaipur,12-04-2022,4,347.14,0,9.08,88.69,6.14,25.24,43.21,12.16
Jaipur,13-04-2022,4,527.38,0,13.88,78.68,12.99,41.48,67.49,14.69
Jaipur,14-04-2022,4,500.68,0,18.51,57.94,9.06,37.31,68.8,18.49
Jaipur,15-04-2022,5,1508.71,3.74,50.72,0.72,32.9,96.65,157.46,34.96
Jaipur,16-04-2022,5,761.03,0,32.22,27.89,13.83,51.26,94.5,24.07
Jaipur,17-04-2022,4,647.54,0,21.25,52.21,12.16,42.93,61.44,23.56
Jaipur,18-04-2022,5,1468.66,0,36.33,36.48,32.9,98.89,166.62,29.13
Jaipur,19-04-2022,5,540.73,0,20.73,52.21,9.42,51.57,101.73,19.76
Jaipur,20-04-2022,4,433.92,0,14.57,74.39,9.3,34.66,57.97,16.97
Jaipur,21-04-2022,5,494,0,17.99,48.64,9.06,48.88,101.43,18.75
Jaipur,22-04-2022,5,947.95,0,24.33,41.48,19.79,52.48,74.33,23.81
Jaipur,23-04-2022,5,494,0,18.51,56.51,7.99,41.34,104.61,18.75
Jaipur,24-04-2022,4,534.06,0,16.96,61.51,10.37,40.07,74.51,20.77
Jaipur,25-04-2022,5,781.06,0,27.76,32.19,15.97,56.73,100.92,28.12
Jaipur,26-04-2022,4,507.35,0,15.59,59.37,7.09,43.95,85.73,20.27
Jaipur,27-04-2022,4,687.6,0,20.91,55.79,16.21,45.56,86.39,21.28
Jaipur,28-04-2022,5,781.06,0,32.22,32.54,15.26,50.7,88.63,27.61
Jaipur,29-04-2022,4,574.11,0,23.99,47.21,10.97,38.52,73.17,20.27
Jaipur,30-04-2022,3,433.92,0,13.37,63.66,9.42,21.93,37.9,16.21
Jaipur,01-05-2022,5,1014.71,0.02,29.13,16.63,22.17,66.77,137.99,30.15
Jaipur,02-05-2022,5,754.36,0.07,29.47,13.41,15.26,57.63,106.58,27.11
Jaipur,03-05-2022,4,260.35,0,5.06,83.68,4.89,21.91,56.56,7.22
Jaipur,04-05-2022,5,1695.63,0.01,39.07,17.52,42.92,86.61,134.86,38.5
Jaipur,05-05-2022,5,370.5,0,11.65,73.67,7.21,62.5,186.43,14.57
Jaipur,06-05-2022,5,487.33,0,11.48,71.53,7.27,52.06,115.97,17.23
Jaipur,07-05-2022,5,807.76,0,31.53,24.68,14.9,67.17,138.83,25.33
Jaipur,08-05-2022,5,640.87,0,23.31,27.18,10.61,49.48,107.99,23.56
Jaipur,09-05-2022,4,347.14,0,6.6,82.25,5.78,39.25,80.87,12.92
Jaipur,10-05-2022,5,487.33,0,6.51,113.01,8.58,56.64,89.69,13.43
Jaipur,11-05-2022,5,620.84,0,5.65,137.33,9.66,84.6,106.96,13.55
Jaipur,12-05-2022,5,921.25,0,29.47,62.23,19.31,85.75,129.35,34.45
Jaipur,13-05-2022,4,347.14,0,8.91,74.39,5.9,29.05,61.47,11.65
Jaipur,14-05-2022,4,337.12,0,8.57,87.26,6.62,29.43,64.79,11.27
Jaipur,15-05-2022,5,1054.76,0,37.7,22.35,23.84,62.48,124.46,39.52
Jaipur,16-05-2022,5,287.06,0,4.97,89.41,6.38,49.3,121.36,9.25
Jaipur,17-05-2022,5,427.25,0,11.48,71.53,11.21,118.15,437.6,14.95
Jaipur,18-05-2022,5,1535.42,0.62,50.72,5.14,33.38,105.18,233.05,30.91
Jaipur,19-05-2022,5,1161.58,0.02,39.41,17.17,25.27,103.42,228.46,46.1
Jaipur,20-05-2022,5,560.76,0,18.51,57.22,11.68,62.46,150.78,19.76
Jaipur,21-05-2022,5,280.38,0,4.41,94.41,5.54,58.37,147.52,7.41
Jaipur,22-05-2022,5,714.3,0,19.71,42.2,13.59,81.41,256.57,19.51
Jaipur,23-05-2022,5,357.15,0,7.88,66.52,8.46,45.95,137.72,12.67
Jaipur,24-05-2022,4,413.89,0,11.48,59.37,8.11,29.4,49,13.68
Jaipur,25-05-2022,5,527.38,0,14.39,61.51,7.87,89.73,275.38,19.25
Jaipur,26-05-2022,5,527.38,0,6.34,128.75,7.21,51.51,58.7,13.81
Jaipur,27-05-2022,5,534.06,0,16.28,53.64,11.92,55.1,137.82,18.24
Jaipur,28-05-2022,4,303.75,0,6.77,72.96,6.44,19.76,60.04,9.5
Jaipur,29-05-2022,5,247,0,3.77,70.81,4.65,45.32,215.33,6.84
Jaipur,30-05-2022,5,247,0,3.68,66.52,4.89,39.8,186.57,6.78
Jaipur,31-05-2022,5,310.42,0,7.03,75.82,7.99,55.43,213.96,11.15
Jaipur,01-06-2022,5,520.71,0,20.05,51.5,10.61,53.59,174.41,20.27
Jaipur,02-06-2022,5,921.25,0,34.62,27.89,23.84,66.74,164.57,47.62
Jaipur,03-06-2022,5,594.14,0,21.76,44.35,12.76,49.24,136.3,21.53
Jaipur,04-06-2022,5,487.33,0,19.02,50.78,10.01,51.83,156.35,20.01
Jaipur,05-06-2022,4,216.96,0,4.24,101.57,3.61,19.36,68.81,6.97
Jaipur,06-06-2022,5,343.8,0,9,85.83,7.99,35.4,135.54,14.31
Jaipur,07-06-2022,5,267.03,0,5.91,103,6.97,40.12,162.09,8.99
Jaipur,08-06-2022,4,233.65,0,4.71,97.27,4.89,21.4,81.08,6.9
Jaipur,09-06-2022,4,280.38,0,6.43,70.81,6.91,21.6,86.04,9.37
Jaipur,10-06-2022,4,277.04,0,6.34,82.97,6.32,24.07,87.07,8.99
Jaipur,11-06-2022,4,253.68,0,5.83,85.12,3.81,18.48,60.28,9.25
Jaipur,12-06-2022,4,357.15,0,9.25,66.52,6.79,25.56,66.63,15.33
Jaipur,13-06-2022,4,307.08,0,6.25,74.39,6.91,22.13,57.67,10.01
Jaipur,14-06-2022,3,333.79,0,6.34,80.82,6.74,20.26,34.13,9.25
Jaipur,15-06-2022,1,330.45,0,7.54,64.37,6.79,8.06,11.26,9.25
Jaipur,16-06-2022,2,397.21,0,9.68,63.66,9.89,16.49,22.99,12.67
Jaipur,17-06-2022,1,367.16,0,8.91,54.36,9.78,9.32,15.47,9.25
Jaipur,18-06-2022,2,327.11,0,7.54,71.53,9.18,15.38,19.41,8.23
Jaipur,19-06-2022,2,300.41,0,5.57,67.95,5.42,11.6,16.13,7.85
Jaipur,20-06-2022,2,494,0,11.65,45.06,7.87,18.64,27.06,8.49
Jaipur,21-06-2022,5,1295.09,0.31,31.87,8.58,11.68,67.56,93.64,9.75
Jaipur,22-06-2022,4,397.21,0,9.94,65.8,6.5,27.09,58.62,10.13
Jaipur,23-06-2022,4,534.06,0,15.94,57.94,5.9,41.51,62.3,11.4
Jaipur,24-06-2022,5,447.27,0,7.28,120.16,6.5,66.58,174.45,11.91
Jaipur,25-06-2022,5,988.01,0.07,34.96,14.66,14.66,71.48,160.38,31.66
Jaipur,26-06-2022,5,1068.12,0.02,30.5,17.52,15.14,74.6,151.49,28.37
Jaipur,27-06-2022,4,734.33,0,4.71,114.44,6.2,40.92,46.13,11.02
Jaipur,28-06-2022,2,680.92,0,8.91,74.39,8.82,13.59,18.48,12.92
Jaipur,29-06-2022,1,297.07,0,5.48,60.8,6.85,8.35,13.12,7.35
Jaipur,30-06-2022,2,520.71,0,12.17,55.07,11.56,13.31,17.27,6.52
Jaipur,01-07-2022,1,333.79,0,9.25,26.11,7.27,6.29,10.28,5.51
Jaipur,02-07-2022,2,467.3,0.01,12.34,22.17,8.34,19.71,26.44,4.62
Jaipur,03-07-2022,2,397.21,0,8.91,47.92,8.23,14.55,17.61,4.18
Jaipur,04-07-2022,4,1041.41,0.46,27.42,6.26,15.5,43.63,53.26,15.45
Jaipur,05-07-2022,5,1976.01,1.51,61.69,3,29.8,122.76,143.96,43.57
Jaipur,06-07-2022,4,1108.17,0,17.82,61.51,10.85,41.95,49.11,9.12
Jaipur,07-07-2022,4,567.44,0,8.05,75.1,6.85,32.32,34.88,5
Jaipur,08-07-2022,5,1014.71,0,17.31,62.94,12.52,58.2,66.81,8.04
Jaipur,09-07-2022,4,654.22,0,11.14,82.97,10.25,37.11,41.53,5.13
Jaipur,10-07-2022,4,607.49,0,11.14,60.8,11.09,25.99,29.23,5
Jaipur,11-07-2022,4,720.98,0,19.02,38.27,5.96,29.55,34.97,8.74
Jaipur,12-07-2022,5,1161.58,0,28.1,30.76,10.25,66.99,80.5,13.05
Jaipur,13-07-2022,5,1054.76,0,23.65,44.7,11.32,62.59,70.28,7.22
Jaipur,14-07-2022,4,707.63,0,14.39,60.08,9.06,46.68,51.1,5.89
Jaipur,15-07-2022,4,423.91,0,4.93,97.27,5.48,28.32,30.45,4.5
Jaipur,16-07-2022,4,447.27,0,7.97,69.38,6.32,33.49,35.37,3.58
Jaipur,17-07-2022,4,494,0,5.48,75.82,4.29,47.27,48.34,2.79
Jaipur,18-07-2022,5,947.95,0,23.65,40.77,21.7,55.62,60.28,5.07
Jaipur,19-07-2022,5,988.01,0,24.68,35.41,7.87,82.87,93.86,9.12
Jaipur,20-07-2022,5,841.14,0,15.59,66.52,11.09,67.36,76.82,9.12
Jaipur,22-07-2022,2,447.27,0.29,14.74,8.49,9.66,12.39,15.67,6.21
Jaipur,23-07-2022,4,854.49,1.59,30.16,2.41,18.36,33.17,39.26,8.74
Jaipur,24-07-2022,3,854.49,0,9,33.26,3.99,23.38,24.85,2.94
Jaipur,25-07-2022,3,687.6,0,9.17,52.21,6.68,22.83,24.6,3.99
Jaipur,26-07-2022,4,767.71,0,12.68,38.27,7.15,37.99,41.08,5.76
Jaipur,27-07-2022,4,854.49,0.01,19.88,22.71,12.64,39.91,46.7,4.81
Jaipur,28-07-2022,2,383.85,0.01,9.25,26.11,8.23,10.44,13.92,4.62
Jaipur,29-07-2022,2,574.11,0.03,14.05,16.81,9.54,16.45,20.26,4.02
Jaipur,30-07-2022,1,413.89,0.01,12.51,21.64,7.45,9.15,14.01,8.11
Jaipur,31-07-2022,1,297.07,0,6.85,30.76,5.01,7.77,11.69,7.73
Jaipur,01-08-2022,2,540.73,0.09,14.22,12.52,7.15,16.24,21.63,5.95
Jaipur,02-08-2022,2,427.25,0.06,12.51,14.13,8.11,13,17.4,4.62
Jaipur,03-08-2022,3,614.17,0.02,17.99,19.49,7.87,24.82,32.33,5.95
Jaipur,04-08-2022,4,947.95,0.13,28.45,10.46,15.26,46.8,55.06,7.6
Jaipur,05-08-2022,4,881.2,0.11,20.73,11.8,8.58,32.48,41.83,6.52
Jaipur,06-08-2022,5,1976.01,18.55,25.36,0.01,10.25,96.82,113.36,7.41
Jaipur,07-08-2022,4,761.03,0,15.42,39.7,8.58,45.18,51.53,4.56
Jaipur,08-08-2022,4,647.54,0,11.48,33.26,7.87,32.85,36.4,5.95
Jaipur,09-08-2022,4,680.92,0,10.02,50.78,5.3,40.35,44.25,4.18
Jaipur,10-08-2022,4,500.68,0,7.63,74.39,4.23,37.21,40.94,4.69
Jaipur,11-08-2022,3,367.16,0,4.84,82.25,5.3,24.75,28.3,8.99
Jaipur,12-08-2022,3,403.88,0,5.74,75.1,5.36,22,23.4,4.31
Jaipur,13-08-2022,4,674.25,0,10.45,48.64,7.09,43.97,45.59,3.39
Jaipur,14-08-2022,1,270.37,0,6.17,28.25,5.01,7.56,8.85,3.42
Jaipur,15-08-2022,1,343.8,0.01,8.05,26.46,3.37,6.71,8.33,3.23
Jaipur,16-08-2022,2,363.83,0,6.17,50.78,5.54,10.9,11.52,1.77
Jaipur,17-08-2022,2,413.89,0.03,9.94,16.81,6.68,15.53,16.49,1.82
Jaipur,18-08-2022,2,337.12,0,11.14,28.97,8.82,18.63,23.04,3.39
Jaipur,19-08-2022,2,440.6,0,10.37,42.56,8.7,17.43,20.91,4.62
Jaipur,20-08-2022,2,500.68,0,14.91,27.18,6.68,18.69,25.41,5.45
Jaipur,21-08-2022,1,337.12,0,8.91,33.62,3.13,7.34,10.02,4.69
Jaipur,22-08-2022,1,303.75,0,7.28,36.12,2.92,7.24,9.7,3.42
Jaipur,23-08-2022,2,460.62,0,7.28,47.21,6.02,11.06,11.6,1.46
Jaipur,24-08-2022,2,293.73,0.01,8.74,21.99,5.96,12.3,13.85,2.18
Jaipur,25-08-2022,2,420.57,0.01,12.51,23.25,9.06,17.23,22.19,4.75
Jaipur,26-08-2022,5,1068.12,0.08,21.08,13.41,11.09,69.73,83.91,7.22
Jaipur,27-08-2022,2,360.49,0,10.37,45.06,4.77,12.4,16.65,6.14
Jaipur,28-08-2022,2,313.76,0,6.94,55.79,4.41,14.11,20.45,6.02
Jaipur,29-08-2022,3,560.76,0.14,18.51,12.52,5.72,22.9,46.42,10.39
Jaipur,30-08-2022,4,988.01,0.47,25.02,6.26,9.89,44.87,62.93,11.4
Jaipur,31-08-2022,4,567.44,0,17.14,37.55,7.15,26.52,42.2,12.67
Jaipur,01-09-2022,3,447.27,0,11.82,42.2,7.63,18.81,37.91,7.98
Jaipur,02-09-2022,5,1041.41,0,23.65,31.11,10.25,53.19,80.54,10.64
Jaipur,03-09-2022,2,473.98,0,12.85,34.33,7.27,19.63,32.38,5.07
Jaipur,04-09-2022,2,307.08,0,6.68,55.07,5.19,15.03,28.04,8.49
Jaipur,05-09-2022,1,330.45,0,8.57,37.19,6.08,9.28,16.59,10.39
Jaipur,06-09-2022,4,881.2,0,20.39,26.46,9.78,41.61,57.53,9.37
Jaipur,07-09-2022,4,787.73,0,19.54,34.69,10.01,35.36,57.16,11.65
Jaipur,08-09-2022,5,2883.91,16.99,69.23,0.05,27.89,161.38,216.37,38.5
Jaipur,09-09-2022,5,727.65,0,14.39,77.96,10.73,94.91,128.66,19.25
Jaipur,10-09-2022,5,1068.12,0,11.14,84.4,6.91,98.16,106.07,9.88
Jaipur,11-09-2022,5,894.55,0,15.25,47.92,6.32,79.15,87.86,8.23
Jaipur,12-09-2022,4,527.38,0,6.77,89.41,4.95,47.23,51.15,9.63
Jaipur,13-09-2022,4,370.5,0,5.14,97.27,7.27,26.71,29.83,6.97
Jaipur,14-09-2022,2,427.25,0,5.65,75.82,4.77,14.86,16.23,3.61
Jaipur,15-09-2022,2,460.62,0,9.51,36.84,5.25,12.78,13.84,2.37
Jaipur,16-09-2022,5,767.71,0,11.82,65.09,12.64,67.03,71.44,4.37
Jaipur,17-09-2022,4,370.5,0,6.77,80.11,6.44,26.95,52.12,9.63
Jaipur,18-09-2022,1,310.42,0,6.68,57.22,5.07,8.44,16.6,8.49
Jaipur,19-09-2022,3,310.42,0,8.83,60.8,4.41,16.76,42.12,12.67
Jaipur,20-09-2022,5,1081.47,0.18,34.62,11.62,13.35,94.88,147.03,28.63
Jaipur,21-09-2022,5,988.01,0,13.71,84.4,13.47,153.39,170.14,15.96
Jaipur,22-09-2022,5,847.82,0,7.88,87.98,4.17,57.37,59.61,3.42
Jaipur,23-09-2022,4,1028.06,0.05,29.13,12.52,10.49,44.24,45.37,2.47
Jaipur,24-09-2022,4,1001.36,0.05,17.48,14.84,7.27,28.87,31.91,6.65
Jaipur,25-09-2022,4,640.87,0,9.51,53.64,5.72,29.16,48.19,6.27
Jaipur,26-09-2022,5,1401.9,9.39,26.73,0.2,9.42,77.4,108.04,13.43
Jaipur,27-09-2022,5,1174.93,0.83,29.82,4.83,10.37,65.51,104.22,9.75
Jaipur,28-09-2022,4,734.33,0,20.05,35.76,9.42,42.1,89.61,17.99
Jaipur,29-09-2022,4,614.17,0,18.85,37.91,8.94,40.4,76.86,19
Jaipur,30-09-2022,4,814.44,0.01,22.28,27.54,9.78,45.42,78.29,20.77
Jaipur,01-10-2022,5,988.01,0,23.31,41.48,11.32,60.97,99.79,21.03
Jaipur,02-10-2022,4,567.44,0,18.85,27.89,7.21,30.81,51.29,21.28
Jaipur,03-10-2022,3,520.71,0,19.36,33.97,6.56,24.97,43.6,19.76
Jaipur,04-10-2022,4,680.92,0.53,30.85,7.33,6.97,30.5,58.23,22.04
Jaipur,05-10-2022,5,494,0,7.88,101.57,8.11,63.13,87.86,15.96
Jaipur,06-10-2022,5,754.36,0,12.17,72.24,6.85,89.68,95.81,5.89
Jaipur,07-10-2022,4,534.06,0,7.71,86.55,6.5,44.74,48.88,6.21
Jaipur,08-10-2022,3,607.49,0,10.8,36.84,4.71,20.6,21.69,2.5
Jaipur,09-10-2022,2,467.3,0.01,7.63,25.03,3.58,12.54,13.37,2.18
Jaipur,10-10-2022,5,1535.42,2.85,27.42,0.39,10.73,72.99,85.6,10.26
Jaipur,11-10-2022,5,1214.98,3.86,31.19,1.33,5.78,100.11,123.63,7.73
Jaipur,12-10-2022,5,801.09,0,14.57,36.48,4.41,69.39,80.78,6.08
Jaipur,13-10-2022,5,1054.76,0.04,29.47,22.53,5.48,82.13,98.21,12.29
Jaipur,14-10-2022,5,921.25,0,28.79,32.9,6.56,86.33,116.92,21.79
Jaipur,15-10-2022,5,921.25,0,31.19,33.62,7.51,100.06,141.59,24.32
Jaipur,16-10-2022,5,794.41,0,16.96,60.08,9.78,86.7,110.98,19.25
Jaipur,17-10-2022,5,2029.42,0,46.61,40.05,19.79,148.02,170.76,25.84
Jaipur,18-10-2022,5,1161.58,0,22.96,48.64,10.01,84.72,108.14,20.52
Jaipur,19-10-2022,5,1401.9,0,38.39,34.33,12.52,103.45,138.81,28.12
Jaipur,20-10-2022,5,834.47,0,21.42,85.83,11.09,76.5,96.71,15.96
Jaipur,21-10-2022,5,1054.76,0,21.42,84.4,22.17,86.98,104.25,16.97
Jaipur,22-10-2022,5,827.79,0,20.05,64.37,12.87,68.6,91.13,20.77
Jaipur,23-10-2022,5,614.17,0,11.65,87.26,7.45,77.53,99.11,17.99
Jaipur,24-10-2022,5,600.81,0,13.88,62.94,4.89,64.85,79.43,19.51
Jaipur,25-10-2022,5,988.01,0,38.73,59.37,17.88,78.59,99.06,48.13
Jaipur,26-10-2022,5,1295.09,0.11,43.53,15.74,13.71,99.3,154.51,28.37
Jaipur,27-10-2022,5,2002.72,6.26,66.49,1.59,23.6,143.2,209.69,32.93
Jaipur,28-10-2022,5,1922.61,4.19,54.84,1.79,24.8,140.22,207.85,44.08
Jaipur,29-10-2022,5,1495.36,8.05,62.38,0.18,27.18,129.41,217.94,66.88
Jaipur,30-10-2022,5,560.76,0,12,77.96,5.36,66.23,90.26,17.99
Jaipur,31-10-2022,5,1161.58,0.01,32.56,23.6,11.56,96.38,127.5,25.84
Jaipur,01-11-2022,5,1735.69,0.01,44.55,25.75,17.17,139.51,194.3,28.37
Jaipur,02-11-2022,5,847.82,0,19.88,87.26,14.78,115.07,154.45,17.48
Jaipur,03-11-2022,5,1201.63,0,40.44,33.97,10.97,152.74,214.53,28.88
Jaipur,04-11-2022,5,2216,9.72,73.25,0.31,35.75,205,290,28.88
Jaipur,05-11-2022,5,2000,22.56,54.75,0.01,29.06,141,206,27.87
Jaipur,06-11-2022,5,1388.55,0.32,39.07,10.1,9.3,147.46,192.92,27.87
Jaipur,07-11-2022,5,907.9,0,25.02,47.21,8.82,97.83,129.48,23.81
Jaipur,08-11-2022,5,774.38,0,30.85,31.11,6.97,82.5,106.23,21.28
Jaipur,09-11-2022,5,1001.36,0.03,32.22,23.25,7.21,86.49,104.3,11.27
Jaipur,10-11-2022,5,2002.72,1.96,64.43,2.53,11.09,184.13,219.75,30.4
Jaipur,11-11-2022,5,620.84,0,16.28,62.23,4.83,71.57,86.06,10.26
Jaipur,12-11-2022,5,867.84,0,21.59,55.79,7.15,74.22,94.29,20.77
Jaipur,13-11-2022,5,1014.71,0,27.42,41.48,8.11,93.05,124.3,26.85
Jaipur,14-11-2022,5,1188.28,0,29.47,43.63,10.73,99.8,139.9,26.35
Jaipur,15-11-2022,5,1108.17,0,21.59,105.86,18.84,136.12,162.36,16.47
Jaipur,16-11-2022,5,781.06,0,25.7,41.13,6.02,76.92,113.42,21.53
Jaipur,17-11-2022,5,694.27,0,26.39,45.78,6.91,53.84,74.22,19.25
Jaipur,18-11-2022,5,654.22,0,22.62,60.08,9.54,53.25,79.33,17.99
Jaipur,19-11-2022,5,934.6,1.12,46.61,7.24,7.87,54.56,73.55,30.65
Jaipur,20-11-2022,5,961.3,3.13,39.41,2.41,5.96,61.59,87.45,31.16
Jaipur,21-11-2022,5,607.49,0,15.08,69.38,4.23,65.15,76.45,19
Jaipur,22-11-2022,5,727.65,0,21.93,61.51,5.9,80.69,111.91,19
Jaipur,23-11-2022,5,680.92,0,20.39,62.94,6.91,65.26,97.75,17.73
Jaipur,24-11-2022,4,667.57,0,23.99,44.35,7.15,48.38,72.37,18.75
Jaipur,25-11-2022,5,1228.33,1.31,68.55,7.24,26.7,75.64,104.75,60.29
Jaipur,26-11-2022,5,1388.55,3.55,50.04,3.84,17.88,84.07,103.46,31.41
Jaipur,27-11-2022,5,847.82,0.07,53.47,22.71,15.74,68.04,103.78,68.9
Jaipur,28-11-2022,5,1695.63,0,41.47,33.97,11.68,144.87,185.61,27.11
Jaipur,29-11-2022,5,2376.56,10.28,60.32,0.41,15.97,170.69,201.66,35.46
Jaipur,30-11-2022,5,1495.36,13.19,48.67,0.2,8.46,122.59,152.63,26.6
Jaipur,01-12-2022,5,1575.47,11.18,51.41,0.52,15.26,134.13,156.57,55.22
Jaipur,02-12-2022,5,2723.69,20.34,73.34,0.04,14.42,263.35,304.22,48.64
Jaipur,03-12-2022,5,1548.77,0.02,50.04,28.25,10.49,132.3,157.1,17.99
Jaipur,04-12-2022,5,807.76,0.16,29.47,14.84,4.17,77.28,88.49,10.89
Jaipur,05-12-2022,5,1455.31,11.4,43.87,0.2,12.04,114.29,141.14,41.04
Jaipur,06-12-2022,5,1415.25,8.27,51.41,0.62,6.79,147.41,172.05,18.49
Jaipur,07-12-2022,5,787.73,0,19.71,69.38,4.71,132.78,162.61,15.96
Jaipur,08-12-2022,5,841.14,0,28.45,41.13,6.2,125.67,183.57,20.27
Jaipur,09-12-2022,5,1695.63,8.61,54.15,0.91,22.17,129.94,171.22,41.04
Jaipur,11-12-2022,5,540.73,0,5.57,94.41,3.64,94.31,114.55,10.39
Jaipur,12-12-2022,5,520.71,0,9.94,71.53,3.13,66.97,83.41,15.33
Jaipur,13-12-2022,5,640.87,0,17.48,44.35,5.72,56.38,72.53,19.51
Jaipur,14-12-2022,5,547.41,0,13.71,94.41,15.26,68,85.68,12.67
Jaipur,15-12-2022,5,894.55,0.01,35.99,35.76,7.87,73.99,101.84,23.05
Jaipur,16-12-2022,4,854.49,0.16,42.5,17.17,6.91,48.54,75.32,23.56
Jaipur,17-12-2022,5,1081.47,1.23,65.12,5.28,9.66,67.37,98.58,52.69
Jaipur,18-12-2022,5,1014.71,0.03,37.01,24.68,6.5,95.3,117.89,15.71
Jaipur,19-12-2022,5,2376.56,11.62,68.55,0.3,12.99,182.89,217.59,39.52
Jaipur,20-12-2022,5,1388.55,3.21,46.61,4.29,9.54,103.54,123.04,22.29
Jaipur,21-12-2022,5,1241.68,0,35.3,33.26,9.66,129.35,150.78,23.31
Jaipur,22-12-2022,5,961.3,0,16.11,87.26,5.9,172.01,185.23,13.17
Jaipur,23-12-2022,5,921.25,0,17.14,80.11,6.08,145.54,156.11,15.07
Jaipur,24-12-2022,5,1081.47,0,17.14,72.24,14.78,217.76,230.01,5.7
Jaipur,25-12-2022,5,787.73,0,11.82,82.25,3.73,130.74,142.33,14.69
Jaipur,26-12-2022,5,1361.85,0,15.77,56.51,6.74,233.68,251.84,10.77
Jaipur,27-12-2022,5,1148.22,0,17.65,64.37,5.36,163.23,179.65,18.49
Jaipur,28-12-2022,5,700.95,0,18.16,80.11,4.47,109.88,131.02,15.71
Jaipur,29-12-2022,5,1922.61,9.5,64.43,0.51,21.93,149.38,185.71,43.06
Jaipur,30-12-2022,5,1028.06,0,26.39,55.79,12.4,118.32,139.05,14.44
Jaipur,31-12-2022,5,1108.17,0,7.54,140.19,10.49,286.43,319.05,9.12
Jaipur,01-01-2023,5,647.54,0,16.45,70.1,5.54,78.42,97.17,15.2
Jaipur,02-01-2023,5,2109.53,5.03,67.17,1.59,13.83,158.02,194.23,43.06
Jaipur,03-01-2023,5,841.14,0,22.28,51.5,6.14,95.87,106.7,6.14
Jaipur,04-01-2023,5,700.95,0,11.65,87.26,5.01,114.54,124.87,14.69
Jaipur,05-01-2023,5,1281.74,0.01,27.76,40.05,5.01,166.36,182.58,9.5
Jaipur,06-01-2023,5,947.95,0.01,27.08,33.97,4.77,140.44,152.62,6.08
Jaipur,07-01-2023,5,1214.98,1.96,51.41,3.76,4.95,125.58,142.52,11.91
Jaipur,08-01-2023,5,1121.52,2.4,42.5,5.59,4.77,115.32,132.44,17.48
Jaipur,09-01-2023,5,961.3,1.2,37.01,5.99,4.23,98.54,114.81,12.41
Jaipur,10-01-2023,5,2643.59,17.43,60.32,0.03,38.15,244.52,290.78,77.01
Jaipur,11-01-2023,4,854.49,0.52,30.85,11.27,5.54,70.41,87,23.05
Jaipur,12-01-2023,5,1762.39,0.05,45.24,19.49,14.19,215.13,246.57,13.05
Jaipur,13-01-2023,5,827.79,0,21.42,36.12,6.91,81.14,109.64,7.6
Jaipur,14-01-2023,5,934.6,0,9.51,101.57,4.17,201.2,243.56,11.65
Jaipur,15-01-2023,4,580.79,0,11.65,86.55,3.93,50.36,68.23,15.58
Jaipur,16-01-2023,3,627.52,0,21.76,57.22,5.19,43.91,60.9,19.25
Jaipur,17-01-2023,4,700.95,0,21.42,45.06,4.77,51.52,64.27,22.8
Jaipur,18-01-2023,4,1001.36,0.45,38.04,14.13,8.58,73.69,89.2,27.87
Jaipur,19-01-2023,5,1241.68,0.05,40.1,23.25,9.06,92.5,110.43,28.37
Jaipur,20-01-2023,5,614.17,0,11.48,107.29,3.87,95.62,101.75,12.03
Jaipur,21-01-2023,5,1028.06,0,10.8,115.87,10.01,204.3,212.7,7.79
Jaipur,22-01-2023,5,587.46,0,9.94,92.98,7.39,104.96,111.67,9.88
Jaipur,23-01-2023,5,720.98,0,8.23,104.43,6.26,153.71,161.13,10.64
Jaipur,24-01-2023,5,707.63,0,12.17,84.4,7.27,130.04,137.68,3.86
Jaipur,25-01-2023,5,1895.9,12.74,46.61,0.09,17.88,164.48,193.26,42.56
Jaipur,26-01-2023,5,634.19,0,13.71,90.12,6.91,91.58,109,13.17
Jaipur,27-01-2023,5,594.14,0,10.37,100.14,6.62,79.22,90.16,11.78
Jaipur,28-01-2023,4,674.25,0,21.25,62.94,4.83,51.97,67.34,17.23
Jaipur,29-01-2023,5,1134.87,0,30.16,60.08,10.37,82.83,99.62,19
Jaipur,30-01-2023,2,507.35,0,9.08,75.1,6.32,23.5,25.06,3.42
Jaipur,31-01-2023,4,907.9,0.05,20.91,24.32,6.02,74.83,80.98,7.73
Jaipur,01-02-2023,5,660.9,0,15.59,65.8,3.73,78.82,99.08,15.2
Jaipur,02-02-2023,5,720.98,0,12.85,105.86,8.7,86.38,111.81,15.07
Jaipur,03-02-2023,5,821.11,0,26.73,49.35,6.2,78.57,113.61,20.77
Jaipur,04-02-2023,5,2082.82,0.69,51.41,6.88,15.74,182.81,229.87,38.5
Jaipur,05-02-2023,5,734.33,0.01,26.39,30.4,6.62,78.77,129.43,22.29
Jaipur,06-02-2023,5,814.44,0,19.02,82.97,8.34,102.65,126.42,11.91
Jaipur,07-02-2023,3,440.6,0,15.08,59.37,5.48,38.5,76.65,17.23
Jaipur,08-02-2023,4,614.17,0,20.91,57.94,9.06,57.28,78.73,20.27
Jaipur,09-02-2023,5,2403.26,13.3,50.72,0.25,24.32,182.96,234.7,51.17
Jaipur,10-02-2023,5,734.33,0,18.68,78.68,14.31,116.7,136.63,14.69
Jaipur,11-02-2023,3,380.52,0,10.88,85.12,7.39,39.69,76.86,14.57
Jaipur,12-02-2023,5,554.08,0,14.22,72.96,8.23,80.59,128.15,19
Jaipur,13-02-2023,3,393.87,0,8.14,104.43,5.54,23.86,41.33,14.31
Jaipur,14-02-2023,3,574.11,0,17.48,72.24,7.21,32.17,52.55,19.25
Jaipur,15-02-2023,4,720.98,0,27.08,42.56,8.7,52.79,104.18,22.29
Jaipur,16-02-2023,5,747.68,0,28.1,42.2,10.13,79.64,157.34,23.81
Jaipur,17-02-2023,5,988.01,0.89,39.76,7.69,7.09,109.64,182.71,28.12
Jaipur,18-02-2023,5,1174.93,0.32,37.7,16.27,20.74,106.54,139.67,50.66
Jaipur,19-02-2023,5,1495.36,0,36.33,36.84,9.78,191.08,250.64,25.08
Jaipur,20-02-2023,5,727.65,0,18.68,69.38,7.87,82.63,105.95,19.76
Jaipur,21-02-2023,4,1001.36,0,31.19,33.62,14.07,74.13,100.73,26.09
Jaipur,22-02-2023,5,1121.52,4.75,41.13,0.7,14.19,111.11,173.05,34.96
Jaipur,23-02-2023,5,1401.9,0.69,56.21,12.7,13.95,160.84,217.02,39.52
Jaipur,25-02-2023,5,961.3,0,29.47,52.21,14.07,140.28,177.17,51.17
Jaipur,26-02-2023,5,1415.25,0.14,38.04,13.05,11.56,151.68,207.49,32.17
Jaipur,27-02-2023,5,1682.28,1.12,47.98,4.34,15.02,133.76,185.69,32.17
Jaipur,28-02-2023,5,894.55,0.03,32.22,22.35,9.06,94.53,130.54,25.84
Jaipur,01-03-2023,5,761.03,0,21.08,59.37,6.32,105.23,135.44,19.51
Jaipur,02-03-2023,4,614.17,0,14.39,77.96,6.26,73.94,90.49,16.21
Jaipur,03-03-2023,5,1174.93,0.16,41.13,14.66,11.68,99.07,128.58,28.12
Jaipur,04-03-2023,5,734.33,0,19.88,38.62,6.74,79.09,99.81,20.77
Jaipur,05-03-2023,3,567.44,0,13.37,42.92,5.6,42.85,52.68,19.25
Jaipur,06-03-2023,4,827.79,0.41,24.68,8.4,7.27,56.12,74.11,25.33
Jaipur,07-03-2023,5,1668.93,8.49,39.07,0.3,20.5,98.48,130.65,36.98
Jaipur,08-03-2023,5,1375.2,0.89,42.5,5.36,15.14,76.81,99.88,31.41
Jaipur,09-03-2023,5,2616.88,16.32,54.15,0.06,16.93,150.37,187.3,30.65
Jaipur,10-03-2023,5,1495.36,0.03,38.39,22.35,11.32,84.63,105.35,15.58
Jaipur,11-03-2023,5,1174.93,0.47,37.7,9.12,11.92,78.39,97.52,28.12
Jaipur,12-03-2023,5,1214.98,0,30.85,38.98,15.5,78.96,102.32,23.81
Jaipur,13-03-2023,5,1041.41,0,27.42,28.97,10.49,80.99,110.81,27.36
Jaipur,14-03-2023,4,547.41,0,14.05,60.8,5.3,51.12,66.91,17.99
Jaipur,15-03-2023,4,1094.82,0,27.76,35.05,12.87,74.26,102.1,25.33
Jaipur,16-03-2023,4,594.14,0,15.08,56.51,7.75,50.06,67.6,18.24
Jaipur,17-03-2023,5,3417.97,14.75,80.2,0.07,38.15,224.34,270.16,54.72
Jaipur,18-03-2023,5,1815.8,0.42,47.3,8.31,15.02,100.98,128.44,31.41
Jaipur,19-03-2023,4,727.65,0,9.42,78.68,5.66,62.5,69.65,8.04
Jaipur,20-03-2023,4,1028.06,0,17.31,55.07,7.15,72.15,81.62,4.81
Jaipur,21-03-2023,5,1762.39,3.24,47.98,1.63,15.74,100.93,124.8,24.83
Jaipur,22-03-2023,3,781.06,0,13.37,57.94,4.35,45.17,56.63,12.29
Jaipur,23-03-2023,5,1668.93,0.03,49.35,21.46,17.17,118,138.43,32.93
Jaipur,24-03-2023,3,734.33,0,13.54,85.83,7.45,49.33,59.17,11.15
Jaipur,25-03-2023,3,674.25,0,12.51,80.11,8.23,46.52,54.49,9.12
Jaipur,26-03-2023,3,527.38,0,9.17,75.82,3.7,48.64,62.25,13.68
Jaipur,27-03-2023,5,1428.6,3.16,49.35,1.11,18.36,98.35,137.46,50.16
Jaipur,28-03-2023,3,614.17,0,12,79.39,5.07,30.03,42.55,14.57
Jaipur,29-03-2023,4,1014.71,0.01,29.13,27.18,11.44,58.94,84.45,24.83
Jaipur,30-03-2023,3,554.08,0,11.48,80.11,6.5,38.74,55.86,13.93
Jaipur,31-03-2023,5,1241.68,0,30.5,47.21,19.31,87.16,98.69,12.16
Jaipur,01-04-2023,5,1949.31,12.18,36.67,0.14,8.94,114.78,140.05,10.39
Jaipur,02-04-2023,2,560.76,0,12.51,55.79,3.81,18.76,28.49,16.97
Jaipur,03-04-2023,5,1789.09,6.59,47.3,0.38,12.64,94.6,129.73,34.96
Jaipur,04-04-2023,3,433.92,0,10.88,65.09,10.61,32.21,81.78,14.06
Jaipur,05-04-2023,4,547.41,0,10.11,77.96,6.44,60.17,98.52,17.99
Jaipur,06-04-2023,3,467.3,0,11.14,70.1,4.89,28.7,52.78,16.72
Jaipur,07-04-2023,3,480.65,0,8.65,90.12,5.36,33.44,55.35,16.97
Jaipur,08-04-2023,2,413.89,0,9,89.41,5.6,19.16,30.19,15.33
Jaipur,09-04-2023,3,487.33,0,14.05,54.36,6.02,30.7,43.96,21.03
Jaipur,10-04-2023,3,814.44,0.03,31.19,20.03,14.66,44.08,69.09,28.88
Jaipur,11-04-2023,3,433.92,0,9,91.55,5.48,25.97,40.23,16.47
Jaipur,12-04-2023,3,507.35,0,13.54,68.66,9.18,35.75,61.61,17.99
Jaipur,13-04-2023,3,687.6,0,25.36,40.41,9.78,33.06,51.71,21.79
Jaipur,14-04-2023,5,2403.26,3.19,75.4,2.01,50.07,132.97,175.49,61.3
Jaipur,15-04-2023,5,1976.01,4.97,58.26,0.34,32.42,111,158.66,35.46
Jaipur,16-04-2023,4,1174.93,0,25.02,55.07,26.7,73.17,110.34,21.03
Jaipur,17-04-2023,5,1375.2,0.01,34.96,20.74,28.85,76.48,104.97,30.65
Jaipur,18-04-2023,3,647.54,0,17.48,45.78,13.83,36.1,74.58,19.51
Jaipur,19-04-2023,2,327.11,0,7.88,78.68,7.87,22.09,49.88,10.51
Jaipur,20-04-2023,2,453.95,0,16.11,36.84,7.45,19.94,41.44,17.48
Jaipur,21-04-2023,3,854.49,0.01,27.76,25.39,18.6,43.27,82.8,25.59
Jaipur,22-04-2023,3,323.77,0,7.03,101.57,3.93,21.22,46.85,10.89
Jaipur,23-04-2023,3,383.85,0,7.63,98.71,7.33,27.69,41.09,14.95
Jaipur,24-04-2023,3,680.92,0,24.68,37.19,9.18,40.9,57.14,24.83
Jaipur,25-04-2023,3,433.92,0,7.54,113.01,6.14,31.43,38.78,12.79
Jaipur,26-04-2023,3,520.71,0,11.65,94.41,7.75,39.85,47.65,15.33
Jaipur,27-04-2023,4,1094.82,0,28.79,62.94,22.89,68.08,85.81,25.08
Jaipur,28-04-2023,3,574.11,0,12.68,88.69,6.85,43.08,52.14,16.72
Jaipur,29-04-2023,5,1308.44,0.12,50.04,13.05,16.21,78.78,96.32,36.48
Jaipur,30-04-2023,2,527.38,0,10.97,55.79,5.6,17.88,23.34,10.89
Jaipur,01-05-2023,2,433.92,0,12,59.37,7.87,13.45,19.11,9.12
Jaipur,02-05-2023,3,894.55,0,23.31,52.93,29.56,42.28,51.3,6.27
Jaipur,03-05-2023,3,547.41,0,8.91,86.55,7.15,28.86,33.44,7.66
Jaipur,04-05-2023,5,1161.58,0,20.56,51.5,9.06,95.28,109.12,8.87
Jaipur,05-05-2023,4,894.55,0,13.37,87.98,9.54,59.03,67.45,16.72
Jaipur,06-05-2023,4,827.79,0,15.77,80.82,8.34,56.49,65.55,18.24
Jaipur,07-05-2023,3,514.03,0,6.77,89.41,4.23,36.47,53.23,13.68
Jaipur,08-05-2023,3,614.17,0,12.85,54.36,12.52,41.82,78.58,19.76
Jaipur,09-05-2023,2,547.41,0,19.02,52.93,10.37,22.63,46.82,20.77
Jaipur,10-05-2023,3,480.65,0,9.68,121.59,7.75,34.81,53.02,15.07
Jaipur,11-05-2023,3,634.19,0,16.11,97.27,8.82,31.18,45.92,17.73
Jaipur,12-05-2023,3,500.68,0,9.51,97.27,6.62,34.96,59.68,15.58
Jaipur,13-05-2023,4,1014.71,0.19,37.36,9.57,20.5,54.33,104.88,28.88
Jaipur,14-05-2023,3,654.22,0,22.96,28.97,13.95,41.17,95.3,26.35
Jaipur,15-05-2023,4,694.27,0,23.31,52.93,15.14,46.89,105.37,23.05
Jaipur,16-05-2023,2,287.06,0,6,77.25,4.29,10.71,29.19,8.99
Jaipur,17-05-2023,3,647.54,0,22.28,36.12,12.4,34.83,76.52,20.27
Jaipur,18-05-2023,3,330.45,0,7.37,75.1,5.6,21.02,54.23,10.89
Jaipur,19-05-2023,4,1174.93,0.11,39.41,17.88,20.98,63.07,119.42,27.36
Jaipur,20-05-2023,3,500.68,0,18.68,50.78,8.58,30.8,80.23,19.25
Jaipur,21-05-2023,3,310.42,0,5.4,98.71,7.75,24.78,66.32,9.75
Jaipur,22-05-2023,3,467.3,0,11.14,62.23,9.89,24.56,61.04,15.96
Jaipur,23-05-2023,3,263.69,0,5.06,90.12,4.53,20.73,51.38,7.28
Jaipur,24-05-2023,3,267.03,0,5.1,85.83,4.77,21.6,54.83,6.78
Jaipur,25-05-2023,2,473.98,0,16.96,30.4,6.74,21.48,42.18,14.19
Jorapokhar,30-11-2020,5,447.27,0.26,2.87,177.38,11.56,62.92,67.78,6.27
Jorapokhar,01-12-2020,5,1335.14,0.01,33.93,27.18,6.14,139.67,174.67,12.41
Jorapokhar,02-12-2020,5,1495.36,0.03,41.47,17.88,5.84,153.52,190.36,9.63
Jorapokhar,03-12-2020,5,1789.09,2.01,54.84,2.1,7.57,171.15,219.23,13.43
Jorapokhar,04-12-2020,5,1575.47,0.02,39.41,18.95,5.84,198.01,235.95,8.36
Jorapokhar,05-12-2020,5,1842.5,0.29,47.3,7.42,5.19,223.84,267.37,7.54
Jorapokhar,06-12-2020,5,1762.39,0.38,48.67,5.72,6.97,223.28,265.46,14.31
Jorapokhar,07-12-2020,5,1789.09,0.03,42.16,18.24,18.36,216.91,249.05,14.19
Jorapokhar,08-12-2020,5,1668.93,2.71,47.98,1.15,6.32,166.18,207.97,8.49
Jorapokhar,09-12-2020,5,1762.39,0.14,42.84,10.19,5.9,233.49,275.37,7.85
Jorapokhar,10-12-2020,5,2162.93,8.27,55.52,0.06,14.07,260.94,319.1,25.59
Jorapokhar,11-12-2020,5,1642.23,1.79,45.24,2.3,6.68,196.19,238.27,11.27
Jorapokhar,12-12-2020,5,2109.53,11.4,54.84,0.02,11.21,206.38,258.55,21.03
Jorapokhar,13-12-2020,5,947.95,0,16.11,57.94,4.41,193.32,210.49,4.88
Jorapokhar,14-12-2020,5,847.82,0.08,26.73,12.7,4.11,65.93,86.47,4.05
Jorapokhar,15-12-2020,5,1548.77,1.34,50.72,2.3,12.88,124.77,171.1,27.11
Jorapokhar,16-12-2020,5,1842.5,11.4,48.67,0.02,10.61,160.21,201.74,11.53
Jorapokhar,17-12-2020,5,1121.52,0,25.71,32.19,4.47,126.53,151.74,4.88
Jorapokhar,18-12-2020,5,667.57,0,13.88,65.09,7.27,73.57,86.63,6.71
Jorapokhar,19-12-2020,5,801.09,0,19.02,43.27,5.19,75.1,93.22,7.98
Jorapokhar,20-12-2020,5,1028.06,0.01,27.08,25.75,4.11,95.44,119.76,8.61
Jorapokhar,21-12-2020,5,814.44,0,14.05,73.67,6.38,127.5,141.53,8.61
Jorapokhar,22-12-2020,5,1134.87,0,20.05,57.94,5.48,197.16,219.61,4.31
Jorapokhar,23-12-2020,5,1508.71,0.01,31.19,28.97,4.65,237.95,269.35,5.19
Jorapokhar,24-12-2020,5,1762.39,0.33,43.87,8.05,5.96,250.86,291.1,8.36
Jorapokhar,25-12-2020,5,2189.64,4.64,61.69,1.36,8.11,330.92,380.91,7.41
Jorapokhar,26-12-2020,5,854.49,0,13.71,72.24,7.87,172.29,186.41,8.74
Jorapokhar,27-12-2020,5,947.95,0.01,24.68,28.97,3.82,95.87,117.39,8.99
Jorapokhar,28-12-2020,5,1615.52,0.25,50.04,8.23,16.93,171.11,211.02,34.45
Jorapokhar,29-12-2020,5,1976.01,16.54,54.84,0.01,16.21,161.88,207.22,24.57
Jorapokhar,30-12-2020,5,2056.12,10.17,57.58,0.28,6.38,186.15,227.93,8.49
Jorapokhar,31-12-2020,5,1081.47,0,25.02,41.13,5.01,156.11,180.49,4.88
Jorapokhar,01-01-2021,5,1108.17,0,23.31,48.64,5.72,158.37,182.65,5.32
Jorapokhar,02-01-2021,5,1348.5,0.01,37.7,27.18,6.68,155.6,188.01,11.4
Jorapokhar,03-01-2021,5,2002.72,10.95,54.84,0.01,12.99,208.17,256.71,28.88
Jorapokhar,04-01-2021,5,1789.09,4.41,53.47,0.7,5.66,189.35,223.21,15.07
Jorapokhar,05-01-2021,5,6835.94,155.57,148.06,0,442.51,532.08,613.35,71.94
Jorapokhar,06-01-2021,5,2429.96,12.07,68.55,0.02,8.35,240.27,303.71,12.16
Jorapokhar,07-01-2021,5,2216.34,27.72,60.32,0,13.71,146.52,205.68,29.64
Jorapokhar,08-01-2021,5,1214.98,0.01,31.53,25.39,7.21,161.37,191.74,16.21
Jorapokhar,09-01-2021,5,3311.16,50.52,63.75,0,16.45,259.9,320.52,9.75
Jorapokhar,10-01-2021,5,1108.17,0.02,29.47,18.95,4.77,124.46,149.92,8.74
Jorapokhar,11-01-2021,5,801.09,0,19.36,27.9,4.47,89.07,104.69,7.09
Jorapokhar,12-01-2021,5,1121.52,0.03,29.47,18.06,5.25,81.63,107.72,6.52
Jorapokhar,13-01-2021,5,747.68,0,10.71,95.84,8.7,104.31,116.63,10.13
Jorapokhar,14-01-2021,5,1081.47,0,27.08,48.64,7.33,130.61,153.29,12.41
Jorapokhar,15-01-2021,5,1121.52,0,25.71,50.07,6.74,160.42,184.07,10.39
Jorapokhar,16-01-2021,5,1134.87,0,25.71,50.07,5.66,170.85,194.67,10.01
Jorapokhar,17-01-2021,5,974.66,0,17.14,68.67,4.89,177.73,192.45,4.37
Jorapokhar,18-01-2021,5,1642.23,0,43.87,30.76,5.96,247.47,274.76,10.01
Jorapokhar,19-01-2021,5,4005.43,16.76,135.72,0.05,49.59,520.62,598.91,20.77
Jorapokhar,20-01-2021,5,3044.13,59.01,78.14,0,167.85,280.17,349.14,58.26
Jorapokhar,21-01-2021,5,881.2,0,20.05,42.92,4.65,125.2,143.72,5.13
Jorapokhar,22-01-2021,5,1161.58,0.05,34.96,17.17,6.8,97.15,129.43,14.82
Jorapokhar,23-01-2021,5,1335.14,0,37.01,29.68,6.8,156.42,188.07,11.78
Jorapokhar,24-01-2021,5,2029.42,3.91,61.69,0.51,7.51,228.21,277.73,13.17
Jorapokhar,25-01-2021,5,2830.51,11.96,109.67,0.01,70.57,380.26,450.56,56.74
Jorapokhar,26-01-2021,5,1188.28,0,17.48,89.41,8.82,270.53,294.55,9.88
Jorapokhar,27-01-2021,5,1068.12,0,25.02,46.49,5.84,157.1,192.4,5.64
Jorapokhar,28-01-2021,5,1121.52,0.08,22.62,20.74,4.95,177.4,203.54,6.59
Jorapokhar,29-01-2021,5,1255.04,0.01,36.67,27.54,6.02,147.55,176.91,7.92
Jorapokhar,30-01-2021,5,687.6,0,11.14,94.41,8.58,112.62,125.14,8.61
Jorapokhar,31-01-2021,5,834.47,0,18.34,46.49,3.49,102.82,118.16,5.26
Jorapokhar,01-02-2021,5,1014.71,0,26.39,35.05,5.54,105.37,129.01,15.2
Jorapokhar,02-02-2021,5,1174.93,0,31.87,33.98,6.62,115.25,145.62,14.95
Jorapokhar,03-02-2021,5,1655.58,0.25,49.35,9.12,8.82,153.32,199.95,20.01
Jorapokhar,04-02-2021,5,1682.28,0.23,50.04,9.48,5.96,179.7,224.85,10.13
Jorapokhar,05-02-2021,5,4219.06,40.23,116.53,0,173.57,319.48,393.29,69.92
Jorapokhar,06-02-2021,5,3177.64,49.62,100.08,0,72.48,353.28,419.31,30.4
Jorapokhar,07-02-2021,5,1214.98,0,27.76,48.64,6.5,114.62,130.04,5.95
Jorapokhar,08-02-2021,5,700.95,0,12.85,80.82,7.33,79.46,92.51,11.27
Jorapokhar,09-02-2021,5,974.66,0,25.02,47.21,6.8,97.36,121.47,12.03
Jorapokhar,10-02-2021,5,2136.23,0.85,70.6,7.42,11.56,199.31,245.9,16.09
Jorapokhar,11-02-2021,5,1321.79,0,31.19,42.2,7.51,165.45,195.26,12.92
Jorapokhar,12-02-2021,5,1682.28,0.01,49.35,22.71,10.49,191.25,229.7,21.53
Jorapokhar,13-02-2021,5,1375.2,0,37.7,33.98,7.99,163.6,198.57,17.99
Jorapokhar,14-02-2021,5,1134.87,0,27.08,41.13,7.15,158.38,183.68,16.09
Jorapokhar,15-02-2021,5,1401.9,0.06,40.78,13.95,9.06,146.71,181.28,23.05
Jorapokhar,16-02-2021,5,1468.66,0,47.98,26.46,24.8,133.97,178.58,44.58
Jorapokhar,17-02-2021,5,680.92,0,16.62,63.66,12.4,78.27,93.07,12.92
Jorapokhar,18-02-2021,5,1949.31,1.68,65.12,1.68,10.01,171.64,220.2,15.33
Jorapokhar,19-02-2021,5,1308.44,0,35.3,41.13,8.23,166.45,197.06,11.65
Jorapokhar,20-02-2021,5,3578.19,42.02,104.19,0,94.41,328.34,378.42,25.59
Jorapokhar,21-02-2021,5,1628.88,0,25.36,62.23,7.39,237.92,264.64,4.88
Jorapokhar,22-02-2021,5,1108.17,0.01,31.19,22.35,7.99,105.2,134.01,19.51
Jorapokhar,23-02-2021,5,1401.9,0.01,41.81,21.99,11.33,145.16,176.42,17.99
Jorapokhar,24-02-2021,5,1588.82,0.01,44.55,23.6,8.58,196.05,236.08,17.48
Jorapokhar,25-02-2021,5,1321.79,0.27,42.16,14.13,24.56,126.77,161.94,19.25
Jorapokhar,26-02-2021,5,814.44,0,25.02,61.51,17.88,85.56,108.06,14.69
Jorapokhar,27-02-2021,5,527.38,0,13.37,85.12,12.28,54.86,66.57,10.77
Jorapokhar,28-02-2021,5,620.84,0,17.99,57.22,13.83,56.05,76.72,12.92
Jorapokhar,01-03-2021,5,1535.42,8.61,43.87,0.11,12.64,102.7,170.67,22.04
Jorapokhar,02-03-2021,5,1628.88,4.97,65.12,4.16,78.2,107.49,167.97,47.12
Jorapokhar,03-03-2021,5,1094.82,0,33.59,36.48,12.99,82.54,117.42,16.09
Jorapokhar,04-03-2021,5,1708.98,0.09,55.52,11.27,13.35,127.85,171.42,20.01
Jorapokhar,05-03-2021,5,1522.06,2.77,47.3,2.3,26.7,95.32,150.78,25.84
Jorapokhar,06-03-2021,5,947.95,0,28.45,29.33,11.44,67.33,105.27,15.2
Jorapokhar,07-03-2021,5,894.55,0,28.45,25.39,9.54,60.34,85.01,15.07
Jorapokhar,08-03-2021,5,1001.36,0,27.42,45.42,11.8,87.88,115.55,16.21
Jorapokhar,09-03-2021,5,2216.34,2.01,72.66,4.56,52.45,269.11,318.78,24.83
Jorapokhar,10-03-2021,5,1642.23,0.09,55.52,10.1,19.55,128.58,182.78,23.81
Jorapokhar,11-03-2021,5,1842.5,9.28,63.75,0.09,39.1,170.24,219.3,25.59
Jorapokhar,12-03-2021,5,1762.39,2.57,101.45,1.05,61.99,196.36,220.3,7.16
Jorapokhar,13-03-2021,5,2376.56,0.66,102.82,4.78,33.38,257.5,294.81,5.51
Jorapokhar,14-03-2021,5,1415.25,0,31.87,28.61,6.91,116.03,123.07,2.72
Jorapokhar,15-03-2021,5,2910.61,6.43,84.31,0.3,54.84,218.34,271.75,26.6
Jorapokhar,16-03-2021,5,1976.01,0.78,59.63,3.17,10.37,158.95,211.44,20.52
Jorapokhar,17-03-2021,5,1134.87,0.32,35.99,11.8,18.84,95.42,169.42,19.25
Jorapokhar,18-03-2021,5,1695.63,1.15,54.15,2.68,23.13,137.62,220.45,32.93
Jorapokhar,19-03-2021,5,1441.96,0.38,43.53,5.59,16.69,113.56,183.84,17.73
Jorapokhar,20-03-2021,5,1295.09,0,37.01,25.39,12.99,138.65,205.05,15.07
Jorapokhar,21-03-2021,5,741.01,0,16.62,46.49,6.97,61.04,79.66,11.78
Jorapokhar,22-03-2021,5,720.98,0,17.82,43.63,8.35,64.63,87.59,13.81
Jorapokhar,23-03-2021,5,3337.86,4.41,108.3,0.33,32.42,258.36,341.27,25.08
Jorapokhar,24-03-2021,5,1335.14,0,33.93,27.18,21.7,135.14,172.25,16.09
Jorapokhar,25-03-2021,5,674.25,0,13.88,69.38,10.73,82.57,104.75,11.78
Jorapokhar,26-03-2021,5,907.9,0,26.05,38.27,12.76,73.74,108.89,14.69
Jorapokhar,27-03-2021,5,907.9,0,26.39,45.78,12.52,66.58,101.11,14.19
Jorapokhar,28-03-2021,5,1922.61,0.02,63.06,12.88,18.84,139.56,192.99,17.48
Jorapokhar,29-03-2021,5,1735.69,0.03,63.06,14.13,29.09,138.32,198.96,42.05
Jorapokhar,30-03-2021,5,2056.12,11.06,58.95,0.01,23.84,150.02,249,32.42
Jorapokhar,31-03-2021,5,627.52,0,12.85,120.16,53.88,60.58,96.57,9.63
Jorapokhar,01-04-2021,5,587.46,0,8.05,144.48,22.41,69.7,92.43,11.65
Jorapokhar,02-04-2021,5,961.3,0,25.71,90.12,56.74,56.86,83.19,16.21
Jorapokhar,03-04-2021,5,3044.13,4.02,130.24,1.54,137.33,204.65,292.45,84.1
Jorapokhar,04-04-2021,5,2082.82,0.07,65.8,8.67,53.41,158.83,203.95,22.29
Jorapokhar,05-04-2021,5,1441.96,0.02,45.93,14.48,23.37,92.66,136.07,31.16
Jorapokhar,06-04-2021,5,1321.79,0,49.35,41.49,70.57,114.99,145.92,18.24
Jorapokhar,07-04-2021,4,867.84,0.03,61.69,21.82,122.07,45.08,60.83,11.15
Jorapokhar,08-04-2021,4,847.82,0.89,56.21,6.53,90.6,41.51,59.38,10.01
Jorapokhar,09-04-2021,5,1174.93,0.06,55.52,15.2,42.44,89.13,113.3,11.02
Jorapokhar,10-04-2021,5,1148.22,1.38,71.97,3.04,110.63,92.64,110.29,6.4
Jorapokhar,11-04-2021,5,1468.66,0,34.96,48.64,77.25,119.15,151.66,14.44
Jorapokhar,12-04-2021,5,1228.33,0,22.96,74.39,108.72,111.05,139.22,11.02
Jorapokhar,13-04-2021,5,1268.39,0,22.28,82.97,106.81,129.14,155.31,9.25
Jorapokhar,14-04-2021,5,2883.91,30.4,72.66,0,207.9,170.81,259.02,25.33
Jorapokhar,15-04-2021,5,1375.2,0,42.84,35.76,107.77,104.86,146.58,14.69
Jorapokhar,16-04-2021,5,1201.63,0,17.82,76.53,80.11,111.41,138.83,9.12
Jorapokhar,17-04-2021,5,1468.66,1.08,97.33,6.08,183.11,118.23,152.49,14.69
Jorapokhar,18-04-2021,5,1615.52,0,69.23,33.26,103.95,128.55,158.95,15.96
Jorapokhar,19-04-2021,5,1081.47,0,25.02,37.91,34.81,105.7,137.14,15.96
Jorapokhar,20-04-2021,5,961.3,0,26.73,40.41,18.12,58.91,91.97,15.07
Jorapokhar,21-04-2021,5,2029.42,0.02,90.48,24.32,225.07,119.86,156.93,19.76
Jorapokhar,22-04-2021,5,1108.17,0,20.56,65.09,18.36,126.01,152.12,16.97
Jorapokhar,23-04-2021,5,2029.42,4.53,87.74,0.95,60.08,126.88,160.58,20.27
Jorapokhar,24-04-2021,4,694.28,0,15.59,58.65,12.52,48.98,69.66,12.29
Jorapokhar,25-04-2021,5,867.84,0,32.56,76.53,68.67,92.65,118.8,16.97
Jorapokhar,26-04-2021,5,1094.82,0,21.76,66.52,16.93,138.42,179.19,16.72
Jorapokhar,27-04-2021,5,867.84,0,20.74,67.23,18.12,62.07,82.22,13.43
Jorapokhar,28-04-2021,5,1241.68,0,30.85,43.63,18.6,98.77,133.38,16.21
Jorapokhar,29-04-2021,5,827.79,0,22.62,67.95,37.19,97.87,121.03,14.82
Jorapokhar,30-04-2021,5,867.84,0,16.97,114.44,43.39,128.32,152.32,12.54
Jorapokhar,01-05-2021,5,1308.44,0,45.24,28.61,30.52,130.81,162.7,15.83
Jorapokhar,02-05-2021,5,1014.71,0,58.26,48.64,114.44,92.05,110.06,10.64
Jorapokhar,03-05-2021,5,1508.71,0.38,74.71,6.88,61.04,116.42,144.01,19
Jorapokhar,04-05-2021,5,2323.15,23.69,72.66,0.01,113.49,150.35,176.27,9.88
Jorapokhar,05-05-2021,5,2723.69,38.89,111.04,0,96.32,197.39,230.19,5.07
Jorapokhar,06-05-2021,5,1121.52,10.51,57.58,0.11,105.86,78.54,90.63,2.44
Jorapokhar,07-05-2021,5,2937.32,22.35,138.46,0.01,141.14,237.58,260.45,0.23
Jorapokhar,08-05-2021,5,1789.09,0.14,75.4,21.46,158.31,122.99,141.32,0.18
Jorapokhar,09-05-2021,5,1642.23,0.91,81.57,3.8,55.31,137.76,161.1,4.37
Jorapokhar,10-05-2021,5,1548.77,0,56.21,37.91,80.11,111.87,131.49,2.72
Jorapokhar,11-05-2021,5,1842.5,0.02,60.32,19.67,131.61,116.54,138.65,2.01
Jorapokhar,12-05-2021,5,1428.6,0,25.71,64.37,103,88.95,104.52,0.78
Jorapokhar,13-05-2021,5,3791.81,26.38,141.2,0,230.79,338.69,367.74,0
Jorapokhar,14-05-2021,5,1922.61,5.48,58.95,2.57,34.33,150.16,176.93,6.4
Jorapokhar,15-05-2021,5,1508.71,0,69.23,55.08,137.33,168.67,188.13,7.73
Jorapokhar,16-05-2021,5,1335.14,0,37.7,62.23,123.98,98.4,116.71,7.85
Jorapokhar,17-05-2021,5,1682.28,0.52,40.78,4.92,51.5,133.89,163.12,15.45
Jorapokhar,18-05-2021,5,1588.82,0.04,41.81,21.46,80.11,137.59,163.57,12.29
Jorapokhar,19-05-2021,5,1068.12,0,27.76,41.49,18.6,138.38,158.77,3.9
Jorapokhar,20-05-2021,5,3231.05,43.81,145.32,0,282.29,234.8,255.61,0.06
Jorapokhar,21-05-2021,5,2243.04,6.99,101.45,1.14,135.42,202,223.36,1.09
Jorapokhar,22-05-2021,5,2029.42,10.62,76.08,0.18,160.22,119.34,132.97,0.02
Jorapokhar,23-05-2021,5,2269.75,12.41,55.52,0.01,27.18,183.55,230.23,11.4
Jorapokhar,24-05-2021,5,1054.76,0,18.34,36.12,5.42,97.77,113.64,6.78
Jorapokhar,25-05-2021,5,1562.12,0.55,73.34,6.26,71.53,141.09,157.37,6.9
Jorapokhar,26-05-2021,3,453.95,0,9.17,52.21,12.88,22.01,23.74,1.17
Jorapokhar,27-05-2021,2,353.81,0,8.82,46.49,11.09,15.68,16.57,0.89
Jorapokhar,28-05-2021,4,634.19,0,31.87,46.49,61.99,43.27,48.4,1
Jorapokhar,29-05-2021,4,473.98,0,25.36,38.62,43.39,38.88,67.25,2.28
Jorapokhar,30-05-2021,4,540.73,0.05,34.62,19.67,61.99,40.23,61.89,1.96
Jorapokhar,31-05-2021,5,947.95,3.86,63.75,1.79,100.14,98.57,106.62,0
Jorapokhar,01-06-2021,5,1468.66,0.08,29.82,12.7,6.97,89.58,116.18,6.46
Jorapokhar,02-06-2021,5,3364.56,0,76.77,52.21,77.25,610.74,662.2,1.44
Jorapokhar,03-06-2021,5,2029.42,39.34,52.09,0,117.3,189.34,221.73,2.82
Jorapokhar,04-06-2021,5,1682.28,0.42,42.84,6.26,61.99,168.38,217.69,6.52
Jorapokhar,05-06-2021,5,1201.63,0,22.96,62.94,57.7,170.82,194.94,4.88
Jorapokhar,06-06-2021,5,1094.82,0,20.05,33.98,48.16,80.4,96.18,3.58
Jorapokhar,07-06-2021,5,1188.28,0,28.79,23.96,103.95,55.5,66.03,3.77
Jorapokhar,08-06-2021,4,1281.74,1.08,38.73,5.1,118.26,47.34,59.26,7.73
Jorapokhar,09-06-2021,5,1335.14,0,39.76,36.48,133.51,77.45,89.88,3.52
Jorapokhar,10-06-2021,5,1615.52,39.79,67.86,0,123.98,157.06,173.67,0.13
Jorapokhar,11-06-2021,5,1241.68,0,17.31,53.64,25.51,205.17,214.14,2.34
Jorapokhar,12-06-2021,4,560.76,0,10.97,46.49,10.61,42.81,46.04,1.93
Jorapokhar,13-06-2021,4,547.41,0,14.74,25.03,20.27,31.96,34.37,1.41
Jorapokhar,14-06-2021,4,574.11,0,16.28,19.49,16.45,37.97,40.94,1.68
Jorapokhar,15-06-2021,5,1441.96,33.53,34.96,0,109.67,86.86,95.6,0.55
Jorapokhar,16-06-2021,5,1255.04,5.53,36.67,0.17,73.43,64.27,70.45,1.28
Jorapokhar,17-06-2021,4,814.44,0.19,19.36,9.84,21.22,41.38,46.91,2.03
Jorapokhar,18-06-2021,5,1708.98,51.86,34.96,0,198.36,89.31,95.02,0
Jorapokhar,19-06-2021,5,1522.06,36.21,36.33,0,144.96,86,92.15,0.01
Jorapokhar,20-06-2021,5,1108.17,6.93,35.64,0.35,108.72,56.67,63.5,0.48
Jorapokhar,21-06-2021,5,1388.55,8.94,39.07,0.14,75.34,82.39,97.74,1.76
Jorapokhar,22-06-2021,5,2243.04,57.22,38.04,0,73.43,160.98,188.38,3.01
Jorapokhar,23-06-2021,5,1081.47,7.1,48.67,0.31,57.7,112.16,119.06,2.06
Jorapokhar,24-06-2021,5,1455.31,48.28,54.15,0,169.75,102.51,116.48,0.02
Jorapokhar,25-06-2021,5,1415.25,22.13,74.71,0,158.31,101.47,111.96,0.1
Jorapokhar,26-06-2021,5,794.41,0,38.73,27.18,58.65,73.66,79.46,2.19
Jorapokhar,27-06-2021,5,741.01,0.12,38.04,11.8,50.55,55.95,62.82,2.76
Jorapokhar,28-06-2021,5,1108.17,12.74,62.38,0.02,146.87,61.99,74.19,0.75
Jorapokhar,29-06-2021,5,1522.06,0.24,54.84,11.8,150.68,89.35,105.52,1.69
Jorapokhar,30-06-2021,4,1108.17,0,35.3,32.9,133.51,48.7,56.62,1.41
Jorapokhar,01-07-2021,5,1201.63,0.89,43.87,13.77,133.51,77.83,85.22,0.65
Jorapokhar,02-07-2021,5,1388.55,0.01,47.3,22.89,146.87,84.68,90.84,0.11
Jorapokhar,03-07-2021,5,1708.98,34.87,45.24,0,139.24,94.45,105.05,0.31
Jorapokhar,04-07-2021,5,1495.36,11.96,38.39,0.06,109.67,87.93,97.55,0.9
Jorapokhar,05-07-2021,5,3284.45,50.52,71.97,0,64.85,288.11,303.52,0.59
Jorapokhar,06-07-2021,5,2670.29,103.71,52.78,0,97.28,307.49,331.04,0
Jorapokhar,07-07-2021,5,2029.42,83.15,40.78,0,150.68,181.99,208.4,0.19
Jorapokhar,08-07-2021,5,2243.04,73.31,43.53,0,244.14,131.94,141.75,0
Jorapokhar,09-07-2021,5,2162.93,97.45,33.24,0,43.87,210.58,224.44,3.67
Jorapokhar,10-07-2021,5,787.74,0.03,26.05,18.42,29.56,67.36,70.45,1.01
Jorapokhar,11-07-2021,5,1081.47,7.82,52.78,0,60.56,83.94,86.7,0.75
Jorapokhar,12-07-2021,4,620.84,0.38,31.53,7.87,42.44,34.32,37.44,1.66
Jorapokhar,13-07-2021,4,827.79,20.56,30.85,0,59.13,46.82,55.33,2.09
Jorapokhar,14-07-2021,4,587.46,1.44,29.82,3.44,46.73,25.2,29.51,2.22
Jorapokhar,15-07-2021,4,600.82,0.31,40.44,11.62,73.43,29.38,35.44,1.9
Jorapokhar,16-07-2021,4,680.92,0.31,47.3,11.8,88.69,39.11,45.9,1.93
Jorapokhar,17-07-2021,5,988.01,21.46,58.95,0,152.59,57.42,70.54,1.76
Jorapokhar,18-07-2021,5,961.3,25.48,36.33,0,74.39,62.68,67.47,1.17
Jorapokhar,19-07-2021,5,1682.28,62.59,39.07,0,107.77,119.16,139.52,0
Jorapokhar,20-07-2021,5,2109.53,100.14,36.67,0,114.44,186.8,211.28,0
Jorapokhar,21-07-2021,5,2269.75,30.4,43.18,0,171.66,127.46,135.03,0
Jorapokhar,22-07-2021,5,1949.31,68.84,52.09,0,154.5,172.31,178.77,0
Jorapokhar,23-07-2021,4,473.98,0,13.88,43.63,16.45,28.08,30.98,1.79
Jorapokhar,24-07-2021,4,554.09,3.27,30.5,0.14,32.42,34.79,37.68,0.73
Jorapokhar,25-07-2021,4,787.74,8.16,29.13,0.05,47.21,39.67,43.71,2.09
Jorapokhar,26-07-2021,5,1441.96,21.91,50.72,0,92.51,86.55,101.76,1.31
Jorapokhar,27-07-2021,5,1188.28,12.74,28.1,0.02,70.57,53.81,64.19,1.3
Jorapokhar,28-07-2021,4,727.65,6.87,22.28,0.02,43.39,41.35,46.92,1.43
Jorapokhar,29-07-2021,4,487.33,0,14.4,24.32,10.49,32.76,36.58,1.55
Jorapokhar,30-07-2021,4,347.14,0.15,27.42,5.28,21.94,25.41,26.48,0.34
Jorapokhar,31-07-2021,4,801.09,16.09,38.39,0.03,116.35,47.55,50.66,0
Jorapokhar,01-08-2021,5,1174.93,26.82,41.13,0,146.87,65.06,75.55,0.11
Jorapokhar,02-08-2021,4,1134.87,2.68,34.62,1.97,105.86,49.18,57.39,1.14
Jorapokhar,03-08-2021,5,2082.82,45.15,58.95,0,116.35,126.77,147.39,1.28
Jorapokhar,04-08-2021,5,1121.52,10.06,26.05,0.05,50.55,53.01,62.01,1.68
Jorapokhar,05-08-2021,5,680.92,0.09,19.19,7.69,8.35,50.35,58.93,2.5
Jorapokhar,06-08-2021,5,2429.96,36.66,36.33,0,50.07,189.79,241.54,27.36
Jorapokhar,07-08-2021,5,2002.72,50.07,62.38,0,93.46,199.56,217.86,2.57
Jorapokhar,08-08-2021,5,2269.75,49.62,78.83,0,183.11,187.09,197.01,0
Jorapokhar,09-08-2021,5,1455.31,10.28,35.64,0.11,107.77,84.38,95.6,0.78
Jorapokhar,10-08-2021,5,1428.6,0.99,49.35,5.1,144.96,80.52,89.68,0.4
Jorapokhar,11-08-2021,5,1495.36,25.93,32.22,0,92.51,81.4,95.52,1.58
Jorapokhar,12-08-2021,5,2777.1,103.71,41.47,0,238.42,148.86,159.69,0
Jorapokhar,13-08-2021,5,2510.07,88.51,29.13,0,103.95,168.81,191.47,0
Jorapokhar,14-08-2021,5,1735.69,45.15,41.81,0,135.42,146.56,163.15,0.25
Jorapokhar,15-08-2021,5,1789.09,25.71,54.84,0,127.79,119.32,128.4,0.28
Jorapokhar,16-08-2021,5,1842.5,48.28,42.84,0,63.9,179.79,189.92,2.38
Jorapokhar,17-08-2021,5,961.3,14.31,39.41,0,52.93,68.54,73.67,1.63
Jorapokhar,18-08-2021,5,934.6,7.15,51.41,0.02,60.56,71.67,77.12,0.72
Jorapokhar,19-08-2021,5,867.84,12.63,40.44,0.07,90.6,61.95,68.59,1.55
Jorapokhar,20-08-2021,4,841.14,14.31,44.55,0.05,103.95,49.94,55.64,1.27
Jorapokhar,21-08-2021,3,554.09,4.14,30.85,0.96,61.99,21.85,24.68,1.33
Jorapokhar,22-08-2021,5,947.95,1.62,60.32,3.09,125.89,62.36,72.88,1.14
Jorapokhar,23-08-2021,5,1682.28,13.19,49.35,0.06,99.18,108.15,124.03,0.52
Jorapokhar,24-08-2021,5,1415.25,18.33,34.27,0.03,111.58,59.37,74.16,0.69
Jorapokhar,25-08-2021,5,1375.2,13.3,33.93,0.09,109.67,69.9,82,0.97
Jorapokhar,26-08-2021,5,1228.33,14.75,28.1,0.03,103.95,60.08,69.63,0.92
Jorapokhar,27-08-2021,5,1842.5,93.88,39.41,0,117.3,224.88,232.85,0
Jorapokhar,28-08-2021,5,794.41,25.48,46.61,0,80.11,120.97,124.71,0
Jorapokhar,29-08-2021,5,674.25,8.05,37.7,0,50.55,56.46,59.92,0.9
Jorapokhar,30-08-2021,3,540.73,0.8,26.73,4.83,33.38,23.81,27.24,2.15
Jorapokhar,31-08-2021,4,620.84,11.62,23.65,0,46.25,26.98,29.98,1.47
Jorapokhar,01-09-2021,4,767.71,27.49,23.65,0,77.25,32.56,40.97,2.31
Jorapokhar,02-09-2021,5,1441.96,51.86,35.3,0,183.11,77.22,92.93,0.1
Jorapokhar,03-09-2021,5,2136.23,125.17,33.24,0,97.28,217.62,240.26,0
Jorapokhar,04-09-2021,5,3124.24,168.09,40.78,0,83.92,336.98,368.2,2.01
Jorapokhar,05-09-2021,5,3685,8.49,77.46,0.06,72.48,435.15,458.9,1.05
Jorapokhar,06-09-2021,5,1348.5,0.74,80.2,2.35,116.35,152.89,160.88,0.14
Jorapokhar,07-09-2021,2,353.81,0.75,25.02,3.22,39.58,19.3,22.34,1.25
Jorapokhar,08-09-2021,4,707.63,10.95,28.1,0,48.64,33.22,36.02,1.14
Jorapokhar,09-09-2021,4,774.38,21.23,25.36,0,66.76,35.37,43.64,2.6
Jorapokhar,10-09-2021,5,1361.85,24.14,26.05,0,12.99,115.47,133.37,6.02
Jorapokhar,11-09-2021,5,714.3,0,25.36,55.08,75.34,153.8,158.52,0
Jorapokhar,12-09-2021,4,600.82,0.24,22.28,4.56,12.99,41.77,45.95,2.12
Jorapokhar,13-09-2021,2,370.5,0,12,25.75,14.78,13.38,16.67,2.72
Jorapokhar,14-09-2021,4,547.41,0.95,35.64,2.15,41.49,28.07,29.47,0.53
Jorapokhar,15-09-2021,2,480.65,0.12,27.76,14.84,34.33,19.55,21.68,1.06
Jorapokhar,16-09-2021,4,660.9,6.99,29.47,0.27,54.84,31.68,35.71,1.96
Jorapokhar,17-09-2021,5,1188.28,53.2,26.39,0,127.79,63.84,77.04,1.54
Jorapokhar,18-09-2021,5,1548.77,67.95,25.36,0,72.48,104.25,121.4,2.6
Jorapokhar,19-09-2021,5,1468.66,42.92,21.94,0,29.8,141.21,153.56,4.43
Jorapokhar,20-09-2021,5,1562.12,0,27.76,25.75,20.03,210.81,218.21,0.02
Jorapokhar,21-09-2021,4,514.03,0,15.94,23.25,19.31,33.95,36.4,1.46
Jorapokhar,22-09-2021,4,674.25,0.79,37.7,1.02,36.24,48.96,50.87,0.91
Jorapokhar,23-09-2021,4,827.79,2.4,41.47,1.2,45.3,49.46,51.59,1.03
Jorapokhar,24-09-2021,5,834.47,0.63,29.13,4.6,28.37,55.43,61.31,2.88
Jorapokhar,25-09-2021,5,1295.09,36.21,36.33,0,70.57,78.66,95.08,2.82
Jorapokhar,26-09-2021,5,1735.69,23.47,19.02,0,6.86,215.69,234.61,6.46
Jorapokhar,27-09-2021,5,814.44,0,27.76,22.89,28.85,116.41,126.17,1.68
Jorapokhar,28-09-2021,5,1014.71,14.53,50.72,0,50.55,127.44,136.91,0
Jorapokhar,29-09-2021,2,410.56,0.03,16.79,11.27,15.02,15.56,18.71,1.31
Jorapokhar,30-09-2021,4,507.36,0.03,22.96,26.82,41.96,28.36,29.47,0.67
Jorapokhar,01-10-2021,4,841.14,26.38,34.96,0,111.58,39.77,48.07,1.41
Jorapokhar,02-10-2021,5,1295.09,45.15,47.3,0,154.5,83.1,98.63,0.02
Jorapokhar,03-10-2021,5,1495.36,33.98,26.39,0,66.76,83.13,101.08,1.5
Jorapokhar,04-10-2021,5,1295.09,2.29,28.45,3.04,74.39,69.91,80.39,1.03
Jorapokhar,05-10-2021,5,3845.22,50.52,91.85,0,282.29,304.54,316.99,0
Jorapokhar,06-10-2021,5,3070.83,85.83,58.95,0,109.67,281.99,303.64,0.57
Jorapokhar,07-10-2021,5,3524.78,40.68,61.69,0,82.02,360.65,403.49,1.6
Jorapokhar,08-10-2021,5,3631.59,95.67,40.78,0,45.78,283.76,349.91,18.75
Jorapokhar,09-10-2021,5,4379.27,69.74,115.16,0,167.85,457.51,485.39,0
Jorapokhar,10-10-2021,5,1415.25,8.72,22.28,0.03,3.99,132.5,176.52,4.37
Jorapokhar,11-10-2021,5,2002.72,0.12,48.67,7.15,15.26,243.45,287.06,7.6
Jorapokhar,12-10-2021,5,2590.18,2.52,61.69,2.71,29.09,297.06,346.96,9.63
Jorapokhar,13-10-2021,5,1054.76,0,18.17,24.68,5.9,159.12,184.39,3.42
Jorapokhar,14-10-2021,5,907.9,0,7.8,103,7.03,204.01,221.3,3.55
Jorapokhar,15-10-2021,5,1588.82,0.85,33.24,2.12,8.23,150.5,167.25,6.71
Jorapokhar,16-10-2021,5,1241.68,0,21.59,23.25,6.08,131.63,149.23,3.33
Jorapokhar,17-10-2021,5,1108.17,0.38,27.42,4.25,13.47,109.46,119.59,4.94
Jorapokhar,18-10-2021,4,674.25,0,12.34,22.71,13.95,32.85,34.33,1.38
Jorapokhar,19-10-2021,5,1255.04,44.7,29.13,0,127.79,70.39,76.86,0.07
Jorapokhar,20-10-2021,5,1522.06,56.77,37.01,0,127.79,88.18,97.87,0.59
Jorapokhar,21-10-2021,5,1108.17,1.66,21.76,2.91,8.46,75.92,100.83,4.37
Jorapokhar,22-10-2021,5,1161.58,0.05,35.64,22.53,43.87,91.18,109.86,11.65
Jorapokhar,23-10-2021,5,1441.96,8.05,28.45,0.07,5.96,140.06,207.23,7.35
Jorapokhar,24-10-2021,5,921.25,0.27,20.39,6.8,3.37,103.26,164.99,4.62
Jorapokhar,25-10-2021,5,1762.39,2.88,39.07,0.27,4.53,167.39,225.91,4.43
Jorapokhar,26-10-2021,5,2136.23,5.03,42.16,0.19,6.38,219.21,277.36,4.88
Jorapokhar,27-10-2021,5,1228.33,0,16.45,38.98,5.72,223.4,246,2.85
Jorapokhar,28-10-2021,5,1041.41,0,16.28,45.42,6.62,175.21,196.33,3.39
Jorapokhar,29-10-2021,5,867.84,0,11.65,81.54,7.75,150.98,169.18,4.37
Jorapokhar,30-10-2021,5,881.2,0,16.62,57.22,7.39,121.13,141.09,6.52
Jorapokhar,31-10-2021,5,1094.82,0.11,25.71,10.19,4.35,110.24,138.7,7.35
Jorapokhar,01-11-2021,5,1642.23,8.38,39.07,0.03,7.87,156.52,210.31,16.21
Jorapokhar,02-11-2021,5,2670.29,9.61,71.29,0.14,9.89,267.41,327.71,11.53
Jorapokhar,03-11-2021,5,3257.75,30.85,116.53,0,64.85,398.5,482.88,51.68
Jorapokhar,04-11-2021,5,2082.82,5.48,53.47,0.3,10.49,315,371.07,10.39
Jorapokhar,05-11-2021,5,1815.8,5.25,48.67,0.42,7.57,167.49,213.77,11.65
Jorapokhar,06-11-2021,5,1602.17,3.69,42.5,0.38,6.5,152.43,199.56,11.02
Jorapokhar,07-11-2021,5,1335.14,0.62,35.99,3.89,4.35,137.88,176.24,8.74
Jorapokhar,08-11-2021,5,988.01,0,21.08,36.48,4.35,129.89,152.16,5.95
Jorapokhar,09-11-2021,5,1495.36,0.04,32.9,17.17,4.47,172.94,208.78,4.88
Jorapokhar,10-11-2021,5,1922.61,1.03,44.55,4.2,5.42,237.66,285.45,5.76
Jorapokhar,11-11-2021,5,1922.61,5.76,48.67,0.82,5.9,201.92,240.69,4.75
Jorapokhar,12-11-2021,5,1815.8,1.33,53.47,5.59,7.03,194.55,228.32,4.69
Jorapokhar,13-11-2021,5,2616.88,23.25,68.55,0.01,14.19,255.84,293.2,3.64
Jorapokhar,14-11-2021,5,1268.39,33.97,49.35,0,119.21,190.44,196.38,0
Jorapokhar,15-11-2021,5,2429.96,73.31,40.44,0,66.76,254.7,290.56,42.05
Jorapokhar,16-11-2021,5,2857.21,81.36,37.7,0,24.56,307.47,352.2,11.53
Jorapokhar,17-11-2021,5,2777.1,31.74,47.98,0,8.34,291.51,355.98,9.88
Jorapokhar,18-11-2021,5,2269.74,14.19,57.58,0.18,11.44,255.88,303.06,6.59
Jorapokhar,19-11-2021,5,2136.23,16.32,39.76,0,5.3,204.13,257.86,7.22
Jorapokhar,20-11-2021,5,2376.56,8.83,63.75,0.14,10.61,256.65,308.97,12.16
Jorapokhar,21-11-2021,5,3044.13,13.08,56.89,0.01,11.44,486.58,553.81,14.69
Jorapokhar,22-11-2021,5,2429.96,21.68,46.61,0,12.87,293.12,351.92,12.54
Jorapokhar,23-11-2021,5,1508.71,0.51,33.59,5.19,7.03,205.72,238.83,4.88
Jorapokhar,24-11-2021,5,1815.8,1.41,52.78,2.12,15.02,155.57,201.06,30.4
Jorapokhar,25-11-2021,5,2216.34,10.84,63.06,0.09,9.54,183.72,234.78,13.93
Jorapokhar,26-11-2021,5,2456.67,7.1,59.63,0.22,8.46,294.23,350.8,11.78
Jorapokhar,27-11-2021,5,1949.31,4.08,54.15,1.06,7.03,209.13,256.57,10.26
Jorapokhar,28-11-2021,5,1255.04,0.04,28.1,16.81,3.78,137.29,163.79,5.83
Jorapokhar,29-11-2021,5,1014.71,0,19.36,40.77,4.47,126.23,145.46,4.81
Jorapokhar,30-11-2021,5,1214.98,0,19.36,58.65,6.56,207.07,229.09,6.71
Jorapokhar,01-12-2021,5,1228.33,0,21.08,54.36,5.6,225.48,249,6.14
Jorapokhar,02-12-2021,5,1401.9,0,28.79,32.19,5.13,207.63,235.33,4.5
Jorapokhar,03-12-2021,5,4592.9,74.21,94.59,0,36.24,435.81,516.17,12.67
Jorapokhar,04-12-2021,5,2563.48,4.81,78.83,0.91,9.3,303.08,352.08,5.32
Jorapokhar,05-12-2021,5,1335.14,0.03,32.56,15.02,4.53,221.24,246.66,3.8
Jorapokhar,06-12-2021,4,440.6,0,15.08,35.76,11.21,29.98,32.08,1.11
Jorapokhar,07-12-2021,5,1281.74,0.8,37.36,4.52,6.62,77.58,112.04,8.23
Jorapokhar,08-12-2021,5,1508.71,0.3,35.64,8.76,5.07,173.87,210.67,6.14
Jorapokhar,09-12-2021,5,2696.99,42.92,56.89,0,15.26,193.94,260.07,14.19
Jorapokhar,10-12-2021,5,3845.21,28.39,117.9,0,82.97,397.25,484.81,57.25
Jorapokhar,11-12-2021,5,1735.69,0.38,45.24,8.4,6.79,223.1,265.07,10.26
Jorapokhar,12-12-2021,5,1588.82,0.83,43.18,3.93,6.32,158.07,188.74,14.19
Jorapokhar,13-12-2021,5,1482.01,1.23,44.55,3.76,5.48,151.24,183.64,9.88
Jorapokhar,14-12-2021,5,2136.23,5.31,56.89,0.25,8.58,226.42,278.33,16.47
Jorapokhar,15-12-2021,5,1388.55,0.01,32.56,30.4,5.84,174.59,202.44,7.6
Jorapokhar,16-12-2021,5,961.3,0,21.93,43.99,5.48,112.96,134.03,8.36
Jorapokhar,17-12-2021,5,947.95,0,24.68,37.55,4.89,93.46,112.4,6.14
Jorapokhar,18-12-2021,5,1201.63,0.01,32.22,23.6,4.11,149.01,178.87,5.51
Jorapokhar,19-12-2021,5,607.49,0,6.25,101.57,6.44,90.45,97.67,8.11
Jorapokhar,20-12-2021,5,767.71,0,13.71,71.53,5.07,87.83,101.24,10.39
Jorapokhar,21-12-2021,5,794.41,0,15.59,71.53,6.68,88.4,103.29,11.53
Jorapokhar,22-12-2021,5,1068.12,0,16.62,77.96,6.44,175.84,193.89,6.59
Jorapokhar,23-12-2021,5,1562.12,2.07,44.55,3,4.89,146.05,185.69,9.75
Jorapokhar,24-12-2021,5,3417.97,41.13,113.79,0,94.41,275.47,350.97,51.17
Jorapokhar,25-12-2021,5,2830.51,34.42,102.82,0,44.82,314.34,354.01,8.74
Jorapokhar,26-12-2021,5,1735.69,9.16,56.21,0.14,19.79,260.56,292.38,8.87
Jorapokhar,27-12-2021,5,3044.13,32.19,100.08,0,53.41,406.73,459.52,35.46
Jorapokhar,28-12-2021,5,2857.21,84.94,52.78,0,49.11,271.05,330.55,26.85
Jorapokhar,29-12-2021,5,2510.07,12.63,132.98,0.01,135.42,361.12,377.63,0.4
Jorapokhar,30-12-2021,5,1455.31,0.01,41.81,20.03,39.58,171.75,177.77,1.01
Jorapokhar,31-12-2021,4,894.55,0,15.94,31.47,4.59,45.76,58.45,2.66
Jorapokhar,01-01-2022,5,1054.76,0.01,25.02,27.89,4.35,88.28,109.33,3.83
Jorapokhar,02-01-2022,5,881.2,0,14.05,48.64,3.13,86.3,99.29,2.6
Jorapokhar,03-01-2022,5,974.66,0,15.59,47.92,3.37,140.51,156.19,2.82
Jorapokhar,04-01-2022,5,1001.36,0,19.71,35.41,4.17,115.77,136.06,2.79
Jorapokhar,05-01-2022,5,1842.5,0.89,50.04,4.11,5.84,198.9,236.67,6.52
Jorapokhar,06-01-2022,5,3124.24,31.29,74.71,0,11.68,290.52,359.5,9.12
Jorapokhar,07-01-2022,5,2029.42,1.87,54.15,4.65,7.15,274.59,315.7,4.94
Jorapokhar,08-01-2022,5,1562.12,1.24,45.93,3.49,4.95,159.26,190.48,4.75
Jorapokhar,09-01-2022,5,3124.24,35.76,116.53,0,76.29,325.15,380.62,48.13
Jorapokhar,10-01-2022,5,2296.45,0.33,64.43,6.44,11.92,276.71,317.86,7.09
Jorapokhar,11-01-2022,5,3471.37,52.75,61.69,0,21.93,454.72,516.29,1.73
Jorapokhar,12-01-2022,5,7370,350.48,58.26,0,55.79,759.38,789.65,2.28
Jorapokhar,13-01-2022,5,1041.41,0.27,21.76,6.53,6.26,82.55,94.77,2.94
Jorapokhar,14-01-2022,5,1375.2,0.02,30.16,21.28,5.3,127.88,153.73,6.52
Jorapokhar,15-01-2022,5,2750.4,92.09,61.69,0,65.8,240.47,263.75,3.17
Jorapokhar,16-01-2022,5,1001.36,0.01,19.88,28.25,3.61,117.02,136.82,4.18
Jorapokhar,17-01-2022,5,841.14,0,11.65,73.67,4.11,133.44,146.02,2.6
Jorapokhar,18-01-2022,5,814.44,0,13.54,77.25,5.01,137.43,151.66,2.6
Jorapokhar,19-01-2022,5,934.6,0,15.59,75.82,4.89,164.68,181.94,3.45
Jorapokhar,20-01-2022,5,1041.41,0,16.79,61.51,4.77,202.66,221.52,2.63
Jorapokhar,21-01-2022,5,3284.45,56.77,72.66,0,33.86,313.74,392.92,32.42
Jorapokhar,22-01-2022,5,3391.27,76,75.4,0,95.37,456.71,523.83,28.88
Jorapokhar,23-01-2022,5,1562.12,0,30.5,58.65,34.81,419.79,441.12,1.17
Jorapokhar,24-01-2022,5,1148.22,1.03,24.68,3.49,8.94,109.96,115.9,4.37
Jorapokhar,25-01-2022,5,1735.69,23.92,46.61,0.01,15.14,172.57,186.55,1.65
Jorapokhar,26-01-2022,5,1268.39,0,22.28,27.89,5.48,83.5,103.63,3.96
Jorapokhar,27-01-2022,5,727.65,0,13.02,60.08,6.32,55.79,67.58,9.88
Jorapokhar,28-01-2022,5,741,0,13.37,65.09,6.26,58.57,70.36,8.23
Jorapokhar,29-01-2022,5,1014.71,0,25.36,37.55,4.89,83.61,106.7,5.38
Jorapokhar,30-01-2022,5,767.71,0,19.71,33.62,3.37,63.4,80.72,4.69
Jorapokhar,31-01-2022,5,2296.45,27.49,74.03,0,50.54,161.78,225.84,69.92
Jorapokhar,01-02-2022,5,2323.15,16.99,74.03,0.01,34.33,173.53,246.66,47.12
Jorapokhar,02-02-2022,5,741,0,20.73,47.92,10.25,59.51,84.27,14.95
Jorapokhar,03-02-2022,5,907.9,0,22.62,44.7,6.97,98.23,131.74,5.7
Jorapokhar,04-02-2022,5,1468.66,0,48.67,51.5,60.56,277.33,299.56,1.74
Jorapokhar,05-02-2022,5,921.25,0,12.68,59.37,7.87,98.86,109.27,2.6
Jorapokhar,06-02-2022,5,974.66,0,19.19,53.64,7.09,75.8,92.81,9.37
Jorapokhar,07-02-2022,5,1455.31,0.06,34.62,16.63,5.36,113.07,139.61,9.63
Jorapokhar,08-02-2022,5,3044.13,29.95,69.92,0,13.47,253.55,318.79,21.28
Jorapokhar,09-02-2022,5,4219.06,47.39,160.4,0,144.96,403.76,500.19,78.02
Jorapokhar,10-02-2022,5,1762.39,0.4,52.09,8.23,13.71,254.53,277.33,5.13
Jorapokhar,11-02-2022,5,1335.14,0,20.56,70.1,5.66,254.78,278.49,5.64
Jorapokhar,12-02-2022,5,947.95,0,24.68,38.98,6.2,90.45,114.6,9.88
Jorapokhar,13-02-2022,5,1375.2,0.05,37.01,16.63,6.32,116.89,148.32,14.31
Jorapokhar,14-02-2022,5,1335.14,0.1,35.64,13.41,4.77,117.4,150.24,10.51
Jorapokhar,15-02-2022,5,1682.28,0.28,48.67,8.76,7.51,158.08,198.83,11.53
Jorapokhar,16-02-2022,5,1762.39,5.87,50.04,0.25,8.11,129.99,172.99,18.49
Jorapokhar,17-02-2022,5,2216.34,13.75,56.21,0.02,12.76,174.82,224.85,18.75
Jorapokhar,18-02-2022,5,2243.04,33.08,73.34,0.01,91.55,174.76,229.08,46.61
Jorapokhar,19-02-2022,5,2189.64,6.2,91.85,2.62,74.39,150.27,202.19,66.88
Jorapokhar,20-02-2022,5,1455.31,1.87,46.61,5.63,51.02,99.99,123.8,17.23
Jorapokhar,21-02-2022,5,3044.13,57.22,59.63,0,122.07,220.73,263.14,34.96
Jorapokhar,22-02-2022,5,1001.36,0,26.73,42.56,10.01,82.2,107.19,15.2
Jorapokhar,23-02-2022,5,2002.72,0,59.63,37.19,11.21,188.24,227.02,17.23
Jorapokhar,24-02-2022,5,1869.2,0.04,90.48,20.56,54.36,265.51,300.17,12.29
Jorapokhar,25-02-2022,5,2883.91,3.86,75.4,0.71,13.95,393.42,443.44,7.09
Jorapokhar,26-02-2022,5,1548.77,0,30.5,40.41,6.5,295.04,322.19,6.52
Jorapokhar,27-02-2022,5,1615.52,0.01,50.72,18.6,8.23,147.33,182.35,19.76
Jorapokhar,28-02-2022,5,2536.77,14.75,93.22,0.02,68.66,250.44,282.86,2.91
Jorapokhar,01-03-2022,5,2243.04,9.05,63.75,0.04,14.07,197.55,268.2,25.33
Jorapokhar,02-03-2022,5,3337.86,10.28,111.04,0.05,27.18,313.44,373.47,7.16
Jorapokhar,03-03-2022,5,1361.85,0,35.99,26.46,7.33,125.98,159.16,13.17
Jorapokhar,04-03-2022,5,1401.9,0.06,40.1,13.95,10.61,121.99,162.52,19.51
Jorapokhar,05-03-2022,5,2216.34,12.85,60.32,0.03,37.67,147.13,208.92,41.54
Jorapokhar,06-03-2022,5,1361.85,0,47.98,38.27,34.33,114.13,151.35,49.14
Jorapokhar,07-03-2022,5,1134.87,0,29.13,40.05,7.99,99.2,118.79,14.82
Jorapokhar,08-03-2022,5,841.14,0,14.22,86.55,10.49,103.19,120.45,12.79
Jorapokhar,09-03-2022,5,1134.87,0,28.79,39.34,10.49,105.77,137.09,20.01
Jorapokhar,10-03-2022,5,1735.69,2.15,50.72,1.36,13.95,142.52,193.04,22.29
Jorapokhar,11-03-2022,5,787.73,0,18.85,56.51,10.01,75.93,98.73,14.19
Jorapokhar,12-03-2022,5,847.82,0,20.05,55.79,9.89,79.49,100.21,13.93
Jorapokhar,13-03-2022,5,821.11,0,21.93,34.33,7.63,67.09,93.11,14.57
Jorapokhar,14-03-2022,5,867.84,0,20.05,46.49,7.99,89.72,111.7,13.81
Jorapokhar,15-03-2022,5,1468.66,0.01,44.55,17.52,16.69,113.53,155.3,24.57
Jorapokhar,16-03-2022,5,2616.88,7.38,84.31,0.07,36.24,192.51,263.19,21.79
Jorapokhar,17-03-2022,5,2002.72,0,40.44,57.22,28.61,278.93,330.53,20.77
Jorapokhar,18-03-2022,5,1161.58,0.25,73.34,12.34,91.55,127.74,152.8,11.02
Jorapokhar,19-03-2022,5,1268.39,0,69.23,30.76,114.44,178.77,204.58,7.98
Jorapokhar,20-03-2022,5,1214.98,0,64.43,44.35,112.53,106.21,126.83,15.96
Jorapokhar,21-03-2022,5,1388.55,0,61.01,45.06,120.16,131.5,154.65,15.58
Jorapokhar,22-03-2022,5,3471.37,74.21,78.14,0,162.12,265.08,325.89,31.66
Jorapokhar,23-03-2022,5,1068.12,0,29.82,40.05,15.26,95.9,133.29,19
Jorapokhar,24-03-2022,5,1295.09,0.08,41.47,11.35,16.45,101.66,152.02,21.79
Jorapokhar,25-03-2022,5,1028.06,0,32.22,36.48,36.72,96.56,127.99,15.71
Jorapokhar,26-03-2022,5,1081.47,0,26.39,38.27,72.48,95.9,121.44,13.93
Jorapokhar,27-03-2022,5,1081.47,0,32.56,29.33,19.31,91.87,138.29,22.04
Jorapokhar,28-03-2022,5,1255.04,0.11,40.44,10.1,17.64,91.68,141.37,19
Jorapokhar,29-03-2022,5,867.84,0,23.99,60.8,20.98,75.91,110.34,13.68
Jorapokhar,30-03-2022,5,1028.06,0,26.73,52.93,15.74,99.86,147.38,16.47
Jorapokhar,31-03-2022,5,1201.63,0,32.9,64.37,43.39,147.76,182.45,17.48
Jorapokhar,01-04-2022,5,1121.52,0,15.94,104.43,20.74,194.76,235.41,15.45
Jorapokhar,02-04-2022,5,2136.23,0.69,95.96,6.44,89.65,159.32,208.92,22.29
Jorapokhar,03-04-2022,5,574.11,0,15.59,76.53,32.42,53.03,70.36,8.23
Jorapokhar,04-04-2022,5,1815.8,0.01,69.92,19.31,101.09,159.18,199.89,20.52
Jorapokhar,05-04-2022,5,1441.96,0.03,78.14,16.63,85.83,97.09,124.32,16.72
Jorapokhar,06-04-2022,5,1708.98,0.5,87.74,7.96,100.14,114.22,148.26,11.91
Jorapokhar,07-04-2022,5,1869.2,0.01,64.43,29.33,47.68,182.86,221.75,21.03
Jorapokhar,08-04-2022,5,1068.12,0,27.76,62.94,40.53,121.37,144.83,17.73
Jorapokhar,09-04-2022,5,1388.55,0,27.76,65.8,18.12,173.32,201.11,15.71
Jorapokhar,10-04-2022,5,1148.22,0,19.71,98.71,41.01,171.02,191.48,13.81
Jorapokhar,11-04-2022,5,907.9,0,9,127.32,15.5,143.06,163.67,14.19
Jorapokhar,12-04-2022,5,821.11,0,6.25,194.55,28.13,149.84,168.61,11.27
Jorapokhar,13-04-2022,5,1522.06,0,54.84,37.91,88.69,205.59,233.69,8.11
Jorapokhar,14-04-2022,5,1869.2,0,45.93,34.69,19.55,220.93,267.87,18.75
Jorapokhar,15-04-2022,5,1134.87,0,25.02,85.12,115.39,76.37,89.64,7.47
Jorapokhar,16-04-2022,5,2403.26,11.06,83.63,0.04,90.6,150.56,224.25,24.83
Jorapokhar,17-04-2022,5,1522.06,0,45.24,38.27,52.45,186.04,230.59,29.13
Jorapokhar,18-04-2022,5,1161.58,0,12.68,130.18,56.74,180.53,204.01,14.82
Jorapokhar,19-04-2022,5,1108.17,0,42.84,64.37,85.83,112.69,135.72,15.2
Jorapokhar,20-04-2022,5,961.3,0,37.36,52.21,65.8,96.98,118.91,12.03
Jorapokhar,21-04-2022,5,614.17,0,15.08,101.57,51.02,84.27,104.85,6.33
Jorapokhar,22-04-2022,5,854.49,0,40.78,26.82,48.64,56.03,68.93,4.43
Jorapokhar,23-04-2022,5,1815.8,0,63.75,30.76,137.33,132.69,167.13,15.33
Jorapokhar,24-04-2022,5,1642.23,5.81,51.41,0.72,94.41,108.59,163.89,19.25
Jorapokhar,25-04-2022,5,1548.77,1.61,50.04,5.05,120.16,94.43,143.51,23.31
Jorapokhar,26-04-2022,5,2429.96,20.56,63.75,0,109.67,140.54,206.86,20.52
Jorapokhar,27-04-2022,5,1134.87,0,25.7,67.95,16.45,96.68,134.52,15.96
Jorapokhar,28-04-2022,5,1121.52,0,34.96,48.64,56.27,113.23,142,17.73
Jorapokhar,29-04-2022,5,867.84,0,11.65,131.61,32.9,157.65,185.97,10.13
Jorapokhar,30-04-2022,5,961.3,0,30.5,66.52,68.66,117.07,143.4,12.41
Jorapokhar,01-05-2022,5,741,0,38.04,23.96,49.59,59.99,77.42,3.93
Jorapokhar,02-05-2022,5,1068.12,0.59,43.87,4.74,36.72,85.2,103.1,3.96
Jorapokhar,03-05-2022,5,1388.55,17.21,71.29,0,73.43,118.36,141,2.41
Jorapokhar,04-05-2022,5,921.25,1.01,52.78,4.6,61.04,59.83,74.13,3.77
Jorapokhar,05-05-2022,5,921.25,0,44.55,29.68,60.56,73.23,87.92,5.38
Jorapokhar,06-05-2022,5,2483.37,7.6,102.82,0.03,88.69,288,315.28,58.77
Jorapokhar,07-05-2022,5,2109.53,0,67.17,41.48,110.63,306.23,328.87,5.89
Jorapokhar,08-05-2022,5,1134.87,0.01,61.01,18.24,63.9,106.82,122.39,4.02
Jorapokhar,09-05-2022,4,720.98,0.26,46.61,11.8,82.97,33.09,46.04,5.89
Jorapokhar,10-05-2022,5,947.95,0.36,41.47,6.97,50.07,53.76,59.68,1.31
Jorapokhar,11-05-2022,3,714.3,10.28,37.36,0.13,88.69,24.69,30.56,1.66
Jorapokhar,12-05-2022,5,1441.96,32.19,63.06,0,202.18,72.85,87.26,0
Jorapokhar,13-05-2022,5,1148.22,3.07,69.92,2.82,158.31,51.15,62.46,2.28
Jorapokhar,14-05-2022,5,1842.5,0.02,90.48,17.7,164.03,116.56,143.17,13.43
Jorapokhar,15-05-2022,4,801.09,0,49.35,30.76,105.86,46.2,59.22,5.51
Jorapokhar,16-05-2022,5,1268.39,0,57.58,38.98,146.87,89.75,101.08,1.38
Jorapokhar,17-05-2022,5,1108.17,1.65,72.66,3.04,143.05,79.62,98.83,3.89
Jorapokhar,18-05-2022,5,1628.88,4.08,95.96,0.61,192.64,153.36,176.8,0
Jorapokhar,19-05-2022,5,1148.22,0.82,76.77,6.79,158.31,70.51,85.72,2.63
Jorapokhar,20-05-2022,5,1455.31,0,50.72,52.93,150.68,112.13,125.26,2.75
Jorapokhar,21-05-2022,5,1148.22,0,67.17,39.34,164.03,78.1,103.53,5.07
Jorapokhar,22-05-2022,5,1308.44,0,27.76,56.51,88.69,81.9,103.87,11.78
Jorapokhar,23-05-2022,5,1201.63,0,47.3,60.08,87.74,168.31,204.02,11.27
Jorapokhar,24-05-2022,5,1415.25,0,73.34,41.48,148.77,200.42,220.28,0.03
Jorapokhar,25-05-2022,5,2243.04,0.02,112.41,15.02,127.79,241.13,280.85,5.19
Jorapokhar,26-05-2022,5,1869.2,1.02,50.04,5.9,15.02,163.28,207.94,15.83
Jorapokhar,27-05-2022,5,2082.82,0.66,57.58,3.22,12.87,172.01,225.05,21.79
Jorapokhar,28-05-2022,5,1682.28,0.04,45.24,16.63,57.22,128.55,166.37,14.57
Jorapokhar,29-05-2022,5,2216.34,11.73,84.31,0.06,102.04,135.37,185.53,29.13
Jorapokhar,30-05-2022,5,1001.36,0.01,60.32,19.67,81.06,96.7,129.49,10.01
Jorapokhar,31-05-2022,5,1174.93,0,48.67,30.4,82.02,157.95,180.39,5.19
Jorapokhar,01-06-2022,5,881.2,0,32.22,60.08,62.94,118.43,136.86,2.53
Jorapokhar,02-06-2022,5,867.84,0.1,49.35,12.87,72.48,95.57,122.75,6.21
Jorapokhar,03-06-2022,5,921.25,1.05,54.15,3.31,76.29,91.84,117.41,4.94
Jorapokhar,04-06-2022,5,814.44,0,46.61,38.62,82.97,94.21,132.21,4.43
Jorapokhar,05-06-2022,5,881.2,0.01,58.26,21.46,119.21,59.63,82.1,3.51
Jorapokhar,06-06-2022,5,1201.63,1.34,71.29,2.64,125.89,96.79,122.72,7.47
Jorapokhar,07-06-2022,5,1028.06,0.21,76.09,10.46,127.79,87.53,105.45,5.07
Jorapokhar,08-06-2022,5,834.47,0.23,52.78,10.91,83.92,65.64,79.24,2.12
Jorapokhar,09-06-2022,5,787.73,0,51.41,35.76,93.46,93.02,130,1.93
Jorapokhar,10-06-2022,5,907.9,0.1,65.8,16.81,123.98,85.81,105.74,2.09
Jorapokhar,11-06-2022,5,1214.98,0,32.9,50.07,137.33,106.4,121.23,3.99
Jorapokhar,12-06-2022,5,1121.52,0,33.24,67.23,123.98,74.53,92.66,9.25
Jorapokhar,13-06-2022,5,974.66,0,21.25,107.29,114.44,78.37,96.5,4.94
Jorapokhar,14-06-2022,5,974.66,0,22.28,90.84,106.81,65.38,77.24,5.7
Jorapokhar,15-06-2022,5,1134.87,0,35.64,65.09,154.5,59.47,70.26,5.89
Jorapokhar,16-06-2022,5,1455.31,2.93,61.69,2.12,175.48,95.31,109.18,1.46
Jorapokhar,17-06-2022,5,1615.52,29.95,59.63,0,202.18,86.46,101.47,1.79
Jorapokhar,18-06-2022,5,1108.17,0.02,38.04,22.89,120.16,51.77,57.12,0
Jorapokhar,19-06-2022,5,1108.17,0,24.33,51.5,90.6,53.19,58.25,0.78
Jorapokhar,20-06-2022,5,947.95,0,19.88,51.5,76.29,53.22,58.4,0.75
Jorapokhar,21-06-2022,5,1508.71,0.59,42.5,6.53,120.16,74.45,85.04,0.43
Jorapokhar,22-06-2022,5,2643.59,35.76,100.08,0,113.49,224.57,259.96,2.91
Jorapokhar,23-06-2022,5,2696.99,109.08,54.15,0,111.58,273.17,305.77,0.74
Jorapokhar,24-06-2022,5,1281.74,28.16,39.07,0,53.41,80.31,96.84,3.64
Jorapokhar,25-06-2022,5,1188.28,2.24,61.01,1.99,75.34,137.95,147.61,0
Jorapokhar,26-06-2022,4,680.92,0.02,28.79,22.53,49.11,41.3,45.25,2.37
Jorapokhar,27-06-2022,4,694.27,0.87,45.24,6.35,82.02,39.59,46.17,2.03
Jorapokhar,28-06-2022,4,974.66,14.31,62.38,0.02,152.59,46.52,57.44,1.84
Jorapokhar,29-06-2022,4,667.57,3.32,47.3,1.77,97.27,25.74,32.67,2.66
Jorapokhar,30-06-2022,5,2109.53,35.32,61.01,0,81.06,164.27,181.08,3.1
Jorapokhar,01-07-2022,5,1695.63,54.54,43.87,0,89.65,149.04,164.33,1.46
Jorapokhar,02-07-2022,5,4005.43,164.51,69.23,0,117.3,426.53,448.42,0
Jorapokhar,03-07-2022,5,1535.42,0,39.07,38.98,41.01,207.87,217.42,2.94
Jorapokhar,04-07-2022,5,947.95,4.14,35.64,0.58,58.17,57.39,61.13,1.66
Jorapokhar,05-07-2022,5,894.55,0.23,45.93,9.75,64.85,67.24,74.7,2.37
Jorapokhar,06-07-2022,5,801.09,3.69,40.44,0.67,58.17,51,55.55,1.3
Jorapokhar,07-07-2022,2,500.68,0.28,25.02,10.28,38.62,18.95,23.89,2.53
Jorapokhar,08-07-2022,4,807.76,1.06,56.21,5.45,89.65,40.79,48.93,2.66
Jorapokhar,09-07-2022,4,574.11,0.04,29.47,18.06,48.64,25.13,29.95,2.53
Jorapokhar,10-07-2022,5,640.87,0,31.19,30.76,41.96,50.29,57.44,2.03
Jorapokhar,11-07-2022,5,587.46,0,26.05,35.76,41.48,60.76,66.69,0.81
Jorapokhar,12-07-2022,4,403.88,0,23.99,23.96,43.39,29.1,34.25,1.77
Jorapokhar,13-07-2022,4,460.62,0,21.08,28.61,29.33,39.7,48.31,1.93
Jorapokhar,14-07-2022,3,453.95,0,10.97,42.92,11.92,23.86,29.78,2.6
Jorapokhar,15-07-2022,5,687.6,4.64,48.67,0.04,55.31,55.55,63.34,0.92
Jorapokhar,16-07-2022,5,827.79,6.76,53.47,0.01,49.59,75.08,85.34,1.19
Jorapokhar,17-07-2022,4,627.52,0.02,31.53,16.45,35.76,45.85,51.36,2.06
Jorapokhar,18-07-2022,2,390.53,0,16.96,31.11,28.85,15.46,19.42,2.53
Jorapokhar,19-07-2022,5,1201.63,32.63,58.95,0,148.77,72.45,86.49,0.42
Jorapokhar,20-07-2022,5,974.66,0,29.82,60.8,123.98,50.64,57.98,2.09
Jorapokhar,22-07-2022,5,1121.52,7.26,56.89,0.44,52.45,133.93,138.88,0
Jorapokhar,23-07-2022,5,1001.36,1.52,62.38,1.59,63.9,101.13,109.95,0.02
Jorapokhar,24-07-2022,4,614.17,0.02,24.68,20.74,36.72,30.15,33.94,2.5
Jorapokhar,25-07-2022,4,473.98,0,19.36,38.62,34.33,26.69,30.48,2.18
Jorapokhar,26-07-2022,4,627.52,0.57,37.01,8.23,66.76,26.17,31.14,2.31
Jorapokhar,27-07-2022,5,988.01,21.46,54.84,0,144.96,51.92,61.29,1.3
Jorapokhar,28-07-2022,5,1922.61,60.8,47.3,0,146.87,104.51,128.88,1.44
Jorapokhar,29-07-2022,5,2616.88,101.03,30.85,0,77.25,177.99,203.85,2.47
Jorapokhar,30-07-2022,5,3524.78,101.03,50.72,0,133.51,281.1,308.11,0
Jorapokhar,31-07-2022,5,2349.85,25.7,48.67,0.01,158.31,139.4,149.18,0
Jorapokhar,01-08-2022,5,1895.9,42.92,30.5,0,61.04,103.46,123.95,2.56
Jorapokhar,02-08-2022,5,4699.71,203.85,49.35,0,141.14,398.84,431.44,0
Jorapokhar,03-08-2022,5,3631.59,116.23,41.13,0,114.44,289.42,314.1,8.49
Jorapokhar,04-08-2022,5,1255.04,30.4,33.24,0,51.98,101.75,110.95,2.82
Jorapokhar,05-08-2022,5,1241.68,50.96,27.08,0,91.55,66.2,76.85,2.06
Jorapokhar,06-08-2022,5,1201.63,56.77,27.08,0,127.79,60.85,73.87,1.69
Jorapokhar,07-08-2022,5,667.57,9.95,30.85,0,24.8,61.51,68.94,0.72
Jorapokhar,08-08-2022,5,827.79,0,31.53,21.82,36.24,70.71,75.97,1.28
Jorapokhar,09-08-2022,2,380.52,0.01,14.39,16.45,17.64,14.78,17.98,1.96
Jorapokhar,10-08-2022,2,323.77,0.01,21.25,20.38,37.67,13.78,16.36,1.11
Jorapokhar,11-08-2022,5,1161.58,28.61,42.84,0,74.39,94.53,98.51,0.28
Jorapokhar,12-08-2022,5,1014.71,31.74,36.33,0,113.49,60.53,66.6,0.82
Jorapokhar,13-08-2022,5,2082.82,27.94,26.05,0,8.58,162.24,197.63,8.99
Jorapokhar,14-08-2022,3,413.89,0,12,31.11,16.21,24.49,26.3,1.03
Jorapokhar,15-08-2022,2,400.54,0.02,17.99,21.82,21.22,14.56,15.83,0.97
Jorapokhar,16-08-2022,4,827.79,14.98,41.47,0.03,82.02,48.52,58.64,1.8
Jorapokhar,17-08-2022,4,1014.71,1.51,30.85,5.36,74.39,48.5,60.16,3.64
Jorapokhar,18-08-2022,5,801.09,0.01,22.28,20.92,9.54,71.02,90.39,3.55
Jorapokhar,19-08-2022,2,403.88,0,15.42,38.98,20.5,18.06,21.85,1.31
Jorapokhar,20-08-2022,3,460.62,0,5.57,70.1,6.02,23.45,24.23,0.8
Jorapokhar,21-08-2022,2,487.33,0.12,19.36,14.13,25.99,17.08,19.54,2.03
Jorapokhar,22-08-2022,4,774.38,8.61,27.08,0.08,41.96,42.29,48.23,2.5
Jorapokhar,23-08-2022,5,1441.96,34.87,50.04,0,89.65,106.45,124.61,1.55
Jorapokhar,24-08-2022,5,2269.74,35.76,72.66,0,106.81,247.16,267.65,14.82
Jorapokhar,25-08-2022,5,841.14,0,23.99,21.64,16.69,71.96,81.14,2.37
Jorapokhar,26-08-2022,5,1575.47,1.84,89.11,1.99,87.74,168.3,188.33,1.69
Jorapokhar,27-08-2022,5,1335.14,11.29,74.71,0.01,88.69,139.33,156.59,1.71
Jorapokhar,28-08-2022,5,1735.69,27.94,39.07,0,87.74,153.31,171.49,1.88
Jorapokhar,29-08-2022,5,1081.47,23.92,33.59,0,66.76,80.95,90.16,2.12
Jorapokhar,30-08-2022,5,1308.44,54.54,34.62,0,125.89,78.25,94.94,1.11
Jorapokhar,31-08-2022,5,2590.18,103.71,40.1,0,121.12,175.05,203.08,0
Jorapokhar,01-09-2022,5,2563.48,85.83,32.9,0,158.31,149.74,171.66,0
Jorapokhar,02-09-2022,5,2056.12,95.67,31.87,0,152.59,155.51,179.04,0
Jorapokhar,03-09-2022,5,2082.82,48.73,37.36,0,97.27,130.55,149.18,1.16
Jorapokhar,04-09-2022,5,1495.36,4.64,33.59,0.53,80.11,100,112.11,1.54
Jorapokhar,05-09-2022,5,1441.96,16.76,30.85,0.02,76.29,64.83,78.22,1.84
Jorapokhar,06-09-2022,5,4646.3,169.87,58.26,0,181.2,367.51,393.59,0
Jorapokhar,07-09-2022,5,1842.5,79.57,24.33,0,52.93,184.26,201.26,3.55
Jorapokhar,08-09-2022,5,1335.14,39.79,47.98,0,56.74,131.39,139.31,2.12
Jorapokhar,09-09-2022,5,1174.93,0.17,47.98,5.9,41.48,156.48,163.76,0.28
Jorapokhar,10-09-2022,5,1241.68,12.85,38.73,0,32.42,109.32,125.23,4.31
Jorapokhar,11-09-2022,4,520.71,5.03,33.24,0.01,42.92,30.89,34.55,0.71
Jorapokhar,12-09-2022,2,520.71,0.36,29.13,7.33,29.33,19.93,20.93,0.73
Jorapokhar,13-09-2022,4,767.71,9.72,32.9,0.08,50.54,48.16,51.62,1.57
Jorapokhar,14-09-2022,4,807.76,22.8,24.33,0,69.62,40.08,44.47,1.65
Jorapokhar,15-09-2022,5,1455.31,65.27,26.05,0,100.14,116.02,125.41,0
Jorapokhar,16-09-2022,5,1869.2,62.58,39.07,0,135.42,112.54,130.47,0.33
Jorapokhar,17-09-2022,5,1842.5,59.01,41.81,0,165.94,113.63,128.76,0
Jorapokhar,18-09-2022,5,2323.15,87.62,32.9,0,117.3,168.48,181.17,0.17
Jorapokhar,19-09-2022,5,4539.49,189.54,72.66,0,185.01,530.93,545.49,0
Jorapokhar,20-09-2022,4,607.49,0.01,19.19,17.88,15.5,34.83,38.17,1.87
Jorapokhar,21-09-2022,5,961.3,4.08,50.04,0.42,58.17,68.71,75.02,1.28
Jorapokhar,22-09-2022,4,747.68,0.98,38.39,5.63,61.04,38.63,44.6,2.41
Jorapokhar,23-09-2022,4,787.73,12.07,40.78,0.07,82.97,37.58,45.44,2.37
Jorapokhar,24-09-2022,5,1241.68,31.74,54.84,0,150.68,70.48,83.71,0.42
Jorapokhar,25-09-2022,5,3391.27,128.75,25.02,0,77.25,239.22,268.1,6.33
Jorapokhar,26-09-2022,5,2323.15,95.67,32.22,0,43.87,265.76,292.79,5.57
Jorapokhar,27-09-2022,5,3364.56,121.59,31.53,0,79.15,254.06,281.55,3.07
Jorapokhar,28-09-2022,5,4699.71,168.09,46.61,0,54.36,557.04,599.88,4.56
Jorapokhar,29-09-2022,5,3845.21,87.62,59.63,0,177.38,331.42,348.65,0
Jorapokhar,30-09-2022,5,3257.75,46.94,42.16,0,45.78,488.4,522.4,10.64
Jorapokhar,01-10-2022,5,1428.6,0.02,20.22,12.7,6.08,109.65,131.3,3.32
Jorapokhar,02-10-2022,5,1708.98,0.03,28.79,18.42,8.46,135.02,149.34,3.04
Jorapokhar,03-10-2022,5,1668.93,0.06,21.59,10.37,5.96,132.51,152.31,5.38
Jorapokhar,04-10-2022,5,1255.04,33.53,40.78,0,82.02,86.06,88.37,0
Jorapokhar,05-10-2022,4,787.73,22.13,29.47,0,61.04,43.48,47.26,0.79
Jorapokhar,06-10-2022,4,654.22,16.76,22.28,0.01,57.7,31.52,37.7,2.34
Jorapokhar,07-10-2022,4,720.98,30.4,19.54,0,81.06,29.63,37.36,2.03
Jorapokhar,08-10-2022,5,1268.39,58.11,25.7,0,93.46,78.99,94,1.09
Jorapokhar,09-10-2022,5,1161.58,32.19,34.62,0,101.09,57.39,70.8,1.38
Jorapokhar,10-10-2022,5,1281.74,32.63,34.96,0,120.16,63.75,76.2,0.89
Jorapokhar,11-10-2022,5,2189.64,58.11,35.99,0,51.5,144.02,174.8,5.89
Jorapokhar,12-10-2022,5,3231.05,121.59,53.47,0,150.68,260.23,280.05,0
Jorapokhar,13-10-2022,5,2349.85,46.04,41.13,0,74.39,186.74,216.09,5.32
Jorapokhar,14-10-2022,5,3685,177.03,21.42,0,29.33,325.63,351.24,10.01
Jorapokhar,15-10-2022,5,2483.37,5.09,34.27,0.19,13.71,276.54,315.66,4.31
Jorapokhar,16-10-2022,5,961.3,0,16.45,30.04,6.32,123.76,141.03,3.23
Jorapokhar,17-10-2022,5,854.49,0,17.14,35.05,5.48,110.03,128.43,4.69
Jorapokhar,18-10-2022,5,1388.55,3.63,27.08,0.36,4.89,121.26,157.76,5.26
Jorapokhar,19-10-2022,5,947.95,0,19.71,21.99,7.03,70.36,89.48,2.82
Jorapokhar,20-10-2022,5,2269.74,2.32,63.75,1.61,20.5,198.91,239.3,11.02
Jorapokhar,21-10-2022,5,1388.55,0.15,28.79,9.83,5.13,175.05,211.07,5.83
Jorapokhar,22-10-2022,5,1014.71,0,13.88,66.52,7.57,167.12,185.47,5.7
Jorapokhar,23-10-2022,5,774.38,0,7.63,97.27,8.58,143.3,155.95,7.16
Jorapokhar,24-10-2022,5,907.9,0,12.68,67.95,6.5,130.37,146.7,7.6
Jorapokhar,25-10-2022,4,500.68,0,11.82,37.19,8.7,29.52,35.84,2.12
Jorapokhar,26-10-2022,5,2857.21,47.39,67.86,0,129.7,225.76,314.1,68.9
Jorapokhar,27-10-2022,5,1575.47,5.36,42.84,0.42,10.97,142.51,187.1,10.89
Jorapokhar,28-10-2022,5,1428.6,0.43,42.84,7.33,7.21,112.61,148.01,9.5
Jorapokhar,29-10-2022,5,1615.52,1.19,48.67,3.62,7.51,145.29,178.22,9.12
Jorapokhar,30-10-2022,5,1108.17,0,23.31,26.46,5.36,160.94,187.13,6.71
Jorapokhar,31-10-2022,5,1041.41,0,19.02,35.41,5.78,162.72,185.16,7.09
Jorapokhar,01-11-2022,5,1762.39,2.88,53.47,2.86,10.61,166.6,209.06,12.03
Jorapokhar,02-11-2022,5,1188.28,0,27.08,25.03,7.51,137.45,166.38,12.92
Jorapokhar,03-11-2022,5,1001.36,0,23.65,35.41,7.51,124.89,149.01,12.03
Jorapokhar,04-11-2022,5,3528,35.87,105.75,0,54.37,310,395,12.03
Jorapokhar,05-11-2022,5,2384,16.81,57.62,0.01,10.37,225,296,7.03
Jorapokhar,06-11-2022,5,1228.33,0.2,32.9,8.58,4.53,114.44,138.78,7.03
Jorapokhar,07-11-2022,5,3017.43,45.15,80.88,0,100.14,226.37,290.83,60.8
Jorapokhar,08-11-2022,5,1428.6,0.37,44.55,11.98,9.89,122.64,151.77,12.16
Jorapokhar,09-11-2022,5,3471.37,64.37,89.11,0,76.29,270.93,330.45,22.8
Jorapokhar,10-11-2022,5,3124.24,25.03,97.33,0,36.24,299.02,343.82,14.95
Jorapokhar,11-11-2022,5,2429.96,14.75,67.17,0.2,29.09,269.79,327.54,18.75
Jorapokhar,12-11-2022,5,1388.55,0.04,34.27,18.06,6.91,166.57,198.07,8.99
Jorapokhar,13-11-2022,5,727.65,0,17.31,36.48,5.84,59.49,77.26,13.3
Jorapokhar,14-11-2022,5,894.55,0,21.42,30.76,5.54,65.35,86.64,13.68
Jorapokhar,15-11-2022,5,1255.04,0,27.42,34.69,7.09,113.4,142.83,11.78
Jorapokhar,16-11-2022,5,1081.47,0,24.33,38.27,6.62,113.9,141.25,10.01
Jorapokhar,17-11-2022,5,1121.52,0,26.39,40.05,7.45,116.68,146.98,9.63
Jorapokhar,18-11-2022,5,1335.14,0.03,34.62,17.34,7.45,133.81,174.61,13.93
Jorapokhar,19-11-2022,5,707.63,0,13.19,92.98,9.18,78.25,91.45,11.15
Jorapokhar,20-11-2022,5,821.11,0,15.94,63.66,5.72,98.49,114.41,12.67
Jorapokhar,21-11-2022,5,854.49,0,17.99,47.92,5.25,96.82,113.99,9.88
Jorapokhar,22-11-2022,5,1308.44,0,32.56,25.75,6.26,153.22,185.86,10.13
Jorapokhar,23-11-2022,5,1148.22,0.01,29.47,24.32,5.66,132.87,163.19,6.65
Jorapokhar,24-11-2022,5,1081.47,0,26.73,33.26,7.03,118.9,146.61,11.15
Jorapokhar,25-11-2022,5,1068.12,0,21.42,62.23,7.03,142.32,164.47,9.25
Jorapokhar,26-11-2022,5,907.9,0,15.25,82.97,9.78,122.84,140.94,13.05
Jorapokhar,27-11-2022,5,1028.06,0,19.02,50.07,5.72,147.19,167.55,8.23
Jorapokhar,28-11-2022,5,1455.31,0.37,45.24,6.44,6.74,150.23,183.68,10.13
Jorapokhar,29-11-2022,5,1535.42,0.16,40.1,10.73,6.02,171.2,208.31,9.25
Jorapokhar,30-11-2022,5,1268.39,0,21.59,56.51,6.97,218.11,243.68,5.19
Jorapokhar,01-12-2022,5,1241.68,0,21.59,52.93,6.26,222.53,247.37,5.83
Jorapokhar,02-12-2022,5,1308.44,0,28.45,35.76,6.08,199.04,227.19,8.49
Jorapokhar,03-12-2022,5,1255.04,0,35.3,28.97,6.91,168.99,197.69,8.23
Jorapokhar,04-12-2022,5,1028.06,0,22.62,35.05,4.47,152.64,176.25,7.03
Jorapokhar,05-12-2022,5,1188.28,0,22.96,35.76,4.29,177.97,199.46,4.75
Jorapokhar,06-12-2022,5,1054.76,0,16.11,69.38,6.32,214.04,233.4,4.31
Jorapokhar,07-12-2022,5,1188.28,0,20.56,55.79,6.02,210.2,233.49,5
Jorapokhar,08-12-2022,5,1174.93,0,26.39,39.7,6.14,153.9,180.34,7.6
Jorapokhar,09-12-2022,5,1241.68,0,23.31,57.94,6.02,198.75,224.41,5.76
Jorapokhar,11-12-2022,5,1108.17,0.18,17.48,12.16,3.1,202.26,223.2,3.93
Jorapokhar,12-12-2022,5,1815.8,3.91,54.15,0.45,7.21,225.85,270.85,8.49
Jorapokhar,13-12-2022,5,1922.61,12.18,46.61,0.02,8.58,178.55,225.32,19.76
Jorapokhar,14-12-2022,5,907.9,0.01,26.39,22.53,8.46,77.71,100.51,14.57
Jorapokhar,15-12-2022,5,821.11,0,22.28,35.41,8.7,74.37,94.16,14.31
Jorapokhar,16-12-2022,5,961.3,0,26.05,39.7,7.87,91.49,114.53,14.95
Jorapokhar,17-12-2022,5,1815.8,2.07,56.21,1.21,10.37,152.31,203.91,21.28
Jorapokhar,18-12-2022,5,1201.63,0,23.31,39.7,4.59,173.1,197.38,6.21
Jorapokhar,19-12-2022,5,1081.47,0,21.42,37.91,4.83,153.32,174.33,7.41
Jorapokhar,20-12-2022,5,1762.39,1.58,52.78,4.34,7.21,216.3,259.41,8.11
Jorapokhar,21-12-2022,5,1922.61,1.19,54.15,6.17,6.32,226.48,271.23,8.61
Jorapokhar,22-12-2022,5,1201.63,0.01,28.79,24.68,5.66,147.68,174.12,10.39
Jorapokhar,23-12-2022,5,1482.01,1.82,43.18,3.49,6.85,145.98,178.02,16.97
Jorapokhar,24-12-2022,5,4539.49,84.94,111.04,0,36.72,342.75,425.95,24.57
Jorapokhar,25-12-2022,5,2296.45,3.63,69.23,1.59,13.23,243.75,285.9,10.01
Jorapokhar,26-12-2022,5,934.6,0.02,18.68,25.39,4.83,124.45,141.47,4.37
Jorapokhar,27-12-2022,5,2056.12,0.03,65.12,16.27,15.97,332.45,369.01,4.75
Jorapokhar,28-12-2022,5,1522.06,0.01,39.07,22.35,6.44,190.25,227.45,8.61
Jorapokhar,29-12-2022,5,1869.2,8.72,54.84,0.05,10.37,150.58,209.52,24.07
Jorapokhar,30-12-2022,5,1321.79,0.19,40.44,10.73,7.75,109.47,147.75,18.49
Jorapokhar,31-12-2022,5,2323.15,7.38,62.38,0.12,16.45,276.66,340.28,29.89
Jorapokhar,01-01-2023,5,1281.74,0,18.68,60.08,4.65,247.97,268.42,5.64
Jorapokhar,02-01-2023,5,1401.9,0,20.73,66.52,6.14,321.55,343.09,3.36
Jorapokhar,03-01-2023,5,1735.69,0.09,45.24,21.1,6.56,248.19,277.66,4.12
Jorapokhar,04-01-2023,5,1949.31,0.24,52.09,12.87,6.44,279.39,314.08,4.69
Jorapokhar,05-01-2023,5,1028.06,0,15.42,77.96,5.66,210.32,229.61,3.13
Jorapokhar,06-01-2023,5,814.44,0,12.68,90.84,5.6,159.28,173.95,2.66
Jorapokhar,07-01-2023,5,554.08,0,8.74,77.96,6.74,84.35,93.08,6.4
Jorapokhar,08-01-2023,5,587.46,0,7.63,84.4,6.02,91.23,99.05,9.5
Jorapokhar,09-01-2023,5,867.84,0,18.34,50.07,4.89,134.52,152.47,7.66
Jorapokhar,10-01-2023,5,1388.55,0,32.22,30.76,4.95,196.17,228.2,5.19
Jorapokhar,11-01-2023,5,1335.14,0,28.79,37.91,4.83,186.4,215.63,5.95
Jorapokhar,12-01-2023,5,1428.6,0.01,38.39,22.35,6.08,158.94,192.13,8.61
Jorapokhar,13-01-2023,5,2696.99,18.1,91.85,0.01,36.72,246.5,301.38,19.76
Jorapokhar,14-01-2023,5,3391.27,28.16,97.33,0,22.17,324.26,403.14,14.95
Jorapokhar,15-01-2023,5,1134.87,0.03,34.27,17.7,6.02,105.36,136,12.29
Jorapokhar,16-01-2023,5,834.47,0,13.88,65.09,4.77,121.21,138.51,6.27
Jorapokhar,17-01-2023,5,1188.28,0,28.45,36.48,6.26,143.15,171.88,7.41
Jorapokhar,18-01-2023,5,1148.22,0,28.1,39.7,7.33,137.84,162.6,12.16
Jorapokhar,19-01-2023,5,1228.33,0,28.79,42.56,6.44,180.62,207.69,6.97
Jorapokhar,20-01-2023,5,1842.5,0.3,56.89,7.78,15.02,188.12,235.36,27.87
Jorapokhar,21-01-2023,5,4219.06,36.66,156.28,0,73.43,484.54,564.5,27.36
Jorapokhar,22-01-2023,5,2136.23,7.38,82.94,0.13,29.8,207.6,260.18,55.22
Jorapokhar,23-01-2023,5,2216.34,2.85,82.94,0.78,26.94,238.27,288.66,50.66
Jorapokhar,24-01-2023,5,2243.04,11.96,60.32,0.02,8.58,232.39,289.22,16.72
Jorapokhar,25-01-2023,5,2349.85,1.26,78.83,4.6,17.88,327.88,378.35,18.24
Jorapokhar,26-01-2023,5,3471.37,6.15,104.19,0.15,28.13,537.49,620.23,25.33
Jorapokhar,27-01-2023,5,1562.12,0,15.08,107.29,7.27,357.98,382.03,4.69
Jorapokhar,28-01-2023,5,767.71,0,11.14,85.12,6.85,86.97,98.36,5.64
Jorapokhar,29-01-2023,5,988.01,0,24.68,32.9,5.78,92.03,112.52,12.92
Jorapokhar,30-01-2023,5,1121.52,0,25.36,45.06,6.14,139.44,159.36,12.92
Jorapokhar,31-01-2023,5,2243.04,9.5,70.6,0.16,21.93,183.24,237.78,28.12
Jorapokhar,01-02-2023,5,734.33,0,10.11,98.71,11.09,115.1,125.95,8.74
Jorapokhar,02-02-2023,5,1108.17,0,29.13,36.48,7.15,99.34,125,16.97
Jorapokhar,03-02-2023,5,1241.68,0.02,37.01,23.25,5.78,101.01,135.5,13.05
Jorapokhar,04-02-2023,5,801.09,0,19.54,65.8,7.03,84.44,103.95,14.06
Jorapokhar,05-02-2023,4,660.9,0,17.48,49.35,7.03,59.45,79.08,14.19
Jorapokhar,06-02-2023,4,801.09,0.01,26.39,32.19,15.02,66.95,97.04,16.47
Jorapokhar,07-02-2023,5,1522.06,11.62,50.72,0.26,72.48,92.45,128.3,21.28
Jorapokhar,08-02-2023,5,1895.9,23.47,49.35,0,74.39,104.97,149.29,21.28
Jorapokhar,09-02-2023,5,988.01,0,19.54,62.23,9.89,153.93,187.81,15.07
Jorapokhar,10-02-2023,5,1922.61,5.59,67.17,0.23,29.09,132.78,195.87,45.6
Jorapokhar,11-02-2023,5,2910.61,46.49,77.46,0,194.55,183.39,274.06,70.93
Jorapokhar,12-02-2023,4,754.36,0,22.62,44.7,16.21,68.87,93.7,18.24
Jorapokhar,13-02-2023,4,540.73,0,12,91.55,21.46,62.1,86.82,12.16
Jorapokhar,14-02-2023,5,961.3,0,25.7,49.35,10.01,76.54,102.95,17.23
Jorapokhar,15-02-2023,5,1522.06,0,46.61,30.04,17.17,119,162.72,31.16
Jorapokhar,16-02-2023,5,1455.31,0,38.04,37.91,9.06,153.44,187.64,16.72
Jorapokhar,17-02-2023,5,1789.09,0,44.55,60.08,23.13,233.99,268.5,15.96
Jorapokhar,18-02-2023,5,2883.91,0.81,109.67,7.87,69.62,300.4,362.29,41.54
Jorapokhar,19-02-2023,5,1388.55,0,33.24,42.2,9.42,167.9,196.03,17.99
Jorapokhar,20-02-2023,5,1735.69,0,52.78,23.6,12.64,167.02,197.54,16.21
Jorapokhar,21-02-2023,5,1708.98,0.09,47.3,12.16,10.49,190.27,233.86,20.52
Jorapokhar,22-02-2023,5,4112.24,19.22,128.87,0.01,226.97,407.45,506.7,88.16
Jorapokhar,23-02-2023,4,774.38,0,22.96,49.35,15.74,68.44,99.24,15.96
Jorapokhar,25-02-2023,5,1121.52,0.19,30.16,12.87,8.34,113.83,150.39,21.79
Jorapokhar,26-02-2023,5,761.03,0,18.68,69.38,9.66,83.82,102.31,12.79
Jorapokhar,27-02-2023,5,781.06,0,17.48,74.39,10.25,96.99,117.21,14.31
Jorapokhar,28-02-2023,5,1735.69,0.01,51.41,18.6,22.41,149.5,197.51,23.81
Jorapokhar,01-03-2023,5,1949.31,2.49,61.69,1.43,16.93,166.34,220.45,19
Jorapokhar,02-03-2023,5,1295.09,0.01,38.39,19.67,15.26,114.06,151.39,16.21
Jorapokhar,03-03-2023,4,707.63,0,16.45,63.66,12.4,71.58,94.95,12.41
Jorapokhar,04-03-2023,4,700.95,0,16.45,67.95,13.95,69.63,95.72,12.41
Jorapokhar,05-03-2023,4,594.14,0,11.14,55.07,6.68,57.88,71.02,12.41
Jorapokhar,06-03-2023,4,520.71,0,8.48,91.55,9.89,54.89,66.56,10.13
Jorapokhar,07-03-2023,4,841.14,0,20.05,53.64,12.76,67.39,89.87,14.19
Jorapokhar,08-03-2023,5,1174.93,0,34.96,30.04,14.31,84.27,111.65,14.82
Jorapokhar,09-03-2023,4,921.25,0,22.96,52.93,10.13,69.81,87.94,13.55
Jorapokhar,10-03-2023,5,1268.39,0,36.33,40.77,14.19,96.97,122.57,13.81
Jorapokhar,11-03-2023,5,1121.52,0,20.39,84.4,41.96,88.41,102.18,10.26
Jorapokhar,12-03-2023,4,961.3,0,24.33,30.76,6.91,59.42,78.21,13.43
Jorapokhar,13-03-2023,5,1308.44,0,35.64,25.03,10.61,102.44,125.26,14.31
Jorapokhar,14-03-2023,5,821.11,0,15.42,88.69,12.76,96.22,111.98,12.67
Jorapokhar,15-03-2023,5,1108.17,0,27.42,36.84,12.52,116.06,140.41,13.93
Jorapokhar,16-03-2023,5,2056.12,2.63,77.46,0.61,36.24,148.9,206.16,47.12
Jorapokhar,17-03-2023,5,3738.4,107.29,132.98,0,162.12,330.76,353.58,7.85
Jorapokhar,18-03-2023,5,4913.33,103.71,102.82,0,113.49,490.95,548.39,30.4
Jorapokhar,19-03-2023,5,1735.69,0.2,40.78,9.12,55.31,122.92,143.22,2.15
Jorapokhar,20-03-2023,5,3524.78,37.55,126.12,0,152.59,311.28,329.24,0
Jorapokhar,21-03-2023,5,2082.82,4.92,49.35,0.31,6.97,144.33,182.54,5.83
Jorapokhar,22-03-2023,5,2323.15,4.86,55.52,1.18,37.19,150.72,176.41,3.04
Jorapokhar,23-03-2023,5,1522.06,1.19,37.7,2.59,6.02,121.94,158.98,7.16
Jorapokhar,24-03-2023,5,1976.01,30.85,51.41,0,122.07,115.07,168.07,40.02
Jorapokhar,25-03-2023,5,3631.59,66.16,87.74,0,141.14,234.38,308.01,42.56
Jorapokhar,26-03-2023,5,1842.5,1.48,53.47,1.63,11.32,136.29,177.36,16.72
Jorapokhar,27-03-2023,5,1762.39,0,32.9,53.64,84.88,128.07,141.98,4.12
Jorapokhar,28-03-2023,5,2349.85,6.26,64.43,0.35,59.6,149.5,200.54,31.16
Jorapokhar,29-03-2023,5,2536.77,4.75,87.05,0.51,63.9,166.02,233.98,32.42
Jorapokhar,30-03-2023,5,1735.69,1.98,65.8,2.55,35.29,111.01,172.8,40.53
Jorapokhar,31-03-2023,5,1214.98,0,26.73,104.43,111.58,104.79,116.76,3.83
Jorapokhar,01-04-2023,5,1308.44,0,25.02,63.66,50.07,112.64,123.04,1.47
Jorapokhar,02-04-2023,5,3284.45,8.05,101.45,0.31,68.66,265.66,294.16,4.94
Jorapokhar,03-04-2023,3,781.06,0,17.14,37.55,6.08,47.53,63.63,13.43
Jorapokhar,04-04-2023,3,854.49,0,22.96,32.54,9.54,43.67,69.86,14.95
Jorapokhar,05-04-2023,4,1161.58,0,34.62,22.89,16.45,68.62,104.19,14.69
Jorapokhar,06-04-2023,3,627.52,0,15.59,64.37,13.59,46.77,70.18,12.03
Jorapokhar,07-04-2023,4,921.25,0,24.68,47.92,14.78,64.18,98.7,15.71
Jorapokhar,08-04-2023,4,1041.41,0,37.01,30.4,28.13,65.68,101.25,17.73
Jorapokhar,09-04-2023,4,881.2,0,22.62,41.48,12.76,71.35,103.06,15.07
Jorapokhar,10-04-2023,4,520.71,0,10.62,68.66,17.4,67.66,80.72,7.98
Jorapokhar,11-04-2023,4,547.41,0,9.85,97.27,12.28,50.17,65,11.02
Jorapokhar,12-04-2023,3,594.14,0,14.91,68.66,14.19,40.26,58.67,11.91
Jorapokhar,13-04-2023,4,560.76,0,11.14,115.87,17.64,55.64,74.96,10.64
Jorapokhar,14-04-2023,4,614.17,0,10.97,113.01,13.83,60.45,79.2,11.53
Jorapokhar,15-04-2023,5,1014.71,0,28.45,29.68,17.88,78.28,109.7,15.58
Jorapokhar,16-04-2023,5,827.79,0,18.16,52.21,12.52,86.27,116.24,13.55
Jorapokhar,17-04-2023,3,467.3,0,8.65,92.98,17.64,45.74,57.95,7.6
Jorapokhar,18-04-2023,4,907.9,0,23.31,41.48,26.23,68.5,100.19,16.21
Jorapokhar,19-04-2023,3,647.54,0,15.77,57.22,15.26,45.71,62.17,12.79
Jorapokhar,20-04-2023,3,390.53,0,10.71,88.69,25.03,30.41,46.87,7.35
Jorapokhar,21-04-2023,3,380.52,0,12.51,94.41,45.3,33.92,49.85,5.83
Jorapokhar,22-04-2023,3,807.76,0,20.05,57.94,20.27,49.8,70.78,13.81
Jorapokhar,23-04-2023,3,540.73,0,11.65,75.82,27.42,31.05,44.43,9.75
Jorapokhar,24-04-2023,5,2189.64,22.13,78.83,0,67.71,150.16,175.9,7.6
Jorapokhar,25-04-2023,5,2029.42,0,47.98,47.21,29.33,263.55,304.22,26.6
Jorapokhar,26-04-2023,5,2349.85,1.26,66.49,2.37,28.37,192.16,243.95,31.16
Jorapokhar,27-04-2023,5,1895.9,0,72.66,43.99,194.55,143.45,164.24,5.64
Jorapokhar,28-04-2023,5,1628.88,0.02,38.04,15.2,22.17,154.81,191.99,17.48
Jorapokhar,29-04-2023,3,894.55,0,17.82,39.34,56.27,32.43,41.38,10.89
Jorapokhar,30-04-2023,4,988.01,0,20.22,42.2,29.56,60.4,76.59,14.06
Jorapokhar,01-05-2023,4,1335.14,0.16,39.41,7.87,9.06,64.64,91.94,18.24
Jorapokhar,02-05-2023,5,1602.17,16.99,65.8,0.04,148.77,85.16,106.6,7.16
Jorapokhar,03-05-2023,4,1054.76,0,30.5,22.17,12.16,64.69,86.62,13.93
Jorapokhar,04-05-2023,5,2830.51,22.8,90.48,0.01,177.38,154.43,179.14,1.95
Jorapokhar,05-05-2023,5,2483.37,4.58,112.41,0.3,36.72,183.3,217.34,9.75
Jorapokhar,06-05-2023,5,1842.5,0,38.73,20.92,35.76,99.87,130.23,17.23
Jorapokhar,07-05-2023,4,847.82,0,16.11,70.81,30.28,70.36,84.44,12.16
Jorapokhar,08-05-2023,4,867.84,0,17.14,57.94,12.99,67.28,90.46,14.06
Jorapokhar,09-05-2023,5,1895.9,0,55.52,18.6,66.76,113.22,160.2,23.56
Jorapokhar,10-05-2023,5,1455.31,0.01,35.3,19.13,70.57,94.13,130.15,17.48
Jorapokhar,11-05-2023,5,1869.2,14.19,75.4,0.14,190.73,95.54,129.05,16.97
Jorapokhar,12-05-2023,5,1455.31,0,56.21,32.9,115.39,77.13,120.75,38
Jorapokhar,13-05-2023,3,1188.28,4.86,68.55,1.16,141.14,48.06,63.47,10.64
Jorapokhar,14-05-2023,4,1001.36,0,30.85,24.68,25.51,56.61,74.9,16.21
Jorapokhar,15-05-2023,4,647.54,0,12,97.27,29.8,53.31,63.11,12.54
Jorapokhar,16-05-2023,5,1335.14,0,54.84,33.97,77.25,125.54,147.96,18.24
Jorapokhar,17-05-2023,5,1428.6,0,43.87,39.34,127.79,97.85,145.85,16.47
Jorapokhar,18-05-2023,4,620.84,0,21.76,50.78,34.33,68.74,104.75,9.37
Jorapokhar,19-05-2023,5,1375.2,1.93,80.2,2.53,86.78,133.9,169.39,9.12
Jorapokhar,20-05-2023,5,1668.93,0.27,83.63,6.79,133.51,105.93,149.07,19.51
Jorapokhar,21-05-2023,5,1455.31,0.71,51.41,4.16,88.69,77.79,125.02,16.97
Jorapokhar,22-05-2023,4,1134.87,0,41.81,62.94,113.49,70.1,93.05,14.31
Jorapokhar,23-05-2023,5,627.52,0,10.37,113.01,26.7,91.19,114.71,11.27
Jorapokhar,24-05-2023,5,881.2,0,26.05,48.64,51.5,127.2,143.54,3.48
Jorapokhar,25-05-2023,5,1335.14,0,56.21,47.92,96.32,188.65,211.65,3.67
Kochi,30-11-2020,5,647.54,0.45,7.11,234.6,11.09,96.43,103.78,1.01
Kochi,01-12-2020,5,787.74,0,16.62,107.29,12.4,75.36,86.19,5.07
Kochi,02-12-2020,5,700.95,0,16.11,83.69,6.8,57.86,68.12,2.28
Kochi,03-12-2020,5,594.14,0,13.71,79.39,9.78,61.41,72.34,1.76
Kochi,04-12-2020,3,507.36,0,7.54,77.96,4.77,21.62,23.65,0.46
Kochi,05-12-2020,2,567.44,0,8.31,44.7,2.38,13.76,15.2,0.61
Kochi,06-12-2020,4,714.3,0,17.82,34.69,12.4,35.52,37.13,0.66
Kochi,07-12-2020,3,667.57,0,19.54,47.21,12.88,22.69,25,1.31
Kochi,08-12-2020,3,734.33,0.02,14.74,15.91,5.66,20.56,23.55,1.88
Kochi,09-12-2020,5,867.84,0,17.82,104.43,13.83,66.28,72.4,4.56
Kochi,10-12-2020,5,974.66,0,17.14,137.33,21.94,106.89,116.66,2.06
Kochi,11-12-2020,4,507.36,0,10.97,113.01,11.56,44.01,48.19,0.78
Kochi,12-12-2020,5,377.18,0,6.6,104.43,6.44,52.08,58.93,0
Kochi,13-12-2020,4,337.12,0,2.96,86.55,1.79,29.73,33.71,0
Kochi,14-12-2020,4,460.63,0,8.05,71.53,7.87,29.61,32.9,0.46
Kochi,15-12-2020,5,974.66,0,28.45,80.11,17.64,126.39,140.54,6.4
Kochi,16-12-2020,5,647.54,0,11.31,118.73,7.75,96.95,109,1.25
Kochi,17-12-2020,5,627.52,0,18.68,83.69,16.21,54.2,59.1,1
Kochi,18-12-2020,4,707.63,0,18.68,39.7,12.76,35.32,39.13,1.92
Kochi,19-12-2020,5,894.55,0,35.3,28.97,18.12,63.54,69.76,3.14
Kochi,20-12-2020,2,453.95,0,13.02,35.76,7.03,19.18,24.28,3.96
Kochi,21-12-2020,4,647.54,0,13.02,37.19,5.84,37.09,45.55,3.01
Kochi,22-12-2020,5,947.95,0,27.08,88.69,16.69,111.44,132.99,6.14
Kochi,23-12-2020,4,494,0,14.57,50.78,12.4,35,38.6,1.62
Kochi,24-12-2020,4,574.11,0,15.42,23.6,7.27,41.69,48.24,2.53
Kochi,25-12-2020,5,867.84,0,18.17,128.75,13.83,133.84,148.88,2.69
Kochi,26-12-2020,5,1321.79,0.02,52.78,27.54,11.56,127.24,159.15,7.28
Kochi,27-12-2020,5,807.76,0,20.91,28.25,6.44,74.95,96.37,6.84
Kochi,28-12-2020,5,801.09,0,19.54,77.25,9.54,107.82,125.95,3.33
Kochi,29-12-2020,5,654.22,0,14.22,110.15,7.99,121.09,139.31,2.22
Kochi,30-12-2020,5,734.33,0,15.94,113.01,11.21,139.55,156.15,3.36
Kochi,31-12-2020,5,527.38,0,4.28,124.45,3.52,105.25,112.25,0.26
Kochi,01-01-2021,4,567.44,0,14.57,50.07,8.58,33.68,35.91,0.89
Kochi,02-01-2021,4,647.54,0,21.94,33.98,9.06,45.27,57.33,6.21
Kochi,03-01-2021,5,507.36,0,9.77,98.71,7.21,65.92,84.02,3.96
Kochi,04-01-2021,4,534.06,0,10.8,68.67,5.19,35.97,42.14,2.66
Kochi,05-01-2021,4,580.79,0,11.31,87.26,7.03,32.61,36.38,1.62
Kochi,06-01-2021,4,714.3,0,17.31,83.69,15.74,40.16,43.49,1.14
Kochi,07-01-2021,4,767.71,0,23.65,37.19,11.44,36.5,39.97,1.76
Kochi,08-01-2021,4,754.36,0,12.34,86.55,9.89,46.49,48.56,1.12
Kochi,09-01-2021,4,674.25,0,11.65,65.8,4.83,27.3,31.4,1.96
Kochi,10-01-2021,4,774.38,0,17.14,66.52,9.78,45.81,49.35,1.88
Kochi,11-01-2021,4,734.33,0,18.68,50.78,8.46,39.75,43.58,2.12
Kochi,12-01-2021,4,587.46,0,17.31,23.6,6.44,39.98,45.81,2.91
Kochi,13-01-2021,3,487.33,0,12.85,27.9,6.26,20.24,22.85,0.98
Kochi,14-01-2021,4,567.44,0,18.51,21.99,8.11,34.01,38.13,1.35
Kochi,15-01-2021,5,547.41,0,16.97,88.69,16.45,51.51,57.75,0.34
Kochi,16-01-2021,4,627.52,0,13.2,82.25,7.33,43.5,48.7,0.9
Kochi,17-01-2021,4,707.63,0,13.88,87.26,12.28,46.43,50.52,0.98
Kochi,18-01-2021,4,640.87,0,13.54,103,6.62,46.08,54.33,2.95
Kochi,19-01-2021,5,754.36,0,19.88,113.01,14.07,97.73,112.15,2.09
Kochi,20-01-2021,5,567.44,0,12.51,105.86,9.89,73.73,88.23,1.24
Kochi,21-01-2021,5,734.33,0,20.05,82.97,11.33,90.15,104.92,2.85
Kochi,22-01-2021,5,807.76,0,18.34,85.12,9.89,97.5,111.12,4.56
Kochi,23-01-2021,5,754.36,0,13.54,92.98,12.4,101.17,108.55,1.09
Kochi,24-01-2021,5,620.84,0,13.02,68.67,10.61,55.3,58.54,1.79
Kochi,25-01-2021,4,667.57,0,15.94,57.94,8.7,46.3,53,1.35
Kochi,26-01-2021,5,607.49,0,12.68,108.72,7.99,60.53,72.68,3.96
Kochi,27-01-2021,5,747.68,0,19.36,69.38,7.87,58.16,72.59,2.95
Kochi,28-01-2021,5,660.9,0,13.2,36.84,6.38,72.05,83.9,3.64
Kochi,29-01-2021,5,480.65,0,6.68,141.62,7.27,80.15,89.95,0.02
Kochi,30-01-2021,5,580.79,0,9.94,121.59,6.8,86.7,100.2,0.9
Kochi,31-01-2021,5,460.63,0,7.63,105.86,6.08,75.04,83.03,0
Kochi,01-02-2021,5,494,0,6.08,113.01,5.48,94.4,102.94,0.42
Kochi,02-02-2021,5,554.09,0,9.94,114.44,7.57,99.12,112.78,1.35
Kochi,03-02-2021,4,487.33,0,14.57,101.57,9.42,46.36,60.28,5.07
Kochi,04-02-2021,5,534.06,0,4.63,140.19,5.84,75.76,89.3,0.9
Kochi,05-02-2021,5,467.3,0,6.43,141.62,6.97,78.94,95.79,1.16
Kochi,06-02-2021,5,634.19,0,14.05,83.69,7.75,65.07,78.8,3.71
Kochi,07-02-2021,5,567.44,0,11.48,82.25,8.23,66.4,74.11,1.17
Kochi,08-02-2021,5,667.57,0,13.02,123.02,9.3,102.4,118.65,3.64
Kochi,09-02-2021,5,674.25,0,19.19,86.55,11.21,82.81,98.67,5.32
Kochi,10-02-2021,5,827.79,0,22.28,91.55,13.11,104.55,128.12,5.13
Kochi,11-02-2021,5,687.6,0,13.02,150.2,11.8,106.93,125.72,3.01
Kochi,12-02-2021,5,527.38,0,8.82,110.15,8.58,86.14,99.46,1.14
Kochi,13-02-2021,5,447.27,0,8.23,104.43,5.42,73.19,84.7,0.16
Kochi,14-02-2021,5,500.68,0,11.48,91.55,6.91,67.64,78.41,2
Kochi,15-02-2021,5,447.27,0,6.94,91.55,4.29,76.74,85.2,0
Kochi,16-02-2021,5,363.83,0,6.77,92.98,4.53,70.79,78.94,0
Kochi,17-02-2021,5,400.54,0,6.34,97.28,3.55,58.97,66.31,0
Kochi,18-02-2021,5,363.83,0,6.68,85.12,3.93,50.91,59.81,0.45
Kochi,19-02-2021,4,440.6,0,10.97,82.25,9.3,46.16,51.78,0.66
Kochi,20-02-2021,5,507.36,0,7.54,95.84,4.83,57.97,67.75,1.49
Kochi,21-02-2021,4,487.33,0,12.34,95.84,5.31,30.83,37.5,2.25
Kochi,22-02-2021,3,433.92,0,3.34,101.57,2.71,24.44,26.7,0.03
Kochi,23-02-2021,4,507.36,0,4.41,108.72,3.04,36.33,41.26,0.88
Kochi,24-02-2021,4,554.09,0,9.34,104.43,5.9,29.78,35.18,1.03
Kochi,25-02-2021,4,534.06,0,4.88,115.87,3.37,40.36,44.59,0
Kochi,26-02-2021,4,520.71,0,4.46,94.41,2.5,37.43,43.91,0.04
Kochi,27-02-2021,5,540.73,0,5.4,108.72,3.67,96.6,113.11,0
Kochi,28-02-2021,5,500.68,0,7.88,90.12,4.53,77.55,96.7,0.65
Kochi,01-03-2021,5,534.06,0,6.08,85.12,5.84,78.85,87.16,0
Kochi,02-03-2021,5,500.68,0,10.88,68.67,6.86,61.74,69.05,0.07
Kochi,03-03-2021,4,447.27,0,10.11,64.37,6.08,47.08,57.65,0.72
Kochi,04-03-2021,5,520.71,0,10.63,62.23,3.99,54.76,67.58,1.73
Kochi,05-03-2021,5,433.92,0,7.11,114.44,6.68,73.76,88.31,0.84
Kochi,06-03-2021,5,460.63,0,14.91,90.12,10.13,51.37,63.23,3.52
Kochi,07-03-2021,4,310.42,0,2.44,74.39,1.65,45.24,57.35,0
Kochi,08-03-2021,5,373.84,0,7.71,74.39,5.19,59.56,76.13,0
Kochi,09-03-2021,4,307.08,0,3.64,69.38,3.04,34.36,41.16,0
Kochi,10-03-2021,3,360.49,0,9.77,65.09,6.5,22.52,26.5,0.71
Kochi,11-03-2021,4,447.27,0,11.14,74.39,8.7,32.02,33.83,1.01
Kochi,12-03-2021,4,547.41,0,17.31,58.65,12.76,32.73,36.62,1.68
Kochi,13-03-2021,4,480.65,0,8.05,117.3,5.6,46.39,52.71,1
Kochi,14-03-2021,2,367.17,0,5.83,51.5,2.5,19.06,24.33,1.87
Kochi,15-03-2021,4,417.23,0,3.77,94.41,3.58,30.36,36.96,0.9
Kochi,16-03-2021,4,387.19,0,7.63,80.11,6.14,34.31,40.9,1
Kochi,17-03-2021,3,370.5,0,9.6,48.64,7.57,24.68,30.38,1.03
Kochi,18-03-2021,4,400.54,0,7.88,57.22,5.66,31.34,39.46,0.93
Kochi,19-03-2021,4,297.07,0,5.23,66.52,2.92,29.21,35.44,0.34
Kochi,20-03-2021,4,327.11,0,5.06,72.96,3.79,44.23,48.79,0
Kochi,21-03-2021,4,330.45,0,5.23,60.08,4.59,33.06,37.68,0.42
Kochi,22-03-2021,4,340.46,0,8.65,58.65,6.2,25.09,29.3,0.56
Kochi,23-03-2021,4,353.81,0,10.28,46.49,8.11,30.48,37.5,0.9
Kochi,24-03-2021,4,320.44,0,7.28,50.07,6.62,25.79,30.38,0.81
Kochi,25-03-2021,3,427.25,0,10.63,53.64,4.83,22,25.76,0.67
Kochi,26-03-2021,2,370.5,0,15.42,51.5,10.01,16.49,20.36,1.38
Kochi,27-03-2021,2,347.14,0,8.65,55.08,5.31,16.45,20.34,0.77
Kochi,28-03-2021,4,417.23,0,4.71,50.78,3.43,25.94,27.24,0.33
Kochi,29-03-2021,2,500.68,0,12,28.97,7.75,14.23,16.62,1.19
Kochi,30-03-2021,1,494,0,13.54,27.54,8.82,9.78,11.68,1.28
Kochi,31-03-2021,1,397.21,0,2.21,65.09,1.48,5.09,9.25,0.13
Kochi,01-04-2021,2,370.5,0,2.29,56.51,1.21,14.15,16,0.27
Kochi,02-04-2021,4,297.07,0,6.6,60.8,2.86,34.37,61.73,1.24
Kochi,03-04-2021,4,230.31,0,3.47,65.8,1.4,43.14,85.74,0.17
Kochi,04-04-2021,4,230.31,0,1.39,85.83,0.89,44.31,82.47,0.07
Kochi,05-04-2021,4,233.65,0,1.99,73.67,1.07,44.99,95.5,0.45
Kochi,06-04-2021,5,240.33,0,2.96,75.1,1.54,45.25,100.91,0.59
Kochi,07-04-2021,4,340.46,0,13.37,52.21,6.26,38.46,64.23,1.77
Kochi,08-04-2021,3,287.06,0,7.28,47.21,6.38,21.26,25.69,0.9
Kochi,09-04-2021,2,243.66,0,5.83,57.22,3.28,14.14,16.91,0.64
Kochi,10-04-2021,4,440.6,0,18.51,55.08,10.61,37.83,49.33,1.43
Kochi,11-04-2021,4,407.22,0,12.51,42.56,8.94,27.47,31.96,1.58
Kochi,12-04-2021,4,460.63,0,12.85,70.81,11.44,36.13,39.46,1.58
Kochi,13-04-2021,5,647.54,0,19.54,87.98,19.55,58.67,63.23,1.11
Kochi,14-04-2021,5,660.9,0,22.28,35.41,13.95,51.2,54.02,1.19
Kochi,15-04-2021,4,607.49,0,14.57,37.55,9.78,35.88,38.13,0.6
Kochi,16-04-2021,2,330.45,0,12.68,52.93,9.89,15.18,17.84,0.57
Kochi,17-04-2021,1,377.18,0,15.42,35.05,10.73,9.63,12.15,0.62
Kochi,18-04-2021,2,387.19,0,13.37,36.84,9.3,10.39,13.68,0.97
Kochi,19-04-2021,2,494,0,19.19,21.1,8.46,15.59,18.34,1.31
Kochi,20-04-2021,2,453.95,0,14.22,43.27,7.15,16.77,20.09,1.31
Kochi,21-04-2021,1,277.04,0,5.57,50.07,2.5,7.5,9.89,0.74
Kochi,22-04-2021,4,473.98,0,16.97,34.69,7.87,26.72,31.12,2.09
Kochi,23-04-2021,3,453.95,0,20.56,29.33,8.82,20.02,24.16,1.79
Kochi,24-04-2021,2,263.69,0,7.8,52.93,3.82,16.74,20.79,0.59
Kochi,25-04-2021,2,327.11,0,7.97,47.21,4.35,16.5,19.8,0.91
Kochi,26-04-2021,2,387.19,0,15.08,47.21,10.97,19.66,22.72,0.92
Kochi,27-04-2021,1,257.02,0,4.8,60.8,4.05,5.2,6.89,0.27
Kochi,28-04-2021,3,467.3,0,24.68,27.9,15.14,21.1,24.93,1.27
Kochi,29-04-2021,1,307.08,0,7.45,52.21,6.26,8.8,11.44,0.62
Kochi,30-04-2021,1,287.06,0,9.43,38.62,4.53,8.03,11.02,0.87
Kochi,01-05-2021,3,473.98,0,18.85,32.54,8.23,24.11,28.97,1.5
Kochi,02-05-2021,4,520.71,0,11.82,62.23,9.54,30.76,33.07,1.28
Kochi,03-05-2021,4,560.76,0,17.14,29.33,11.68,30.64,33.28,1.19
Kochi,04-05-2021,2,400.54,0,10.97,44.35,7.27,11.45,13.63,0.54
Kochi,05-05-2021,4,801.09,0.84,39.07,2.91,14.07,45.59,51.27,2.25
Kochi,06-05-2021,4,607.49,0,14.91,59.37,11.33,45.55,48.12,0.93
Kochi,07-05-2021,4,580.79,0,16.79,34.33,9.89,37,39.77,0.92
Kochi,08-05-2021,4,707.63,0.01,26.05,15.2,13.11,40.94,44.29,1.88
Kochi,09-05-2021,3,453.95,0,11.82,50.78,7.33,20.18,22.52,0.9
Kochi,10-05-2021,5,654.22,0,15.59,60.8,11.56,56.04,59.18,1.27
Kochi,11-05-2021,2,514.03,0,14.91,24.32,7.03,17.24,18.37,0.81
Kochi,12-05-2021,1,220.3,0,4.24,29.33,2.41,1.32,2.42,0.2
Kochi,13-05-2021,1,337.12,0.54,13.54,5.9,7.45,5.88,7.82,0.82
Kochi,14-05-2021,1,363.83,0.01,10.97,19.31,6.38,6.7,8.05,0.58
Kochi,15-05-2021,1,226.97,0,1.41,33.26,0.79,4.62,6.56,0.04
Kochi,16-05-2021,1,240.33,0,1.44,41.13,0.62,2.9,4.11,0.02
Kochi,17-05-2021,1,263.69,0.02,5.4,18.95,2.98,4.19,5.51,0.34
Kochi,18-05-2021,1,230.31,0,3.21,27.9,2.35,3.99,5.79,0.12
Kochi,19-05-2021,1,293.73,0.03,8.57,20.74,5.66,4.32,6.43,1.01
Kochi,20-05-2021,1,223.64,0,3.86,28.97,2.3,1.46,2.61,0.2
Kochi,21-05-2021,1,220.3,0,3.77,39.7,2.3,1.41,2.47,0.2
Kochi,22-05-2021,1,243.66,0,5.27,30.04,3.34,2,3.2,0.3
Kochi,23-05-2021,1,223.64,0,4.71,30.76,2.41,1.39,2.47,0.2
Kochi,24-05-2021,2,363.83,0,9.17,36.12,3.52,18.05,20.73,1.25
Kochi,25-05-2021,1,267.03,0,2.59,41.13,1.4,6.41,7.57,0.18
Kochi,26-05-2021,1,233.65,0,1.44,28.25,0.7,3.01,3.93,0.07
Kochi,27-05-2021,1,223.64,0,1.8,43.63,1,4.95,6.22,0.15
Kochi,28-05-2021,1,220.3,0,2.29,34.33,1.31,6.03,11.31,0.14
Kochi,29-05-2021,1,213.62,0,2.19,33.26,1.19,4.47,5.64,0.11
Kochi,30-05-2021,1,223.64,0,2.19,43.63,1.18,3.53,4.57,0.17
Kochi,31-05-2021,1,216.96,0,1.67,42.92,0.97,3.77,5.67,0.12
Kochi,01-06-2021,1,203.61,0,2.06,37.91,1.04,2.02,2.94,0.09
Kochi,02-06-2021,1,230.31,0,6.77,32.9,3.25,4.67,6.98,0.48
Kochi,03-06-2021,1,226.97,0,5.91,40.77,2.92,4.37,6.44,0.44
Kochi,04-06-2021,1,220.3,0,4.46,33.62,2.09,1.84,3.1,0.33
Kochi,05-06-2021,1,303.75,0.01,12,25.03,6.26,5.56,7.82,0.84
Kochi,06-06-2021,1,205.28,0,3.38,45.06,2.12,1.9,2.76,0.15
Kochi,07-06-2021,1,223.64,0,5.66,32.19,3.49,2.58,3.83,0.28
Kochi,08-06-2021,1,205.28,0,2.66,36.48,1.37,4.11,6.02,0.18
Kochi,09-06-2021,1,211.95,0,3.94,40.41,2.03,5.83,8.61,0.48
Kochi,10-06-2021,1,287.06,0.01,7.71,25.75,3.31,8.68,12.44,1.14
Kochi,11-06-2021,1,297.07,0,7.97,27.9,3.28,9.47,16.45,1.35
Kochi,12-06-2021,1,200.27,0,2.34,30.4,1.25,3.26,4.66,0.11
Kochi,13-06-2021,1,193.6,0,1.82,34.33,0.92,2.71,3.66,0.05
Kochi,14-06-2021,1,195.27,0,1.36,34.33,0.75,2.86,4.41,0.03
Kochi,15-06-2021,1,203.61,0,1.52,30.04,1.01,5.84,8.18,0
Kochi,16-06-2021,1,198.6,0,1.63,39.7,1.1,5.03,7.48,0.03
Kochi,17-06-2021,1,208.62,0,2.42,33.98,1.43,4.86,6.54,0.11
Kochi,18-06-2021,1,216.96,0,2.79,28.25,1.62,7.11,16.54,0.18
Kochi,19-06-2021,1,206.95,0,2.44,35.05,1.42,5.24,10.49,0.11
Kochi,20-06-2021,1,196.93,0,1.89,31.47,1.06,5.31,8.95,0.21
Kochi,21-06-2021,1,216.96,0,2.87,40.05,1.39,6.02,8.26,0.42
Kochi,22-06-2021,1,203.61,0,2.4,39.34,1.19,4.19,6.57,0.36
Kochi,23-06-2021,1,210.29,0,2.61,35.05,1.31,3.39,4.57,0.27
Kochi,24-06-2021,1,220.3,0,3.04,31.47,1.46,4.27,5.52,0.3
Kochi,25-06-2021,1,203.61,0,1.95,31.47,1.04,8.97,15.1,0.13
Kochi,26-06-2021,1,206.95,0,1.78,32.9,0.95,6.04,11.61,0.14
Kochi,27-06-2021,1,205.28,0,1.8,35.05,0.97,5.04,6.04,0.14
Kochi,28-06-2021,1,205.28,0,2.61,34.33,1.43,3.6,4.81,0.17
Kochi,29-06-2021,1,300.41,0,8.48,23.96,3.1,5.57,9.48,1.46
Kochi,30-06-2021,1,233.65,0,4.58,28.25,2.06,5.73,8.69,0.62
Kochi,01-07-2021,1,223.64,0.01,3.26,25.03,1.46,7.65,11.82,0.4
Kochi,02-07-2021,1,210.29,0,3.21,27.9,1.58,3.05,4.66,0.31
Kochi,03-07-2021,1,253.68,0,6.26,27.18,2.5,5.68,7.77,0.67
Kochi,04-07-2021,1,200.27,0,2.38,38.98,1.13,2.55,3.59,0.24
Kochi,05-07-2021,1,208.62,0,2.12,33.62,1,3.26,4.37,0.31
Kochi,06-07-2021,1,200.27,0,1.84,30.76,0.86,1.61,2.76,0.23
Kochi,07-07-2021,1,220.3,0,3.13,29.68,1.59,1.66,3.22,0.19
Kochi,08-07-2021,1,213.62,0,2.55,33.26,1.13,1.31,2.46,0.33
Kochi,09-07-2021,1,201.94,0,1.61,31.83,0.74,1.94,2.94,0.12
Kochi,10-07-2021,1,195.27,0,1.22,41.84,0.59,2.26,3.51,0.07
Kochi,11-07-2021,1,205.28,0,1.15,50.78,0.7,3.62,5.48,0.06
Kochi,12-07-2021,1,210.29,0,0.95,50.07,0.8,9.08,11.05,0
Kochi,13-07-2021,1,201.94,0,1.15,33.62,0.81,7.14,9.18,0.05
Kochi,14-07-2021,1,223.64,0.01,2.79,24.68,1.43,7,9.41,0.3
Kochi,15-07-2021,1,263.69,0,5.48,25.75,2.56,9.19,11.23,0.71
Kochi,16-07-2021,1,213.62,0,2.14,33.26,1.15,7.35,8.65,0.15
Kochi,17-07-2021,1,213.62,0,3.04,36.48,1.52,6.37,8.22,0.4
Kochi,18-07-2021,1,211.95,0,2.38,37.19,1.22,5.35,6.48,0.33
Kochi,19-07-2021,1,195.27,0,1.26,47.21,0.85,7.71,9.93,0.06
Kochi,20-07-2021,1,216.96,0,2.59,42.92,1.39,8.5,13.73,0.36
Kochi,21-07-2021,1,201.94,0,1.41,38.27,0.79,4.4,6.05,0.1
Kochi,22-07-2021,1,200.27,0,1.27,41.13,0.79,4.39,6.02,0.02
Kochi,23-07-2021,1,191.93,0,1.39,35.76,1.03,9.64,12.83,0
Kochi,24-07-2021,1,216.96,0.01,3.04,21.1,1.4,4.26,5.73,0.35
Kochi,25-07-2021,1,203.61,0,1.56,29.33,0.7,2.39,4.12,0.08
Kochi,26-07-2021,1,206.95,0,1.37,40.41,0.65,2.09,3.1,0.13
Kochi,27-07-2021,1,201.94,0,1.48,40.05,0.89,7.84,10.45,0.06
Kochi,28-07-2021,1,205.28,0,2.1,37.55,1,2.51,4.42,0.13
Kochi,29-07-2021,1,203.61,0,2.31,41.13,1.27,4.93,6.45,0.16
Kochi,30-07-2021,1,230.31,0,3.81,36.84,1.91,5.99,8.87,0.55
Kochi,31-07-2021,1,200.27,0,2.49,45.78,1.27,5.51,13.65,0.3
Kochi,01-08-2021,1,206.95,0,2.44,30.04,1.43,7.94,14.54,0.38
Kochi,02-08-2021,2,205.28,0,2.19,35.05,1.33,9.88,28.88,0.26
Kochi,03-08-2021,1,200.27,0,1.78,43.27,1.27,6.44,7.88,0
Kochi,04-08-2021,1,200.27,0,1.95,41.84,1.21,5.59,7.96,0.11
Kochi,05-08-2021,1,200.27,0,1.65,37.55,1.07,3.31,5.03,0.11
Kochi,06-08-2021,1,195.27,0,1.5,28.25,1.25,6.53,8.14,0.04
Kochi,07-08-2021,1,195.27,0,1.35,26.82,0.98,4.33,5.43,0.06
Kochi,08-08-2021,1,196.93,0,1.31,37.55,0.95,3.76,4.96,0.08
Kochi,09-08-2021,1,193.6,0,2.55,45.78,1.37,1.54,2.55,0.12
Kochi,10-08-2021,1,206.95,0,2.64,42.92,1.33,1.53,2.74,0.29
Kochi,11-08-2021,1,181.91,0,1.99,47.21,1.24,3.87,5.18,0.19
Kochi,12-08-2021,1,193.6,0,1.76,32.54,1.13,3.69,5.02,0.12
Kochi,13-08-2021,1,190.26,0,1.95,37.19,1.28,5.58,7.08,0.14
Kochi,14-08-2021,1,198.6,0,1.59,45.06,1.13,4.59,5.99,0.14
Kochi,15-08-2021,1,208.62,0,1.82,45.78,1.34,5.27,6.89,0.21
Kochi,16-08-2021,1,185.25,0,1.56,39.34,1.21,5.22,6.58,0.12
Kochi,17-08-2021,1,216.96,0.01,3.86,25.03,2.03,6.73,10.34,0.5
Kochi,18-08-2021,1,200.27,0.01,2.83,27.18,1.52,3.54,4.91,0.27
Kochi,19-08-2021,1,191.93,0,2.1,28.25,1,1.35,2.38,0.21
Kochi,20-08-2021,1,267.03,0,7.54,27.54,3.01,6.78,10.21,1.14
Kochi,21-08-2021,1,210.29,0,3.43,29.33,1.51,6.79,10.03,0.4
Kochi,22-08-2021,2,300.41,0.01,9.25,23.6,3.31,10.61,16.01,1.55
Kochi,23-08-2021,2,337.12,0.01,14.74,18.42,6.44,11.47,15.26,1.49
Kochi,24-08-2021,1,343.8,0.01,13.2,21.46,8.58,9.48,13.07,0.95
Kochi,25-08-2021,1,230.31,0,5.66,28.97,3.37,3.31,6.45,0.52
Kochi,26-08-2021,1,257.02,0,7.88,30.4,5.25,4.47,7.48,0.63
Kochi,27-08-2021,1,178.58,0,1.61,32.9,0.85,1.27,2.48,0.11
Kochi,28-08-2021,1,181.91,0.01,1.15,24.68,0.7,1.51,2.82,0.06
Kochi,29-08-2021,1,178.58,0,1.29,33.62,0.72,1.43,2.51,0.03
Kochi,30-08-2021,1,173.57,0,1.37,38.27,0.8,1.71,2.87,0.07
Kochi,31-08-2021,1,193.6,0,3.13,32.9,1.54,2.17,3.64,0.41
Kochi,01-09-2021,1,185.25,0,3.26,40.05,1.68,4.95,6.87,0.27
Kochi,02-09-2021,1,185.25,0,2.7,40.77,1.43,3.8,5.44,0.26
Kochi,03-09-2021,1,260.35,0,5.4,41.13,2.41,4.22,6.45,0.74
Kochi,04-09-2021,1,236.99,0,2.25,47.21,1.3,2.75,3.9,0.19
Kochi,05-09-2021,1,188.59,0,1.84,44.7,1.07,2.04,3,0.1
Kochi,06-09-2021,1,191.93,0,1.34,31.47,0.79,1.71,2.73,0.09
Kochi,07-09-2021,1,193.6,0,1.65,31.83,1,2.69,4.1,0.08
Kochi,08-09-2021,1,183.58,0,1.95,47.21,1.43,5.99,8.06,0
Kochi,09-09-2021,2,201.94,0,2.96,47.21,1.82,5.97,20.72,0.15
Kochi,10-09-2021,1,233.65,0,4.71,38.62,2.3,6.72,11.01,0.67
Kochi,11-09-2021,1,226.97,0,4.54,27.54,2.03,6.49,10.17,0.55
Kochi,12-09-2021,1,188.59,0,1.76,42.2,1.28,7.51,11.84,0
Kochi,13-09-2021,1,193.6,0,1.99,33.98,1.33,4,5.22,0.06
Kochi,14-09-2021,1,198.6,0,1.78,33.62,1.16,4.56,6.28,0.14
Kochi,15-09-2021,1,195.27,0,2.38,30.4,1.48,7.89,10.08,0.14
Kochi,16-09-2021,1,198.6,0,4.03,34.33,2.12,6.43,8.46,0.13
Kochi,17-09-2021,1,236.99,0,5.31,35.76,2.3,8.42,12.23,0.68
Kochi,18-09-2021,1,226.97,0,4.63,30.04,2,9.14,14.07,0.56
Kochi,19-09-2021,1,211.95,0,3.34,30.4,1.49,7.51,11.88,0.49
Kochi,20-09-2021,1,243.66,0,3.68,28.25,1.48,5.34,9.58,0.6
Kochi,21-09-2021,1,243.66,0.01,4.2,26.11,1.8,5.2,10.22,0.67
Kochi,22-09-2021,1,216.96,0.01,2.16,27.18,1.16,2.99,5.14,0.28
Kochi,23-09-2021,1,205.28,0,2.1,30.4,1.25,4.08,8.32,0.23
Kochi,24-09-2021,1,205.28,0,1.78,29.33,1.25,4.16,5.71,0.13
Kochi,25-09-2021,1,213.62,0,2.72,30.76,1.43,5.24,7.45,0.23
Kochi,26-09-2021,1,203.61,0,1.48,32.9,0.8,3.42,4.89,0.06
Kochi,27-09-2021,1,226.97,0,2.36,31.11,1.19,2.48,3.55,0.17
Kochi,28-09-2021,1,205.28,0,1.97,33.62,1.51,7.83,10.07,0.01
Kochi,29-09-2021,1,226.97,0.01,4.37,22.53,2.33,4.76,6.65,0.23
Kochi,30-09-2021,1,253.68,0,5.66,28.97,2.41,5.92,8.66,0.7
Kochi,01-10-2021,1,236.99,0,3.38,37.55,1.42,2.39,4,0.4
Kochi,02-10-2021,2,480.65,0.09,17.48,10.28,5.42,11.4,14.8,1.76
Kochi,03-10-2021,2,387.19,0,13.88,34.33,6.08,11.53,15.14,1.17
Kochi,04-10-2021,2,480.65,0.04,20.05,11.8,10.73,15.96,19,1.41
Kochi,05-10-2021,2,473.98,0.08,22.62,11.8,14.9,13.39,16.14,1.46
Kochi,06-10-2021,1,253.68,0,4.67,32.54,2.5,2.19,3.28,0.26
Kochi,07-10-2021,2,447.27,0,11.48,36.12,7.75,14.12,16.64,0.83
Kochi,08-10-2021,1,250.34,0,4.71,53.64,3.4,3.7,5.73,0.26
Kochi,09-10-2021,1,210.29,0,2.7,50.07,1.52,1.63,2.48,0.09
Kochi,10-10-2021,1,223.64,0.01,2.7,22.35,1.39,1.51,2.29,0.1
Kochi,11-10-2021,1,233.65,0,4.46,27.54,2.06,1.54,2.81,0.5
Kochi,12-10-2021,1,208.62,0,1.97,33.26,0.89,0.9,1.89,0.13
Kochi,13-10-2021,1,226.97,0,4.11,47.92,1.94,4.13,5.74,0.45
Kochi,14-10-2021,1,226.97,0,4.5,37.55,3.01,4,5.6,0.16
Kochi,15-10-2021,2,333.79,0,9.51,35.76,6.2,11.43,13.87,0.42
Kochi,16-10-2021,2,353.81,0,10.97,38.62,6.91,13.11,14.78,0.78
Kochi,17-10-2021,1,343.8,0,2.44,51.5,0.67,3.87,4.71,0.09
Kochi,18-10-2021,2,230.31,0,1.74,74.39,1.15,16.71,17.79,0
Kochi,19-10-2021,3,353.81,0,7.88,65.8,3.73,23.37,26.04,1.05
Kochi,20-10-2021,4,520.71,0,14.74,46.49,4.53,37.3,50.35,2.44
Kochi,21-10-2021,2,320.44,0,8.05,53.64,3.93,14.9,18.14,1.31
Kochi,22-10-2021,4,787.74,0.45,36.33,6.26,17.41,47.35,53.45,4.37
Kochi,23-10-2021,4,647.54,0,22.96,26.82,12.88,37.03,39.88,0.82
Kochi,24-10-2021,1,383.85,0,10.54,43.63,8.11,8.88,10.84,1.22
Kochi,25-10-2021,2,420.57,0,17.31,41.13,6.86,13.52,18.29,2.5
Kochi,26-10-2021,4,614.17,0,16.11,59.37,10.37,40.14,42.46,1.38
Kochi,27-10-2021,4,774.38,0,23.99,26.11,14.07,43.91,49.11,3.29
Kochi,28-10-2021,4,674.25,0,10.97,60.08,6.74,25.24,26.57,1.17
Kochi,29-10-2021,4,834.47,0,26.73,57.22,16.21,42.2,48.55,2.95
Kochi,30-10-2021,4,934.6,0,29.82,27.18,10.85,49.34,54.46,1.77
Kochi,31-10-2021,5,1028.06,0,24.33,40.05,14.9,63.72,67.35,1.3
Kochi,01-11-2021,2,574.11,0,9.77,27.54,3.01,16.02,17.26,0.44
Kochi,02-11-2021,3,747.68,0.06,19.54,9.39,5.84,22.66,25.75,1.2
Kochi,03-11-2021,3,834.47,0,14.05,38.98,7.51,24.95,26.18,0.88
Kochi,04-11-2021,2,781.06,0,13.37,26.82,6.56,19.58,21.41,1.41
Kochi,05-11-2021,3,560.76,0,15.77,38.62,9.3,23.03,24.61,0.83
Kochi,06-11-2021,3,560.76,0,16.62,46.49,10.97,20.71,23.72,0.74
Kochi,07-11-2021,2,447.27,0,10.45,58.65,4.53,18.15,21.75,1.9
Kochi,08-11-2021,4,634.19,0,15.94,35.76,4.71,34.22,46.62,2.47
Kochi,09-11-2021,4,781.06,0,14.39,34.69,4.53,33.11,35.41,0.82
Kochi,10-11-2021,3,520.71,0,9.17,42.92,3.22,23.56,26.37,1.41
Kochi,11-11-2021,4,494,0,6.94,60.08,2.95,27.26,29.02,0.54
Kochi,12-11-2021,5,487.33,0,2.36,111.58,1.39,87.3,94.67,0
Kochi,13-11-2021,5,620.84,0,14.57,60.08,6.68,74.34,81.3,0.77
Kochi,14-11-2021,2,363.83,0,1.44,97.27,0.75,8.48,9.36,0
Kochi,15-11-2021,5,554.08,0,3,134.47,1.89,58.17,59.13,0.17
Kochi,16-11-2021,4,494,0,4.58,127.32,3.55,39.13,40.55,0.39
Kochi,17-11-2021,4,640.87,0,15.94,57.94,11.8,42.05,45.33,1.06
Kochi,18-11-2021,4,587.46,0,16.62,65.8,6.74,40.13,48.78,1.11
Kochi,19-11-2021,4,447.27,0,9.85,65.8,3.87,30.31,36.77,1.01
Kochi,20-11-2021,4,390.53,0,3.56,95.84,1.8,25.49,27.05,0.3
Kochi,21-11-2021,2,423.91,0,11.48,56.51,3.43,19.19,32.65,1.71
Kochi,22-11-2021,4,741,0.04,27.08,16.27,5.72,28.74,47.49,3.7
Kochi,23-11-2021,2,403.88,0,10.28,45.78,4.35,13.39,19.13,1.41
Kochi,24-11-2021,5,754.36,0,13.54,59.37,6.62,58.27,65.32,2.15
Kochi,25-11-2021,5,1001.36,0,28.79,56.51,14.07,78.49,89.2,3.51
Kochi,26-11-2021,5,988.01,0,27.08,20.74,9.89,73.15,79.52,2.09
Kochi,27-11-2021,4,660.9,0,13.19,26.46,3.7,28.75,30.56,0.87
Kochi,28-11-2021,4,821.11,0,20.22,29.68,9.3,33.35,34.86,0.9
Kochi,29-11-2021,4,867.84,0,26.05,25.03,13.59,38.86,40.82,1.77
Kochi,30-11-2021,4,700.95,0,20.39,55.79,15.74,38.28,40.65,1.01
Kochi,01-12-2021,4,734.33,0,23.31,22.89,12.64,38.77,42.99,2.63
Kochi,02-12-2021,4,694.27,0,16.11,95.84,12.28,47.7,54.45,1.44
Kochi,03-12-2021,5,747.68,0,16.28,82.25,13.71,61.16,68.4,1.12
Kochi,04-12-2021,5,974.66,0,25.36,42.2,16.45,86.42,92.3,2.98
Kochi,05-12-2021,4,741,0,19.54,53.64,9.78,45.73,49.94,1.8
Kochi,06-12-2021,2,413.89,0,12.34,31.47,5.48,12.49,16.03,1.74
Kochi,07-12-2021,4,660.9,0,21.93,17.17,10.01,34.56,39,1.8
Kochi,08-12-2021,5,1174.93,0,35.64,47.92,21.93,84.06,94.83,8.61
Kochi,09-12-2021,5,834.47,0,10.45,98.71,11.92,74.34,81.73,0.85
Kochi,10-12-2021,5,854.49,0,21.76,100.14,17.64,77.31,82.54,2.25
Kochi,11-12-2021,4,480.65,0,7.2,105.86,6.26,37.58,42.14,0.01
Kochi,12-12-2021,5,694.27,0,17.14,89.41,11.68,61.46,69.83,3.89
Kochi,13-12-2021,4,494,0,7.54,104.43,4.77,39.63,44.63,0.83
Kochi,14-12-2021,5,734.33,0,20.39,86.55,15.14,53.37,62.02,4.02
Kochi,15-12-2021,5,821.11,0,20.73,63.66,11.44,53.61,60.19,2.6
Kochi,16-12-2021,4,473.98,0,9.51,105.86,5.72,30.63,36.25,0.89
Kochi,17-12-2021,5,660.9,0,17.31,98.71,10.61,60.4,70.37,2.15
Kochi,18-12-2021,5,707.63,0,15.25,115.87,11.44,83.49,94.87,2.28
Kochi,19-12-2021,5,594.14,0,5.18,144.48,8.11,138.8,150.79,0
Kochi,20-12-2021,5,720.98,0,12.68,110.15,8.7,142.98,156.46,0.11
Kochi,21-12-2021,5,507.35,0,8.65,125.89,8.94,92.99,105.02,0.32
Kochi,22-12-2021,5,1161.58,0,34.27,32.54,7.87,130.5,167.7,5.89
Kochi,23-12-2021,5,540.73,0,10.97,120.16,10.13,93.17,107.16,0.89
Kochi,24-12-2021,5,507.35,0,9.68,92.98,7.09,83.15,90.35,0.03
Kochi,25-12-2021,5,634.19,0,10.62,89.41,6.44,118.65,134.27,0.96
Kochi,26-12-2021,5,1201.63,0,31.53,32.9,8.58,160.23,183.51,4.94
Kochi,27-12-2021,5,567.44,0,12.68,95.84,8.7,95.33,106.44,1.06
Kochi,28-12-2021,5,507.35,0,8.65,103,4.83,81.14,93.09,1.17
Kochi,29-12-2021,5,527.38,0,9.94,104.43,6.26,62.52,78.47,2.09
Kochi,30-12-2021,5,547.41,0,7.71,111.58,8.94,81.35,95.08,1.04
Kochi,31-12-2021,5,841.14,0,19.19,107.29,14.31,116.08,134.78,3.23
Kochi,01-01-2022,4,500.68,0,10.37,108.72,9.18,46.68,53.41,0.97
Kochi,02-01-2022,4,667.57,0,15.94,82.97,12.04,41.62,46.42,4.56
Kochi,03-01-2022,3,507.35,0,7.88,94.41,9.3,22.53,26.43,1.36
Kochi,04-01-2022,2,390.53,0,11.82,69.38,11.09,19.1,25.57,1.33
Kochi,05-01-2022,5,500.68,0,6.85,113.01,7.45,55.84,64.31,0.34
Kochi,06-01-2022,5,500.68,0,7.88,107.29,5.13,53.78,64.56,1.01
Kochi,07-01-2022,5,567.44,0,9.77,137.33,10.13,92.38,104.39,0.61
Kochi,08-01-2022,4,460.62,0,7.2,89.41,3.81,45.56,51.6,0.68
Kochi,09-01-2022,5,520.71,0,7.45,98.71,5.36,55.38,61.58,1.39
Kochi,10-01-2022,5,620.84,0,14.22,82.97,8.23,70.16,78.09,2.12
Kochi,11-01-2022,4,514.03,0,10.71,88.69,6.44,45.06,54.82,2.37
Kochi,12-01-2022,4,390.53,0,6.17,97.27,4.47,36.76,49.31,0.92
Kochi,13-01-2022,2,323.77,0,5.01,75.82,2.56,12.28,20.63,1.01
Kochi,14-01-2022,3,340.46,0,5.18,77.25,2.83,20.76,31.01,1.12
Kochi,15-01-2022,4,370.5,0,5.4,80.82,3.04,25.17,35.65,0.79
Kochi,16-01-2022,3,367.16,0,6.68,72.24,3.28,23.15,31.96,1.36
Kochi,17-01-2022,4,494,0,6.85,110.15,4.11,39.78,48.34,1.55
Kochi,18-01-2022,4,423.91,0,7.03,79.39,4.23,25.11,30.89,1.06
Kochi,19-01-2022,4,467.3,0,5.44,124.45,4.95,36.3,44.15,0.16
Kochi,20-01-2022,5,627.52,0,13.54,101.57,7.99,50.77,63.11,2.98
Kochi,21-01-2022,4,527.38,0,7.28,87.26,3.76,33.05,39.95,1.17
Kochi,22-01-2022,5,674.25,0,18.85,88.69,6.38,58.47,70.86,3.77
Kochi,23-01-2022,2,293.73,0,2.59,65.09,1.28,18.01,28.52,0.49
Kochi,24-01-2022,4,560.76,0.51,16.79,8.94,5.01,28.88,46.77,4.18
Kochi,25-01-2022,4,243.66,0,2.72,85.12,1.62,21.13,58.14,0.55
Kochi,26-01-2022,2,267.03,0,3.73,80.11,2.06,13.34,26.87,0.75
Kochi,27-01-2022,3,350.48,0,8.65,71.53,5.19,22.09,34.34,1.36
Kochi,28-01-2022,3,367.16,0,11.14,80.82,6.38,24.35,33.34,1.19
Kochi,29-01-2022,4,340.46,0,5.27,103,3.99,28.51,35.23,0.43
Kochi,30-01-2022,4,333.79,0,2.87,103,3.16,33.86,41.1,0
Kochi,31-01-2022,4,460.62,0,6.6,111.58,6.26,47.58,55.22,0
Kochi,01-02-2022,4,433.92,0,8.14,85.83,5.07,37.95,44.63,0.37
Kochi,02-02-2022,4,487.33,0,10.88,81.54,5.96,47.29,55.08,1.23
Kochi,03-02-2022,5,433.92,0,6.94,98.71,3.67,71.84,82.5,1.11
Kochi,04-02-2022,5,403.88,0,8.65,87.26,6.14,57.35,64.1,0.31
Kochi,05-02-2022,4,340.46,0,5.06,67.23,2.77,26.71,38.52,0.93
Kochi,06-02-2022,4,377.18,0,6.85,70.81,3.58,25.52,36.28,1.77
Kochi,07-02-2022,3,323.77,0,5.14,70.1,3.01,24.59,40.41,1.27
Kochi,08-02-2022,4,283.72,0,3.86,70.81,2.03,35.82,62.78,0.82
Kochi,09-02-2022,4,313.76,0,3.38,87.26,2.15,38.04,54.45,0.18
Kochi,10-02-2022,4,427.25,0,7.88,92.98,5.72,46.57,56.85,1.16
Kochi,11-02-2022,5,403.88,0,6.51,104.43,4.05,50.01,67.72,1.42
Kochi,12-02-2022,4,300.41,0,5.91,87.26,4.23,31.59,48.38,0.24
Kochi,13-02-2022,4,514.03,0,12.85,60.08,9.42,32.5,35.53,1.41
Kochi,14-02-2022,3,363.83,0,4.37,97.27,3.52,24.02,27.28,0.13
Kochi,15-02-2022,4,387.19,0,7.2,78.68,4.05,29.36,36.05,0.56
Kochi,16-02-2022,5,667.57,0,14.74,77.96,11.8,53.55,61.68,1.88
Kochi,17-02-2022,5,674.25,0,17.99,62.94,13.35,55,62.6,1.9
Kochi,18-02-2022,2,407.22,0,8.83,68.66,6.97,11.02,14.4,0.99
Kochi,19-02-2022,4,447.27,0,8.83,94.41,9.06,47.35,55.79,1.03
Kochi,20-02-2022,4,387.19,0,6.6,101.57,4.41,41.97,51.97,0.8
Kochi,21-02-2022,5,527.38,0,16.62,57.22,15.97,57.55,69.4,1.57
Kochi,22-02-2022,4,340.46,0,4.41,85.83,2.74,49.78,65.47,0.49
Kochi,23-02-2022,5,440.6,0,16.62,83.68,12.04,57.88,76.39,1.22
Kochi,24-02-2022,5,494,0,8.91,94.41,7.09,61.2,69.59,1.08
Kochi,25-02-2022,5,460.62,0,7.28,133.04,7.15,64.82,80.38,2.06
Kochi,26-02-2022,5,540.73,0,13.54,111.58,10.37,73.92,88.56,2.31
Kochi,27-02-2022,5,460.62,0,10.37,92.98,7.09,66.51,78.87,0.63
Kochi,28-02-2022,5,420.57,0,6.68,98.71,5.19,56.02,65.36,0.87
Kochi,01-03-2022,4,560.76,0,17.31,72.24,12.04,45.58,54.61,2.41
Kochi,02-03-2022,5,594.14,0,11.31,87.26,6.85,76.05,91.99,2.85
Kochi,03-03-2022,5,433.92,0,6.94,78.68,3.81,50.93,67.82,1.19
Kochi,04-03-2022,5,560.76,0,12.51,95.84,6.79,80.3,101.33,2.69
Kochi,05-03-2022,5,640.87,0,13.88,103,8.23,97.35,119.39,1.95
Kochi,06-03-2022,5,423.91,0,9.34,81.54,6.44,53.15,66.45,0.69
Kochi,07-03-2022,5,427.25,0,6.43,78.68,6.32,53.95,63.29,0.57
Kochi,08-03-2022,4,467.3,0,10.2,61.51,6.56,26.28,30.97,1.2
Kochi,09-03-2022,4,514.03,0,14.39,67.95,10.25,32.3,38.25,2.5
Kochi,10-03-2022,4,447.27,0,9.68,62.94,5.9,29.16,34.63,1.31
Kochi,11-03-2022,4,423.91,0,7.97,61.51,4.11,28.02,33.67,1.14
Kochi,12-03-2022,5,480.65,0,7.8,72.24,5.48,56.04,64.99,0.86
Kochi,13-03-2022,5,480.65,0,4.97,81.54,2.86,77.91,91.28,0
Kochi,14-03-2022,5,520.71,0,7.71,97.27,6.26,94.08,107.74,0
Kochi,15-03-2022,5,540.73,0,10.45,90.12,6.85,97.48,112.92,0
Kochi,16-03-2022,5,440.6,0,2.96,100.14,2.03,65.61,73.95,0
Kochi,17-03-2022,5,594.14,0,14.22,63.66,10.13,78.12,85.1,1.09
Kochi,18-03-2022,4,433.92,0,11.82,83.68,6.02,42.13,49.98,1.01
Kochi,19-03-2022,4,360.49,0,6.08,77.25,4.29,36.42,49.96,0.26
Kochi,20-03-2022,4,370.5,0,11.48,60.8,7.57,31.49,38.42,0.7
Kochi,21-03-2022,3,287.06,0,3.17,66.52,1.68,22.66,29.76,0.53
Kochi,22-03-2022,3,267.03,0,2.68,66.52,1.59,23.12,32.21,0.28
Kochi,23-03-2022,4,260.35,0,2.96,60.8,1.58,38.74,57.56,0.01
Kochi,24-03-2022,4,540.73,0,25.36,27.54,14.31,34.36,43.8,3.48
Kochi,25-03-2022,4,410.56,0,13.37,43.63,5.42,28.16,43.05,2.18
Kochi,26-03-2022,4,460.62,0,20.22,38.62,10.01,30.92,44.63,1.99
Kochi,27-03-2022,4,453.95,0,12.34,43.27,6.02,29.86,38.58,2.34
Kochi,28-03-2022,4,473.98,0,14.74,43.99,11.09,32.76,38.65,1.46
Kochi,29-03-2022,4,540.73,0,17.99,75.1,16.45,45.9,51.36,2.06
Kochi,30-03-2022,3,453.95,0,14.91,30.04,12.16,22.6,27.35,1.5
Kochi,31-03-2022,3,467.3,0,14.57,32.9,12.28,20.11,24.69,1.84
Kochi,01-04-2022,1,303.75,0,7.97,42.2,4.53,6.76,9.65,0.76
Kochi,02-04-2022,2,467.3,0,20.05,30.4,13.59,19.99,24.8,2.09
Kochi,03-04-2022,3,480.65,0,18.34,33.62,10.85,20.19,23.71,1.74
Kochi,04-04-2022,2,447.27,0,13.19,42.92,9.78,19.08,22.23,2.53
Kochi,05-04-2022,3,403.88,0,7.54,76.53,7.39,21.22,24.39,0.82
Kochi,06-04-2022,2,433.92,0,13.37,50.78,12.16,14.95,18.42,2.06
Kochi,07-04-2022,3,534.06,0,25.02,32.9,13.95,21.91,26.42,1.92
Kochi,08-04-2022,2,387.19,0,18.68,30.76,10.97,13.93,17.21,1.23
Kochi,09-04-2022,2,390.53,0,20.05,30.76,10.97,14.59,18.44,0.94
Kochi,10-04-2022,2,460.62,0,15.42,35.41,6.74,17.33,19.16,1.42
Kochi,11-04-2022,2,377.18,0,8.74,47.21,4.71,13.56,16.33,1.65
Kochi,12-04-2022,4,640.87,0,23.99,26.46,11.32,26.97,30.04,3.7
Kochi,13-04-2022,4,687.6,0,27.42,28.97,17.88,38.11,41.19,0.66
Kochi,14-04-2022,2,494,0,17.82,27.89,8.94,17.78,19.14,0.89
Kochi,15-04-2022,2,480.65,0.02,18.85,13.05,10.37,16.26,19.31,1.01
Kochi,16-04-2022,2,507.35,0,16.11,37.55,10.97,18.67,22.04,1.25
Kochi,17-04-2022,1,400.54,0,12.51,30.04,9.3,9.81,12.61,1.11
Kochi,18-04-2022,2,453.95,0.01,22.62,21.1,10.61,13.48,17.51,2.5
Kochi,19-04-2022,2,363.83,0,9.68,39.34,4.17,10.04,13.62,1.31
Kochi,20-04-2022,2,453.95,0.01,14.05,23.96,4.83,12.24,17.83,2.37
Kochi,21-04-2022,3,293.73,0,11.48,45.42,6.32,20.88,32.15,0.56
Kochi,22-04-2022,4,413.89,0,14.57,45.42,11.32,35.89,46.96,1.25
Kochi,23-04-2022,4,614.17,0,17.65,42.2,12.28,35.82,38.39,1.12
Kochi,24-04-2022,1,313.76,0,4.88,59.37,4.65,6.84,8.36,0.49
Kochi,25-04-2022,4,534.06,0,14.05,57.22,11.21,29.64,32.63,1.52
Kochi,26-04-2022,4,594.14,0,24.33,41.48,14.42,28.86,33.86,3.04
Kochi,27-04-2022,2,460.62,0,14.05,33.97,6.08,14.05,19.3,1.82
Kochi,28-04-2022,1,340.46,0,4.97,43.27,4.29,6.84,8.98,0.51
Kochi,29-04-2022,1,360.49,0,9.6,33.97,6.79,8.33,11.38,0.72
Kochi,30-04-2022,2,494,0,19.88,30.04,10.97,13.11,15.85,1.33
Kochi,01-05-2022,2,236.99,0,1.33,57.22,0.83,13.45,19.42,0
Kochi,02-05-2022,3,300.41,0,8.05,53.64,4.65,22.29,25.41,0.63
Kochi,03-05-2022,2,377.18,0,11.65,37.19,5.78,17.7,22.86,2.22
Kochi,04-05-2022,2,347.14,0,8.83,40.05,3.31,18.46,25.28,1.22
Kochi,05-05-2022,3,410.56,0,12.17,33.26,5.13,20.36,23.25,1.33
Kochi,06-05-2022,2,283.72,0,4.16,54.36,2.09,13.06,15.45,0.78
Kochi,07-05-2022,2,233.65,0,2.91,50.07,1.37,16.44,25.6,0.17
Kochi,08-05-2022,3,413.89,0,13.02,35.76,5.3,24.75,31.59,1.6
Kochi,09-05-2022,4,250.34,0,3.47,65.09,1.53,32.32,52,0.25
Kochi,10-05-2022,2,300.41,0,8.14,54.36,3.34,19.59,23.13,0.53
Kochi,11-05-2022,3,350.48,0,9.34,55.07,3.81,20.82,27.58,1.04
Kochi,12-05-2022,3,473.98,0,23.31,31.83,13.23,24.03,28.03,0.84
Kochi,13-05-2022,2,377.18,0,9.25,45.42,3.49,14.89,18.84,1.79
Kochi,14-05-2022,1,230.31,0,2.61,57.22,1.33,3.35,4.35,0.22
Kochi,15-05-2022,1,216.96,0,2.21,61.51,1,4.61,5.56,0.25
Kochi,16-05-2022,1,226.97,0,3.9,56.51,2.35,6.65,7.61,0.2
Kochi,17-05-2022,1,240.33,0,6.51,45.06,3.64,3.53,4.93,0.4
Kochi,18-05-2022,2,527.38,0,19.36,18.78,9.3,15.71,17.94,1.01
Kochi,19-05-2022,4,200.27,0,1.69,70.1,1.16,25.32,26.45,0
Kochi,20-05-2022,1,213.62,0.01,3.04,24.68,1.58,2.11,3.03,0.16
Kochi,21-05-2022,1,213.62,0,2.83,39.7,1.56,2.53,3.75,0.08
Kochi,22-05-2022,1,210.29,0,2.78,43.99,1.4,2.61,3.83,0.18
Kochi,23-05-2022,1,216.96,0,3.08,29.68,1.31,1.09,1.97,0.19
Kochi,24-05-2022,1,240.33,0.01,6.68,24.68,3.19,2.5,4.61,0.59
Kochi,25-05-2022,1,240.33,0.01,6.25,25.39,2.77,2.03,4.16,0.68
Kochi,26-05-2022,1,233.65,0,5.36,32.54,2.53,2.58,5.41,1.03
Kochi,27-05-2022,1,277.04,0.01,8.83,23.6,5.96,3.47,5.44,0.67
Kochi,28-05-2022,2,410.56,0.07,21.76,12.52,9.78,10.33,13.91,1.65
Kochi,29-05-2022,1,216.96,0,4.11,44.7,3.16,2.33,3.74,0.2
Kochi,30-05-2022,1,323.77,0.02,11.48,16.81,6.85,5.99,8.43,0.89
Kochi,31-05-2022,1,223.64,0,4.58,31.47,2.18,2.26,4.93,0.47
Kochi,01-06-2022,1,280.38,0.01,11.14,24.32,5.54,4.66,6.87,0.61
Kochi,02-06-2022,1,216.96,0,3.56,34.33,1.7,1.4,2.75,0.22
Kochi,03-06-2022,1,216.96,0,3.21,31.47,1.46,1.57,3.35,0.46
Kochi,04-06-2022,1,307.08,0.01,8.23,24.32,3.49,4.89,8.11,1.61
Kochi,05-06-2022,1,357.15,0.01,13.88,20.21,5.13,7.57,10.72,1.61
Kochi,06-06-2022,1,300.41,0.01,11.31,22.17,8.58,4.43,6.86,1.57
Kochi,07-06-2022,1,240.33,0.01,5.57,23.6,3.46,1.57,3.39,0.47
Kochi,08-06-2022,1,216.96,0,4.76,28.25,2.5,1.82,3.12,0.29
Kochi,09-06-2022,1,220.3,0,2.91,28.61,1.4,1.56,2.72,0.34
Kochi,10-06-2022,2,423.91,0.05,21.08,14.13,8.82,12.01,16.11,1.66
Kochi,11-06-2022,1,353.81,0,13.37,25.03,8.94,7.41,10.35,1.04
Kochi,12-06-2022,1,240.33,0,5.23,27.89,2.24,1.94,3.11,0.4
Kochi,13-06-2022,1,310.42,0.02,10.37,18.24,4.05,4.9,7.02,1.01
Kochi,14-06-2022,1,216.96,0.01,2.74,25.39,1.36,1.25,2.25,0.26
Kochi,15-06-2022,1,220.3,0,3.38,31.47,1.65,1.71,3.2,0.42
Kochi,16-06-2022,1,253.68,0,5.36,30.04,2.21,1.9,3.39,0.66
Kochi,17-06-2022,1,267.03,0,6.51,27.18,2.98,2.85,4.84,0.97
Kochi,18-06-2022,1,347.14,0.06,13.02,15.02,5.25,5.97,8.54,1.35
Kochi,19-06-2022,1,230.31,0,4.37,26.82,1.89,1.66,2.94,0.49
Kochi,20-06-2022,1,236.99,0,4.24,32.19,1.82,3.28,5.57,0.6
Kochi,21-06-2022,1,216.96,0,2.68,28.97,1.24,2.88,4.03,0.25
Kochi,22-06-2022,1,223.64,0,4.33,27.89,2.32,4.03,5.5,0.38
Kochi,23-06-2022,2,367.16,0.01,15.42,20.92,8.34,11.27,14.23,0.92
Kochi,24-06-2022,1,233.65,0,3.34,29.68,1.55,1.51,2.67,0.28
Kochi,25-06-2022,1,223.64,0,2.29,40.77,1.16,2.15,3.44,0.18
Kochi,26-06-2022,1,210.29,0,2.08,36.12,1.12,3.07,4.1,0.17
Kochi,27-06-2022,2,206.95,0,1.91,39.34,1.21,8.44,28.43,0.02
Kochi,28-06-2022,2,447.27,0.15,15.77,10.55,5.96,14.2,17.85,2.12
Kochi,29-06-2022,1,230.31,0,3.47,27.54,1.52,2.11,3.73,0.49
Kochi,30-06-2022,1,205.28,0,1.93,26.11,0.9,2.13,3.76,0.18
Kochi,01-07-2022,1,208.62,0,2.55,26.82,1.16,3.65,5.36,0.32
Kochi,02-07-2022,1,213.62,0,2.18,31.47,1.3,7.76,9.96,0.26
Kochi,03-07-2022,1,216.96,0,1.5,39.7,0.9,5.45,6.57,0.13
Kochi,04-07-2022,1,211.95,0,1.52,36.48,0.7,1.26,2.14,0.1
Kochi,05-07-2022,1,206.95,0,1.5,34.69,0.75,1.85,3.15,0.15
Kochi,06-07-2022,1,363.83,0,10.88,22.89,4.11,8.92,12.16,1.38
Kochi,07-07-2022,2,403.88,0.01,13.37,18.6,4.71,10.75,14.42,1.52
Kochi,08-07-2022,1,213.62,0,2.31,29.68,0.97,1.17,2.18,0.23
Kochi,09-07-2022,1,257.02,0,4.71,31.11,2.15,4.88,6.97,0.67
Kochi,10-07-2022,1,210.29,0,1.44,39.7,0.89,6.73,8.51,0.15
Kochi,11-07-2022,1,208.62,0,1.56,46.49,1.06,7.54,10.55,0.12
Kochi,12-07-2022,1,208.62,0,1.8,36.12,1.06,5.11,6.68,0.13
Kochi,13-07-2022,1,208.62,0,1.82,30.04,1.03,3.9,5.96,0.04
Kochi,14-07-2022,1,200.27,0,1.71,35.05,1.01,4.48,13.73,0.01
Kochi,15-07-2022,1,211.95,0.01,3.34,26.46,1.91,3.89,9.86,0.13
Kochi,16-07-2022,1,226.97,0,5.65,27.89,2.77,3.92,6.36,0.36
Kochi,17-07-2022,1,233.65,0.01,3.73,21.82,1.45,2.06,3.72,0.5
Kochi,18-07-2022,1,216.96,0,2.57,29.33,1.18,1.61,2.88,0.31
Kochi,19-07-2022,1,230.31,0.01,3.26,22.71,1.36,2.61,4,0.42
Kochi,20-07-2022,1,211.95,0,1.84,35.41,0.93,3.02,4.44,0.24
Kochi,22-07-2022,1,208.62,0,1.95,36.84,1.13,8.23,12.85,0.22
Kochi,23-07-2022,1,213.62,0,2.21,32.54,1.1,9.94,12.5,0.17
Kochi,24-07-2022,1,195.26,0,1.78,40.05,1,5.58,7.35,0.15
Kochi,25-07-2022,1,196.93,0,2.03,32.19,1.06,5.52,9.68,0.28
Kochi,26-07-2022,1,210.29,0,1.78,30.4,0.93,4.6,6.79,0.14
Kochi,27-07-2022,1,208.62,0,2.29,32.54,1.12,8.51,13.72,0.28
Kochi,28-07-2022,1,267.03,0.01,7.03,24.32,2.71,8.85,14.24,1.01
Kochi,29-07-2022,1,290.39,0.01,7.8,20.56,2.92,6.18,14.06,1.52
Kochi,30-07-2022,3,500.68,0,21.76,25.39,9.89,22.09,28.59,2.06
Kochi,31-07-2022,1,297.07,0.07,13.37,14.31,3.99,4.68,9.72,2.12
Kochi,01-08-2022,1,205.28,0.01,3,25.75,1.43,2.12,3.34,0.22
Kochi,02-08-2022,1,191.93,0,1,30.04,0.56,1.94,3.93,0.04
Kochi,03-08-2022,1,180.24,0,1.02,30.4,0.75,2.62,4.62,0.03
Kochi,04-08-2022,1,195.26,0,1.22,36.48,0.76,2.02,3.38,0.03
Kochi,05-08-2022,1,193.6,0,1.15,31.11,0.75,2.64,4.35,0.04
Kochi,06-08-2022,1,193.6,0,2.29,44.7,1.39,4.68,7.12,0.07
Kochi,07-08-2022,1,185.25,0,1.32,41.48,1.01,3.97,5.22,0
Kochi,08-08-2022,1,186.92,0,1.44,48.64,1.43,8.32,11.29,0
Kochi,09-08-2022,3,201.94,0,1.82,46.49,1.39,10.04,36.17,0
Kochi,10-08-2022,2,191.93,0,1.52,42.56,1.37,8.39,22.29,0
Kochi,11-08-2022,2,193.6,0,3.21,35.41,1.86,7.99,28.54,0.06
Kochi,12-08-2022,1,206.95,0,2.83,33.26,1.53,4.75,6.22,0.14
Kochi,13-08-2022,1,211.95,0,2.78,33.62,1.49,6.25,10.14,0.26
Kochi,14-08-2022,1,206.95,0,2.7,34.33,1.3,8.08,11.78,0.28
Kochi,15-08-2022,1,190.26,0,1.99,39.34,1.07,5.91,10.07,0.18
Kochi,16-08-2022,1,205.28,0,3.51,29.33,1.61,7.17,19.33,0.54
Kochi,17-08-2022,1,206.95,0.01,3.64,22.53,1.59,5.39,14.85,0.55
Kochi,18-08-2022,1,203.61,0,2.68,31.47,1.31,5.24,9.59,0.28
Kochi,19-08-2022,1,195.26,0,2.16,32.19,1.16,3.41,7.99,0.19
Kochi,20-08-2022,1,201.94,0,2.55,27.18,1.34,5.27,15.06,0.28
Kochi,21-08-2022,1,201.94,0,1.52,32.54,1.06,5.41,9.42,0.07
Kochi,22-08-2022,1,195.26,0.01,1.88,23.6,1.13,1.74,2.75,0.1
Kochi,23-08-2022,1,211.95,0,2.53,31.83,1.16,1.21,2.27,0.28
Kochi,24-08-2022,1,213.62,0,2.68,31.11,1.18,1.34,2.6,0.3
Kochi,25-08-2022,1,223.64,0,3.17,31.47,1.56,1.92,3.51,0.43
Kochi,26-08-2022,1,206.95,0,1.63,29.33,1.06,4.98,6.99,0.12
Kochi,27-08-2022,1,203.61,0,2.14,27.18,1.18,4.54,5.9,0.14
Kochi,28-08-2022,1,205.28,0,2.06,29.68,1.09,2.76,4.12,0.19
Kochi,29-08-2022,1,213.62,0,2.51,28.25,1.43,7.41,9.8,0.18
Kochi,30-08-2022,1,211.95,0,2.31,28.25,1.34,8,10.53,0.19
Kochi,31-08-2022,2,574.11,0.18,20.56,9.39,5.72,18.21,34.48,4.56
Kochi,01-09-2022,4,687.6,0.2,29.13,10.64,12.52,26.15,29.6,1.98
Kochi,02-09-2022,1,270.37,0.01,6.25,25.75,4.35,3.53,5.37,0.56
Kochi,03-09-2022,1,240.33,0,5.48,31.83,3.58,3.23,5.82,0.43
Kochi,04-09-2022,1,208.62,0,2.72,32.54,2,2.27,3.63,0.13
Kochi,05-09-2022,1,223.64,0,3.38,36.84,1.68,1.66,3.12,0.38
Kochi,06-09-2022,1,201.94,0,1.67,31.83,0.89,1.46,2.45,0.17
Kochi,07-09-2022,1,191.93,0,1.69,36.84,1.15,2.68,4.46,0.07
Kochi,08-09-2022,1,191.93,0,1.44,40.05,1.12,3.2,5.25,0.04
Kochi,09-09-2022,1,191.93,0,1.97,45.78,1.36,3.01,4.57,0.08
Kochi,10-09-2022,1,213.62,0,2.7,44.35,1.4,6.11,8.82,0.15
Kochi,11-09-2022,1,193.6,0,1.39,40.77,1.16,5.98,8.45,0
Kochi,12-09-2022,1,190.26,0,1.86,38.98,1.42,6.49,9.18,0
Kochi,13-09-2022,1,201.94,0,3.3,34.33,1.82,6.93,9.7,0.19
Kochi,14-09-2022,1,236.99,0,5.4,38.98,2.77,6.27,9.17,0.64
Kochi,15-09-2022,1,250.34,0,7.37,31.83,3.34,4.34,7.96,1.06
Kochi,16-09-2022,1,220.3,0,3.3,43.63,1.59,5.1,11.39,0.34
Kochi,17-09-2022,1,206.95,0,2.53,38.27,1.45,5.73,9.82,0.32
Kochi,18-09-2022,1,200.27,0,2.63,37.55,1.43,3.33,4.71,0.3
Kochi,19-09-2022,1,201.94,0,2.57,40.05,1.46,5.25,7.02,0.28
Kochi,20-09-2022,1,200.27,0,2.59,35.76,1.46,5.17,7.09,0.3
Kochi,21-09-2022,1,188.59,0,2.38,33.62,1.33,4.36,6.4,0.22
Kochi,22-09-2022,1,253.68,0.01,7.63,23.25,2.24,5.78,13.81,1.16
Kochi,23-09-2022,1,226.97,0,5.06,28.97,2.03,5.34,10.04,0.74
Kochi,24-09-2022,1,240.33,0,5.65,32.19,2.18,4.22,9.26,0.95
Kochi,25-09-2022,1,203.61,0,2.38,33.97,1.16,2.51,5.69,0.38
Kochi,26-09-2022,1,198.6,0,2.01,31.11,1.15,4.82,13.17,0.24
Kochi,27-09-2022,1,196.93,0,2.51,26.82,1.34,4.34,12.39,0.36
Kochi,28-09-2022,1,203.61,0,3.51,27.18,1.56,4.83,10.67,0.47
Kochi,29-09-2022,1,226.97,0.01,4.8,23.6,1.97,5.36,13.02,0.75
Kochi,30-09-2022,1,185.25,0,2.06,28.61,1.24,2.8,4.42,0.2
Kochi,01-10-2022,1,220.3,0.01,4.41,22.71,2,4.26,10.48,0.51
Kochi,02-10-2022,1,198.6,0,2.7,28.61,1.24,3.36,7.04,0.38
Kochi,03-10-2022,1,178.58,0,1.54,37.55,0.83,2,3.13,0.17
Kochi,04-10-2022,1,186.92,0,2.46,43.27,1.36,3.87,8.09,0.3
Kochi,05-10-2022,1,196.93,0,2.63,45.42,1.27,3.7,8.61,0.36
Kochi,06-10-2022,1,208.62,0,4.24,34.69,1.97,4.76,8.31,0.42
Kochi,07-10-2022,1,357.15,0.05,13.54,18.24,4.71,9.66,15.74,2.63
Kochi,08-10-2022,1,333.79,0,10.62,27.54,3.58,9.56,14.96,1.17
Kochi,09-10-2022,1,243.66,0,4.16,36.12,1.67,5.84,12.28,0.69
Kochi,10-10-2022,2,397.21,0.01,12,22.71,3.52,11.81,18.39,2.5
Kochi,11-10-2022,2,390.53,0,13.19,36.84,6.08,15.16,23.5,2.82
Kochi,12-10-2022,2,377.18,0,21.08,31.83,10.01,11.82,17.65,1.74
Kochi,13-10-2022,1,253.68,0,7.97,41.84,3.28,4.67,8.52,1
Kochi,14-10-2022,3,494,0,22.28,25.75,11.32,22.71,25.53,1.69
Kochi,15-10-2022,3,527.38,0,32.22,25.03,16.69,23.86,28.64,3.1
Kochi,16-10-2022,2,377.18,0,12.85,27.89,8.23,11.73,13.71,0.77
Kochi,17-10-2022,2,467.3,0,13.54,32.19,7.99,12.37,13.64,0.85
Kochi,18-10-2022,1,340.46,0.01,10.62,17.88,5.66,6.87,8.26,0.68
Kochi,19-10-2022,1,403.88,0,10.97,47.21,7.27,8.95,11.01,0.9
Kochi,20-10-2022,1,427.25,0,13.19,44.35,4.83,9.35,12.23,1.42
Kochi,21-10-2022,1,327.11,0.01,10.97,21.46,7.87,6.12,8.55,0.82
Kochi,22-10-2022,4,607.49,0.03,29.82,10.55,14.66,25.8,28.93,1.93
Kochi,23-10-2022,5,654.22,0,16.79,77.96,13.59,57.2,62.42,2.41
Kochi,24-10-2022,2,447.27,0,19.71,30.76,11.92,15.22,19.3,2.12
Kochi,25-10-2022,2,487.33,0,15.59,41.48,11.32,18.5,22.75,1.19
Kochi,26-10-2022,5,741,0,15.08,67.23,6.26,51.85,62.78,2.41
Kochi,27-10-2022,5,814.44,0,28.79,64.37,11.68,79.54,95.19,7.03
Kochi,28-10-2022,5,700.95,0,12,101.57,10.97,97.82,109.01,1.28
Kochi,29-10-2022,5,881.2,0,22.28,91.55,10.13,120.22,141.53,4.94
Kochi,30-10-2022,5,754.36,0,17.99,62.94,10.37,100.21,105.65,1.69
Kochi,31-10-2022,5,741,0,16.96,50.78,9.42,64.85,67.62,2.41
Kochi,01-11-2022,4,707.63,0,20.56,58.65,18.6,45.4,49.45,2.15
Kochi,02-11-2022,3,547.41,0,11.65,75.1,9.42,23.35,25.96,0.81
Kochi,03-11-2022,4,747.68,0,22.62,37.55,12.64,36.75,39.94,1.46
Kochi,04-11-2022,4,866,0,20.19,50,10.13,51.75,56.75,1.46
Kochi,05-11-2022,3,654,0,12.16,68.5,9.53,35.63,38.25,1.82
Kochi,06-11-2022,5,807.76,0,24.33,33.97,14.19,51.46,54.8,1.82
Kochi,07-11-2022,4,707.63,0,11.82,47.92,5.78,43.28,45.49,1.54
Kochi,08-11-2022,5,988.01,0,19.88,89.41,15.26,101.07,107.65,1.38
Kochi,09-11-2022,5,1001.36,0,21.93,77.25,21.22,86.02,90.88,1.99
Kochi,10-11-2022,5,1028.06,0.01,30.5,18.24,16.69,68.48,76.45,2.06
Kochi,11-11-2022,5,841.14,0,22.28,56.51,15.97,59.3,65.98,4.31
Kochi,12-11-2022,3,540.73,0,9.6,92.98,3.7,22.05,25.15,1.68
Kochi,13-11-2022,4,794.41,0,20.39,37.91,9.78,44.87,50.38,2.75
Kochi,14-11-2022,3,600.81,0,11.31,56.51,7.09,20.98,22.22,0.56
Kochi,15-11-2022,3,754.36,0,19.36,26.11,9.89,23.01,24.56,1.42
Kochi,16-11-2022,4,680.92,0,15.94,62.94,12.04,35.33,38.34,1
Kochi,17-11-2022,4,787.73,0,16.96,47.21,12.04,44.06,47.8,2.06
Kochi,18-11-2022,5,741,0,18.16,60.08,15.97,57.69,62.39,1.52
Kochi,19-11-2022,5,814.44,0,16.28,90.12,17.4,85.21,91.24,1.25
Kochi,20-11-2022,5,540.73,0,3.51,160.22,4.47,108.1,116.54,0
Kochi,21-11-2022,5,560.76,0,5.57,138.76,5.42,107.79,115.18,0
Kochi,22-11-2022,5,620.84,0,8.31,92.98,3.07,84.76,95.17,0.58
Kochi,23-11-2022,5,894.55,0,25.7,52.21,7.87,87.03,114.47,7.03
Kochi,24-11-2022,4,473.98,0,19.54,77.25,7.75,44.99,54.77,1.55
Kochi,25-11-2022,5,988.01,0,34.62,32.54,8.58,74.33,94.3,4.37
Kochi,26-11-2022,5,627.52,0,21.25,57.94,11.8,51.55,61.98,2.09
Kochi,27-11-2022,3,403.88,0,11.82,71.53,7.87,21.17,25.37,0.98
Kochi,28-11-2022,4,574.11,0,12.34,36.12,6.02,36.46,39.2,1.76
Kochi,29-11-2022,4,634.19,0,11.65,42.92,7.51,30.66,33.52,1.82
Kochi,30-11-2022,4,727.65,0,17.48,45.42,11.68,32.4,36.63,3.07
Kochi,01-12-2022,5,881.2,0,26.39,65.09,14.42,65.05,74.23,3.17
Kochi,02-12-2022,5,647.54,0,11.48,123.02,13.95,94.25,101.81,0
Kochi,03-12-2022,5,1001.36,0,25.02,75.1,18.6,113.32,118.92,1.16
Kochi,04-12-2022,5,854.49,0,17.48,71.53,11.56,85.23,89.11,0.9
Kochi,05-12-2022,5,1014.71,0,30.16,21.99,16.69,76.48,82.34,3.8
Kochi,06-12-2022,4,627.52,0,8.48,88.69,6.97,37.18,42.37,0.73
Kochi,07-12-2022,4,574.11,0,5.83,95.84,3.87,43.34,49.22,0.69
Kochi,08-12-2022,4,540.73,0,5.01,86.55,2.53,37.46,41.46,0.26
Kochi,09-12-2022,4,520.71,0,3.34,98.71,1.64,41.14,47.51,0
Kochi,11-12-2022,4,340.46,0,1.88,110.15,1.65,31.84,32.73,0.24
Kochi,12-12-2022,3,527.38,0,11.65,46.49,4.89,21.19,24.08,1.69
Kochi,13-12-2022,4,507.35,0,12.34,57.22,8.94,43.97,46.83,0.54
Kochi,14-12-2022,4,567.44,0,21.08,45.06,11.09,42.08,59.34,1.63
Kochi,15-12-2022,3,594.14,0,11.31,58.65,5.66,21.49,23.75,1.8
Kochi,16-12-2022,4,761.03,0,17.31,70.81,7.63,49.35,64.44,5.26
Kochi,17-12-2022,5,934.6,0,18.34,85.83,10.25,105.73,127.15,4.5
Kochi,18-12-2022,5,921.25,0,19.71,82.97,11.09,131.76,149.76,2.22
Kochi,19-12-2022,5,921.25,0,19.19,53.64,7.75,113.63,129.16,2.85
Kochi,20-12-2022,5,560.76,0,9.68,98.71,10.61,59.8,70.13,0.65
Kochi,21-12-2022,5,487.33,0,11.14,98.71,8.11,56.21,67,1.08
Kochi,22-12-2022,5,560.76,0,10.45,94.41,8.7,55.04,66.3,1.38
Kochi,23-12-2022,4,594.14,0,11.31,89.41,6.79,47.98,55.28,0.85
Kochi,24-12-2022,5,1522.06,0.01,57.58,29.68,17.17,152.66,190.63,20.01
Kochi,25-12-2022,5,801.09,0,14.22,94.41,7.27,124.32,141.24,4.56
Kochi,26-12-2022,5,747.68,0,16.11,60.8,10.73,111.14,116.16,2.09
Kochi,27-12-2022,5,807.76,0,17.48,95.84,12.16,82.24,91.81,2.31
Kochi,28-12-2022,3,694.27,0,10.54,104.43,12.87,41.93,46.91,2.18
Kochi,29-12-2022,4,700.95,0,15.94,107.29,10.61,53.86,60.23,2.91
Kochi,30-12-2022,4,600.81,0,9,118.73,6.32,65.27,73.93,1
Kochi,31-12-2022,3,540.73,0,9.25,100.14,5.66,46.85,53.84,0.97
Kochi,01-01-2023,4,654.22,0,10.02,87.26,5.07,69.3,82.08,2.15
Kochi,02-01-2023,4,654.22,0,11.31,80.11,6.62,71.7,85.69,2.09
Kochi,03-01-2023,5,1148.22,0,32.56,36.12,8.82,95.84,117.91,4.69
Kochi,04-01-2023,4,947.95,0,28.45,43.63,9.3,66.34,86.23,5.64
Kochi,05-01-2023,4,647.54,0,16.28,111.58,11.09,66.31,79.53,5.51
Kochi,06-01-2023,3,567.44,0,12,90.12,6.08,47.55,63.97,3.07
Kochi,07-01-2023,4,480.65,0,8.23,134.47,7.99,58.35,74.45,1.36
Kochi,08-01-2023,4,607.49,0,9.51,85.83,7.03,73.36,93.15,3.17
Kochi,09-01-2023,5,507.35,0,4.63,130.18,5.48,78.03,96.99,0.89
Kochi,10-01-2023,5,734.33,0,12.51,128.75,9.66,86.42,98,1.31
Kochi,11-01-2023,5,761.03,0,14.57,137.33,13.83,120.48,135.74,1.88
Kochi,12-01-2023,5,1094.82,0,29.47,62.23,10.37,122.64,157.32,8.61
Kochi,13-01-2023,5,867.84,0,21.25,87.98,10.61,126.71,146.43,2.66
Kochi,14-01-2023,5,534.06,0,7.8,111.58,4.71,83.09,95.76,0.85
Kochi,15-01-2023,5,587.46,0,9.34,111.58,5.9,102.93,117.25,1.08
Kochi,16-01-2023,5,1014.71,0,26.39,75.1,11.21,146.15,168.68,6.97
Kochi,17-01-2023,5,1228.33,0,37.36,41.48,9.18,131.72,162.39,5
Kochi,18-01-2023,5,727.65,0,18.16,85.12,10.49,95.22,111.14,1.76
Kochi,19-01-2023,5,801.09,0,14.22,134.47,9.42,136.56,156.34,4.88
Kochi,20-01-2023,4,540.73,0,13.37,101.57,7.87,68.93,87.58,1.8
Kochi,21-01-2023,5,634.19,0,14.05,98.71,7.03,79.24,98.92,2.12
Kochi,22-01-2023,5,473.98,0,6,92.98,3.22,76.16,90.89,1.3
Kochi,23-01-2023,5,947.95,0,25.02,57.94,7.99,100.16,123.62,6.97
Kochi,24-01-2023,3,494,0,9.6,92.98,8.46,38.59,43.74,0.51
Kochi,25-01-2023,3,554.08,0,13.37,75.1,9.89,41.98,44.85,0.97
Kochi,26-01-2023,3,540.73,0,7.8,90.12,4.35,41.22,50.79,1.33
Kochi,27-01-2023,3,467.3,0,8.83,86.55,5.07,32.38,37.42,0.57
Kochi,28-01-2023,4,594.14,0,16.45,82.97,8.46,54.68,66.63,1.71
Kochi,29-01-2023,5,654.22,0,10.2,98.71,6.38,106.6,125.49,0.92
Kochi,30-01-2023,5,720.98,0,13.54,84.4,6.79,106.97,121.85,1.2
Kochi,31-01-2023,4,494,0,4.93,108.72,3.31,69.42,75.59,0.46
Kochi,01-02-2023,5,814.44,0,24.68,47.92,11.8,75.56,87.78,2.69
Kochi,02-02-2023,5,1228.33,0,26.73,65.09,8.94,130.73,158.99,4.75
Kochi,03-02-2023,5,841.14,0,21.93,72.96,14.42,92.66,103.37,3.36
Kochi,04-02-2023,4,694.27,0,13.88,73.67,6.56,61.26,67.09,1.8
Kochi,05-02-2023,4,847.82,0,19.71,57.94,13.95,73.77,79.95,2.28
Kochi,06-02-2023,5,654.22,0,9.94,121.59,7.03,97.13,113.72,2.12
Kochi,07-02-2023,4,634.19,0,13.19,92.98,6.56,69.5,80.18,0.7
Kochi,08-02-2023,5,894.55,0,31.19,38.98,7.75,78.62,101.24,5.51
Kochi,09-02-2023,5,527.38,0,11.65,94.41,8.34,85.11,100.55,0.28
Kochi,10-02-2023,5,580.79,0,15.08,76.53,6.02,84.13,96.69,0.29
Kochi,11-02-2023,5,1068.12,0,33.93,31.11,8.7,95.02,118.61,4.12
Kochi,12-02-2023,3,453.95,0,8.23,75.82,5.07,43.66,51.09,0
Kochi,13-02-2023,3,500.68,0,13.37,65.09,7.21,49.73,59.73,0.4
Kochi,14-02-2023,4,514.03,0,13.88,90.84,8.34,66.04,80.73,0.44
Kochi,15-02-2023,4,761.03,0,21.42,50.78,7.33,72.63,97.69,5.95
Kochi,16-02-2023,5,1388.55,0,48.67,41.13,17.17,160.12,194.93,14.06
Kochi,17-02-2023,5,467.3,0,11.82,95.84,7.63,93.15,110.84,0
Kochi,18-02-2023,5,854.49,0,31.87,50.78,8.7,89.88,117.12,4.88
Kochi,19-02-2023,4,567.44,0,13.19,54.36,3.76,69.2,85.91,2.25
Kochi,20-02-2023,5,494,0,8.57,84.4,5.01,94.24,110.94,1.38
Kochi,21-02-2023,5,534.06,0,12.51,90.84,7.45,87.8,105.83,2.66
Kochi,22-02-2023,5,580.79,0,16.28,78.68,10.13,80.84,97.74,2.15
Kochi,23-02-2023,4,467.3,0,8.31,82.97,7.87,65.06,76.44,0.94
Kochi,25-02-2023,4,620.84,0,17.14,63.66,14.19,70.5,84.32,2.56
Kochi,26-02-2023,4,761.03,0,26.73,43.99,7.27,68.33,91.44,4.56
Kochi,27-02-2023,4,427.25,0,7.28,79.39,3.93,56.87,72.49,0.38
Kochi,28-02-2023,5,700.95,0,16.79,98.71,10.61,90,109.93,3.1
Kochi,01-03-2023,5,647.54,0,14.74,97.27,13.95,78.55,96.47,6.71
Kochi,02-03-2023,4,634.19,0,11.31,100.14,7.87,51.55,62.86,2.47
Kochi,03-03-2023,3,554.08,0,12.34,100.14,7.03,48.29,61.3,2.15
Kochi,04-03-2023,4,660.9,0,15.42,74.39,7.03,58.35,73.12,2.03
Kochi,05-03-2023,4,614.17,0,14.05,45.42,6.44,55.63,71.26,3.36
Kochi,06-03-2023,3,447.27,0,8.48,80.82,6.44,44.88,54.58,1.52
Kochi,07-03-2023,4,400.54,0,6.08,118.73,7.75,62.95,73.94,0.45
Kochi,08-03-2023,3,417.23,0,6.25,95.84,6.26,49.65,58.74,0.22
Kochi,09-03-2023,3,363.83,0,6.94,77.96,4.77,41.24,50.49,0.21
Kochi,10-03-2023,3,390.53,0,4.71,90.84,3.64,39.33,46.2,0.36
Kochi,11-03-2023,3,407.22,0,4.5,75.82,3.81,25.26,30.05,0.64
Kochi,12-03-2023,3,453.95,0,5.91,85.83,6.14,39.65,48.46,0.65
Kochi,13-03-2023,3,410.56,0,4.16,86.55,3.43,37.15,44.54,0.01
Kochi,14-03-2023,3,500.68,0,5.1,100.14,3.52,36.11,45.12,1.87
Kochi,15-03-2023,3,447.27,0,6.08,75.1,5.3,47.84,53.51,0.93
Kochi,16-03-2023,3,654.22,0,21.08,52.21,14.07,49.09,55.74,2.94
Kochi,17-03-2023,4,947.95,0,27.08,33.97,10.73,71.62,79.39,3.32
Kochi,18-03-2023,4,627.52,0,14.91,62.23,12.64,54.93,59.3,1.35
Kochi,19-03-2023,3,620.84,0,8.74,77.96,8.11,36.57,38.71,0.54
Kochi,20-03-2023,3,480.65,0,12.17,49.35,6.62,27.32,30.39,0.78
Kochi,21-03-2023,3,367.16,0,5.91,70.1,3.01,36.4,45.5,0
Kochi,22-03-2023,2,260.35,0,4.67,67.23,2.26,16.28,37.83,0.75
Kochi,23-03-2023,2,280.38,0,2.83,53.64,1.45,17.12,27.48,0.49
Kochi,24-03-2023,1,260.35,0,5.4,45.06,2.95,7.68,18.51,0.77
Kochi,25-03-2023,3,507.35,0.01,22.28,13.77,11.44,27.47,33.31,1.27
Kochi,26-03-2023,3,494,0,12.17,56.51,11.8,30.34,37.36,1.06
Kochi,27-03-2023,2,473.98,0,12.34,32.54,7.99,24.04,27.23,1.09
Kochi,28-03-2023,2,206.95,0,2.53,68.66,1.45,15.29,44.29,0.01
Kochi,29-03-2023,3,208.62,0,3.13,68.66,1.86,15.84,50.57,0.04
Kochi,30-03-2023,2,300.41,0,7.2,60.08,3.19,17.56,31.56,0.97
Kochi,31-03-2023,2,267.03,0,5.06,49.35,2.59,15.49,25.91,0.83
Kochi,01-04-2023,2,226.97,0,3.34,47.92,1.64,11.18,24.96,0.62
Kochi,02-04-2023,2,210.29,0,1.99,49.35,1.04,10.1,24.74,0.26
Kochi,03-04-2023,1,243.66,0,3.43,33.62,1.51,6.42,16.83,0.75
Kochi,04-04-2023,1,287.06,0,9.68,50.78,5.72,7.49,14.81,1.25
Kochi,05-04-2023,2,270.37,0,5.27,69.38,2.8,10.22,19.57,1.22
Kochi,06-04-2023,3,540.73,0.02,30.85,19.49,15.97,28.65,37.87,2.85
Kochi,07-04-2023,2,287.06,0,17.82,41.84,11.56,14.39,21.79,1.03
Kochi,08-04-2023,2,407.22,0,15.42,44.7,12.04,18.87,24.97,1.3
Kochi,09-04-2023,3,370.5,0,7.03,87.98,6.5,33.68,37.19,0.8
Kochi,10-04-2023,3,540.73,0,16.79,49.35,14.78,44.59,49.91,1.46
Kochi,11-04-2023,3,413.89,0,12.68,62.23,5.9,26.83,33.03,1.92
Kochi,12-04-2023,2,247,0,6.68,44.7,3.67,15.04,21.56,0.46
Kochi,13-04-2023,3,407.22,0,9.51,52.93,7.75,28.99,34.27,0.73
Kochi,14-04-2023,3,397.21,0,11.31,52.93,7.45,37.29,45.52,0.57
Kochi,15-04-2023,3,307.08,0,5.31,61.51,2.86,28.65,38.27,0
Kochi,16-04-2023,3,300.41,0,5.27,63.66,4.05,27.06,39.21,0.08
Kochi,17-04-2023,2,307.08,0,6.51,57.22,4.41,21.38,30.99,0.35
Kochi,18-04-2023,3,313.76,0,8.83,50.78,6.74,28.01,37.64,0.41
Kochi,19-04-2023,3,413.89,0,9.08,63.66,6.02,38,45.29,0.39
Kochi,20-04-2023,2,303.75,0,6.17,62.23,4.17,22.55,27.83,0.16
Kochi,21-04-2023,2,310.42,0,4.97,67.23,3.07,14.82,18.49,0.18
Kochi,22-04-2023,3,440.6,0,15.94,43.27,8.58,26.51,35.82,1.41
Kochi,23-04-2023,2,320.43,0,4.54,60.08,2.47,23.78,33.34,0.33
Kochi,24-04-2023,2,410.56,0,14.74,34.33,7.33,19.24,29.4,1.99
Kochi,25-04-2023,3,527.38,0,22.62,32.54,13.35,33.45,43.56,1.93
Kochi,26-04-2023,3,607.49,0,27.76,35.41,15.26,31.58,36.64,3.96
Kochi,27-04-2023,3,774.38,0,18.85,38.98,9.3,37.04,43.5,4.31
Kochi,28-04-2023,4,847.82,0,19.36,85.12,17.64,59.15,64.37,1.63
Kochi,29-04-2023,3,534.06,0,14.39,76.53,9.18,35.88,40.22,1.85
Kochi,30-04-2023,3,620.84,0,18.34,34.69,9.66,25.1,27.56,1.41
Kochi,01-05-2023,3,607.49,0,16.79,48.64,10.13,27.84,30.88,1.03
Kochi,02-05-2023,2,520.71,0,20.39,22.71,11.44,15.61,18.51,1.25
Kochi,03-05-2023,3,594.14,0,20.05,36.84,13.35,29.22,31.53,0.75
Kochi,04-05-2023,1,303.75,0,6.43,26.46,2.5,5.31,10.95,1.08
Kochi,05-05-2023,1,233.65,0,3.04,28.25,1.62,1.67,4.84,0.33
Kochi,06-05-2023,2,500.68,0,20.56,19.67,7.63,14.63,22.64,3.26
Kochi,07-05-2023,1,253.68,0,2.53,52.21,1.34,1.73,3.29,0.27
Kochi,08-05-2023,1,277.04,0,3.86,39.7,1.56,6.05,12.16,0.93
Kochi,09-05-2023,1,327.11,0,8.05,30.4,3.1,6.94,10.88,1.06
Kochi,10-05-2023,1,253.68,0,4.93,33.26,2.5,3.62,5.97,0.56
Kochi,11-05-2023,1,337.12,0,5.83,48.64,2.71,5.71,7.53,0.7
Kochi,12-05-2023,1,350.48,0.01,14.57,26.46,7.51,7.49,10.95,1.08
Kochi,13-05-2023,2,520.71,0,23.99,16.45,11.09,20.85,24.39,1.06
Kochi,14-05-2023,1,250.34,0.01,5.74,20.74,4.05,2.17,3.79,0.3
Kochi,15-05-2023,1,253.68,0,4.88,45.06,3.49,4.11,5.94,0.25
Kochi,16-05-2023,2,257.02,0,3.38,45.78,1.58,19.35,34.26,0.22
Kochi,17-05-2023,2,260.35,0,2.59,55.79,1.3,16.12,30.57,0.2
Kochi,18-05-2023,2,407.22,0,11.31,34.69,3.76,22.49,37.96,1.74
Kochi,19-05-2023,3,634.19,0,28.1,33.26,16.21,38.8,51.5,2.75
Kochi,20-05-2023,3,534.06,0,21.42,19.13,13.23,25.52,33.9,1.65
Kochi,21-05-2023,2,514.03,0,18.16,31.47,9.42,22.59,29.56,2.6
Kochi,22-05-2023,1,350.48,0,13.37,29.33,6.44,9.26,13.18,1.57
Kochi,23-05-2023,2,453.95,0,12,47.92,10.13,23.8,27.55,0.88
Kochi,24-05-2023,2,467.3,0,15.08,40.41,10.37,24.02,28.07,1.28
Kochi,25-05-2023,2,447.27,0,16.79,40.77,10.01,17.36,21.78,1.28
Kolkata,30-11-2020,5,988.01,2.38,33.59,223.16,101.09,193.29,213.15,11.02
Kolkata,01-12-2020,5,12817.38,223.52,138.46,0,202.18,1155.86,1392.7,168.2
Kolkata,02-12-2020,5,10253.91,178.81,120.64,0,82.02,903.71,1168.39,65.86
Kolkata,03-12-2020,5,12069.7,187.76,143.95,0,92.51,1064.71,1243.67,67.89
Kolkata,04-12-2020,5,22003.17,396.97,208.38,0,192.64,2056,2294.65,139.83
Kolkata,05-12-2020,5,10787.96,153.78,87.74,0,63.9,1053.18,1241.46,27.87
Kolkata,06-12-2020,5,8331.3,116.23,71.29,0,52.93,845.49,996.66,26.6
Kolkata,07-12-2020,5,6408.69,66.16,65.12,0,44.35,695.56,814.21,21.79
Kolkata,08-12-2020,5,7904.05,106.39,69.23,0,67.71,853.69,975.2,41.04
Kolkata,09-12-2020,5,2429.96,5.59,67.86,2.01,31.95,312.58,371.29,11.78
Kolkata,10-12-2020,5,7156.37,114.44,66.49,0,57.7,632.58,757.61,28.37
Kolkata,11-12-2020,5,9933.47,171.66,78.14,0,66.76,922.15,1031.83,35.47
Kolkata,12-12-2020,5,3578.19,18.77,62.38,0.12,39.58,491.33,552.55,16.97
Kolkata,13-12-2020,5,5874.63,76,63.06,0,38.15,738.03,829.82,16.97
Kolkata,14-12-2020,5,5340.58,75.1,52.09,0,61.99,570.06,658.87,45.6
Kolkata,15-12-2020,5,7690.43,119.81,70.6,0,54.84,635.58,731.58,20.77
Kolkata,16-12-2020,5,6515.5,109.08,68.55,0,63.9,552.45,729.63,37.49
Kolkata,17-12-2020,5,11856.08,236.03,90.48,0,68.67,1006.55,1172.5,42.05
Kolkata,18-12-2020,5,6141.66,105.5,50.72,0,55.31,495.95,631.95,31.92
Kolkata,19-12-2020,5,3631.59,45.15,61.01,0,33.85,292.45,370.79,15.83
Kolkata,20-12-2020,5,2082.82,0.3,67.17,18.06,33.85,318.85,375.31,8.74
Kolkata,21-12-2020,5,2910.61,11.62,71.97,0.83,25.99,335.52,409.35,11.27
Kolkata,22-12-2020,5,7370,144.84,66.49,0,44.82,690.25,906.66,24.07
Kolkata,23-12-2020,5,11215.21,228.88,89.11,0,53.41,1017.12,1215.08,29.39
Kolkata,24-12-2020,5,8224.49,168.09,75.4,0,61.99,822.62,1037.28,36.48
Kolkata,25-12-2020,5,3204.35,13.97,89.11,0.39,39.1,479.5,558.07,7.54
Kolkata,26-12-2020,5,6942.75,137.69,71.97,0,44.35,692.69,890.31,21.53
Kolkata,27-12-2020,5,3898.62,47.39,71.97,0,33.38,460.64,569.13,14.31
Kolkata,28-12-2020,5,4219.06,54.09,61.69,0,39.1,377.86,464.68,25.84
Kolkata,29-12-2020,5,9292.6,182.39,76.77,0,81.06,855.01,1082.61,50.16
Kolkata,30-12-2020,5,5287.17,73.31,70.6,0,45.3,502.32,620.88,25.59
Kolkata,31-12-2020,5,2323.15,3.74,78.14,3.58,40.05,315.88,377.78,12.79
Kolkata,01-01-2021,5,2216.34,1.98,75.4,6.71,37.67,274.04,330.56,13.93
Kolkata,02-01-2021,5,3952.03,38,97.33,0.01,40.05,427.01,524.91,11.4
Kolkata,03-01-2021,5,5554.2,76,91.85,0,55.31,563.85,698.08,42.05
Kolkata,04-01-2021,5,2803.8,4.69,82.94,3.31,29.33,349.59,409.36,12.67
Kolkata,05-01-2021,5,6034.85,94.77,70.6,0,47.68,514.03,650.14,24.57
Kolkata,06-01-2021,5,5180.36,71.53,62.38,0,47.68,427.93,531.39,26.85
Kolkata,07-01-2021,5,23071.29,414.85,216.6,0,211.72,2203.55,2427.12,164.15
Kolkata,08-01-2021,5,13137.82,184.18,148.06,0,207.9,1369.47,1559.5,188.47
Kolkata,09-01-2021,5,5287.17,82.25,61.01,0,48.64,459.82,570.7,27.87
Kolkata,10-01-2021,5,6568.91,47.83,123.38,0,70.57,650.68,732.69,35.47
Kolkata,11-01-2021,5,2216.34,0.01,46.61,31.11,32.42,359.21,402.19,8.74
Kolkata,12-01-2021,5,6568.91,128.75,63.75,0,49.59,497.54,667.06,26.09
Kolkata,13-01-2021,5,3337.86,18.55,78.14,0.06,48.64,300.43,361.92,17.99
Kolkata,14-01-2021,5,1642.23,0.01,50.04,37.91,44.35,215.56,250.54,24.57
Kolkata,15-01-2021,5,2910.61,17.21,69.92,0.12,39.58,335.46,401.64,18.49
Kolkata,16-01-2021,5,4806.52,56.77,72.66,0,44.82,496.61,594.45,22.29
Kolkata,17-01-2021,5,2750.4,2.01,77.46,8.49,32.9,401.15,459.41,14.19
Kolkata,18-01-2021,5,2456.67,0.99,59.63,10.1,27.9,358,404.62,13.17
Kolkata,19-01-2021,5,20080.57,379.09,148.06,0,105.86,1972.53,2164.44,64.34
Kolkata,20-01-2021,5,1335.14,0,36.33,83.69,40.53,235.26,261.27,7.28
Kolkata,21-01-2021,5,11108.4,227.09,71.29,0,63.9,1069.31,1287.57,30.65
Kolkata,22-01-2021,5,5180.36,69.74,91.85,0,55.31,434.43,560.23,49.14
Kolkata,23-01-2021,5,3337.86,25.26,80.2,0.01,41.96,323.34,399.04,32.93
Kolkata,24-01-2021,5,5981.45,61.69,81.57,0,56.27,695.59,792.99,44.58
Kolkata,25-01-2021,5,3791.81,27.27,61.69,0,41.96,409.26,449.25,17.99
Kolkata,26-01-2021,5,19226.07,425.58,191.93,0,434.88,1773.2,1921.93,352.62
Kolkata,27-01-2021,5,2243.04,0.65,59.63,12.7,32.9,278.8,329.46,20.77
Kolkata,28-01-2021,5,1815.8,1.31,53.47,14.84,42.92,253.93,289.48,13.43
Kolkata,29-01-2021,5,2803.8,7.49,71.29,1.54,35.29,355.37,415.03,16.47
Kolkata,30-01-2021,5,3524.78,42.02,77.46,0,44.82,358.61,456.79,21.03
Kolkata,31-01-2021,5,4005.43,58.12,67.17,0,30.04,394.2,498.15,13.93
Kolkata,01-02-2021,5,2082.82,0.04,60.32,32.19,32.42,279.44,319.25,20.27
Kolkata,02-02-2021,5,7156.37,112.65,106.93,0,69.62,604.39,749.8,71.94
Kolkata,03-02-2021,5,4859.92,44.7,83.63,0,59.61,540.72,643.34,43.06
Kolkata,04-02-2021,5,4859.92,47.39,77.46,0,59.61,542.19,643.93,40.53
Kolkata,05-02-2021,5,5020.14,56.33,85,0,45.78,461.97,563.86,31.41
Kolkata,06-02-2021,5,22003.17,364.78,224.83,0,207.9,2134.22,2429.13,164.15
Kolkata,07-02-2021,5,660.9,0,26.73,73.67,45.78,54.4,64.42,12.92
Kolkata,08-02-2021,5,2777.1,13.97,74.03,0.22,34.33,210.35,280.44,20.52
Kolkata,09-02-2021,5,3791.81,34.42,91.85,0.02,43.87,328.8,426.47,37.49
Kolkata,10-02-2021,5,7263.18,96.56,94.59,0,69.62,629.8,742.11,66.88
Kolkata,11-02-2021,5,4058.84,0.04,89.11,30.76,56.74,560.76,637.77,19.25
Kolkata,12-02-2021,5,9292.6,101.92,134.35,0,120.16,891.25,1026.58,55.73
Kolkata,13-02-2021,5,7156.37,66.16,117.9,0,64.85,704.67,808,24.32
Kolkata,14-02-2021,5,10253.91,155.57,132.98,0,158.31,893.16,1057.13,97.28
Kolkata,15-02-2021,5,1041.41,0,34.27,47.21,35.29,123.61,149.4,6.9
Kolkata,16-02-2021,5,8010.86,92.98,98.71,0,66.76,793.32,918.36,34.96
Kolkata,17-02-2021,5,16448.97,257.49,180.96,0,152.59,1467.69,1698.36,131.73
Kolkata,18-02-2021,5,3578.19,23.47,72.66,0.01,51.5,351.89,414.45,47.12
Kolkata,19-02-2021,5,3952.03,30.85,93.22,0.01,47.68,402.32,489.88,39.01
Kolkata,20-02-2021,5,2750.4,23.02,63.06,0.01,43.39,230.99,322.78,36.99
Kolkata,21-02-2021,5,4112.24,19.45,89.11,0.29,37.19,426.59,524.85,22.55
Kolkata,22-02-2021,5,12390.14,191.33,154.91,0,141.14,1045.27,1156.66,74.98
Kolkata,23-02-2021,5,15808.11,243.19,150.8,0,125.89,1385.03,1595.9,109.43
Kolkata,24-02-2021,5,2964.02,7.82,70.6,1.99,51.5,289.62,346.18,16.97
Kolkata,25-02-2021,5,5928.04,24.36,128.87,0.29,76.29,598.63,679.73,37.49
Kolkata,26-02-2021,5,2029.42,0,45.93,72.96,60.08,283.05,327.48,30.4
Kolkata,27-02-2021,5,2536.77,1.24,65.8,9.57,49.11,262.9,329.18,30.15
Kolkata,28-02-2021,5,2323.15,0.36,59.63,32.9,41.96,252.25,295.43,23.31
Kolkata,01-03-2021,5,1001.36,0.03,34.27,26.46,37.19,104.9,132.1,10.51
Kolkata,02-03-2021,5,12176.51,141.26,159.03,0,122.07,1027.47,1218.28,62.82
Kolkata,03-03-2021,5,1255.04,0.26,45.93,15.2,47.68,127.18,167.18,9.5
Kolkata,04-03-2021,5,9506.23,135.9,119.27,0,114.44,726.74,916.5,76
Kolkata,05-03-2021,5,1361.85,0,39.41,60.08,41.96,176.91,216.52,9.63
Kolkata,06-03-2021,5,567.44,0,22.28,65.8,32.9,56.63,80.05,11.02
Kolkata,07-03-2021,5,5233.76,59.01,82.94,0,78.2,394.65,545.66,58.26
Kolkata,08-03-2021,5,4646.3,14.75,109.67,0.18,75.34,441.22,520.62,40.03
Kolkata,09-03-2021,5,847.82,7.82,28.79,0.42,40.05,58.12,77.01,7.92
Kolkata,10-03-2021,5,974.66,4.47,36.67,1.81,43.87,58.99,84.96,15.71
Kolkata,11-03-2021,5,3471.37,57.22,50.04,0,60.08,210.78,269.34,17.73
Kolkata,12-03-2021,5,6088.26,52.75,105.56,0,74.39,469.27,582.45,23.31
Kolkata,13-03-2021,5,6355.29,28.39,148.06,0.01,78.2,729.08,893.99,36.99
Kolkata,14-03-2021,5,1482.01,0,37.01,44.7,31.47,209.75,243.63,14.57
Kolkata,15-03-2021,5,7690.43,52.75,139.83,0,64.85,643.6,733.78,29.64
Kolkata,16-03-2021,5,1815.8,0.22,46.61,21.28,44.82,239.78,278.65,11.15
Kolkata,17-03-2021,5,9613.04,87.62,132.98,0,83.92,838.35,952.33,35.97
Kolkata,18-03-2021,5,5500.79,42.02,95.96,0,60.56,446.77,550.53,24.83
Kolkata,19-03-2021,5,2750.4,27.49,46.61,0.01,43.87,191.04,261.12,13.93
Kolkata,20-03-2021,5,4699.71,16.99,108.3,0.13,56.27,455.63,547.85,21.79
Kolkata,21-03-2021,5,4486.08,45.6,61.69,0,51.98,377.64,499.72,46.61
Kolkata,22-03-2021,5,3791.81,19.67,80.2,0.03,46.73,373.84,447.46,20.01
Kolkata,23-03-2021,5,9826.66,88.51,150.8,0,89.65,856.73,971.55,50.16
Kolkata,24-03-2021,5,1602.17,0,44.55,41.13,50.07,191.77,237.34,27.36
Kolkata,25-03-2021,5,7156.37,12.52,165.88,0.15,91.55,690.57,780.73,61.3
Kolkata,26-03-2021,5,8224.49,43.81,167.25,0,114.44,687.45,792.79,74.98
Kolkata,27-03-2021,5,2056.12,0.57,61.01,14.48,48.64,240.24,284.63,15.33
Kolkata,28-03-2021,5,2136.23,1.62,57.58,9.74,35.76,255.92,297.9,10.39
Kolkata,29-03-2021,5,1068.12,0.01,37.36,30.76,39.58,141.3,166.24,7.85
Kolkata,30-03-2021,5,894.55,0,33.24,36.84,41.49,132.17,163.22,6.71
Kolkata,31-03-2021,5,834.47,0,24.68,84.4,38.15,101.98,132.88,16.47
Kolkata,01-04-2021,5,2777.1,18.77,52.09,0.07,41.96,182.52,256.02,12.16
Kolkata,02-04-2021,4,707.63,0.31,30.16,15.2,38.62,44.35,91.76,6.27
Kolkata,03-04-2021,4,921.25,2.04,36.67,4.16,45.78,48.76,89.43,8.74
Kolkata,04-04-2021,5,854.49,0.02,28.79,26.11,34.33,50.64,77.87,7.41
Kolkata,05-04-2021,5,2670.29,2.71,72.66,4.2,42.92,196.33,243.56,19.51
Kolkata,06-04-2021,5,3524.78,48.73,55.52,0,60.56,203.59,269.2,26.85
Kolkata,07-04-2021,5,894.55,0.13,35.64,19.13,43.87,51.33,75.12,9.75
Kolkata,08-04-2021,4,627.52,0,23.99,47.21,32.42,42.78,65.2,6.14
Kolkata,09-04-2021,5,754.36,0,29.82,52.21,40.53,55.6,82.87,7.6
Kolkata,10-04-2021,5,1028.06,0.5,42.5,14.84,49.11,57.51,73.74,7.85
Kolkata,11-04-2021,5,1255.04,0.29,39.76,12.88,40.53,79.22,106.71,8.87
Kolkata,12-04-2021,5,894.55,0.09,28.45,19.67,32.9,57.11,79.27,7.41
Kolkata,13-04-2021,5,1335.14,0.19,42.16,17.35,45.78,92.6,127.76,9.5
Kolkata,14-04-2021,4,807.76,2.24,32.22,3.58,40.53,43.17,64.28,7.98
Kolkata,15-04-2021,4,654.22,0.82,27.08,8.49,35.29,34.69,53.05,5.76
Kolkata,16-04-2021,5,841.14,0.03,33.24,26.46,39.58,68.03,91.51,6.52
Kolkata,17-04-2021,5,1441.96,0.01,47.3,30.4,47.68,117.32,151.74,11.02
Kolkata,18-04-2021,5,801.09,0.03,28.79,25.75,33.85,50.64,69.09,6.46
Kolkata,19-04-2021,4,741.01,0.28,24.68,13.95,30.99,39.07,53.22,5.95
Kolkata,20-04-2021,4,700.95,1.82,27.76,4.74,36.72,31.61,49.63,6.52
Kolkata,21-04-2021,4,647.54,0.12,27.08,19.13,34.33,38.95,60.53,5.89
Kolkata,22-04-2021,5,907.9,3.13,38.39,2.66,50.55,56.88,87.21,8.49
Kolkata,23-04-2021,5,7156.37,89.41,134.35,0,110.63,621.77,704.01,27.11
Kolkata,24-04-2021,5,2189.64,0.06,51.41,22.89,43.39,232.98,281.05,12.54
Kolkata,25-04-2021,5,1094.82,0.13,33.24,18.42,33.38,71.14,96.64,7.41
Kolkata,26-04-2021,5,934.6,0,30.85,34.33,36.72,64.63,89.92,8.87
Kolkata,27-04-2021,5,667.57,0,29.13,35.76,38.15,51.04,84.25,7.22
Kolkata,28-04-2021,5,827.79,0.13,37.36,18.42,44.82,63.95,98.25,7.79
Kolkata,29-04-2021,5,907.9,0.34,37.36,13.41,46.25,68.52,103.17,9.25
Kolkata,30-04-2021,5,1014.71,5.76,36.33,0.96,44.82,64.61,95.84,10.26
Kolkata,01-05-2021,5,1295.09,4.58,50.72,2.26,58.17,94.43,135.63,13.43
Kolkata,02-05-2021,5,814.44,0.01,31.19,31.11,36.24,67.16,96.76,7.47
Kolkata,03-05-2021,4,674.25,0.07,30.16,21.64,38.15,34.35,51.13,7.54
Kolkata,04-05-2021,5,1441.96,13.41,46.61,0.08,61.99,88.73,118.39,12.16
Kolkata,05-05-2021,5,3124.24,38,54.84,0,60.08,192.42,240.5,15.2
Kolkata,06-05-2021,5,1361.85,19.45,34.96,0.01,50.07,67.04,92.18,11.27
Kolkata,07-05-2021,4,974.66,15.65,24.33,0.01,45.78,40.45,58.82,8.99
Kolkata,08-05-2021,4,807.76,17.66,17.48,0,45.78,32.88,47.03,7.79
Kolkata,09-05-2021,5,1548.77,29.5,19.36,0,41.49,71.08,93.92,11.53
Kolkata,10-05-2021,4,867.84,10.06,24.68,0.12,39.58,46.14,62.08,8.49
Kolkata,11-05-2021,5,1281.74,22.13,26.05,0,52.45,63.92,84.95,11.02
Kolkata,12-05-2021,5,1148.22,20.56,23.65,0,57.7,52.77,71.02,10.01
Kolkata,13-05-2021,5,1174.93,0.11,44.55,18.77,50.55,69.44,87.04,8.49
Kolkata,14-05-2021,5,2403.26,44.7,43.18,0,73.43,133.41,166.34,16.21
Kolkata,15-05-2021,5,947.95,1.96,39.07,4.07,45.78,56.59,79.91,8.61
Kolkata,16-05-2021,2,547.41,2.74,21.42,2.15,29.09,18.7,32.94,5.64
Kolkata,17-05-2021,2,534.06,8.16,13.54,0.12,30.04,14.82,25.4,5.45
Kolkata,18-05-2021,2,547.41,6.2,19.54,0.5,35.29,19.01,33.21,7.16
Kolkata,19-05-2021,2,480.65,1.48,21.42,5.19,30.99,16.5,28.9,5.07
Kolkata,20-05-2021,2,487.33,0.92,21.59,7.69,29.09,17.79,30.72,5.19
Kolkata,21-05-2021,3,494,0.87,22.62,7.6,30.52,20.41,36.87,5.38
Kolkata,22-05-2021,3,514.03,2.15,24.33,3.35,35.76,22.31,31.95,5.19
Kolkata,23-05-2021,2,520.71,0.13,25.71,16.45,33.38,19.57,28.77,6.84
Kolkata,24-05-2021,5,8972.17,119.81,112.41,0,125.89,718.62,846.01,71.94
Kolkata,25-05-2021,3,627.52,0.8,21.59,7.15,22.17,21.51,31.32,5.95
Kolkata,26-05-2021,1,293.73,0,5.18,62.94,6.68,9.68,11.61,2.01
Kolkata,27-05-2021,5,467.3,0,8.82,114.44,14.19,60.68,71.65,2.82
Kolkata,28-05-2021,4,377.18,0,12,44.35,16.21,25.77,34.48,3.36
Kolkata,29-05-2021,5,821.11,0,29.47,41.13,36.24,68.79,105.65,8.74
Kolkata,30-05-2021,4,540.73,0.03,21.94,25.03,28.85,32.54,55.04,5.32
Kolkata,31-05-2021,4,427.25,0,15.59,53.64,20.98,37.11,60.39,3.64
Kolkata,01-06-2021,5,794.41,0.06,32.22,23.96,39.58,59.6,68.79,6.02
Kolkata,02-06-2021,5,620.84,0,26.39,48.64,35.76,58.87,87.74,5.45
Kolkata,03-06-2021,5,640.87,0.01,30.16,30.04,39.58,52.38,68.13,6.33
Kolkata,04-06-2021,5,774.38,0.01,33.59,28.97,44.35,55.28,71.17,7.54
Kolkata,05-06-2021,5,660.9,0,27.76,42.92,37.67,61.53,78.46,6.02
Kolkata,06-06-2021,4,554.09,0,20.74,61.51,28.37,46.01,63.96,5.07
Kolkata,07-06-2021,4,714.3,0,27.42,37.91,34.81,45.49,59.96,6.46
Kolkata,08-06-2021,4,734.33,0.01,30.85,30.4,41.01,47.46,69.15,6.65
Kolkata,09-06-2021,5,720.98,0,26.05,65.8,38.15,80.05,87.98,4.75
Kolkata,10-06-2021,5,1708.98,13.52,57.58,0.07,89.65,151.27,175.4,15.71
Kolkata,11-06-2021,4,640.87,0.67,30.16,9.48,34.33,29.59,36.71,6.27
Kolkata,12-06-2021,5,1201.63,18.77,30.16,0.01,53.88,61.04,74.29,10.39
Kolkata,13-06-2021,4,747.68,2.1,23.99,2.64,27.42,35.66,42.26,6.78
Kolkata,14-06-2021,5,3631.59,68.84,22.28,0,48.64,216.87,264.09,22.8
Kolkata,15-06-2021,5,947.95,0.23,38.04,14.48,45.3,55.22,67.84,8.87
Kolkata,16-06-2021,5,867.84,1.06,37.01,6.17,46.25,51.81,59.01,6.14
Kolkata,17-06-2021,4,921.25,8.94,31.87,0.13,53.88,49.15,55.16,5.45
Kolkata,18-06-2021,5,907.9,0.37,40.1,11.62,48.64,53.4,63.99,7.03
Kolkata,19-06-2021,5,1241.68,12.41,40.78,0.05,57.7,72.49,80.33,6.33
Kolkata,20-06-2021,4,720.98,0.25,30.16,12.34,36.72,49.98,56.27,4.94
Kolkata,21-06-2021,5,3177.64,39.79,41.81,0,44.35,204.95,243.15,13.3
Kolkata,22-06-2021,5,2323.15,10.95,61.69,0.27,56.74,196.63,227.41,12.79
Kolkata,23-06-2021,5,1361.85,8.94,38.73,0.38,42.92,86.68,102.8,11.15
Kolkata,24-06-2021,4,680.92,0,28.1,46.49,37.19,45.16,51.16,5.38
Kolkata,25-06-2021,5,767.71,0,28.45,69.38,40.53,90.71,105.19,5.7
Kolkata,26-06-2021,5,894.55,0,31.87,47.21,39.1,83.77,102.14,8.23
Kolkata,27-06-2021,4,654.22,0.01,23.65,31.11,28.61,39.34,50.37,7.22
Kolkata,28-06-2021,4,660.9,0.07,28.79,20.92,34.81,31.6,44.17,7.03
Kolkata,29-06-2021,2,447.27,0,19.54,40.41,27.18,17.95,28.32,4.75
Kolkata,30-06-2021,4,460.63,0,19.02,57.22,27.9,33.01,43.86,4.5
Kolkata,01-07-2021,4,540.73,0,22.96,48.64,32.9,39,52.02,5.07
Kolkata,02-07-2021,4,587.46,0,24.68,41.84,34.33,44.34,53.67,5.38
Kolkata,03-07-2021,5,934.6,0.05,37.7,20.21,48.16,63.29,71.52,6.14
Kolkata,04-07-2021,5,854.49,0,30.16,39.7,35.76,60.74,73.67,7.66
Kolkata,05-07-2021,5,1428.6,0.61,49.35,8.49,51.98,110.1,127.6,11.02
Kolkata,06-07-2021,5,2029.42,5.03,61.01,2.12,55.31,185.71,213.11,11.27
Kolkata,07-07-2021,5,781.06,0,32.22,41.84,42.92,76.09,88.51,6.97
Kolkata,08-07-2021,5,1028.06,0.21,41.13,15.38,53.88,78.94,85.47,6.65
Kolkata,09-07-2021,5,1161.58,0.02,43.18,24.68,48.16,89.93,106.46,8.99
Kolkata,10-07-2021,5,1348.5,0.99,42.16,6.8,45.78,97.92,116.2,11.02
Kolkata,11-07-2021,4,694.28,6.31,20.05,0.44,28.61,26.45,34.12,7.35
Kolkata,12-07-2021,2,534.06,2.79,20.22,2.3,27.18,17.17,24.66,6.46
Kolkata,13-07-2021,4,947.95,18.11,19.71,0.01,40.05,40.7,53.23,9.88
Kolkata,14-07-2021,3,640.87,2.04,23.99,3.89,33.38,24.36,31.31,7.47
Kolkata,15-07-2021,4,827.79,8.61,26.05,0.28,42.44,34.91,47.51,9.5
Kolkata,16-07-2021,4,834.47,8.27,27.76,0.3,43.87,35.7,48.52,9.12
Kolkata,17-07-2021,5,934.6,3.13,39.76,2.66,47.68,50.62,67.2,8.61
Kolkata,18-07-2021,4,607.49,0.01,26.39,27.54,32.42,34.1,42.29,6.08
Kolkata,19-07-2021,3,514.03,0,21.42,35.41,29.09,22.54,31.39,5.19
Kolkata,20-07-2021,4,907.9,0.05,39.76,22.35,51.5,48.73,56.4,6.71
Kolkata,21-07-2021,5,1642.23,12.96,49.35,0.06,62.94,110.4,129.54,10.89
Kolkata,22-07-2021,5,6195.07,134.11,28.45,0,96.32,394.19,473.5,57.25
Kolkata,23-07-2021,2,554.09,0.3,18.51,13.59,21.7,19.16,22.9,4.75
Kolkata,24-07-2021,4,634.19,0.66,24.33,8.14,25.51,26.76,30.24,4.56
Kolkata,25-07-2021,5,921.25,0.91,32.56,5.9,32.9,55.1,72.31,8.23
Kolkata,26-07-2021,5,2029.42,9.5,47.98,0.19,45.3,146.52,174.97,11.4
Kolkata,27-07-2021,5,1455.31,16.09,38.73,0.01,51.5,77.3,97.34,8.04
Kolkata,28-07-2021,5,907.9,16.76,28.1,0,42.92,60.57,70.52,4.81
Kolkata,29-07-2021,5,741.01,0,21.59,63.66,34.81,63.44,67.6,2.72
Kolkata,30-07-2021,4,600.82,1.68,28.1,3.76,39.1,29.71,32.05,2.57
Kolkata,31-07-2021,4,574.11,0.04,28.1,21.99,36.24,33.43,40.65,5.45
Kolkata,01-08-2021,4,714.3,0.01,28.45,30.76,34.81,42.07,53,6.9
Kolkata,02-08-2021,4,787.74,0.16,32.22,15.38,38.15,40.28,53.28,7.6
Kolkata,03-08-2021,5,1535.42,11.51,47.98,0.11,63.9,99.66,116.14,9.88
Kolkata,04-08-2021,5,1895.9,34.87,49.35,0,103.95,131.23,148.5,10.89
Kolkata,05-08-2021,5,2162.93,29.06,52.78,0,74.39,159.54,188.88,10.51
Kolkata,06-08-2021,5,2109.53,10.17,56.21,0.12,62.94,184.58,207.91,11.53
Kolkata,07-08-2021,5,961.3,0,37.01,36.48,47.68,77.6,87.11,7.16
Kolkata,08-08-2021,4,734.33,0,27.42,32.9,33.38,42.35,51.7,6.33
Kolkata,09-08-2021,5,1068.12,0.32,35.64,12.16,39.1,77.89,92.85,8.49
Kolkata,10-08-2021,5,774.38,0.01,32.9,29.68,42.92,61.38,75.97,7.22
Kolkata,11-08-2021,5,934.6,0.07,37.01,21.1,44.82,71.55,85.34,7.92
Kolkata,12-08-2021,5,700.95,0,27.08,50.07,36.72,57.53,64.25,5.26
Kolkata,13-08-2021,5,867.84,0,34.96,49.35,50.07,80.64,87.25,5.38
Kolkata,14-08-2021,5,854.49,0,33.24,41.84,42.92,76.62,91.08,7.09
Kolkata,15-08-2021,5,1014.71,0.22,36.33,13.59,39.58,67.02,79.26,7.92
Kolkata,16-08-2021,4,894.55,3.33,27.76,1.83,35.76,43.24,52.33,8.74
Kolkata,17-08-2021,4,700.95,0.41,26.73,11.98,32.42,31.44,36.56,6.27
Kolkata,18-08-2021,3,547.41,0.02,21.25,29.33,27.9,24.76,28.9,5
Kolkata,19-08-2021,4,660.9,0.06,29.13,22.89,37.67,35.74,40.74,5.45
Kolkata,20-08-2021,4,687.6,2.54,27.42,3.09,37.19,29.4,35.91,6.97
Kolkata,21-08-2021,4,694.28,4.19,22.96,1.45,32.9,26.91,32.6,6.4
Kolkata,22-08-2021,4,821.11,9.72,25.02,0.15,37.19,35.63,49.14,8.11
Kolkata,23-08-2021,2,423.91,0.19,19.02,15.74,25.27,17.15,26.29,4.37
Kolkata,24-08-2021,5,1228.33,6.71,41.47,0.94,49.11,70.24,92.27,10.26
Kolkata,25-08-2021,5,1094.82,0,38.04,38.62,49.59,101.01,118.62,8.36
Kolkata,26-08-2021,5,1161.58,0.02,41.47,25.39,50.07,91.2,107.87,9.12
Kolkata,27-08-2021,5,3391.27,126.96,43.87,0,198.36,257.92,287.72,16.72
Kolkata,28-08-2021,5,934.6,2.49,31.87,3.53,33.85,51.09,60.37,8.11
Kolkata,29-08-2021,2,440.6,0.88,19.02,6.62,21.94,16.62,20.95,5.07
Kolkata,30-08-2021,3,567.44,1.08,20.39,6.53,26.7,22.35,27.49,6.4
Kolkata,31-08-2021,4,727.65,11.96,20.05,0.07,38.62,29.77,37.62,7.85
Kolkata,01-09-2021,5,3150.94,66.16,23.31,0,57.7,174.66,223.29,17.99
Kolkata,02-09-2021,5,1134.87,17.66,29.82,0.01,50.07,50.92,72.31,10.26
Kolkata,03-09-2021,5,1628.88,29.95,31.19,0,56.27,82.96,113.94,11.78
Kolkata,04-09-2021,5,2830.51,57.22,28.79,0,57.22,158.84,206.1,16.21
Kolkata,05-09-2021,5,1281.74,18.77,30.16,0,52.45,66.58,87.36,10.89
Kolkata,06-09-2021,5,1388.55,27.94,16.97,0,34.33,62.13,81.09,13.05
Kolkata,07-09-2021,2,514.03,0.05,20.56,23.96,24.8,18.88,21.62,3.86
Kolkata,08-09-2021,4,794.41,9.39,22.62,0.2,35.76,34.03,43.74,8.61
Kolkata,09-09-2021,5,1695.63,29.95,19.88,0,43.39,80.83,98.49,13.55
Kolkata,10-09-2021,5,5874.63,155.57,50.72,0,117.3,429.72,490.68,26.6
Kolkata,11-09-2021,5,1174.93,6.99,31.87,0.67,36.24,73.82,84.24,6.59
Kolkata,12-09-2021,2,554.09,0.22,15.42,13.23,16.69,16.59,22.31,5.13
Kolkata,13-09-2021,2,353.81,0,13.02,38.27,15.97,16.38,17.99,2.6
Kolkata,14-09-2021,3,487.33,0.45,20.22,11.44,25.03,22,24.71,3.93
Kolkata,15-09-2021,2,487.33,0.49,22.28,11.36,27.9,19.41,23.16,4.94
Kolkata,16-09-2021,5,2162.93,44.26,18.85,0,44.35,111.03,135.08,15.71
Kolkata,17-09-2021,5,2723.69,50.96,28.1,0,55.31,154.19,185.19,16.72
Kolkata,18-09-2021,5,3685,76.89,28.1,0,64.85,223.46,271.76,23.31
Kolkata,19-09-2021,5,2243.04,29.95,45.93,0,74.39,175.88,188.37,10.89
Kolkata,20-09-2021,5,2376.56,26.82,47.98,0,75.34,173.3,189.14,10.51
Kolkata,21-09-2021,4,847.82,0.73,29.47,8.76,36.72,45.77,50.34,6.27
Kolkata,22-09-2021,2,487.33,0.75,19.71,9.03,25.75,17.86,21.36,4.69
Kolkata,23-09-2021,4,974.66,2.63,30.85,3.09,41.49,48.61,56.62,8.11
Kolkata,24-09-2021,5,4005.43,83.15,23.99,0,63.9,240.68,295.62,27.87
Kolkata,25-09-2021,5,1976.01,26.15,34.96,0,48.64,114.7,161.43,11.78
Kolkata,26-09-2021,4,761.03,1.84,20.05,3,21.94,39.11,49.56,7.22
Kolkata,27-09-2021,4,1068.12,19.67,14.05,0,28.37,45.68,59.45,10.89
Kolkata,28-09-2021,4,1081.47,16.54,18.17,0.02,31.95,47,57.02,7.22
Kolkata,29-09-2021,2,447.27,0.42,17.65,12.52,23.13,11.94,14.15,3.48
Kolkata,30-09-2021,4,907.9,14.08,18.68,0.04,34.81,37.31,52.04,10.01
Kolkata,01-10-2021,5,1375.2,29.95,17.14,0,45.78,62.51,80.87,11.65
Kolkata,02-10-2021,5,1121.52,19,25.02,0,44.82,51.25,72.14,9.75
Kolkata,03-10-2021,3,607.49,6.04,21.76,0.46,31.95,21.83,32.64,6.21
Kolkata,04-10-2021,3,640.87,5.25,22.96,0.72,36.24,24.56,30.27,5.57
Kolkata,05-10-2021,4,821.11,14.75,21.59,0.02,49.11,32.99,40.12,6.52
Kolkata,06-10-2021,5,1415.25,23.69,25.36,0,51.02,67.89,92.43,10.13
Kolkata,07-10-2021,5,1455.31,20.79,27.42,0,46.73,75.63,109.49,10.51
Kolkata,08-10-2021,5,2216.34,23.02,40.78,0,49.11,150.52,190.46,13.05
Kolkata,09-10-2021,5,4966.74,32.19,66.49,0,60.56,453.04,528.81,21.28
Kolkata,10-10-2021,5,7263.18,2.29,109.67,2.33,68.67,1034.85,1103.83,17.23
Kolkata,11-10-2021,5,5554.2,31.74,101.45,0,72.48,719.06,823.43,23.31
Kolkata,12-10-2021,5,8010.86,103.71,71.29,0,64.85,831.29,932.06,16.09
Kolkata,13-10-2021,5,3845.22,38.89,56.21,0,39.58,404.1,511.29,11.02
Kolkata,14-10-2021,5,4539.49,68.84,44.55,0,64.85,384.56,418.63,18.75
Kolkata,15-10-2021,5,6782.53,164.51,75.4,0,112.53,597.51,652.93,15.45
Kolkata,16-10-2021,5,7370,42.47,126.12,0,103.95,780.16,876.09,36.99
Kolkata,17-10-2021,5,1815.8,33.53,14.05,0,31.95,86.7,106.54,14.19
Kolkata,18-10-2021,2,654.22,1.63,18.51,4.2,23.6,15.74,18.82,4.69
Kolkata,19-10-2021,2,580.79,0.23,21.76,16.45,29.33,17.89,21.48,5.38
Kolkata,20-10-2021,3,667.57,3.74,23.31,1.83,34.81,23.47,30.03,7.41
Kolkata,21-10-2021,5,2990.72,53.2,42.5,0,83.92,198.02,231.15,15.58
Kolkata,22-10-2021,5,3311.16,2.04,79.51,13.23,51.98,308.98,356.13,8.49
Kolkata,23-10-2021,5,11428.83,205.64,63.06,0,59.13,1023.67,1135.69,19.25
Kolkata,24-10-2021,5,6462.1,91.2,52.09,0,45.78,657.52,744.34,17.23
Kolkata,25-10-2021,5,6462.1,78.68,100.08,0,56.27,661,773.84,14.31
Kolkata,26-10-2021,5,12390.14,164.51,157.65,0,114.44,1314.1,1534.39,62.32
Kolkata,27-10-2021,5,7690.43,157.36,37.7,0,106.81,675.41,863.79,78.02
Kolkata,28-10-2021,5,4325.87,81.36,27.08,0,54.84,292.41,342.7,24.57
Kolkata,29-10-2021,5,1976.01,30.85,29.47,0,52.93,106.3,124.46,16.21
Kolkata,30-10-2021,5,2376.56,3.05,60.32,8.85,34.81,184.37,258.94,11.91
Kolkata,31-10-2021,5,3204.35,22.35,74.03,0.45,33.85,273.2,360.29,11.4
Kolkata,01-11-2021,5,12603.76,271.8,75.4,0,66.76,1088.96,1217.89,29.89
Kolkata,02-11-2021,5,18371.58,396.97,127.49,0,389.1,1582.94,1890.11,328.3
Kolkata,03-11-2021,5,7156.37,144.84,54.84,0,99.18,593.32,769.97,71.94
Kolkata,04-11-2021,5,12817.38,293.25,66.49,0,72.48,1093.56,1297.68,33.94
Kolkata,05-11-2021,5,8758.54,182.39,63.06,0,66.76,832.65,1055.7,29.89
Kolkata,06-11-2021,5,7156.37,116.23,80.88,0,45.78,709.54,896.71,17.48
Kolkata,07-11-2021,5,6515.5,123.38,65.12,0,52.45,572.54,752.41,28.37
Kolkata,08-11-2021,5,3391.27,40.68,56.21,0,33.38,300.15,401.21,14.95
Kolkata,09-11-2021,5,4913.33,82.25,60.32,0,42.44,463.38,608.32,16.72
Kolkata,10-11-2021,5,8117.68,162.72,70.6,0,77.25,684.89,903.28,48.13
Kolkata,11-11-2021,5,10360.72,207.42,85.68,0,106.81,904.24,1122.38,65.86
Kolkata,12-11-2021,5,18371.58,382.66,163.14,0,362.4,1620.7,1907.73,312.09
Kolkata,13-11-2021,5,3898.62,54.54,52.09,0,51.5,293.85,377.89,23.81
Kolkata,14-11-2021,5,4646.3,79.57,32.9,0,61.04,340.09,391.32,33.94
Kolkata,15-11-2021,5,10467.53,232.46,79.51,0,103.95,818.43,905.98,31.92
Kolkata,16-11-2021,5,7797.24,191.33,30.5,0,71.53,583.79,700.2,42.05
Kolkata,17-11-2021,5,3017.43,20.34,65.12,0.13,33.86,309.04,379,9.88
Kolkata,18-11-2021,5,2723.69,16.54,67.86,0.16,35.29,222.62,308.4,11.65
Kolkata,19-11-2021,5,7690.43,160.93,59.63,0,49.11,625.78,819.58,22.29
Kolkata,20-11-2021,5,9292.6,191.33,54.15,0,95.37,798.41,984.82,64.34
Kolkata,21-11-2021,5,10147.09,151.99,87.05,0,61.04,1022.26,1201.19,24.32
Kolkata,22-11-2021,5,9719.85,153.78,72.66,0,65.8,1059.01,1236.07,20.27
Kolkata,23-11-2021,5,3845.21,29.95,54.84,0,48.64,381.78,460.62,14.95
Kolkata,24-11-2021,5,16021.73,253.92,95.96,0,82.97,1670.97,1763.22,32.42
Kolkata,25-11-2021,5,3284.45,19.67,59.63,0.07,42.44,393.64,470.41,18.75
Kolkata,26-11-2021,5,11535.64,205.64,97.33,0,117.3,1119.93,1306.59,85.12
Kolkata,27-11-2021,5,5928.04,91.2,60.32,0,60.08,561.6,707.27,34.96
Kolkata,28-11-2021,5,5073.55,76,61.01,0,46.73,426.28,581.08,29.89
Kolkata,29-11-2021,5,7476.81,141.26,69.92,0,54.36,615.64,772.54,33.44
Kolkata,30-11-2021,5,4966.74,59.01,75.4,0,49.11,432.21,585.6,24.07
Kolkata,01-12-2021,5,4219.06,61.69,63.06,0,37.19,333.44,448.39,14.44
Kolkata,02-12-2021,5,6301.88,130.53,61.01,0,42.92,474.95,616.68,14.44
Kolkata,03-12-2021,5,14312.74,271.8,174.11,0,192.64,1249.25,1469.12,145.91
Kolkata,04-12-2021,5,3471.37,33.97,61.69,0,33.86,272.84,343.66,14.06
Kolkata,05-12-2021,5,747.68,0,15.77,71.53,16.21,70.87,73.78,3.55
Kolkata,06-12-2021,4,647.54,0.47,20.73,11.18,20.98,30.92,33.8,4.24
Kolkata,07-12-2021,5,1922.61,36.66,32.56,0,43.87,107.53,152.23,13.55
Kolkata,08-12-2021,5,9399.41,207.42,43.87,0,55.31,700.57,877.52,24.57
Kolkata,09-12-2021,5,2376.56,20.79,39.76,0.02,29.8,167.84,218.63,12.67
Kolkata,10-12-2021,5,13244.63,300.41,94.59,0,167.85,1102.06,1290.21,88.16
Kolkata,11-12-2021,5,20935.06,457.76,139.83,0,100.14,2054.81,2274.68,38.5
Kolkata,12-12-2021,5,1842.5,0.31,41.81,15.56,24.56,230.74,265.36,9.63
Kolkata,13-12-2021,5,3177.64,23.92,56.21,0.03,32.9,317.7,392.6,16.72
Kolkata,14-12-2021,5,12710.57,257.49,82.94,0,55.79,1140.98,1360.98,21.03
Kolkata,15-12-2021,5,5821.23,89.41,67.86,0,46.73,544.61,736.64,23.05
Kolkata,16-12-2021,5,6462.1,85.83,85.68,0,50.07,668.74,862.58,25.59
Kolkata,17-12-2021,5,5126.95,61.69,72.66,0,38.62,556.6,720.61,16.72
Kolkata,18-12-2021,5,7156.37,123.38,87.05,0,49.11,632.39,831.77,24.32
Kolkata,19-12-2021,5,3044.13,3.91,87.74,12.52,35.76,371.83,438,10.77
Kolkata,20-12-2021,5,1428.6,0.02,44.55,33.97,24.8,141.96,182.57,24.07
Kolkata,21-12-2021,5,4646.3,70.63,63.75,0,46.25,412.08,538.87,19
Kolkata,22-12-2021,5,9078.98,155.57,82.94,0,66.76,839.52,1053.78,35.97
Kolkata,23-12-2021,5,3471.37,24.14,71.29,0.05,41.01,393.13,484.45,14.82
Kolkata,24-12-2021,5,9399.41,180.6,74.03,0,74.39,886.44,1119.32,43.57
Kolkata,25-12-2021,5,17303.47,318.29,211.12,0,141.14,1648.2,1840.1,112.47
Kolkata,26-12-2021,5,7690.43,92.09,76.09,0,43.39,815.57,919.94,19.25
Kolkata,27-12-2021,5,11001.59,177.03,81.57,0,59.13,1014.14,1165.5,27.36
Kolkata,28-12-2021,5,8758.54,153.78,65.8,0,80.11,788.66,934.32,54.21
Kolkata,29-12-2021,5,4539.49,59.01,48.67,0,40.05,399.38,481.93,20.01
Kolkata,30-12-2021,5,1869.2,0.29,60.32,16.45,29.8,210.53,258.67,9.25
Kolkata,31-12-2021,5,2029.42,2.21,58.95,5.5,31.47,205.74,272.82,8.23
Kolkata,01-01-2022,5,2937.32,27.94,73.34,0.07,44.82,297.58,375.86,7.54
Kolkata,02-01-2022,5,2162.93,0.85,58.95,10.37,23.84,223.97,283.7,9.25
Kolkata,03-01-2022,5,2910.61,16.09,64.43,0.15,24.08,300.34,381.45,10.51
Kolkata,04-01-2022,5,6301.88,96.56,74.03,0,45.3,579.79,777.28,23.05
Kolkata,05-01-2022,5,6782.53,112.65,76.77,0,51.5,669.69,870.92,28.12
Kolkata,06-01-2022,5,9826.66,169.87,105.56,0,74.39,941.9,1131.99,46.61
Kolkata,07-01-2022,5,8117.68,123.38,98.71,0,56.74,879.03,1089.57,27.87
Kolkata,08-01-2022,5,3391.27,11.85,83.63,0.82,33.86,438.73,517.94,9.12
Kolkata,09-01-2022,5,5821.23,84.04,79.51,0,49.11,505.47,689.88,32.42
Kolkata,10-01-2022,5,13671.88,218.15,134.35,0,196.46,1296.05,1482.37,166.18
Kolkata,11-01-2022,5,3311.16,30.85,71.29,0,41.48,377.61,472.78,13.93
Kolkata,12-01-2022,5,1335.14,0.02,41.13,33.62,44.82,175.95,187.48,4.43
Kolkata,13-01-2022,5,2910.61,14.53,67.86,0.12,38.62,303.62,348.32,6.46
Kolkata,14-01-2022,5,3685,31.74,69.92,0,38.15,363.07,446.89,14.57
Kolkata,15-01-2022,5,3845.21,42.02,70.6,0,70.57,321.03,368.06,27.61
Kolkata,16-01-2022,5,1668.93,0.11,48.67,22.17,32.9,180.32,217.11,8.99
Kolkata,17-01-2022,5,1869.2,4.97,54.15,1.61,23.6,188.84,241.47,11.4
Kolkata,18-01-2022,5,3204.35,25.93,65.8,0.04,32.9,331.93,424.14,12.03
Kolkata,19-01-2022,5,5126.95,63.48,66.49,0,39.58,533.28,682.32,17.23
Kolkata,20-01-2022,5,4592.9,44.7,83.63,0,47.68,525.97,645.34,13.17
Kolkata,21-01-2022,5,18798.83,357.63,152.17,0,343.32,1773.36,2008.15,271.56
Kolkata,22-01-2022,5,6942.75,92.09,69.92,0,62.94,701.26,786.14,28.63
Kolkata,23-01-2022,5,1628.88,4.92,37.36,1.94,24.08,164.99,178.61,11.15
Kolkata,24-01-2022,5,1428.6,13.75,35.64,0.18,55.79,141.24,152.76,13.17
Kolkata,25-01-2022,5,4592.9,73.31,33.24,0,61.04,401.52,468.89,39.52
Kolkata,26-01-2022,5,7797.24,164.51,52.78,0,72.48,660.17,853.98,43.06
Kolkata,27-01-2022,5,3578.19,32.19,80.2,0.02,43.39,328.66,409.72,10.26
Kolkata,28-01-2022,5,3284.45,36.66,65.12,0,42.44,262.69,366.13,19.25
Kolkata,29-01-2022,5,5874.63,91.2,76.09,0,63.9,494.36,662.04,42.56
Kolkata,30-01-2022,5,4219.06,48.28,68.55,0,35.76,365,484.27,21.53
Kolkata,31-01-2022,5,9826.66,153.78,89.11,0,82.02,846.08,994.02,57.25
Kolkata,01-02-2022,5,3845.21,33.08,67.17,0,43.87,366.48,430.35,14.57
Kolkata,02-02-2022,5,13031.01,196.7,91.85,0,68.66,1261.71,1403.78,26.85
Kolkata,03-02-2022,5,10467.53,130.53,116.53,0,59.13,1122.05,1293.52,32.17
Kolkata,04-02-2022,5,1081.47,0.24,38.73,18.06,37.67,91.72,113.14,9.5
Kolkata,05-02-2022,5,814.44,0.02,31.53,33.26,34.81,57.5,67.56,5.7
Kolkata,06-02-2022,5,3898.62,42.47,79.51,0.01,44.82,347.93,422.68,14.31
Kolkata,07-02-2022,5,5447.39,60.8,85,0,48.64,482.57,600.15,23.31
Kolkata,08-02-2022,5,12176.51,191.33,106.93,0,81.06,1219.95,1446.68,48.13
Kolkata,09-02-2022,5,5714.42,44.7,91.85,0,54.36,608.33,698.1,17.23
Kolkata,10-02-2022,5,2002.72,0.01,54.84,35.05,45.3,241.68,275.92,10.77
Kolkata,11-02-2022,5,9078.98,214.58,56.89,0,64.85,769.7,889.1,33.44
Kolkata,12-02-2022,5,3898.62,41.13,85,0,56.74,331.25,430.17,28.12
Kolkata,13-02-2022,5,3898.62,45.6,75.4,0,30.52,313.65,409.15,17.23
Kolkata,14-02-2022,5,4966.74,78.68,63.06,0,42.44,457.93,620.93,23.31
Kolkata,15-02-2022,5,4165.65,57.22,68.55,0,45.78,350.02,484.36,24.32
Kolkata,16-02-2022,5,7904.05,134.11,81.57,0,73.43,658.35,900.67,54.72
Kolkata,17-02-2022,5,13885.5,207.42,157.65,0,106.81,1272.35,1507.51,89.17
Kolkata,18-02-2022,5,6729.13,104.61,67.86,0,65.8,599.69,715.15,41.54
Kolkata,19-02-2022,5,8224.49,141.26,84.31,0,76.29,700.99,840.72,77.01
Kolkata,20-02-2022,5,2670.29,0.05,71.29,42.56,45.3,275.35,319.46,21.03
Kolkata,21-02-2022,5,2082.82,8.38,61.01,1.01,84.88,291.65,306.63,17.23
Kolkata,22-02-2022,5,2830.51,14.08,64.43,0.14,47.21,274,315.31,15.2
Kolkata,23-02-2022,5,4806.52,76.89,49.35,0,60.08,389.46,442.97,25.84
Kolkata,24-02-2022,5,13885.5,169.87,165.88,0,93.46,1349.85,1536.41,61.81
Kolkata,25-02-2022,5,2109.53,17.43,51.41,0.06,50.07,192.04,230.05,12.67
Kolkata,26-02-2022,5,2857.21,35.76,53.47,0,61.99,241.82,292.98,19.76
Kolkata,27-02-2022,5,8438.11,113.55,101.45,0,137.33,854.72,980.13,122.61
Kolkata,28-02-2022,5,1708.98,0,50.72,53.64,49.59,199.37,218.02,7.73
Kolkata,01-03-2022,5,6835.94,91.2,64.43,0,61.99,589.73,696.98,29.89
Kolkata,02-03-2022,5,6301.88,18.33,141.2,0.02,76.29,703.43,829.81,17.48
Kolkata,03-03-2022,5,4219.06,46.94,54.15,0,51.02,352.69,432.97,28.88
Kolkata,04-03-2022,5,14526.37,169.87,205.64,0,105.86,1372.26,1563.58,49.14
Kolkata,05-03-2022,5,7049.56,69.74,101.45,0,79.15,593.79,695.52,59.78
Kolkata,06-03-2022,5,5821.23,15.87,126.12,0.13,76.29,595.84,695.5,34.96
Kolkata,07-03-2022,5,3791.81,38.89,61.69,0,45.78,282.62,367.81,40.02
Kolkata,08-03-2022,5,9292.6,118.02,148.06,0,211.72,752.24,944.24,168.2
Kolkata,09-03-2022,5,6034.85,65.27,93.22,0,68.66,486.82,652.37,60.29
Kolkata,10-03-2022,5,9506.23,151.99,113.79,0,104.9,763.18,1002.94,93.22
Kolkata,11-03-2022,5,10040.28,137.69,100.08,0,93.46,819.18,990.1,79.04
Kolkata,12-03-2022,5,13031.01,236.03,108.3,0,100.14,1068.92,1307.67,82.08
Kolkata,13-03-2022,5,3044.13,6.87,78.83,1.21,43.87,261.83,359.81,38.5
Kolkata,14-03-2022,5,4432.68,41.57,76.77,0,55.79,360.56,526.6,52.18
Kolkata,15-03-2022,5,16876.22,296.83,141.2,0,167.85,1388.42,1614.24,111.46
Kolkata,16-03-2022,5,2696.99,2.68,68.55,16.09,46.73,289.43,345.7,22.8
Kolkata,17-03-2022,5,1134.87,0,40.78,37.91,44.82,144.38,180.52,11.4
Kolkata,18-03-2022,5,1295.09,0.01,45.24,28.97,44.35,157.25,189.2,11.27
Kolkata,19-03-2022,5,2403.26,18.78,50.04,0.08,50.54,199.62,250.58,21.53
Kolkata,20-03-2022,5,881.2,0,28.45,50.07,32.42,94.72,116.3,17.48
Kolkata,21-03-2022,5,640.87,0.02,24.33,27.89,29.09,72.94,89.34,6.14
Kolkata,22-03-2022,5,947.95,0.42,38.73,11.98,46.25,78.72,105.12,8.23
Kolkata,23-03-2022,5,1068.12,3.8,37.01,1.7,43.87,75.74,107.23,9.88
Kolkata,24-03-2022,5,1014.71,0.01,37.36,31.11,41.01,87.92,117.21,6.97
Kolkata,25-03-2022,4,554.08,0,19.71,52.93,27.66,40.43,57.32,4.02
Kolkata,26-03-2022,4,514.03,0,16.11,44.35,21.7,28.24,43.62,3.42
Kolkata,27-03-2022,5,1108.17,0.16,37.36,15.74,35.76,69.3,90.99,8.11
Kolkata,28-03-2022,5,921.25,4.14,33.59,1.56,38.15,50.92,72.26,7.73
Kolkata,29-03-2022,4,647.54,1.31,28.1,6.17,35.76,33.68,55.48,6.08
Kolkata,30-03-2022,4,694.27,3.38,28.1,2.28,39.1,33.46,55.68,6.65
Kolkata,31-03-2022,4,720.98,8.38,22.96,0.29,41.01,30.19,53.6,7.28
Kolkata,01-04-2022,4,567.44,0.38,21.76,12.7,28.37,25.45,46.17,4.81
Kolkata,02-04-2022,4,540.73,0.07,20.91,22.71,27.18,25.41,45.85,4.81
Kolkata,03-04-2022,4,660.9,0.14,23.31,17.17,31.47,31.64,55.75,7.66
Kolkata,04-04-2022,2,420.57,0.03,15.77,26.46,20.74,13.9,26.92,4.18
Kolkata,05-04-2022,2,433.92,0.75,17.48,8.76,23.84,11.71,24.57,4.62
Kolkata,06-04-2022,2,473.98,0.05,20.56,25.39,26.94,17.6,29.45,5
Kolkata,07-04-2022,4,654.22,1.22,31.19,6.88,38.62,29.02,46.13,6.78
Kolkata,08-04-2022,4,881.2,6.09,31.53,0.73,44.35,39.87,57.26,8.87
Kolkata,09-04-2022,3,687.6,1.98,22.96,4.16,31.95,22,35.13,6.78
Kolkata,10-04-2022,4,634.19,0.4,21.59,11.44,27.42,26.24,39.68,5.89
Kolkata,11-04-2022,3,520.71,0.01,16.11,33.97,22.41,20.9,33.28,4.18
Kolkata,12-04-2022,3,640.87,2.04,23.65,3.84,31.95,23.77,42.41,7.92
Kolkata,13-04-2022,4,634.19,1.69,27.42,4.83,37.67,25.78,45.63,6.97
Kolkata,14-04-2022,3,527.38,1.48,23.65,5.45,32.9,20.4,39.12,6.33
Kolkata,15-04-2022,4,734.33,0.04,29.13,23.25,36.72,37.95,57.89,9.25
Kolkata,16-04-2022,4,801.09,0.27,31.53,15.02,34.33,36.11,55.06,7.54
Kolkata,17-04-2022,4,567.44,0.01,21.25,31.83,25.99,26.49,43.78,5.89
Kolkata,18-04-2022,4,540.73,0.01,20.73,33.62,26.46,26.29,45.93,5.64
Kolkata,19-04-2022,4,720.98,6.15,25.02,0.65,40.05,35.61,58.5,8.23
Kolkata,20-04-2022,3,554.08,0.14,20.22,18.6,26.94,23.49,42.78,6.14
Kolkata,21-04-2022,4,720.98,8.49,25.36,0.37,41.96,33.36,55,7.09
Kolkata,22-04-2022,4,841.14,9.16,29.47,0.27,46.73,35.95,51.12,8.74
Kolkata,23-04-2022,4,988.01,6.2,34.27,0.94,43.87,49.39,70.92,8.49
Kolkata,24-04-2022,4,507.35,0.1,20.73,21.1,26.23,26.67,43.94,5.07
Kolkata,25-04-2022,4,674.25,0.08,26.73,20.03,31.95,35.43,55.96,7.41
Kolkata,26-04-2022,4,600.81,6.65,21.93,0.56,35.76,27.57,51.41,6.46
Kolkata,27-04-2022,4,821.11,6.65,26.73,0.84,35.29,40.96,67.8,6.97
Kolkata,28-04-2022,5,1174.93,13.63,32.9,0.07,48.64,62.01,98.28,10.89
Kolkata,29-04-2022,5,1054.76,7.93,34.96,0.44,47.21,65.41,104.2,10.26
Kolkata,30-04-2022,5,707.63,0.01,23.65,34.69,30.52,50.1,78,7.22
Kolkata,01-05-2022,4,494,0,13.19,46.49,19.79,37.53,63.46,4.88
Kolkata,02-05-2022,4,500.68,0.11,19.54,19.13,21.93,26.46,33.03,4.5
Kolkata,03-05-2022,5,1081.47,10.95,31.19,0.17,44.35,56.8,76.57,9.37
Kolkata,04-05-2022,5,1148.22,15.2,28.45,0.04,42.92,59.42,77.54,9.63
Kolkata,05-05-2022,5,1922.61,29.5,26.73,0,42.92,100.59,127.45,14.69
Kolkata,06-05-2022,5,3150.94,43.36,54.15,0,65.8,185.55,237.73,16.97
Kolkata,07-05-2022,5,1575.47,13.19,40.78,0.07,50.54,89.73,117.63,11.4
Kolkata,08-05-2022,5,2349.85,17.88,41.47,0.01,40.05,140.1,174.46,12.92
Kolkata,09-05-2022,4,1161.58,12.74,22.62,0.06,32.9,48.31,63.01,10.77
Kolkata,10-05-2022,4,974.66,10.84,22.96,0.1,41.48,35.42,43.79,7.92
Kolkata,11-05-2022,4,1188.28,19.22,20.73,0.01,42.44,49.31,63.52,10.77
Kolkata,12-05-2022,4,680.92,1.22,32.22,6.53,38.62,28.51,44.05,7.35
Kolkata,13-05-2022,2,410.56,0,17.31,37.91,23.6,17.71,29.77,4.31
Kolkata,14-05-2022,4,410.56,0,12.34,69.38,17.64,30.39,47.54,3.1
Kolkata,15-05-2022,2,363.83,0,10.02,58.65,13.47,11.88,21.91,2.82
Kolkata,16-05-2022,2,347.14,0,11.82,40.05,15.74,12.56,23.7,3.04
Kolkata,17-05-2022,2,390.53,0,14.57,36.12,19.31,12.88,24.57,3.86
Kolkata,18-05-2022,2,413.89,0.14,17.99,17.88,24.8,11.94,19.71,4.56
Kolkata,19-05-2022,2,377.18,0.27,15.59,14.13,20.5,10.99,15.46,3.36
Kolkata,20-05-2022,2,554.08,2.82,23.99,2.62,34.81,19.4,26.95,5.95
Kolkata,21-05-2022,2,420.57,0.01,18.68,32.9,25.27,15.34,30.55,4.18
Kolkata,22-05-2022,5,594.14,0,17.31,90.12,24.08,61.79,82.8,4.02
Kolkata,23-05-2022,5,654.22,0,22.96,57.94,29.56,59.17,86.41,5.89
Kolkata,24-05-2022,5,2857.21,33.08,41.47,0,53.41,181.44,224.7,16.09
Kolkata,25-05-2022,5,1014.71,0.04,43.87,22.53,53.41,66.91,94.19,9.63
Kolkata,26-05-2022,5,2269.74,19,52.78,0.01,52.45,165.68,212.74,13.81
Kolkata,27-05-2022,5,1014.71,0.06,36.33,21.28,39.1,97.41,130.84,9.88
Kolkata,28-05-2022,5,1548.77,0,39.41,50.07,39.1,205.28,238.24,9.88
Kolkata,29-05-2022,5,1842.5,10.62,33.24,0.12,30.28,154.05,187.35,11.78
Kolkata,30-05-2022,5,1041.41,0.04,43.87,21.82,53.41,126.25,144.06,7.6
Kolkata,31-05-2022,5,1001.36,0.06,32.56,21.28,35.29,95.36,130.93,9.5
Kolkata,01-06-2022,5,821.11,0.12,29.47,17.7,34.33,66.44,90.03,8.49
Kolkata,02-06-2022,5,720.98,0,24.68,48.64,33.38,68.47,92.39,7.79
Kolkata,03-06-2022,5,687.6,0,23.31,65.8,31.95,77.09,114.81,5.83
Kolkata,04-06-2022,5,514.03,0,19.54,75.1,26.7,57.77,94.66,4.18
Kolkata,05-06-2022,4,460.62,0,15.59,72.24,21.46,39.94,64.14,3.99
Kolkata,06-06-2022,3,400.54,0,14.74,49.35,19.79,23.07,44.28,3.7
Kolkata,07-06-2022,4,487.33,0,20.73,42.2,27.18,27.12,51.91,4.75
Kolkata,08-06-2022,5,540.73,0,18.16,82.25,27.18,57.06,87.22,4.75
Kolkata,09-06-2022,5,547.41,0,18.34,85.83,26.94,70.22,104.95,4.56
Kolkata,10-06-2022,5,534.06,0,23.31,52.21,31.47,50,100.21,5.83
Kolkata,11-06-2022,5,707.63,0,27.42,64.37,37.67,73,101.65,6.9
Kolkata,12-06-2022,5,507.35,0,18.34,65.8,25.75,52.75,70.85,4.5
Kolkata,13-06-2022,4,500.68,0,16.79,75.1,24.08,45.12,61.41,5.32
Kolkata,14-06-2022,4,520.71,0,22.96,46.49,31.47,33.65,49.17,5.57
Kolkata,15-06-2022,4,494,0,19.71,53.64,27.18,47.69,69.66,4.75
Kolkata,16-06-2022,4,480.65,0,19.88,53.64,27.89,49.63,67.36,3.58
Kolkata,17-06-2022,2,433.92,0,17.48,38.27,25.03,19.95,29.62,4.12
Kolkata,18-06-2022,2,427.25,0.11,18.68,19.13,26.23,15.61,25.51,4.75
Kolkata,19-06-2022,2,514.03,0.2,21.08,14.66,27.42,16.92,22.86,5.19
Kolkata,20-06-2022,3,607.49,0.09,24.68,19.67,30.99,23.85,28.07,4.24
Kolkata,21-06-2022,5,1308.44,1.82,47.3,4.07,53.88,83.68,101.83,10.13
Kolkata,22-06-2022,5,1615.52,6.2,56.89,0.62,73.43,105.88,119.05,11.02
Kolkata,23-06-2022,5,1214.98,7.38,44.55,0.49,57.7,65.02,82.68,10.51
Kolkata,24-06-2022,4,894.55,0.01,40.78,30.76,51.5,45.35,59.28,9.75
Kolkata,25-06-2022,5,1161.58,1.96,43.87,3.84,49.59,73.3,90.8,10.51
Kolkata,26-06-2022,4,620.84,0.02,21.59,26.11,28.13,29.44,37.54,6.84
Kolkata,27-06-2022,4,687.6,0.04,28.1,23.25,35.76,30.93,42.06,7.73
Kolkata,28-06-2022,4,720.98,0.26,32.22,14.66,42.44,32.32,45.6,7.79
Kolkata,29-06-2022,4,707.63,0.21,31.19,16.09,41.01,29.72,41.26,8.49
Kolkata,30-06-2022,4,807.76,0.85,38.39,8.49,49.11,40.62,52.78,8.87
Kolkata,01-07-2022,5,1241.68,9.05,44.55,0.32,55.79,66.75,84.86,11.27
Kolkata,02-07-2022,5,2109.53,20.12,57.58,0,77.25,137.02,161.38,13.68
Kolkata,03-07-2022,5,2403.26,17.43,50.72,0.01,52.93,143.71,175.51,16.72
Kolkata,04-07-2022,4,934.6,0.04,27.42,22.89,30.52,48.28,59.13,8.87
Kolkata,05-07-2022,5,1068.12,8.38,27.76,0.32,37.67,53.59,69.01,10.64
Kolkata,06-07-2022,4,620.84,0.17,27.42,16.81,33.38,25.8,34.16,6.97
Kolkata,07-07-2022,4,687.6,0.3,27.08,13.59,33.86,31.53,41.34,7.92
Kolkata,08-07-2022,4,714.3,0.47,27.42,11.18,35.76,34.58,43.89,7.73
Kolkata,09-07-2022,4,614.17,0.08,25.02,20.74,30.52,26.48,35.7,6.59
Kolkata,10-07-2022,2,427.25,0.03,17.65,25.39,22.17,16.09,20.35,4.75
Kolkata,11-07-2022,4,600.81,0.01,24.68,31.47,29.56,29.76,37.03,6.78
Kolkata,12-07-2022,2,397.21,0.01,17.48,32.9,21.22,16.81,21.74,3.96
Kolkata,13-07-2022,4,460.62,0,21.08,45.78,25.51,29.32,37.26,4.88
Kolkata,14-07-2022,2,380.52,0,15.42,50.78,18.12,13.95,18.65,3.89
Kolkata,15-07-2022,2,460.62,0.02,23.31,27.18,28.13,19.64,25.84,5.19
Kolkata,16-07-2022,4,694.27,0.05,30.5,22.53,35.76,38.34,47.56,7.35
Kolkata,17-07-2022,2,387.19,0.01,17.31,31.83,21.46,15.03,19.87,4.12
Kolkata,18-07-2022,4,520.71,0,17.65,44.7,24.08,25.99,33.56,6.08
Kolkata,19-07-2022,3,520.71,0,23.31,35.05,30.52,24.25,31.14,5.57
Kolkata,20-07-2022,5,600.81,0,22.62,75.1,33.38,55.1,64.62,5.76
Kolkata,22-07-2022,5,787.73,0.07,31.53,41.13,45.3,53.92,60.63,8.87
Kolkata,23-07-2022,4,934.6,5.87,28.79,0.94,40.53,40.51,51.78,9.25
Kolkata,24-07-2022,4,587.46,0,18.85,38.27,24.32,29.38,33.06,4.94
Kolkata,25-07-2022,4,627.52,0,18.34,59.37,25.27,41.02,47.2,5.51
Kolkata,26-07-2022,5,1562.12,12.07,37.36,0.12,43.87,80.93,103.85,12.16
Kolkata,27-07-2022,5,1495.36,24.14,29.82,0,51.02,70.99,93.44,11.78
Kolkata,28-07-2022,5,1241.68,22.58,26.39,0,51.5,56.08,78.85,10.89
Kolkata,29-07-2022,5,1308.44,25.93,23.31,0,51.5,59.19,84.88,11.02
Kolkata,30-07-2022,4,894.55,10.95,28.79,0.09,48.16,38.71,56.02,8.61
Kolkata,31-07-2022,2,527.38,4.53,18.85,0.82,30.52,17.25,27.38,5.76
Kolkata,01-08-2022,4,781.06,4.86,28.79,0.97,38.62,33.95,42.18,5.83
Kolkata,02-08-2022,5,5126.95,100.14,49.35,0,118.26,336.63,424.28,57.25
Kolkata,03-08-2022,5,4325.87,69.74,52.09,0,78.2,303.19,357.81,28.63
Kolkata,04-08-2022,5,1628.88,37.55,14.39,0,48.64,78.76,97.55,10.64
Kolkata,05-08-2022,5,2109.53,48.73,14.05,0,43.39,98.45,127.14,15.83
Kolkata,06-08-2022,5,2349.85,48.28,20.73,0,47.68,117.79,150.63,17.48
Kolkata,07-08-2022,3,627.52,5.36,17.31,0.65,22.17,21.85,30.17,6.14
Kolkata,08-08-2022,3,520.71,0.11,25.02,18.6,30.99,21.42,28.64,5.76
Kolkata,09-08-2022,2,373.84,0.08,17.31,20.74,21.46,11.53,13.74,3.1
Kolkata,10-08-2022,2,400.54,0.22,17.82,15.38,21.7,11.87,14.29,3.42
Kolkata,11-08-2022,5,1188.28,14.19,37.7,0.02,59.6,60.06,68.14,9.25
Kolkata,12-08-2022,5,2510.07,34.87,40.44,0,50.54,146.95,172.45,14.44
Kolkata,13-08-2022,5,7583.62,146.63,45.24,0,79.15,545.51,628.43,39.01
Kolkata,14-08-2022,2,423.91,0.03,13.54,24.32,13.23,15.62,19.29,3.13
Kolkata,15-08-2022,2,360.49,0,10.62,40.77,13.59,17.06,20.12,2.85
Kolkata,16-08-2022,4,741,0.4,33.93,11.98,41.48,39.34,67.11,7.85
Kolkata,17-08-2022,5,1094.82,0,39.07,40.41,48.64,100.84,126.45,9.12
Kolkata,18-08-2022,5,1495.36,6.71,47.98,0.49,50.54,108.22,140.36,10.01
Kolkata,19-08-2022,5,1121.52,8.83,55.52,0.16,69.62,86.23,99.51,3.74
Kolkata,20-08-2022,3,607.49,0.02,16.45,27.18,16.93,22.56,24.06,2.34
Kolkata,21-08-2022,4,761.03,0.34,23.31,11.35,24.56,47.28,56.7,7.41
Kolkata,22-08-2022,5,974.66,0.2,29.82,15.2,28.61,64.61,81.91,8.99
Kolkata,23-08-2022,5,3471.37,49.17,45.93,0,59.6,234.59,278.72,15.2
Kolkata,24-08-2022,5,7263.18,177.03,50.04,0,121.12,555.11,653,45.09
Kolkata,25-08-2022,5,1695.63,14.19,47.98,0.04,57.7,114.86,137.99,11.27
Kolkata,26-08-2022,5,1201.63,0.18,45.24,16.27,51.02,106.93,127.89,9.25
Kolkata,27-08-2022,5,727.65,0,25.7,75.1,36.72,97.03,110.04,4.81
Kolkata,28-08-2022,4,727.65,0,26.39,42.92,32.9,44.03,54.05,6.59
Kolkata,29-08-2022,5,1348.5,7.6,33.93,0.42,35.29,94.47,109.68,9.75
Kolkata,30-08-2022,5,1295.09,18.33,32.22,0.01,53.88,64.78,86.28,10.64
Kolkata,31-08-2022,5,1121.52,18.33,28.45,0,51.5,52.6,74.32,10.01
Kolkata,01-09-2022,4,801.09,12.52,23.65,0.04,47.21,31.03,45.79,8.49
Kolkata,02-09-2022,4,974.66,18.78,22.96,0,50.07,39.09,58.48,9.75
Kolkata,03-09-2022,4,988.01,16.99,26.39,0.01,52.45,41.49,62.86,10.13
Kolkata,04-09-2022,5,1001.36,7.49,31.87,0.39,41.01,50.19,68.06,8.99
Kolkata,05-09-2022,4,814.44,0.34,32.9,12.16,41.01,47.38,58.29,7.22
Kolkata,06-09-2022,5,1041.41,0.16,42.5,19.13,51.5,73.31,88.99,8.04
Kolkata,07-09-2022,5,3097.53,59.01,25.7,0,52.45,173.61,207.77,22.04
Kolkata,08-09-2022,5,1388.55,27.05,28.45,0,55.79,72.98,88.23,10.01
Kolkata,09-09-2022,5,1575.47,25.48,21.08,0,36.72,72.98,97.44,13.05
Kolkata,10-09-2022,5,1308.44,24.81,23.31,0,42.92,61.05,78.5,11.78
Kolkata,11-09-2022,2,387.19,0.06,16.96,22.17,21.46,11.26,13.8,3.42
Kolkata,12-09-2022,2,473.98,0.27,17.99,14.84,23.37,13.9,16.72,4.62
Kolkata,13-09-2022,3,587.46,0.23,26.39,16.09,34.33,22.29,26.34,5.19
Kolkata,14-09-2022,4,680.92,3.69,28.45,1.9,40.53,26.64,31.76,5.95
Kolkata,15-09-2022,5,2189.64,31.74,35.64,0,56.27,122.94,150.59,12.03
Kolkata,16-09-2022,5,2857.21,39.34,43.18,0,58.65,200.1,239.98,15.58
Kolkata,17-09-2022,5,2082.82,17.88,47.3,0.02,51.5,166.45,199.62,12.41
Kolkata,18-09-2022,5,1441.96,10.95,40.1,0.11,47.21,104.66,119.4,10.01
Kolkata,19-09-2022,5,5287.17,141.26,42.84,0,103.95,410.46,466.42,19.25
Kolkata,20-09-2022,4,534.06,0.02,17.82,28.61,22.41,25.41,29.51,4.69
Kolkata,21-09-2022,4,821.11,0,25.7,34.69,31.47,44.32,52.15,6.78
Kolkata,22-09-2022,5,934.6,0.04,31.19,24.68,36.24,59.24,71.97,9.12
Kolkata,23-09-2022,5,1415.25,5.7,44.55,0.93,50.54,106.09,129.8,11.65
Kolkata,24-09-2022,5,974.66,0.4,39.07,11.98,41.48,55.79,72.31,8.23
Kolkata,25-09-2022,5,1335.14,11.4,34.27,0.13,39.58,80.35,102.28,9.63
Kolkata,26-09-2022,5,2964.02,49.62,26.05,0,44.82,177.16,219.2,17.48
Kolkata,27-09-2022,5,8651.73,214.58,37.36,0,83.92,665.55,755.04,29.64
Kolkata,28-09-2022,5,11428.83,268.22,59.63,0,286.1,841.57,964.71,202.66
Kolkata,29-09-2022,5,5981.45,189.54,85,0,211.72,554.25,615.03,32.17
Kolkata,30-09-2022,5,6835.94,50.51,117.9,0,117.3,745.31,837.63,30.4
Kolkata,01-10-2022,5,5821.23,26.6,109.67,0.01,70.57,674.8,794.04,11.02
Kolkata,02-10-2022,5,2696.99,13.52,59.63,0.01,61.04,390.72,435.9,10.51
Kolkata,03-10-2022,5,1588.82,19.22,35.64,0.01,61.04,128.57,141.17,9.37
Kolkata,04-10-2022,2,527.38,5.25,22.28,0.85,36.24,18.5,22.09,5.19
Kolkata,05-10-2022,4,1028.06,19.22,14.22,0,30.52,45.41,60.38,9.5
Kolkata,06-10-2022,5,1815.8,26.15,20.91,0,37.67,102.84,126.08,13.43
Kolkata,07-10-2022,5,2964.02,76,18.34,0,75.34,172.81,202.76,27.11
Kolkata,08-10-2022,5,8651.73,166.3,58.26,0,108.72,777.76,840.1,65.86
Kolkata,09-10-2022,5,2616.88,17.21,38.04,0,38.62,204.77,244.4,11.4
Kolkata,10-10-2022,5,2189.64,35.32,20.91,0,37.19,115.85,148.23,10.13
Kolkata,11-10-2022,4,1081.47,16.76,24.33,0.01,43.87,46.04,67.53,9.37
Kolkata,12-10-2022,5,1214.98,22.35,23.31,0,48.16,54,77.41,10.64
Kolkata,13-10-2022,5,2616.88,50.96,25.7,0,54.84,146.57,187.49,16.21
Kolkata,14-10-2022,5,12069.7,318.29,39.76,0,165.94,934.73,1020.7,114.5
Kolkata,15-10-2022,5,9078.98,119.81,87.05,0,81.06,913.91,984.89,31.66
Kolkata,16-10-2022,5,5714.42,45.15,78.14,0,49.11,699.58,765.71,12.29
Kolkata,17-10-2022,5,2296.45,16.09,51.41,0.09,30.99,176.92,242.2,11.78
Kolkata,18-10-2022,5,9399.41,189.54,62.38,0,82.02,815.11,1020.14,47.12
Kolkata,19-10-2022,5,6942.75,139.47,38.04,0,60.08,545.21,727.79,31.16
Kolkata,20-10-2022,5,6408.69,92.09,78.83,0,88.69,515.52,570.01,24.57
Kolkata,21-10-2022,5,2002.72,0.01,52.09,28.61,38.62,225.12,284.99,13.17
Kolkata,22-10-2022,5,1735.69,0,45.24,39.34,45.78,187.44,242.01,14.95
Kolkata,23-10-2022,5,1375.2,0.12,40.44,20.38,27.66,98.12,136.07,11.4
Kolkata,24-10-2022,5,867.84,0.03,25.7,24.32,22.17,62.87,68.93,4.37
Kolkata,25-10-2022,2,433.92,0.01,17.14,32.19,19.31,15.1,17.64,2.25
Kolkata,26-10-2022,5,1735.69,1.84,41.47,5.72,30.99,112.61,135.9,9.75
Kolkata,27-10-2022,5,5180.36,71.53,45.24,0,53.88,376.5,464.45,20.27
Kolkata,28-10-2022,5,4859.92,50.51,54.15,0,50.54,502.63,572.61,20.77
Kolkata,29-10-2022,5,7583.62,150.2,40.44,0,52.93,656.02,805.88,23.31
Kolkata,30-10-2022,5,8438.11,141.26,100.08,0,202.18,632.57,776.11,172.26
Kolkata,31-10-2022,5,7583.62,128.75,66.49,0,75.34,602.41,751.5,48.64
Kolkata,01-11-2022,5,8438.11,151.99,80.88,0,106.81,650.2,840.29,79.04
Kolkata,02-11-2022,5,8117.68,148.42,69.92,0,81.06,642.21,851.01,47.12
Kolkata,03-11-2022,5,7797.24,148.42,65.12,0,59.13,666.44,909.11,30.65
Kolkata,04-11-2022,5,13696,207.5,151,0,219.5,1252,1392,30.65
Kolkata,05-11-2022,5,18624,372,108.5,0,69.75,1800,1980,127.67
Kolkata,06-11-2022,5,8224.49,130.53,97.33,0,156.4,702.82,812.89,127.67
Kolkata,07-11-2022,5,12069.7,166.3,148.06,0,89.65,1170.23,1289.68,41.54
Kolkata,08-11-2022,5,10574.34,126.96,113.79,0,80.11,1108.15,1229,22.55
Kolkata,09-11-2022,5,5554.2,76,56.21,0,50.54,484.08,574.55,24.07
Kolkata,10-11-2022,5,13458.25,336.17,63.75,0,67.71,1105.42,1276.86,21.53
Kolkata,11-11-2022,5,5874.63,118.02,39.07,0,65.8,435.46,571.86,40.02
Kolkata,12-11-2022,5,12924.19,293.25,84.31,0,154.5,1055.56,1287,124.63
Kolkata,13-11-2022,5,13351.44,232.46,87.74,0,47.21,1284.85,1465.5,19
Kolkata,14-11-2022,5,4165.65,59.9,61.01,0,40.05,337.69,458.48,20.77
Kolkata,15-11-2022,5,7904.05,160.93,66.49,0,61.99,648.43,868.01,33.94
Kolkata,16-11-2022,5,14739.99,303.98,86.37,0,72.48,1287.12,1537.86,31.41
Kolkata,17-11-2022,5,8438.11,106.39,122.01,0,86.78,868.69,1115.62,57.76
Kolkata,18-11-2022,5,5126.95,67.06,53.47,0,46.73,496.36,604.47,22.29
Kolkata,19-11-2022,5,2109.53,6.59,72.66,1.5,39.58,225.41,292.72,19
Kolkata,20-11-2022,5,1949.31,2.4,58.95,4.83,29.33,180.42,235.11,9.5
Kolkata,21-11-2022,5,3685,33.97,77.46,0.01,34.81,325.32,418.85,13.17
Kolkata,22-11-2022,5,5714.42,100.14,76.77,0,53.41,505.82,688.82,26.85
Kolkata,23-11-2022,5,9078.98,203.85,71.97,0,67.71,735.51,936.95,38.5
Kolkata,24-11-2022,5,10360.72,207.42,86.37,0,81.06,916.53,1196.37,59.78
Kolkata,25-11-2022,5,3578.19,27.72,87.74,0.01,40.53,388.08,503.32,14.19
Kolkata,26-11-2022,5,6355.29,116.23,63.75,0,46.73,576.94,808.56,23.56
Kolkata,27-11-2022,5,6782.53,75.1,122.01,0,79.15,599.49,745.45,68.9
Kolkata,28-11-2022,5,8331.3,135.9,101.45,0,125.89,756.64,908.08,106.39
Kolkata,29-11-2022,5,6675.72,107.29,78.14,0,72.48,620.7,798.05,48.13
Kolkata,30-11-2022,5,7583.62,143.05,81.57,0,65.8,629.09,875.38,37.49
Kolkata,01-12-2022,5,10787.96,207.42,106.93,0,92.51,910.9,1216.79,89.17
Kolkata,02-12-2022,5,4539.49,52.75,84.31,0,44.82,445.08,585.31,19.25
Kolkata,03-12-2022,5,8758.54,189.54,72.66,0,51.5,750.68,965.3,33.44
Kolkata,04-12-2022,5,5767.82,125.17,50.04,0,57.22,510.2,713.61,41.54
Kolkata,05-12-2022,5,3631.59,35.76,79.51,0,35.29,354.39,470.15,15.96
Kolkata,06-12-2022,5,2937.32,15.65,71.97,0.45,32.9,317.96,405.79,16.09
Kolkata,07-12-2022,5,3337.86,22.58,74.71,0.15,34.81,367.73,451.94,18.24
Kolkata,08-12-2022,5,4379.27,40.68,84.31,0,36.72,467.95,606.19,12.29
Kolkata,09-12-2022,5,6515.5,114.44,69.23,0,52.93,612.98,833.53,28.12
Kolkata,11-12-2022,5,3364.56,23.25,48.67,0.02,39.58,546.44,610.74,14.06
Kolkata,12-12-2022,5,6515.5,75.1,91.85,0,56.74,713.36,868.93,36.48
Kolkata,13-12-2022,5,12390.14,182.39,138.46,0,80.11,1229.14,1433.29,65.86
Kolkata,14-12-2022,5,9613.04,114.44,101.45,0,65.8,951.57,1176.54,34.96
Kolkata,15-12-2022,5,11108.4,200.27,106.93,0,78.2,988.36,1218.61,54.72
Kolkata,16-12-2022,5,6515.5,108.18,77.46,0,58.65,551.61,767.57,36.98
Kolkata,17-12-2022,5,8438.11,193.12,73.34,0,56.74,672.12,937.53,42.05
Kolkata,18-12-2022,5,3417.97,11.4,95.96,0.94,37.67,388.46,482.37,14.31
Kolkata,19-12-2022,5,7797.24,90.3,119.27,0,67.71,737.59,859.33,54.21
Kolkata,20-12-2022,5,17089.84,364.78,119.27,0,104.9,1554.19,1823.17,53.2
Kolkata,21-12-2022,5,8972.17,119.81,146.69,0,68.66,893.84,1080.95,51.68
Kolkata,22-12-2022,5,10574.34,180.6,106.93,0,55.31,1100.92,1321.52,26.09
Kolkata,23-12-2022,5,12710.57,239.61,115.16,0,90.6,1179.16,1407.13,55.73
Kolkata,24-12-2022,5,16662.6,332.59,157.65,0,82.02,1547.67,1755.8,41.54
Kolkata,25-12-2022,5,6515.5,50.51,101.45,0,49.11,770.24,860.6,16.97
Kolkata,26-12-2022,5,2937.32,14.53,69.23,0.45,60.56,393.61,409.72,15.96
Kolkata,27-12-2022,5,1682.28,0.12,50.04,22.53,42.44,214.66,244.57,9.75
Kolkata,28-12-2022,5,8651.73,146.63,58.26,0,61.04,777.47,899.95,29.13
Kolkata,29-12-2022,5,2376.56,4.19,77.46,3.4,31.95,255.77,309.4,13.81
Kolkata,30-12-2022,5,8010.86,126.96,102.82,0,51.98,736.56,903.59,38
Kolkata,31-12-2022,5,13351.44,253.92,112.41,0,69.62,1240.28,1452.84,34.45
Kolkata,01-01-2023,5,7263.18,91.2,68.55,0,51.5,822.44,921.03,26.85
Kolkata,02-01-2023,5,3044.13,20.79,47.3,0.08,25.99,416.06,468.67,12.54
Kolkata,03-01-2023,5,2136.23,0.22,51.41,18.42,29.09,276.68,317.66,13.55
Kolkata,04-01-2023,5,2616.88,12.41,54.84,0.4,29.56,261.86,315.1,13.43
Kolkata,05-01-2023,5,2243.04,0.14,65.8,23.96,31.47,311.64,365.15,9.88
Kolkata,06-01-2023,5,1588.82,0.02,58.95,34.33,43.87,238.17,279.61,11.53
Kolkata,07-01-2023,5,1789.09,0.96,54.15,15.74,26.23,205.7,254.52,14.31
Kolkata,08-01-2023,5,1762.39,0,45.93,47.21,36.24,354.73,395.44,5.45
Kolkata,09-01-2023,5,1482.01,0,40.78,63.66,48.16,359.96,391.68,5.7
Kolkata,10-01-2023,5,2910.61,1.15,78.14,9.66,45.78,521.56,595.46,8.99
Kolkata,11-01-2023,5,8972.17,121.59,123.38,0,63.9,922.16,1048.8,60.8
Kolkata,12-01-2023,5,4539.49,42.02,77.46,0,42.92,513.65,601.78,22.04
Kolkata,13-01-2023,5,5661.01,13.63,112.41,1.08,58.17,790.26,877.72,20.52
Kolkata,14-01-2023,5,2216.34,1.49,57.58,10.46,36.72,308.27,339.19,9.25
Kolkata,15-01-2023,5,11535.64,189.54,91.85,0,73.43,1110.99,1266.34,44.58
Kolkata,16-01-2023,5,2002.72,3.91,50.04,2.57,29.8,205.05,246.14,18.24
Kolkata,17-01-2023,5,4058.84,40.23,66.49,0,38.62,388.15,466.62,17.48
Kolkata,18-01-2023,5,6515.5,99.24,54.15,0,57.22,612.88,721.34,31.41
Kolkata,19-01-2023,5,1628.88,0.02,42.5,32.19,28.61,228.19,262.86,11.02
Kolkata,20-01-2023,5,5874.63,68.84,83.63,0,80.11,612,707.01,53.2
Kolkata,21-01-2023,5,5340.58,59.9,89.11,0,63.9,536.75,634,39.52
Kolkata,22-01-2023,5,5073.55,47.39,74.03,0,36.72,545.89,611.56,16.21
Kolkata,23-01-2023,5,7690.43,46.49,143.95,0,62.94,944.28,1026.9,23.31
Kolkata,24-01-2023,5,10574.34,119.81,132.98,0,77.25,1208.2,1333.81,30.4
Kolkata,25-01-2023,5,12710.57,169.87,134.35,0,90.6,1365.63,1517.47,33.44
Kolkata,26-01-2023,5,4913.33,22.58,101.45,0.05,52.45,666.7,746.7,15.07
Kolkata,27-01-2023,5,4005.43,8.16,100.08,3.04,45.78,644.73,730.22,19
Kolkata,28-01-2023,5,13137.82,246.76,113.79,0,89.65,1131.57,1309.12,50.16
Kolkata,29-01-2023,5,3150.94,9.16,91.85,3.04,33.86,322.64,388.4,12.03
Kolkata,30-01-2023,5,3524.78,23.92,83.63,0.03,42.92,362.35,444.71,29.13
Kolkata,31-01-2023,5,12283.33,209.21,117.9,0,85.83,1098.59,1255.81,43.06
Kolkata,01-02-2023,5,8972.17,93.88,152.17,0,69.62,939.09,1103.58,35.97
Kolkata,02-02-2023,5,3177.64,24.81,85.68,0.03,39.58,258.8,342.45,15.2
Kolkata,03-02-2023,5,3578.19,27.27,95.96,0.08,35.29,324.31,413.81,18.24
Kolkata,04-02-2023,5,12496.95,243.19,116.53,0,58.17,1105.44,1330.73,26.35
Kolkata,05-02-2023,5,5767.82,58.11,85,0,43.39,535.44,685.62,26.85
Kolkata,06-02-2023,5,13031.01,150.2,249.51,0,217.44,1202.52,1363.2,186.44
Kolkata,07-02-2023,5,1708.98,0,45.93,59.37,42.44,238.78,279.63,11.65
Kolkata,08-02-2023,5,1588.82,0,45.24,54.36,44.82,217.52,255.4,10.39
Kolkata,09-02-2023,5,6034.85,67.06,86.37,0,64.85,543.93,713.67,31.41
Kolkata,10-02-2023,5,5126.95,78.68,82.94,0,65.8,406.49,568.06,61.3
Kolkata,11-02-2023,5,4005.43,5.81,93.22,8.67,49.59,491.76,577.06,18.75
Kolkata,12-02-2023,5,1535.42,0.22,42.84,18.42,32.42,169.08,206.03,8.87
Kolkata,13-02-2023,4,774.38,0,29.82,72.24,42.44,73.88,107.69,22.29
Kolkata,14-02-2023,5,10574.34,200.27,111.04,0,234.6,852.33,1093.93,190.5
Kolkata,15-02-2023,5,4913.33,60.8,91.85,0,69.62,397.13,550.77,58.26
Kolkata,16-02-2023,5,16235.35,261.07,167.25,0,131.61,1523.48,1760.7,107.41
Kolkata,17-02-2023,5,8972.17,121.59,109.67,0,81.06,824.12,947.85,36.98
Kolkata,18-02-2023,5,2349.85,0.18,79.51,18.24,54.84,230.17,272.39,13.93
Kolkata,19-02-2023,5,2136.23,5.31,57.58,1.27,37.67,183.95,223.91,11.91
Kolkata,20-02-2023,5,2002.72,2.96,54.84,3.89,40.05,188.1,233,12.41
Kolkata,21-02-2023,5,1281.74,0.1,50.72,21.28,54.36,138.18,169.06,10.39
Kolkata,22-02-2023,5,1241.68,4.86,43.87,1.63,46.25,107.22,138.59,10.01
Kolkata,23-02-2023,5,734.33,0,29.47,50.07,37.67,90.54,117.86,6.33
Kolkata,25-02-2023,5,1335.14,12.29,56.89,0.12,92.51,141.19,166.04,11.78
Kolkata,26-02-2023,5,10467.53,162.72,109.67,0,131.61,937.28,1139.87,110.45
Kolkata,27-02-2023,5,3738.4,37.55,58.95,0,53.88,305.31,377.4,26.6
Kolkata,28-02-2023,5,3337.86,24.36,67.17,0.06,50.54,288.75,364.83,14.69
Kolkata,01-03-2023,5,11108.4,137.69,142.57,0,99.18,1015.61,1162.49,77.01
Kolkata,02-03-2023,5,2723.69,21.46,52.78,0.01,50.07,204.12,259.16,13.93
Kolkata,03-03-2023,5,11642.46,187.75,112.41,0,188.83,992.19,1202.69,154.02
Kolkata,04-03-2023,5,11322.02,168.09,102.82,0,129.7,900.99,1174.75,109.43
Kolkata,05-03-2023,5,2136.23,16.32,41.81,0.19,38.62,169.91,221.72,41.04
Kolkata,06-03-2023,5,9826.66,98.35,168.62,0,123.98,786.67,943.77,97.27
Kolkata,07-03-2023,5,3578.19,1.27,89.11,8.94,73.43,297.84,374.84,49.14
Kolkata,08-03-2023,5,10681.15,104.61,156.28,0,94.41,967.34,1104.82,51.17
Kolkata,09-03-2023,5,11322.02,168.09,152.17,0,99.18,926.57,1163.47,78.02
Kolkata,10-03-2023,5,19439.7,339.75,159.03,0,177.38,1628.26,1830.71,135.78
Kolkata,11-03-2023,5,2643.59,0,72.66,32.9,61.04,262.66,331.23,36.98
Kolkata,12-03-2023,5,1976.01,0.19,52.09,17.34,33.86,153.85,190.51,32.42
Kolkata,13-03-2023,5,9399.41,105.5,161.77,0,204.09,786.37,945.37,192.52
Kolkata,14-03-2023,5,6088.26,56.33,89.11,0,97.27,520.25,621.65,69.92
Kolkata,15-03-2023,5,3524.78,20.12,82.25,0.09,57.7,320.33,369.74,38.5
Kolkata,16-03-2023,5,1214.98,0,40.78,34.69,43.87,131.62,157.9,8.99
Kolkata,17-03-2023,5,2082.82,9.5,52.09,0.35,51.02,150.17,174.27,12.67
Kolkata,18-03-2023,5,6568.91,126.96,86.37,0,86.78,573.71,628.81,19.25
Kolkata,19-03-2023,5,3231.05,25.93,47.98,0,43.87,243.44,284.11,17.48
Kolkata,20-03-2023,4,1575.47,15.42,30.85,0.03,43.87,67.81,81.24,8.11
Kolkata,21-03-2023,5,2109.53,22.8,47.3,0.01,64.85,111.91,142.63,14.31
Kolkata,22-03-2023,5,8544.92,150.2,52.78,0,69.62,635.53,697.33,28.63
Kolkata,23-03-2023,5,8331.3,56.33,108.3,0,69.62,796.47,886.85,19.25
Kolkata,24-03-2023,5,2750.4,28.16,42.84,0,44.82,183.73,209.91,14.82
Kolkata,25-03-2023,5,3337.86,9.95,72.66,0.92,43.87,265.24,312.05,8.99
Kolkata,26-03-2023,5,1241.68,0.05,34.62,25.75,32.42,90.3,110.4,7.22
Kolkata,27-03-2023,5,1628.88,0,42.16,79.39,38.15,150.95,170.24,6.33
Kolkata,28-03-2023,5,1642.23,0.05,46.61,23.6,46.73,139.19,164.81,8.99
Kolkata,29-03-2023,5,1976.01,2.46,56.89,4.38,46.25,161.16,188.46,12.41
Kolkata,30-03-2023,3,801.09,2.93,31.87,3.08,38.62,33.95,47.94,6.78
Kolkata,31-03-2023,3,707.63,0.43,29.13,12.16,36.24,29.57,43.92,6.08
Kolkata,01-04-2023,4,1255.04,2.24,51.41,4.47,58.65,71.9,83.61,6.78
Kolkata,02-04-2023,3,854.49,0,32.56,51.5,40.05,42.72,50.53,4.5
Kolkata,03-04-2023,5,2109.53,1.38,55.52,6.53,39.58,153.44,190.72,13.81
Kolkata,04-04-2023,5,2830.51,2.51,69.92,5.99,54.36,230.47,284.7,18.49
Kolkata,05-04-2023,3,847.82,0.11,32.56,20.38,39.58,43.75,63.33,7.66
Kolkata,06-04-2023,5,15594.48,214.58,145.32,0,112.53,1372.17,1577.02,59.78
Kolkata,07-04-2023,5,1735.69,0,47.98,50.78,47.68,198.07,242.48,9.75
Kolkata,08-04-2023,5,3738.4,0.24,85,12.7,66.76,362.58,442.01,30.4
Kolkata,09-04-2023,5,1762.39,0,42.16,42.56,40.53,174.84,221.67,13.43
Kolkata,10-04-2023,5,1628.88,0,33.59,101.57,45.3,220.34,264.24,23.31
Kolkata,11-04-2023,5,1708.98,0,47.98,51.5,51.98,192.13,226.44,19
Kolkata,12-04-2023,5,1562.12,0,43.18,53.64,50.54,161.33,193.78,13.43
Kolkata,13-04-2023,5,6248.47,45.15,102.82,0,86.78,500.41,612.99,62.82
Kolkata,14-04-2023,5,1602.17,0,41.47,80.11,54.36,146.37,189.64,29.89
Kolkata,15-04-2023,5,2243.04,0,58.95,47.92,61.04,190.91,236.3,36.48
Kolkata,16-04-2023,5,2910.61,10.06,69.92,0.49,52.93,243.84,296.68,26.09
Kolkata,17-04-2023,5,1174.93,0,30.5,60.8,35.29,162.27,193.98,11.91
Kolkata,18-04-2023,5,921.25,0.05,32.9,21.64,38.15,85.66,119.33,9.12
Kolkata,19-04-2023,5,1014.71,0.21,40.1,15.74,45.3,84.72,124.4,7.98
Kolkata,20-04-2023,5,1134.87,0,38.04,37.55,44.82,96.88,133.58,17.73
Kolkata,21-04-2023,5,1335.14,0,36.67,57.22,54.36,109.62,139.43,28.88
Kolkata,22-04-2023,5,2189.64,0.02,65.12,23.96,66.76,134.12,170.91,38.5
Kolkata,23-04-2023,5,1789.09,0,46.61,34.69,51.5,128.73,161.12,32.42
Kolkata,24-04-2023,5,2082.82,4.53,58.95,1.15,45.78,137.58,170.72,27.11
Kolkata,25-04-2023,5,11642.46,162.72,143.95,0,179.29,1032.85,1172.29,90.18
Kolkata,26-04-2023,5,3471.37,30.85,54.84,0,54.36,235.32,298.85,16.47
Kolkata,27-04-2023,5,2643.59,4.47,74.03,3.49,55.31,187.09,233.48,10.39
Kolkata,28-04-2023,5,4219.06,23.25,71.29,0.01,57.22,333.37,408.21,16.72
Kolkata,29-04-2023,5,1482.01,0,39.07,47.21,41.96,143.75,172.41,9.5
Kolkata,30-04-2023,5,1815.8,0,40.44,60.08,37.67,201.81,233.13,8.49
Kolkata,01-05-2023,5,5020.14,49.62,69.92,0,63.9,431.83,535.25,29.89
Kolkata,02-05-2023,5,9399.41,106.39,130.24,0,111.58,921.14,1142.82,65.86
Kolkata,03-05-2023,4,1148.22,0.01,40.1,28.25,47.21,66.42,86.57,17.23
Kolkata,04-05-2023,5,1455.31,0.05,49.35,28.61,54.36,97.88,120.41,8.61
Kolkata,05-05-2023,4,1255.04,5.7,40.1,0.83,52.93,60.32,80.53,10.13
Kolkata,06-05-2023,4,1094.82,0.75,40.1,7.78,45.3,57.12,79.13,8.87
Kolkata,07-05-2023,5,1188.28,0,27.76,80.82,32.42,161.43,182.59,6.52
Kolkata,08-05-2023,5,1041.41,0,27.08,62.94,32.9,93.55,110.13,6.59
Kolkata,09-05-2023,5,1255.04,0,35.64,54.36,41.48,126.72,151.58,11.02
Kolkata,10-05-2023,5,1228.33,0,38.39,31.47,42.44,94.71,121.85,10.51
Kolkata,11-05-2023,3,821.11,8.83,22.96,0.17,40.05,37.22,56.45,7.73
Kolkata,12-05-2023,4,1081.47,3.38,37.01,2.26,45.78,70.64,92.57,8.61
Kolkata,13-05-2023,3,881.2,14.08,17.14,0.03,34.81,31.99,43.98,9.12
Kolkata,14-05-2023,4,1228.33,10.17,26.05,0.11,28.85,58.53,76.77,13.17
Kolkata,15-05-2023,5,5340.58,92.09,38.73,0,73.43,309.14,376.2,60.29
Kolkata,16-05-2023,4,634.19,0,19.88,78.68,29.09,62.52,93.79,5.64
Kolkata,17-05-2023,4,694.27,0,28.45,52.93,38.15,53.95,70.58,6.65
Kolkata,18-05-2023,4,600.81,0,22.62,53.64,31.47,54.53,84.46,4.94
Kolkata,19-05-2023,3,674.25,0.03,28.79,25.75,37.19,41.28,69.95,6.33
Kolkata,20-05-2023,3,747.68,0,28.45,43.99,36.24,45.46,57,6.4
Kolkata,21-05-2023,3,540.73,0,19.54,46.49,25.27,41.08,67.7,4.81
Kolkata,22-05-2023,3,594.14,0,21.08,59.37,28.13,49.18,74.23,4.56
Kolkata,23-05-2023,3,667.57,0,24.33,43.63,33.38,45.89,72.34,6.59
Kolkata,24-05-2023,5,1094.82,0.03,36.67,23.96,42.44,78.57,106.91,10.01
Kolkata,25-05-2023,5,3044.13,22.13,55.52,0.01,59.6,207.75,246.79,26.85
Lucknow,30-11-2020,5,767.71,0.43,5.74,231.74,40.05,145.63,155.34,6.27
Lucknow,01-12-2020,5,2536.77,0,52.78,32.19,21.22,312.07,360.08,31.67
Lucknow,02-12-2020,5,2536.77,0.09,52.78,14.66,14.54,375.4,420.6,18.75
Lucknow,03-12-2020,5,3017.43,0.09,62.38,14.13,25.27,360.62,414.55,45.09
Lucknow,04-12-2020,5,3150.94,2.38,73.34,2.64,18.12,452.52,503.69,28.63
Lucknow,05-12-2020,5,2483.37,0.19,65.12,11.98,17.64,382.77,425.02,40.53
Lucknow,06-12-2020,5,2136.23,0,56.89,27.54,22.41,344.4,381.18,72.96
Lucknow,07-12-2020,5,2429.96,0.51,58.26,6.8,22.17,342.43,388.62,58.77
Lucknow,08-12-2020,5,2937.32,0.75,61.69,5.68,23.37,414.72,471.34,41.04
Lucknow,09-12-2020,5,2883.91,4.02,61.69,1.61,19.07,406.14,464.71,29.13
Lucknow,10-12-2020,5,3284.45,12.63,56.89,0.1,10.61,495.38,554.56,13.81
Lucknow,11-12-2020,5,3524.78,9.05,62.38,0.19,12.52,524.28,583.68,18.49
Lucknow,12-12-2020,5,794.41,0,20.74,48.64,12.76,89.09,101.42,9.37
Lucknow,13-12-2020,5,947.95,0,23.31,27.18,5.66,94.32,110.66,5.19
Lucknow,14-12-2020,5,674.25,0,14.22,73.67,9.54,76.17,86.93,19.51
Lucknow,15-12-2020,5,1388.55,0,34.96,32.9,8.94,135.08,163.15,20.52
Lucknow,16-12-2020,5,2696.99,13.97,54.15,0.02,14.66,268.7,315.11,16.97
Lucknow,17-12-2020,5,841.14,0,13.88,91.55,16.69,139.32,154.44,16.97
Lucknow,18-12-2020,5,814.44,0,17.99,77.96,16.93,99.08,113.38,17.73
Lucknow,19-12-2020,5,1375.2,0,32.22,37.91,8.94,169.79,198.56,8.99
Lucknow,20-12-2020,5,3150.94,25.93,43.53,0,10.97,340.95,395.51,31.16
Lucknow,21-12-2020,5,2616.88,3.16,43.18,1.79,10.01,424.28,465.36,21.53
Lucknow,22-12-2020,5,2803.8,0.82,53.47,6.8,19.07,502.58,550.63,30.15
Lucknow,23-12-2020,5,2670.29,9.39,37.01,0.26,9.66,458.78,503.82,15.71
Lucknow,24-12-2020,5,2563.48,0.82,50.72,7.06,11.68,465.8,513.06,16.97
Lucknow,25-12-2020,5,1949.31,0,31.19,46.49,8.23,317.14,350.34,6.59
Lucknow,26-12-2020,5,1308.44,0,27.76,36.12,7.15,157.98,181.78,7.28
Lucknow,27-12-2020,5,2563.48,13.19,50.72,0.08,12.16,340.37,379.08,32.93
Lucknow,28-12-2020,5,1388.55,0,17.99,57.94,9.06,322.93,344.7,5.26
Lucknow,29-12-2020,5,1094.82,0.03,39.41,20.74,27.18,217.07,236.67,8.23
Lucknow,30-12-2020,5,1255.04,0,27.08,44.7,8.82,159.87,189.27,11.53
Lucknow,31-12-2020,5,1321.79,0,26.05,49.35,7.63,195.15,222.66,5.89
Lucknow,01-01-2021,5,2349.85,0.75,55.52,7.87,12.99,270.63,314.22,22.04
Lucknow,02-01-2021,5,2563.48,10.73,70.6,0.31,46.25,325.89,371.63,118.55
Lucknow,03-01-2021,5,1842.5,0.57,42.16,8.85,15.74,289.74,318.82,47.62
Lucknow,04-01-2021,5,1028.06,0.03,18.68,23.96,3.93,130.86,143.63,6.84
Lucknow,05-01-2021,5,1255.04,0,15.59,32.9,5.36,175.36,196.65,7.47
Lucknow,06-01-2021,5,2243.04,4.41,28.79,0.77,8.94,335.14,377.07,23.05
Lucknow,07-01-2021,5,934.6,1.9,49.35,1.39,17.64,93.43,111.37,5.64
Lucknow,08-01-2021,5,988.01,0,15.77,62.23,7.27,154.42,171.03,5.45
Lucknow,09-01-2021,5,720.98,0,11.65,73.67,7.39,88.87,97.75,9.63
Lucknow,10-01-2021,5,741.01,0,10.45,70.81,8.23,101.87,111.81,9.5
Lucknow,11-01-2021,5,734.33,0,8.74,98.71,12.99,122.96,131.79,8.61
Lucknow,12-01-2021,5,1068.12,0,17.48,77.96,11.44,159.74,178.49,6.46
Lucknow,13-01-2021,5,2563.48,15.65,40.78,0.02,12.76,284.39,348.82,21.03
Lucknow,14-01-2021,5,2243.04,0.24,49.35,11.8,14.54,276.73,317.33,26.35
Lucknow,15-01-2021,5,3337.86,0.65,75.4,7.24,35.29,464.86,526.38,55.73
Lucknow,16-01-2021,5,3070.83,16.99,50.72,0.13,9.89,422.64,481.39,13.55
Lucknow,17-01-2021,5,2536.77,8.49,45.24,0.36,7.15,344.25,381.61,12.79
Lucknow,18-01-2021,5,1094.82,0.01,15.94,34.33,3.64,197.73,216.41,7.6
Lucknow,19-01-2021,5,2990.72,16.76,57.58,0.05,35.29,377.76,434.15,81.06
Lucknow,20-01-2021,5,1415.25,0,22.96,36.12,7.27,280.16,307.2,5.64
Lucknow,21-01-2021,5,881.2,0,12.17,92.98,10.49,213.07,226.75,5.89
Lucknow,22-01-2021,5,3177.64,23.47,56.89,0,46.73,368.8,447.92,93.22
Lucknow,23-01-2021,5,1949.31,0.27,28.1,10.91,6.44,339.99,376.04,15.45
Lucknow,24-01-2021,5,1441.96,0,16.79,42.2,3.99,299.87,322.63,7.6
Lucknow,25-01-2021,5,1375.2,0,15.08,61.51,8.23,323.76,341.33,4.18
Lucknow,26-01-2021,5,1241.68,0,23.65,40.41,6.26,188.84,218.78,6.65
Lucknow,27-01-2021,5,1495.36,0.01,30.16,27.18,8.58,189.68,224.43,7.41
Lucknow,28-01-2021,5,2723.69,10.17,71.29,0.18,42.44,308.91,350.07,104.37
Lucknow,29-01-2021,5,2376.56,0.58,55.52,7.96,26.23,323.43,367.07,41.54
Lucknow,30-01-2021,5,1001.36,0,16.11,75.1,8.7,151.2,168.22,5.19
Lucknow,31-01-2021,5,1068.12,0,20.56,50.07,6.44,148.35,167.84,6.27
Lucknow,01-02-2021,5,1869.2,5.92,39.07,1.12,10.61,235.51,268.84,21.28
Lucknow,02-02-2021,5,3124.24,35.76,47.3,0,30.04,309.62,387.83,58.77
Lucknow,03-02-2021,5,2216.34,2.18,35.64,3.17,10.37,331.54,381.75,21.28
Lucknow,04-02-2021,5,1682.28,0.02,24.68,24.68,6.91,314.13,358.55,10.13
Lucknow,05-02-2021,5,1054.76,0,14.05,62.94,5.48,187.8,205.58,7.92
Lucknow,06-02-2021,5,3524.78,49.62,35.99,0,23.37,287.6,331.97,40.03
Lucknow,07-02-2021,5,867.84,0,17.48,55.79,7.63,115.14,132.02,7.98
Lucknow,08-02-2021,5,2243.04,12.18,33.93,0.08,11.92,265.98,317.01,24.32
Lucknow,09-02-2021,5,1562.12,0.01,25.71,31.83,7.87,207.2,237.53,7.09
Lucknow,10-02-2021,5,2723.69,2.12,59.63,2.59,20.03,364.53,416.93,41.54
Lucknow,11-02-2021,5,1762.39,0.1,31.87,16.63,9.89,394.59,442.22,20.52
Lucknow,12-02-2021,5,2323.15,15.2,34.96,0.08,9.89,288.23,341.21,19.76
Lucknow,13-02-2021,5,2376.56,19.89,32.56,0.02,15.74,412.48,470.83,31.67
Lucknow,14-02-2021,5,1789.09,0.01,30.85,27.18,7.27,286.87,316.68,11.15
Lucknow,15-02-2021,5,1735.69,0.02,32.9,22.35,10.49,263.83,300.92,20.01
Lucknow,16-02-2021,5,2323.15,0.22,45.24,11.18,11.56,307.46,352,21.03
Lucknow,17-02-2021,5,2777.1,15.87,58.95,0.03,38.62,359.4,422.53,80.05
Lucknow,18-02-2021,5,2082.82,5.92,43.87,1.03,10.25,318.04,359,17.99
Lucknow,19-02-2021,5,1508.71,1.96,28.79,2.5,7.21,197.69,234.15,18.49
Lucknow,20-02-2021,5,1789.09,0,32.56,31.47,9.54,315.49,358.13,21.79
Lucknow,21-02-2021,5,1522.06,0.05,30.85,18.6,8.7,203.81,234.82,19
Lucknow,22-02-2021,5,2109.53,0.37,33.59,8.76,7.75,361.44,402.09,10.01
Lucknow,23-02-2021,5,2296.45,3.8,41.47,1.11,12.28,320.71,377.77,19.25
Lucknow,24-02-2021,5,1668.93,0.71,38.04,6.62,11.92,183.29,231.21,26.6
Lucknow,25-02-2021,5,934.6,0,16.79,81.54,13.71,138.27,157.05,23.31
Lucknow,26-02-2021,5,654.22,0,11.65,108.72,13.95,89.48,101.74,17.73
Lucknow,27-02-2021,5,947.95,0,23.31,52.93,13.35,102.62,132.55,23.05
Lucknow,28-02-2021,5,794.41,0,18.51,52.21,10.37,83,136.83,23.56
Lucknow,01-03-2021,5,620.84,0,11.48,89.41,9.3,72.99,107.31,19.76
Lucknow,02-03-2021,4,473.98,0,7.8,127.32,15.97,46.98,62.85,14.31
Lucknow,03-03-2021,5,787.74,0,12.34,115.87,18.6,88.45,103.75,19.51
Lucknow,04-03-2021,5,2296.45,0.53,45.93,6.62,21.7,228.32,282.01,45.09
Lucknow,05-03-2021,5,2002.72,2.01,42.84,3.17,14.66,180.43,233.66,35.97
Lucknow,06-03-2021,5,680.92,0,11.31,121.59,23.84,98.17,134.64,17.99
Lucknow,07-03-2021,5,1655.58,1.43,38.39,2.64,18.36,134.39,178.53,40.03
Lucknow,08-03-2021,5,774.38,0,6.26,127.32,13.95,131.91,150.49,21.79
Lucknow,09-03-2021,5,867.84,0,10.37,79.39,9.06,116.76,140.45,22.29
Lucknow,10-03-2021,5,2029.42,0.16,39.76,10.64,16.93,215.42,276.92,35.97
Lucknow,11-03-2021,5,1695.63,0.62,37.7,5.81,11.68,174.32,223.55,26.85
Lucknow,12-03-2021,5,1428.6,1.59,28.45,2.44,11.09,135.46,188.58,35.47
Lucknow,13-03-2021,5,867.84,0,21.42,43.63,14.66,85.54,108.57,17.48
Lucknow,14-03-2021,5,1735.69,0.03,35.64,16.09,13.95,133.45,164.97,37.49
Lucknow,15-03-2021,5,921.25,0,20.05,39.7,9.42,84.28,109.83,24.32
Lucknow,16-03-2021,5,1602.17,0.26,34.62,9.39,13.59,141.77,198.67,29.64
Lucknow,17-03-2021,5,1522.06,0.2,35.3,10.91,15.26,144.05,259.62,30.65
Lucknow,18-03-2021,5,2002.72,0,41.47,25.39,24.32,188.99,320.62,41.04
Lucknow,19-03-2021,5,1081.47,0,23.65,37.91,11.56,125.87,207.15,26.09
Lucknow,20-03-2021,5,894.55,0,22.62,36.48,12.76,88.2,124.54,19.76
Lucknow,21-03-2021,5,1188.28,0.01,27.08,21.99,11.44,96.02,145.06,27.87
Lucknow,22-03-2021,5,1455.31,0,31.53,29.68,20.98,109.55,158.81,42.05
Lucknow,23-03-2021,5,707.63,0,24.33,48.64,49.59,80.67,112.29,21.03
Lucknow,24-03-2021,5,881.2,0,27.42,42.2,54.84,124.91,150.23,18.49
Lucknow,25-03-2021,5,527.38,0,10.37,86.55,13.71,59.07,87.31,15.45
Lucknow,26-03-2021,4,560.76,0,11.31,98.71,13.83,46.35,68.04,17.73
Lucknow,27-03-2021,5,2002.72,0.16,43.53,11.09,17.88,187.14,245.62,38
Lucknow,28-03-2021,5,1214.98,0,25.36,30.04,10.37,101.41,135.66,28.88
Lucknow,29-03-2021,5,1388.55,0.01,30.16,20.21,16.69,132.32,173.35,51.68
Lucknow,30-03-2021,5,2483.37,5.81,61.69,0.16,42.44,217.14,310.09,91.2
Lucknow,31-03-2021,5,654.22,0,14.4,76.53,15.14,79.16,143.99,21.28
Lucknow,01-04-2021,5,607.49,0,12,124.45,20.98,50.79,64.95,19.25
Lucknow,02-04-2021,5,1161.58,0,28.1,55.79,29.56,84.66,111.9,27.36
Lucknow,03-04-2021,5,974.66,0,20.22,61.51,15.26,62.54,82.34,25.08
Lucknow,04-04-2021,4,647.54,0,12.85,81.54,11.56,36.1,49.12,20.27
Lucknow,05-04-2021,5,988.01,0,21.76,39.7,18.6,69.71,95.7,28.12
Lucknow,06-04-2021,5,867.84,0,9.51,108.72,12.16,98.01,113.6,24.57
Lucknow,07-04-2021,5,787.74,0,5.1,170.23,17.88,131.41,149.86,20.27
Lucknow,08-04-2021,5,1054.76,0,17.31,68.67,13.23,149.75,182.56,27.61
Lucknow,09-04-2021,5,727.65,0,15.59,82.25,34.33,74.15,105.68,23.31
Lucknow,10-04-2021,5,654.22,0,13.02,95.84,12.64,52.69,81.22,20.01
Lucknow,11-04-2021,4,654.22,0,17.65,57.22,18.6,35.19,57.8,22.8
Lucknow,12-04-2021,5,827.79,0,18.68,54.36,16.69,52.09,92.18,24.07
Lucknow,13-04-2021,5,607.49,0,17.65,74.39,37.67,57.7,94.82,20.27
Lucknow,14-04-2021,5,1028.06,0,22.28,54.36,21.22,86.22,133.4,26.09
Lucknow,15-04-2021,5,574.11,0,9.6,124.45,23.84,66.72,96.74,19.25
Lucknow,16-04-2021,5,801.09,0,15.08,70.1,14.54,78.1,114.03,24.07
Lucknow,17-04-2021,5,1321.79,0,23.31,44.35,20.27,135.76,180.91,31.41
Lucknow,18-04-2021,5,1642.23,0,37.36,25.75,16.21,115.34,147.95,41.04
Lucknow,19-04-2021,4,460.63,0,7.11,111.58,9.89,33.62,49.21,14.82
Lucknow,20-04-2021,5,988.01,0,22.62,67.23,25.51,69.45,102.27,26.6
Lucknow,21-04-2021,4,707.63,0,14.4,55.79,11.8,42.18,66.96,23.81
Lucknow,22-04-2021,4,761.03,0,9.94,81.54,7.63,47.82,56.94,17.99
Lucknow,23-04-2021,4,574.11,0,10.37,68.67,8.35,29.27,42.33,18.49
Lucknow,24-04-2021,4,654.22,0,13.02,70.81,9.89,36.34,53.79,21.53
Lucknow,25-04-2021,4,473.98,0,7.2,125.89,15.74,43.58,69.73,16.21
Lucknow,26-04-2021,5,1735.69,0,37.01,34.33,26.94,119.63,161.69,34.96
Lucknow,27-04-2021,5,2323.15,0.48,52.78,5.41,40.53,154.14,215.13,47.12
Lucknow,28-04-2021,5,2243.04,0.01,49.35,17.88,35.76,173.9,229.11,36.48
Lucknow,29-04-2021,5,921.25,0,14.22,107.29,25.75,129.75,155.64,23.31
Lucknow,30-04-2021,5,867.84,0,7.37,113.01,14.07,129.99,144.09,20.77
Lucknow,01-05-2021,5,814.44,0,9.08,84.4,7.39,101.66,114.89,20.27
Lucknow,02-05-2021,5,801.09,0,8.14,71.53,5.9,76.98,89.11,20.01
Lucknow,03-05-2021,5,1281.74,0,22.62,26.46,8.82,124.37,151.08,31.92
Lucknow,04-05-2021,5,881.2,0,14.05,59.37,10.61,81.51,101.48,22.8
Lucknow,05-05-2021,5,881.2,0,3.98,131.61,9.18,71.45,77.06,13.68
Lucknow,06-05-2021,4,794.41,0,4.71,108.72,8.35,44.64,51.12,13.55
Lucknow,07-05-2021,5,854.49,0,4.88,145.91,11.68,101.08,110.97,16.47
Lucknow,08-05-2021,5,1482.01,0.01,26.73,23.25,10.49,111.57,139.76,30.15
Lucknow,09-05-2021,5,1014.71,0,10.45,67.95,7.87,115.76,131.95,22.8
Lucknow,10-05-2021,5,907.9,0,9,83.69,8.23,95.75,108.09,20.77
Lucknow,11-05-2021,5,1134.87,0,11.65,70.81,9.42,119.94,139.57,24.32
Lucknow,12-05-2021,5,1094.82,0,10.63,76.53,9.3,138.74,159.86,23.81
Lucknow,13-05-2021,5,961.3,0,7.54,91.55,7.39,65.5,72.77,9.37
Lucknow,14-05-2021,5,1415.25,0,21.08,51.5,10.37,87.92,105.15,12.03
Lucknow,15-05-2021,5,1815.8,0.06,36.33,12.88,11.56,129.12,160.57,34.96
Lucknow,16-05-2021,5,1482.01,0.01,28.79,17.52,11.68,138.22,176.06,33.44
Lucknow,17-05-2021,5,1508.71,0.35,30.5,5.28,12.16,135.63,189.51,37.49
Lucknow,18-05-2021,5,827.79,0,12.85,74.39,12.64,108.84,157.88,18.75
Lucknow,19-05-2021,5,974.66,0,18.34,50.07,9.54,110.84,166.27,18.49
Lucknow,20-05-2021,4,587.46,0,4.76,76.53,3.4,36.46,37.65,2.06
Lucknow,21-05-2021,5,988.01,0,15.77,36.12,7.75,55.57,70.01,5.76
Lucknow,22-05-2021,5,1869.2,0.62,35.64,5.28,10.13,106.57,133.58,15.83
Lucknow,23-05-2021,5,2029.42,1.72,34.96,1.48,10.73,201.4,267.08,20.77
Lucknow,24-05-2021,5,881.2,0,13.54,70.81,9.3,122.51,186.82,23.05
Lucknow,25-05-2021,5,1001.36,0,16.45,100.14,15.14,112.15,144.42,24.07
Lucknow,26-05-2021,5,988.01,0,6.6,108.72,6.62,174.74,192.9,10.39
Lucknow,27-05-2021,3,587.46,0,8.23,37.55,5.66,21.19,28.76,14.69
Lucknow,28-05-2021,3,594.14,0,10.88,36.12,5.6,23.48,33.31,9.63
Lucknow,29-05-2021,1,460.63,0,5.14,38.27,4.23,9.09,10.37,2.31
Lucknow,30-05-2021,4,807.76,0.02,16.11,15.56,5.13,26.78,37.84,7.47
Lucknow,31-05-2021,4,580.79,0,8.14,53.64,3.31,25.53,33.56,5.64
Lucknow,01-06-2021,5,841.14,0,12.17,44.35,5.84,73.97,110.1,15.07
Lucknow,02-06-2021,5,1014.71,0,13.88,42.2,6.97,111.75,148.2,7.54
Lucknow,03-06-2021,5,2189.64,0.8,36.33,3.04,9.89,237.74,303.49,18.24
Lucknow,04-06-2021,5,1495.36,0,29.13,31.47,9.78,188.85,245.5,21.53
Lucknow,05-06-2021,5,1081.47,0,18.34,62.23,15.5,128.6,168.87,24.07
Lucknow,06-06-2021,5,680.92,0,13.54,68.67,16.21,75.9,104.24,19
Lucknow,07-06-2021,4,700.95,0,16.28,51.5,15.97,48.98,76.23,21.03
Lucknow,08-06-2021,5,2750.4,1.7,89.11,1.19,54.84,176.45,253.88,117.54
Lucknow,09-06-2021,5,821.11,0,10.88,75.1,9.42,82.37,111.43,23.81
Lucknow,10-06-2021,5,707.63,0,5.14,108.72,7.75,72.84,80.72,10.39
Lucknow,11-06-2021,5,1148.22,0,10.2,70.1,7.09,52.77,63.28,10.39
Lucknow,12-06-2021,5,1028.06,0,7.28,98.71,6.44,96.69,106.7,7.79
Lucknow,13-06-2021,2,640.87,0,5.44,33.62,3.67,19.77,23.73,6.46
Lucknow,14-06-2021,2,494,0.01,6.6,13.95,3.73,12.12,13.37,2.76
Lucknow,15-06-2021,2,634.19,0.01,11.65,13.95,6.91,18.76,22.17,4.5
Lucknow,16-06-2021,4,1094.82,5.42,20.22,0.07,7.99,47.2,63.26,11.78
Lucknow,17-06-2021,3,660.9,0,8.82,35.76,5.78,24.82,31.8,6.33
Lucknow,18-06-2021,2,574.11,0,9.94,24.32,6.14,19,22.35,3.83
Lucknow,19-06-2021,4,607.49,0,7.2,75.1,7.99,33.89,35.56,2.66
Lucknow,20-06-2021,4,767.71,0,17.14,17.17,13.35,36.4,39.7,5.45
Lucknow,21-06-2021,2,574.11,0,8.23,17.52,5.36,17.68,21.47,5.26
Lucknow,22-06-2021,5,1094.82,0,12.34,53.64,6.2,77.88,91.39,7.47
Lucknow,23-06-2021,4,894.55,0.01,14.05,16.63,5.13,38.57,54.18,6.84
Lucknow,24-06-2021,4,988.01,0,8.31,45.78,6.32,28.64,34.4,5.26
Lucknow,25-06-2021,5,1335.14,0.89,23.99,3.22,7.87,55.62,81,14.82
Lucknow,26-06-2021,5,1174.93,0.01,19.71,19.49,6.97,60.03,78.9,11.78
Lucknow,27-06-2021,4,714.3,0,6.77,46.49,4.95,31.01,35.09,5
Lucknow,28-06-2021,4,807.76,0,9.17,37.91,4.35,26.84,33.77,5.95
Lucknow,29-06-2021,5,2349.85,0.62,49.35,3.58,21.46,122.38,165.68,48.13
Lucknow,30-06-2021,5,947.95,0,10.37,74.39,8.35,77.98,100.08,18.49
Lucknow,01-07-2021,5,654.22,0,15.42,49.35,13.47,48.07,120.69,16.21
Lucknow,02-07-2021,2,333.79,0,7.54,57.94,10.37,17.55,28.89,8.99
Lucknow,03-07-2021,4,397.21,0,11.14,59.37,11.44,34.61,62.3,11.78
Lucknow,04-07-2021,5,947.95,0.28,21.94,7.33,6.91,68.62,124.94,8.61
Lucknow,05-07-2021,5,554.09,0,7.45,62.23,4.23,77.01,114.75,6.9
Lucknow,06-07-2021,5,814.44,0,8.91,53.64,5.36,83.86,98.63,7.6
Lucknow,07-07-2021,5,947.95,0,16.28,92.98,13.23,134.88,174.23,8.04
Lucknow,08-07-2021,5,734.33,0,9.85,49.35,6.56,68.65,102.55,11.65
Lucknow,09-07-2021,4,1094.82,0.29,26.73,2.53,6.26,48.13,49.86,3.1
Lucknow,10-07-2021,4,674.25,0,7.11,62.94,5.96,31.15,35.4,4.69
Lucknow,11-07-2021,4,660.9,0,5.74,70.1,6.08,35.34,38.87,5.7
Lucknow,12-07-2021,2,494,0,6.68,40.77,4.41,17.68,20.02,3.99
Lucknow,13-07-2021,4,560.76,0,6.6,72.96,6.08,39.89,46.41,6.21
Lucknow,14-07-2021,5,640.87,0,5.14,101.57,6.44,80.97,87.74,7.41
Lucknow,15-07-2021,4,634.19,0,5.66,87.26,7.87,35.9,40.33,6.21
Lucknow,16-07-2021,5,727.65,0,8.4,60.08,7.99,66.03,70.97,4.81
Lucknow,17-07-2021,5,707.63,0,7.37,85.83,6.38,106.99,117.51,8.11
Lucknow,18-07-2021,4,720.98,0,7.71,42.56,6.08,46.65,48.42,3.2
Lucknow,19-07-2021,2,527.38,0.02,11.14,14.66,6.74,16.36,20.32,5.7
Lucknow,20-07-2021,4,680.92,0.04,15.25,13.23,6.97,33.13,42.45,5.57
Lucknow,21-07-2021,4,607.49,0.02,15.08,15.74,8.7,25.56,30.94,4.31
Lucknow,22-07-2021,4,627.52,0.01,12.34,17.7,5.48,32.91,40.59,5.51
Lucknow,23-07-2021,5,1228.33,0,19.19,26.46,6.14,59.67,64.85,4.18
Lucknow,24-07-2021,5,847.82,0,9.43,61.51,5.78,66.59,76.6,6.21
Lucknow,25-07-2021,3,400.54,0,4.24,84.4,4.89,22.24,25.71,7.85
Lucknow,26-07-2021,5,554.09,0,4.8,100.14,5.31,73.15,78.59,7.6
Lucknow,27-07-2021,4,680.92,0.02,12.17,15.02,5.78,40.04,43.21,3.8
Lucknow,28-07-2021,4,587.46,0,10.45,32.19,7.15,34.64,40.28,5.32
Lucknow,29-07-2021,2,397.21,0,9.77,24.68,5.25,18.83,24.31,4.37
Lucknow,30-07-2021,4,567.44,0,9.17,41.84,6.02,38.26,45.76,5.89
Lucknow,31-07-2021,4,600.82,0,10.97,31.11,5.9,32.85,40.44,5.57
Lucknow,01-08-2021,2,433.92,0,4.93,45.06,3.13,11.24,13.02,3.58
Lucknow,02-08-2021,1,293.73,0,4.24,31.47,2.74,6.8,8.8,4.43
Lucknow,03-08-2021,4,400.54,0,6.6,53.64,6.2,30.93,35.48,4.62
Lucknow,04-08-2021,2,480.65,0,11.48,25.39,4.11,16.56,26.56,9.63
Lucknow,05-08-2021,3,447.27,0.03,17.65,14.48,12.64,24.92,33.9,5
Lucknow,06-08-2021,4,574.11,0,8.4,43.27,5.84,40.87,46.99,5.07
Lucknow,07-08-2021,5,700.95,0,12.85,36.12,6.56,61.52,66.31,4.43
Lucknow,08-08-2021,5,707.63,0,8.91,45.42,5.9,65.61,68.36,3.67
Lucknow,09-08-2021,4,627.52,0,7.8,35.76,5.42,32.06,34.74,4.88
Lucknow,10-08-2021,5,1441.96,0,19.71,28.25,17.41,77.26,86,5.89
Lucknow,11-08-2021,5,1174.93,0,16.28,38.98,11.56,99.48,108.06,4.88
Lucknow,12-08-2021,5,1869.2,6.04,42.5,0.82,18.12,118.56,166.89,16.21
Lucknow,13-08-2021,5,1321.79,3.1,28.79,0.54,11.21,67.61,91.22,7.09
Lucknow,14-08-2021,4,687.6,0.02,21.59,15.56,13.47,30.92,43.03,6.02
Lucknow,15-08-2021,2,480.65,0,12.85,28.61,7.99,19.51,33.52,7.73
Lucknow,16-08-2021,4,720.98,0.03,17.65,19.67,7.03,45.44,67.24,6.21
Lucknow,17-08-2021,5,2510.07,21.68,32.56,0,18.84,184.46,272.02,31.41
Lucknow,18-08-2021,5,867.84,0,9.08,47.92,5.9,94.56,103.22,5.51
Lucknow,19-08-2021,5,907.9,0,9.25,46.49,6.5,73.91,81.96,5.38
Lucknow,20-08-2021,4,794.41,0,12.51,25.39,7.15,30.64,31.81,2.19
Lucknow,21-08-2021,5,807.76,0,5.83,80.82,6.91,78.5,79.58,1.93
Lucknow,22-08-2021,5,700.95,0,6.34,59.37,5.78,78.17,82.96,4.18
Lucknow,23-08-2021,5,1255.04,4.47,15.25,0.26,5.25,98.78,122.3,10.26
Lucknow,24-08-2021,4,680.92,0.04,19.36,12.34,12.88,36.44,48.04,4.94
Lucknow,25-08-2021,4,720.98,0.03,20.22,14.13,13.83,33.05,42.63,4.75
Lucknow,26-08-2021,4,480.65,0,11.31,40.77,9.89,27.62,53.79,9.75
Lucknow,27-08-2021,4,607.49,0,18.17,22.89,13.23,39.42,85.05,10.51
Lucknow,28-08-2021,5,634.19,0.02,12.17,18.77,5.01,52.3,68.81,6.97
Lucknow,29-08-2021,4,741.01,0,8.23,26.11,3.82,39.98,47.02,5.64
Lucknow,30-08-2021,2,447.27,0,6.34,35.41,3.82,11.32,14.49,3.99
Lucknow,31-08-2021,3,514.03,0,8.74,32.54,5.48,20.72,26.31,4.62
Lucknow,01-09-2021,5,707.63,0,9.94,41.13,6.8,79.59,87.1,5.32
Lucknow,02-09-2021,5,1148.22,0.02,16.62,25.75,5.96,145.27,165.81,7.47
Lucknow,03-09-2021,5,814.44,0.04,14.57,14.66,5.19,51.91,70.53,6.59
Lucknow,04-09-2021,5,1308.44,5.64,24.33,0.25,8.7,79.08,99.1,10.13
Lucknow,05-09-2021,5,1121.52,0,17.65,21.99,7.99,90.56,109.65,6.46
Lucknow,06-09-2021,5,1949.31,7.6,23.65,0.14,9.42,167.79,207.38,19
Lucknow,07-09-2021,5,1081.47,0,7.28,57.94,5.42,50.04,58.19,5.83
Lucknow,08-09-2021,3,494,0,5.18,62.94,6.02,24.38,27.3,3.52
Lucknow,09-09-2021,5,600.82,0,7.97,52.21,6.97,52.7,57.15,4.12
Lucknow,10-09-2021,5,834.47,0,8.4,49.35,6.62,75.75,77.66,2.69
Lucknow,11-09-2021,5,761.03,0,8.14,50.07,6.56,83.4,87.15,3.61
Lucknow,12-09-2021,5,767.71,0,6.94,48.64,4.89,57.73,62.68,5
Lucknow,13-09-2021,4,794.41,0.01,9.94,20.56,3.87,44.4,54.76,6.14
Lucknow,14-09-2021,3,620.84,0,5.83,52.93,4.23,20.15,24.23,4.88
Lucknow,15-09-2021,1,330.45,0,4.5,44.7,3.34,6.7,8.1,3.17
Lucknow,16-09-2021,1,367.17,0,5.14,34.33,3.37,7.34,7.72,1.2
Lucknow,17-09-2021,4,487.33,0,16.45,25.03,12.64,39.27,40.14,0.88
Lucknow,18-09-2021,4,654.22,0.04,16.11,11.09,6.32,44.83,47.08,2.76
Lucknow,19-09-2021,5,674.25,0,8.31,38.62,3.55,70.84,79.13,5
Lucknow,20-09-2021,5,794.41,0.1,13.54,10.55,4.05,65.54,84.66,6.78
Lucknow,21-09-2021,5,1228.33,0,9,49.35,5.01,134.75,148.03,6.27
Lucknow,22-09-2021,5,787.74,0,9.08,37.19,5.13,63.36,73.15,5.76
Lucknow,23-09-2021,5,620.84,0,8.48,48.64,5.48,50.85,60.35,5.57
Lucknow,24-09-2021,5,614.17,0,6.51,70.1,7.63,58.88,60.99,3.07
Lucknow,25-09-2021,5,834.47,0.06,14.05,11,6.56,57.77,61.7,4.05
Lucknow,26-09-2021,5,921.25,0,8.74,27.54,4.47,78.6,82.81,4.81
Lucknow,27-09-2021,4,727.65,0,8.91,26.11,4.41,44.77,51.82,5.07
Lucknow,28-09-2021,5,741.01,0,5.83,84.4,6.02,75.34,82.38,4.75
Lucknow,29-09-2021,5,814.44,0,7.8,56.51,6.62,56.25,62.25,4.94
Lucknow,30-09-2021,5,787.74,0,9.94,32.54,4.95,56.24,65.67,5.57
Lucknow,01-10-2021,5,1735.69,14.08,17.48,0.03,8.35,127.73,164.52,13.68
Lucknow,02-10-2021,5,1535.42,1.16,25.36,3.22,9.54,104.13,133.47,11.4
Lucknow,03-10-2021,5,1081.47,0,12.68,44.7,8.7,129.88,144.79,4.62
Lucknow,04-10-2021,4,767.71,0,16.11,33.26,7.09,43.58,57.96,6.97
Lucknow,05-10-2021,5,1562.12,1.98,29.13,1.54,10.25,100.55,134.11,8.99
Lucknow,06-10-2021,5,1708.98,0.17,24.33,10.73,7.99,185.63,214.46,8.04
Lucknow,07-10-2021,5,3845.22,35.76,57.58,0,58.65,349.92,425.35,106.39
Lucknow,08-10-2021,5,2109.53,3.63,31.19,0.71,10.13,230.65,285.11,12.54
Lucknow,09-10-2021,5,2456.67,8.38,38.39,0.21,10.49,232.17,295.94,9.5
Lucknow,10-10-2021,5,2056.12,7.1,31.87,0.33,7.51,195.37,255.09,8.87
Lucknow,11-10-2021,5,2883.91,18.77,47.3,0.01,33.38,280.44,374.34,78.02
Lucknow,12-10-2021,5,3952.03,21.91,108.3,0,77.25,423.68,532.41,154.02
Lucknow,13-10-2021,5,3791.81,27.72,52.78,0,29.56,424.29,520.03,48.13
Lucknow,14-10-2021,5,1121.52,0,16.11,75.82,19.79,224.24,269.58,16.72
Lucknow,15-10-2021,5,1949.31,0.6,35.3,5.54,9.78,233.34,306.15,11.02
Lucknow,16-10-2021,5,3471.37,16.76,67.86,0.03,51.5,364.77,442.66,103.35
Lucknow,17-10-2021,5,1054.76,0,6.86,70.1,3.67,185.87,196.75,5.26
Lucknow,18-10-2021,4,694.28,0,4.11,88.69,5.25,47.97,51.34,4.24
Lucknow,19-10-2021,3,567.44,0,7.97,36.48,6.32,23.04,25.45,2.88
Lucknow,20-10-2021,5,934.6,0,15.59,43.99,9.3,74.75,91.75,6.02
Lucknow,21-10-2021,5,1214.98,0,22.28,41.84,9.18,121.4,145.29,7.98
Lucknow,22-10-2021,5,714.3,0,10.63,105.86,11.56,107.84,159.29,18.24
Lucknow,23-10-2021,5,1255.04,0.02,27.76,23.25,7.75,127,169.27,6.97
Lucknow,24-10-2021,5,2162.93,0.09,57.58,10.46,33.38,184.09,229.18,82.08
Lucknow,25-10-2021,5,1174.93,0,20.91,31.11,6.62,151.01,177.45,13.3
Lucknow,26-10-2021,5,1014.71,0,20.91,36.48,9.18,118.29,144.6,9.88
Lucknow,27-10-2021,5,1255.04,0.01,25.02,28.61,8.7,139.57,180.91,8.49
Lucknow,28-10-2021,5,1535.42,0.02,28.79,21.99,9.06,127.76,170.02,9.75
Lucknow,29-10-2021,5,2857.21,7.94,49.35,0.3,11.09,293.99,358.19,11.4
Lucknow,30-10-2021,5,1361.85,0,27.76,50.07,10.97,125.19,150.97,20.77
Lucknow,31-10-2021,5,988.01,0,13.88,81.54,9.42,115.76,131.78,16.09
Lucknow,01-11-2021,5,1615.52,0,26.05,36.48,7.09,153.27,191.63,9.25
Lucknow,02-11-2021,5,4005.43,6.26,111.04,0.34,72.48,362.1,444.68,133.75
Lucknow,03-11-2021,5,2643.59,14.19,50.04,0.09,13.47,256.24,308.61,41.04
Lucknow,04-11-2021,5,2910.61,12.52,56.21,0.18,24.8,283.15,349.25,43.06
Lucknow,05-11-2021,5,2590.18,5.7,54.84,0.74,10.61,258.17,315.48,11.65
Lucknow,06-11-2021,5,1295.09,0,21.93,69.38,15.97,193.69,220.94,17.23
Lucknow,07-11-2021,5,1335.14,0,13.88,113.01,7.99,181.21,199.33,18.49
Lucknow,08-11-2021,5,2536.77,0,27.76,32.54,6.74,305.07,348.41,11.27
Lucknow,09-11-2021,5,2403.26,0,31.53,49.35,11.56,330.06,372.87,12.16
Lucknow,10-11-2021,5,2296.45,0,32.9,31.11,9.18,312.31,352.95,9.88
Lucknow,11-11-2021,5,2109.53,0,35.64,28.25,10.13,298.82,339.9,13.93
Lucknow,12-11-2021,5,2883.91,12.41,50.04,0.08,11.21,351.61,409.81,17.73
Lucknow,13-11-2021,5,2696.99,1.15,52.78,5.14,8.7,323.1,373.41,11.15
Lucknow,14-11-2021,5,2349.85,0.87,47.3,5.59,15.97,264.26,310.21,32.93
Lucknow,15-11-2021,5,2216.34,1.03,46.61,4.07,15.5,253.47,299.08,36.48
Lucknow,16-11-2021,5,1508.71,0,26.73,45.42,13.11,237.69,268.31,10.64
Lucknow,17-11-2021,5,2136.23,0.1,41.13,14.48,9.66,253.57,291.22,13.81
Lucknow,18-11-2021,5,2670.29,9.28,61.01,0.22,17.64,331.58,382.53,49.14
Lucknow,19-11-2021,5,1081.47,0,16.79,77.25,8.94,191.06,207.56,14.57
Lucknow,20-11-2021,5,1401.9,0,28.79,32.19,11.32,254.78,283.62,16.47
Lucknow,21-11-2021,5,1468.66,0.01,27.42,20.56,6.26,151.78,178.37,7.66
Lucknow,22-11-2021,5,1068.12,0,10.88,114.44,16.21,210.01,224.86,15.45
Lucknow,23-11-2021,5,961.3,0,12.51,115.87,14.42,141.99,157.21,16.97
Lucknow,24-11-2021,5,3391.27,25.03,52.78,0,13.23,344.68,417.19,23.05
Lucknow,25-11-2021,5,2990.72,1.59,65.8,3.98,20.03,373.75,426.35,38
Lucknow,26-11-2021,5,2109.53,0.01,34.62,28.25,10.37,361.23,406.92,8.11
Lucknow,27-11-2021,5,2616.88,4.36,51.41,1.41,9.06,377.35,424.42,10.51
Lucknow,28-11-2021,5,2109.53,0.95,47.3,4.65,10.01,366.11,402.33,25.59
Lucknow,29-11-2021,5,1628.88,0,25.02,50.78,18.6,377.68,407.63,3.67
Lucknow,30-11-2021,5,2429.96,5.59,42.84,0.71,8.23,292.24,344.51,9.63
Lucknow,01-12-2021,5,2803.8,0.56,50.04,7.15,7.99,421.9,471.56,11.65
Lucknow,02-12-2021,5,2670.29,10.95,40.1,0.07,9.89,377.87,431.57,14.95
Lucknow,03-12-2021,5,1842.5,0,32.22,26.82,15.74,449.76,481.98,17.73
Lucknow,04-12-2021,5,3311.16,42.02,33.59,0,11.56,372.24,420.75,19
Lucknow,05-12-2021,5,2590.18,0.92,69.92,4.02,38.15,305.78,350.31,102.34
Lucknow,06-12-2021,5,1255.04,0.03,27.76,22.35,4.95,128.13,146.58,11.53
Lucknow,07-12-2021,5,974.66,0.03,21.93,18.6,6.97,66.27,82.34,8.49
Lucknow,08-12-2021,5,1255.04,0,28.79,31.11,10.37,122.04,146.35,13.3
Lucknow,09-12-2021,5,2616.88,1.58,56.21,4.16,13.35,251.92,302.25,19.25
Lucknow,10-12-2021,5,1575.47,0,30.85,43.27,11.09,186.85,216.37,10.64
Lucknow,11-12-2021,5,1522.06,0,25.02,63.66,11.44,239.68,264.47,6.97
Lucknow,12-12-2021,5,1842.5,0.04,38.04,18.6,8.46,202.68,234,11.27
Lucknow,13-12-2021,5,2510.07,0.09,62.38,14.48,22.89,263.34,310.4,58.77
Lucknow,14-12-2021,5,3124.24,9.28,85.68,0.51,63.9,307.45,367.28,131.73
Lucknow,15-12-2021,5,2002.72,0.07,41.13,23.25,9.66,325.53,358.32,6.21
Lucknow,16-12-2021,5,2349.85,9.5,46.61,0.47,9.3,248.69,294.17,8.74
Lucknow,17-12-2021,5,1201.63,0,27.42,47.21,19.55,170.48,186.26,8.23
Lucknow,18-12-2021,5,634.19,0,11.31,94.41,10.01,75.46,85.54,16.97
Lucknow,19-12-2021,5,881.2,0,15.25,82.97,10.85,123.64,137.72,13.17
Lucknow,20-12-2021,5,1361.85,0,21.59,54.36,5.96,184.19,206.23,6.21
Lucknow,21-12-2021,5,2269.74,0.02,41.13,25.39,7.63,301.47,340.41,9.37
Lucknow,22-12-2021,5,2376.56,0.09,42.16,17.7,8.82,372.96,417.31,9.12
Lucknow,23-12-2021,5,2937.32,0.46,54.84,9.21,11.44,478.75,531.45,15.71
Lucknow,24-12-2021,5,3417.97,22.35,71.29,0.02,31.95,394.94,451.26,66.88
Lucknow,25-12-2021,5,2109.53,1.9,39.07,4.38,6.02,346.94,382.85,9.88
Lucknow,26-12-2021,5,1588.82,0.01,27.42,29.68,5.13,277.51,300.86,9.5
Lucknow,27-12-2021,5,1268.39,0,21.25,38.98,4.05,187.09,204.43,7.35
Lucknow,28-12-2021,5,1588.82,0.04,35.64,22.35,5.25,196.37,219.71,9.5
Lucknow,29-12-2021,5,827.79,0,9,70.1,4.89,88.28,91.31,3.58
Lucknow,30-12-2021,2,540.73,0,9.85,62.94,6.97,17.15,22.63,5.51
Lucknow,31-12-2021,5,2483.37,36.66,22.28,0,7.15,159.66,202.5,9.88
Lucknow,01-01-2022,5,1348.5,0,23.31,52.21,9.3,227.7,253.14,10.26
Lucknow,02-01-2022,5,1508.71,0,21.59,54.36,8.23,306.61,330.73,5.51
Lucknow,03-01-2022,5,1615.52,0,24.33,58.65,8.82,291.12,315.46,5
Lucknow,04-01-2022,5,2777.1,5.2,45.24,0.75,10.25,408.41,464.35,13.3
Lucknow,05-01-2022,5,3311.16,21.9,49.35,0.03,9.42,376.45,429.76,11.27
Lucknow,06-01-2022,5,1361.85,0,15.25,77.96,6.38,290.63,310.05,6.84
Lucknow,07-01-2022,5,1134.87,0,10.97,63.66,4.77,163.54,170.3,4.62
Lucknow,08-01-2022,5,1121.52,0,14.74,33.26,4.29,121.9,132.37,5.26
Lucknow,09-01-2022,5,867.84,0.03,12.51,19.13,3.22,62.94,70.34,6.21
Lucknow,10-01-2022,5,1335.14,5.53,20.73,0.83,4.65,123.62,131.31,12.92
Lucknow,11-01-2022,5,2403.26,26.6,21.59,0,15.02,156.87,181.79,26.85
Lucknow,12-01-2022,5,1428.6,0.15,29.82,11.62,7.51,156.29,186.56,5.95
Lucknow,13-01-2022,5,1441.96,0.02,30.5,27.54,8.11,157.87,185.11,8.36
Lucknow,14-01-2022,5,2349.85,3.44,47.98,2.44,8.58,274.1,317.88,10.13
Lucknow,15-01-2022,5,1548.77,0.01,29.82,31.83,7.33,221.84,253.04,6.14
Lucknow,16-01-2022,5,1321.79,0,22.96,42.56,5.9,211.84,234.19,4.94
Lucknow,17-01-2022,5,1535.42,0,25.7,38.98,7.45,222.37,245.89,4.31
Lucknow,18-01-2022,5,2643.59,10.73,44.55,0.62,9.78,357.12,416.26,13.68
Lucknow,19-01-2022,5,1789.09,0,25.36,44.35,12.52,436.33,465.22,2.85
Lucknow,20-01-2022,5,1602.17,0.08,30.85,16.99,7.75,266.31,297.52,5.95
Lucknow,21-01-2022,5,1682.28,1.93,26.39,4.47,5.42,199.7,230,10.51
Lucknow,22-01-2022,5,1895.9,0,23.99,41.84,5.84,331.91,359.2,9.75
Lucknow,23-01-2022,5,1121.52,0,5.91,95.84,4.77,293.83,301.82,2.25
Lucknow,24-01-2022,5,1441.96,0.05,16.28,23.96,8.11,210.87,216.88,8.87
Lucknow,25-01-2022,5,1401.9,0.02,25.36,25.75,6.56,152.81,175.58,6.97
Lucknow,26-01-2022,5,1148.22,0,22.28,50.78,11.92,155.22,175.89,7.35
Lucknow,27-01-2022,5,1121.52,0,26.73,37.19,8.58,109.61,130.9,7.22
Lucknow,28-01-2022,5,854.49,0,12.68,101.57,15.26,117.26,130.16,6.84
Lucknow,29-01-2022,5,761.03,0,17.48,68.66,9.18,87.12,101.8,6.33
Lucknow,30-01-2022,5,680.92,0,12.17,77.96,6.97,89.64,101.54,5.57
Lucknow,31-01-2022,5,1108.17,0.03,25.36,24.32,5.66,115.83,142.61,8.61
Lucknow,01-02-2022,5,2216.34,1.47,41.47,4.96,10.61,357.24,406.78,14.69
Lucknow,02-02-2022,5,1068.12,0,14.39,77.96,10.37,214.61,240.55,4.88
Lucknow,03-02-2022,5,1295.09,0,14.74,87.98,9.18,262.94,308.14,6.9
Lucknow,04-02-2022,5,660.9,0,3.21,138.76,8.58,78.8,79.89,2.12
Lucknow,05-02-2022,5,1148.22,0,19.54,35.76,10.13,89.41,102.78,5.51
Lucknow,06-02-2022,5,1789.09,1.48,30.5,3.71,5.25,152.53,178.43,8.99
Lucknow,07-02-2022,5,2483.37,7.38,54.15,0.44,29.33,219.44,267.57,68.9
Lucknow,08-02-2022,5,3845.21,15.2,61.01,0.11,11.09,414.99,473.72,12.41
Lucknow,09-02-2022,5,2136.23,8.61,32.22,0.25,12.64,275.63,343.66,34.45
Lucknow,10-02-2022,5,947.95,0,16.62,33.26,5.66,86.05,97.86,5.45
Lucknow,11-02-2022,5,907.9,0,15.59,82.97,15.02,163.96,183.38,6.84
Lucknow,12-02-2022,5,854.49,0,11.82,105.86,13.47,124.21,141.22,14.44
Lucknow,13-02-2022,5,1295.09,0,24.68,33.62,6.62,162.67,190.26,7.16
Lucknow,14-02-2022,5,1735.69,0.14,34.27,14.66,7.51,199.06,231.4,9.88
Lucknow,15-02-2022,5,2056.12,0.18,39.76,13.23,13.11,304.75,352.83,18.75
Lucknow,16-02-2022,5,2056.12,1.76,41.81,3.76,11.56,233.85,281.75,15.2
Lucknow,17-02-2022,5,1228.33,0,21.93,60.08,15.97,218.12,246.22,7.66
Lucknow,18-02-2022,5,1508.71,0,30.16,37.55,11.68,206.9,242.13,13.68
Lucknow,19-02-2022,5,1441.96,0,28.79,31.11,8.82,172.34,202.99,15.07
Lucknow,20-02-2022,5,781.06,0,11.48,90.84,12.52,121.57,140.34,18.49
Lucknow,21-02-2022,5,1081.47,0.01,21.25,36.12,11.09,110.13,128.21,13.55
Lucknow,22-02-2022,5,2857.21,26.38,40.44,0,24.56,249.73,321.56,57.25
Lucknow,23-02-2022,5,1068.12,0,6.08,148.77,16.45,204.97,220.11,19.76
Lucknow,24-02-2022,5,1001.36,0,9.85,98.71,8.58,161.44,178.18,19.51
Lucknow,25-02-2022,5,1895.9,1.26,42.5,3.8,8.7,218.15,251.27,21.79
Lucknow,26-02-2022,5,1508.71,0.47,32.22,12.52,6.85,156.8,188.53,17.73
Lucknow,27-02-2022,5,700.95,0,8.4,82.97,4.89,51.47,61.01,17.48
Lucknow,28-02-2022,5,787.73,0,20.91,43.63,16.69,80.13,95.65,13.93
Lucknow,01-03-2022,5,1201.63,0,26.73,40.77,10.73,107.02,133.81,17.23
Lucknow,02-03-2022,5,1348.5,0,24.33,49.35,8.11,144.19,168.84,21.79
Lucknow,03-03-2022,5,1562.12,0,29.47,32.54,9.42,161.95,195.24,20.77
Lucknow,04-03-2022,5,2029.42,0.17,42.16,14.13,13.59,192.5,237.56,32.42
Lucknow,05-03-2022,5,774.38,0,14.39,82.25,16.21,89.31,107.29,19.51
Lucknow,06-03-2022,5,881.2,0,16.11,72.96,9.78,88.77,104.87,20.27
Lucknow,07-03-2022,5,1642.23,0.23,31.53,9.66,7.75,148.02,177.14,23.56
Lucknow,08-03-2022,5,1068.12,0,24.33,36.48,21.46,160.81,181.8,19.25
Lucknow,09-03-2022,5,1001.36,0,18.16,66.52,12.04,126.62,149.08,21.53
Lucknow,10-03-2022,5,961.3,0,18.51,64.37,11.21,94.78,116.17,22.8
Lucknow,11-03-2022,5,1482.01,0.03,32.56,19.67,11.68,141.96,178.58,29.13
Lucknow,12-03-2022,5,854.49,0,15.08,90.12,15.97,93.06,118.46,21.03
Lucknow,13-03-2022,5,1482.01,0.1,34.27,12.87,12.99,122.99,162.27,31.41
Lucknow,14-03-2022,5,1949.31,6.15,40.78,0.14,24.32,160.6,227.92,61.81
Lucknow,15-03-2022,5,1268.39,0,22.96,44.7,15.74,188.51,223,26.35
Lucknow,16-03-2022,5,1482.01,0.01,27.42,26.82,11.21,178.04,233.55,28.37
Lucknow,17-03-2022,5,2349.85,8.83,45.93,0.17,24.8,236.49,319.73,55.22
Lucknow,18-03-2022,5,781.06,0,9.25,90.84,11.44,117.04,133.28,21.53
Lucknow,19-03-2022,5,974.66,0,17.65,58.65,8.94,121.92,144.16,22.55
Lucknow,20-03-2022,5,1081.47,0,19.02,39.34,10.73,160.78,189.1,25.08
Lucknow,21-03-2022,5,1976.01,8.49,37.36,0.15,19.31,167.05,210.56,41.54
Lucknow,22-03-2022,5,1054.76,0,18.16,75.1,23.84,164.58,196.58,23.81
Lucknow,23-03-2022,5,1214.98,0,28.1,47.92,24.32,124.95,166.25,26.6
Lucknow,24-03-2022,5,1415.25,0,30.16,44.35,26.7,167.91,215.06,30.91
Lucknow,25-03-2022,5,2456.67,18.55,41.81,0,35.76,191.17,282.87,52.18
Lucknow,26-03-2022,5,814.44,0,19.71,62.23,19.55,81.1,113.1,23.31
Lucknow,27-03-2022,5,487.33,0,7.54,121.59,14.19,55.95,71.91,14.82
Lucknow,28-03-2022,5,2029.42,0.84,55.52,3.84,44.35,190.49,263.71,95.25
Lucknow,29-03-2022,5,1134.87,0,25.36,53.64,26.23,113.55,161.89,25.33
Lucknow,30-03-2022,5,1976.01,0,47.98,27.54,42.44,189.08,288.65,45.09
Lucknow,31-03-2022,5,1148.22,0,12.68,63.66,11.56,185.22,230.91,25.84
Lucknow,01-04-2022,5,2643.59,6.71,55.52,0.21,42.92,283.6,365.15,72.96
Lucknow,02-04-2022,5,1134.87,0,23.99,50.07,23.13,134.16,180.95,27.87
Lucknow,03-04-2022,5,1695.63,0,33.59,25.03,23.84,196.56,251,44.08
Lucknow,04-04-2022,5,854.49,0,16.96,51.5,15.97,75.47,103.91,25.59
Lucknow,05-04-2022,5,1375.2,0,30.16,26.46,26.7,99.71,143.75,30.65
Lucknow,06-04-2022,5,1308.44,0,28.1,40.05,23.84,105.66,137.6,29.13
Lucknow,07-04-2022,5,1949.31,0.03,44.55,15.2,39.1,144.48,193.71,43.06
Lucknow,08-04-2022,5,2403.26,0.02,69.92,14.48,61.04,181.6,244.73,95.25
Lucknow,09-04-2022,5,2429.96,0.87,57.58,3.53,49.11,182.04,252.41,56.24
Lucknow,10-04-2022,5,1615.52,0,32.9,39.34,30.04,202.28,251.27,37.49
Lucknow,11-04-2022,5,1682.28,0,30.85,69.38,50.07,222.43,260.34,34.45
Lucknow,12-04-2022,5,1735.69,0,41.47,38.62,49.59,197.95,254.89,36.98
Lucknow,13-04-2022,5,1028.06,0,9.17,90.84,11.32,147.58,173.98,24.57
Lucknow,14-04-2022,5,2029.42,0,45.93,40.77,30.28,198.06,248.69,48.13
Lucknow,15-04-2022,5,1682.28,0,45.93,31.83,38.62,166.13,215.97,40.02
Lucknow,16-04-2022,5,1041.41,0,25.02,52.21,21.7,89.7,126.49,30.65
Lucknow,17-04-2022,5,867.84,0,17.82,57.94,18.84,76.59,102.04,26.35
Lucknow,18-04-2022,5,1214.98,0,31.19,45.06,35.29,75.65,97,32.93
Lucknow,19-04-2022,5,1508.71,0.01,34.62,20.21,28.37,105.3,144.94,33.44
Lucknow,20-04-2022,5,2590.18,0.05,63.06,12.34,57.7,228.68,312.96,50.66
Lucknow,21-04-2022,5,747.68,0,4.93,164.51,12.52,86.48,99.69,20.01
Lucknow,22-04-2022,5,2510.07,0.57,63.06,4.69,43.87,175.49,246.52,71.94
Lucknow,23-04-2022,5,2056.12,2.37,49.35,1.5,36.72,138.25,226.56,46.61
Lucknow,24-04-2022,4,540.73,0,16.11,85.12,36.72,44.86,74.42,20.01
Lucknow,25-04-2022,5,1068.12,0,23.99,54.36,24.32,81.85,119.97,27.11
Lucknow,26-04-2022,5,734.33,0,15.59,78.68,17.88,62.95,105.26,22.29
Lucknow,27-04-2022,5,2376.56,0.87,59.63,3.26,46.73,156.83,244.36,53.2
Lucknow,28-04-2022,5,1895.9,0,43.87,23.25,43.39,143.96,194.69,38.5
Lucknow,29-04-2022,5,934.6,0,8.4,138.76,19.07,132,157.38,23.81
Lucknow,30-04-2022,5,1188.28,0,12,91.55,15.5,197.86,229.6,26.6
Lucknow,01-05-2022,5,680.92,0,4.11,117.3,6.44,64.9,72.84,14.95
Lucknow,02-05-2022,5,687.6,0,5.18,104.43,4.89,61.47,66.57,5.38
Lucknow,03-05-2022,5,714.3,0,5.4,108.72,7.75,58.16,64.6,16.09
Lucknow,04-05-2022,5,787.73,0,7.88,85.12,5.13,72.76,82.16,5.83
Lucknow,05-05-2022,4,620.84,0,4.33,121.59,4.65,41.23,44.98,7.16
Lucknow,06-05-2022,5,794.41,0,7.2,95.84,7.75,68.79,81.57,18.49
Lucknow,07-05-2022,4,741,0,6.43,84.4,6.32,49.15,63.26,17.48
Lucknow,08-05-2022,4,781.06,0,7.54,62.94,5.25,45.04,56.68,20.27
Lucknow,09-05-2022,4,640.87,0,5.4,68.66,3.99,26.07,31.12,13.93
Lucknow,10-05-2022,5,734.33,0,5.91,113.01,8.7,82.26,91.98,15.58
Lucknow,11-05-2022,5,741,0,7.97,95.84,9.78,77.1,90.34,19.51
Lucknow,12-05-2022,5,961.3,0,9.25,90.84,10.25,97.79,113.42,21.53
Lucknow,13-05-2022,5,814.44,0,8.91,73.67,6.91,72.71,81.77,16.97
Lucknow,14-05-2022,5,907.9,0,6.51,105.86,8.82,138.55,154.21,21.28
Lucknow,15-05-2022,5,787.73,0,3.98,135.9,9.89,139.7,155.34,18.75
Lucknow,16-05-2022,5,934.6,0,7.37,87.98,9.3,165.61,188.91,23.31
Lucknow,17-05-2022,5,754.36,0,4.2,155.93,7.75,142.28,154.35,12.16
Lucknow,18-05-2022,5,907.9,0,16.45,56.51,9.3,89.34,124.35,23.81
Lucknow,19-05-2022,5,1121.52,0,22.28,38.98,10.61,117.36,171.21,28.63
Lucknow,20-05-2022,5,854.49,0,6.85,103,10.49,124.87,158.74,20.52
Lucknow,21-05-2022,5,767.71,0,6.94,113.01,10.85,132.29,171.59,19.51
Lucknow,22-05-2022,5,814.44,0,5.91,94.41,8.23,143.3,175.64,23.31
Lucknow,23-05-2022,5,680.92,0,4.88,123.02,7.33,82.01,93.44,15.96
Lucknow,24-05-2022,5,881.2,0,13.71,55.07,6.97,78.12,95.35,14.57
Lucknow,25-05-2022,5,1348.5,0,26.73,27.89,9.78,88.39,107.08,16.21
Lucknow,26-05-2022,5,2483.37,9.16,54.15,0.05,29.09,169.09,237.51,67.89
Lucknow,27-05-2022,5,1001.36,0,15.42,58.65,9.18,108.86,148.45,24.57
Lucknow,28-05-2022,5,2082.82,0,44.55,23.6,20.27,190.55,254.25,35.97
Lucknow,29-05-2022,5,961.3,0,14.05,55.79,9.3,132.36,187.1,27.11
Lucknow,30-05-2022,5,801.09,0,4.03,124.45,7.63,108.13,124.3,15.58
Lucknow,31-05-2022,5,1762.39,0.21,37.7,10.46,13.35,191,303.13,34.45
Lucknow,01-06-2022,5,1174.93,0,14.39,58.65,8.46,172.35,230.52,18.49
Lucknow,02-06-2022,5,1174.93,0,11.65,80.11,8.58,157.5,197.67,25.08
Lucknow,03-06-2022,5,1735.69,0,37.36,32.9,30.52,174.77,293.65,34.96
Lucknow,04-06-2022,5,1789.09,0,33.24,64.37,38.15,228.16,322.94,38
Lucknow,05-06-2022,5,1615.52,0,37.01,41.13,35.29,183,246.63,37.49
Lucknow,06-06-2022,5,1482.01,0,29.47,36.48,23.37,165.73,239.56,32.93
Lucknow,07-06-2022,5,2082.82,0.01,58.26,15.38,48.16,158.74,293.04,80.05
Lucknow,08-06-2022,5,1575.47,0,34.96,25.03,25.99,160.2,294.48,38.5
Lucknow,09-06-2022,5,2670.29,0.45,60.32,4.69,41.96,229.79,400.78,44.08
Lucknow,10-06-2022,5,2029.42,0.03,52.78,12.16,47.68,131.46,273.57,74.98
Lucknow,11-06-2022,5,1348.5,0,31.19,45.78,28.85,135.51,290.16,28.37
Lucknow,12-06-2022,5,694.27,0,4.5,147.34,15.5,163.93,263.34,19.51
Lucknow,13-06-2022,5,801.09,0,13.54,97.27,22.41,149.69,280.33,25.33
Lucknow,14-06-2022,4,600.81,0,15.08,67.95,17.88,44.77,98.57,18.75
Lucknow,15-06-2022,4,427.25,0,8.74,91.55,11.09,38.86,89.92,14.19
Lucknow,16-06-2022,2,403.88,0,10.02,69.38,15.14,16.31,31.08,12.41
Lucknow,17-06-2022,4,720.98,0,17.31,62.94,15.97,41.43,62.26,20.52
Lucknow,18-06-2022,3,487.33,0,13.19,70.1,19.55,23.84,34.7,14.44
Lucknow,19-06-2022,3,427.25,0,8.74,60.08,10.61,24.99,29.81,8.04
Lucknow,20-06-2022,5,647.54,0,11.48,69.38,9.3,51.04,61.82,9.5
Lucknow,21-06-2022,5,1522.06,0,33.24,31.47,16.69,87.25,113.91,29.64
Lucknow,22-06-2022,5,580.79,0,7.8,78.68,7.45,53.46,67.24,20.01
Lucknow,23-06-2022,5,988.01,0,14.22,55.07,10.49,84.43,104.85,25.33
Lucknow,24-06-2022,5,827.79,0,8.57,79.39,7.57,59.2,70.35,18.75
Lucknow,25-06-2022,5,1028.06,0,6.77,105.86,7.75,93.55,104.54,16.72
Lucknow,26-06-2022,4,594.14,0,3.73,115.87,6.38,31.28,34.76,10.77
Lucknow,27-06-2022,4,580.79,0,3.73,115.87,6.85,41.05,44.74,11.02
Lucknow,28-06-2022,4,720.98,0,7.63,65.09,8.82,35.38,39.12,8.99
Lucknow,29-06-2022,2,514.03,0,9.42,56.51,11.32,17.23,19.41,3.48
Lucknow,30-06-2022,3,714.3,0,10.97,25.75,7.87,22.01,24.72,4.88
Lucknow,01-07-2022,4,761.03,0,10.71,30.4,6.5,34.35,37.93,3.8
Lucknow,02-07-2022,5,1522.06,1.13,29.47,2.21,10.85,84.72,112.67,9.12
Lucknow,03-07-2022,4,1001.36,0,6.85,52.93,4.89,46.74,51.29,6.14
Lucknow,04-07-2022,4,754.36,0,9,52.21,4.41,41.03,49.87,7.35
Lucknow,05-07-2022,5,807.76,0,6.43,118.73,7.87,78.47,83.72,6.52
Lucknow,06-07-2022,5,774.38,0,4.76,137.33,8.94,104.43,112.95,10.89
Lucknow,07-07-2022,4,534.06,0,4.67,103,7.33,32.51,36.77,9.25
Lucknow,08-07-2022,5,654.22,0,8.65,91.55,7.45,63.79,74.2,16.21
Lucknow,09-07-2022,5,634.19,0,5.14,108.72,9.42,73.92,82.07,13.81
Lucknow,10-07-2022,2,494,0,5.27,66.52,5.01,19.45,24.11,10.26
Lucknow,11-07-2022,5,514.03,0,5.27,92.98,5.9,58.97,66,15.45
Lucknow,12-07-2022,5,554.08,0,5.57,108.72,7.39,50.34,56.47,12.54
Lucknow,13-07-2022,4,487.33,0,4.8,101.57,5.6,37.95,43.77,12.41
Lucknow,14-07-2022,4,480.65,0,4.54,107.29,8.34,25.7,30.94,13.93
Lucknow,15-07-2022,2,514.03,0,4.11,83.68,5.42,13.84,17.51,10.39
Lucknow,16-07-2022,4,520.71,0,6.34,110.15,9.66,42.12,45.84,7.41
Lucknow,17-07-2022,4,460.62,0,4.8,97.27,6.5,36.05,37.79,3.26
Lucknow,18-07-2022,4,403.88,0,4.46,79.39,4.95,29.54,34.41,14.19
Lucknow,19-07-2022,4,514.03,0,5.1,100.14,8.58,32.46,37.83,12.92
Lucknow,20-07-2022,5,674.25,0,7.28,74.39,10.37,61.24,66.43,9.37
Lucknow,22-07-2022,4,988.01,0.06,15.94,11.09,5.84,35.86,37.44,3.67
Lucknow,23-07-2022,3,694.27,0,10.45,33.97,6.85,23.63,28.29,4.31
Lucknow,24-07-2022,3,594.14,0,6.6,57.94,6.68,24.5,26.05,3.77
Lucknow,25-07-2022,4,567.44,0,6,57.22,6.44,27.96,29.73,3.48
Lucknow,26-07-2022,4,687.6,0,6.34,75.1,6.2,48.67,50.05,2.34
Lucknow,27-07-2022,4,687.6,0,7.63,55.79,5.9,41.51,43.38,2.6
Lucknow,28-07-2022,4,587.46,0.01,14.22,19.67,8.94,28.2,36.13,5.76
Lucknow,29-07-2022,5,1735.69,3.97,31.53,1.29,10.73,126,154.19,9.37
Lucknow,30-07-2022,5,1255.04,0.24,26.05,6.97,12.4,59.92,72.39,8.36
Lucknow,31-07-2022,4,854.49,0.01,17.99,17.52,10.49,38.55,46.36,5
Lucknow,01-08-2022,5,1815.8,12.29,40.78,0.01,27.89,109.47,140.81,71.94
Lucknow,02-08-2022,4,1028.06,0.24,28.1,6.97,12.16,47.39,67.48,8.99
Lucknow,03-08-2022,3,500.68,0,10.37,27.18,5.9,21.76,26.69,4.81
Lucknow,04-08-2022,4,774.38,0,10.8,21.64,5.36,49.52,57.68,4.88
Lucknow,05-08-2022,4,1308.44,0.08,22.28,9.21,5.54,45.05,52.5,5.51
Lucknow,06-08-2022,5,1895.9,6.31,27.08,0.23,8.23,146.92,186.97,16.47
Lucknow,07-08-2022,5,907.9,0,7.71,52.21,4.17,51.73,60.23,5.76
Lucknow,08-08-2022,4,727.65,0,10.37,26.82,4.35,33.25,41.75,6.46
Lucknow,09-08-2022,4,520.71,0,5.74,67.23,4.35,32.2,36.98,4.81
Lucknow,10-08-2022,3,427.25,0,4.67,85.12,6.08,24.26,29.5,10.77
Lucknow,11-08-2022,1,373.84,0,4.54,72.24,6.74,8.3,10.17,7.35
Lucknow,12-08-2022,3,393.87,0,3.81,98.71,7.63,21.72,25.45,8.87
Lucknow,13-08-2022,4,487.33,0,10.02,61.51,10.01,49.28,55.44,5.45
Lucknow,14-08-2022,5,667.57,0,5.91,85.83,5.01,77.44,81.23,3.8
Lucknow,15-08-2022,2,423.91,0,5.4,45.78,3.93,11.4,13.9,6.27
Lucknow,16-08-2022,3,387.19,0,3.94,87.26,8.94,20.05,21.7,2.79
Lucknow,17-08-2022,5,700.95,0.01,17.31,20.56,6.62,54.51,73.9,7.41
Lucknow,18-08-2022,5,1081.47,0.1,27.42,11.62,12.28,66.97,94.12,10.51
Lucknow,19-08-2022,4,473.98,0,13.02,48.64,9.89,30.23,39.98,9.25
Lucknow,20-08-2022,5,814.44,0,19.19,41.13,23.84,64.58,71.91,5.07
Lucknow,21-08-2022,3,654.22,0,8.23,33.26,3.58,22.96,25.87,3.26
Lucknow,22-08-2022,4,480.65,0,4.24,101.57,7.63,45.55,47.98,4.43
Lucknow,23-08-2022,4,460.62,0,5.57,75.1,5.3,34.01,39.09,5.26
Lucknow,24-08-2022,5,634.19,0,9.77,46.49,6.32,63.43,73.61,7.16
Lucknow,25-08-2022,5,1308.44,0.05,20.05,15.02,8.7,79.62,92.66,12.92
Lucknow,26-08-2022,5,1895.9,0.27,28.1,7.06,11.8,133.7,157.92,9.5
Lucknow,27-08-2022,5,1161.58,0,20.56,27.18,10.97,80.52,98.24,5.83
Lucknow,28-08-2022,4,554.08,0,11.82,51.5,9.89,46.61,55.92,4.5
Lucknow,29-08-2022,4,720.98,0.01,16.96,20.56,13.71,40.91,47.23,7.28
Lucknow,30-08-2022,5,3044.13,21.01,50.72,0,36.72,223.09,282.72,74.98
Lucknow,31-08-2022,5,1735.69,4.64,22.62,0.22,9.89,115.73,154.96,11.02
Lucknow,01-09-2022,5,894.55,0.01,18.85,20.56,10.61,57.87,75.4,5.7
Lucknow,02-09-2022,5,1815.8,20.12,20.22,0,14.31,115.49,139.89,22.29
Lucknow,03-09-2022,4,794.41,0.01,19.19,20.38,12.76,45.54,56.56,5.64
Lucknow,04-09-2022,5,540.73,0,10.54,62.23,8.11,51.27,70.01,9.12
Lucknow,05-09-2022,5,1535.42,11.96,18.68,0.01,7.21,110.16,159.87,14.69
Lucknow,06-09-2022,5,2750.4,23.69,31.19,0,18.12,193.53,254.62,24.83
Lucknow,07-09-2022,5,2883.91,27.05,43.53,0,40.05,209.13,288.44,87.14
Lucknow,08-09-2022,5,1001.36,0,8.48,58.65,5.6,61.42,69.9,6.08
Lucknow,09-09-2022,5,961.3,0,9.34,47.21,5.54,60.8,70.23,5.76
Lucknow,10-09-2022,5,767.71,0,9.85,38.98,5.25,64.27,74.51,6.02
Lucknow,11-09-2022,3,607.49,0,8.05,35.76,4.71,24.49,32.3,7.54
Lucknow,12-09-2022,4,547.41,0,3.9,87.98,4.53,29.26,32.35,5.57
Lucknow,13-09-2022,2,433.92,0,5.65,55.07,5.25,13.54,15.06,2.79
Lucknow,14-09-2022,4,594.14,0,7.63,52.21,6.97,33.41,34.19,1.79
Lucknow,15-09-2022,3,680.92,0.01,12.85,19.67,5.54,21.63,22.73,2.01
Lucknow,16-09-2022,1,534.06,0,7.54,22.17,3.93,9.68,10.12,1.09
Lucknow,17-09-2022,5,1121.52,0.5,18.34,3.62,6.38,58.72,68.39,6.9
Lucknow,18-09-2022,5,1121.52,0.05,17.14,13.23,7.51,90.71,110.82,8.11
Lucknow,19-09-2022,5,1428.6,4.25,15.59,0.25,5.9,112.34,136.18,14.19
Lucknow,20-09-2022,5,934.6,0,8.57,56.51,5.19,84.72,93.68,6.46
Lucknow,21-09-2022,4,854.49,0,8.65,41.13,5.19,48.75,53.23,4.24
Lucknow,22-09-2022,4,647.54,0,10.02,33.26,6.74,30.09,32.27,3.2
Lucknow,23-09-2022,4,881.2,0,8.05,52.21,6.32,48.77,50.43,2.5
Lucknow,24-09-2022,5,894.55,0,9.6,40.05,6.32,55.28,57.7,2.69
Lucknow,25-09-2022,3,487.33,0.01,10.45,19.49,3.81,24.3,28.97,4.43
Lucknow,26-09-2022,4,754.36,2.88,13.19,0.57,4.89,32.87,47.44,12.03
Lucknow,27-09-2022,5,3017.43,21.68,26.73,0,14.66,248.17,305.24,22.04
Lucknow,28-09-2022,5,1735.69,0.41,26.73,6.62,9.54,179.06,225.05,9.63
Lucknow,29-09-2022,5,1842.5,1.09,30.16,3.8,9.89,188.09,246.26,10.39
Lucknow,30-09-2022,5,1602.17,0.03,26.39,17.52,10.61,199.89,256.52,9.12
Lucknow,01-10-2022,5,1922.61,0.35,30.16,7.78,9.06,208.85,250.2,8.61
Lucknow,02-10-2022,5,1482.01,0,19.02,26.82,7.33,218.05,249.1,8.74
Lucknow,03-10-2022,5,1415.25,0,19.88,32.9,8.7,226.51,256,8.49
Lucknow,04-10-2022,5,3017.43,25.26,32.56,0,21.7,311.37,391.32,34.96
Lucknow,05-10-2022,3,694.27,0,9.25,28.25,3.87,21.66,22.59,1.93
Lucknow,06-10-2022,2,761.03,0.37,20.39,2.91,5.9,18.14,19.5,2.5
Lucknow,07-10-2022,4,827.79,0.56,22.96,1.54,7.03,25.95,29.2,3.26
Lucknow,08-10-2022,4,947.95,0.08,14.57,8.23,5.01,42.14,47.97,4.43
Lucknow,09-10-2022,5,741,0.17,15.08,7.6,5.13,68.4,77.88,6.59
Lucknow,10-10-2022,5,834.47,0.61,19.19,4.02,5.84,114.01,123.61,9.25
Lucknow,11-10-2022,5,1014.71,0.1,21.59,12.52,9.78,73.76,86.98,11.65
Lucknow,12-10-2022,5,1321.79,0.01,21.25,22.35,10.25,111.23,127.4,8.11
Lucknow,13-10-2022,5,2696.99,9.72,33.93,0.14,10.61,268.2,319.67,12.41
Lucknow,14-10-2022,5,2296.45,0.09,33.24,12.16,8.46,271.98,310.06,7.28
Lucknow,15-10-2022,5,2349.85,0.47,42.5,9.03,9.42,236.15,279.89,7.66
Lucknow,16-10-2022,5,2216.34,0,52.09,32.9,45.3,217.73,272.87,137.81
Lucknow,17-10-2022,5,1815.8,0.09,33.59,12.7,10.01,172.7,210.11,18.24
Lucknow,18-10-2022,5,2056.12,0.7,34.62,5.14,9.89,243.64,298.18,9.5
Lucknow,19-10-2022,5,2910.61,30.4,29.47,0,11.68,249.34,317.29,13.3
Lucknow,20-10-2022,5,2937.32,0.41,57.58,6.97,32.9,345.24,418.17,49.14
Lucknow,21-10-2022,5,2883.91,18.1,43.18,0.01,19.79,265.39,348.32,32.93
Lucknow,22-10-2022,5,2243.04,4.97,37.7,0.37,11.32,239.11,308.29,17.99
Lucknow,23-10-2022,5,1495.36,0.03,23.31,18.6,8.94,255.98,299.58,7.73
Lucknow,24-10-2022,5,1094.82,0.01,19.54,23.96,6.79,135,163.15,6.02
Lucknow,25-10-2022,5,1041.41,0,16.79,75.1,11.56,144.74,168.92,8.11
Lucknow,26-10-2022,5,1495.36,0.01,30.16,27.89,8.7,137.65,171.17,12.29
Lucknow,27-10-2022,5,3337.86,27.27,50.72,0,40.53,309.37,401.24,80.05
Lucknow,28-10-2022,5,2483.37,2.93,47.3,2.26,11.32,272.26,323.43,19.25
Lucknow,29-10-2022,5,2777.1,6.87,54.15,0.32,15.97,343.56,411.32,33.44
Lucknow,30-10-2022,5,2403.26,3.8,44.55,0.57,20.27,307.63,375.08,49.14
Lucknow,31-10-2022,5,2349.85,0.03,40.78,16.09,16.93,307.74,364.79,32.42
Lucknow,01-11-2022,5,3070.83,4.81,61.01,1.43,23.84,331.62,399.71,37.49
Lucknow,02-11-2022,5,2990.72,10.06,55.52,0.14,15.74,315.75,392.22,21.79
Lucknow,03-11-2022,5,1348.5,0.01,28.45,25.75,9.3,149.92,204.69,7.47
Lucknow,04-11-2022,5,1868,0,27.75,27.13,11.66,286,366,7.47
Lucknow,05-11-2022,5,3200,0.01,72.5,20.56,47.63,452,528,27.87
Lucknow,06-11-2022,5,1895.9,0.26,35.3,8.67,10.01,288.2,341.1,27.87
Lucknow,07-11-2022,5,3845.21,25.7,91.85,0,60.56,377.95,443.22,137.81
Lucknow,08-11-2022,5,2563.48,4.25,45.24,0.6,15.02,315.74,388.43,30.65
Lucknow,09-11-2022,5,2429.96,3.86,46.61,0.88,11.8,274.63,338.34,12.54
Lucknow,10-11-2022,5,2563.48,5.14,39.76,0.56,10.13,321.89,387.62,11.78
Lucknow,11-11-2022,5,1241.68,0,16.11,72.96,11.09,218.63,240.5,4.5
Lucknow,12-11-2022,5,1054.76,0,20.39,63.66,10.01,94.84,115.99,21.28
Lucknow,13-11-2022,5,1041.41,0,13.37,107.29,13.11,97.65,115.13,18.75
Lucknow,14-11-2022,5,1735.69,0.03,32.56,20.92,7.39,149.27,189.21,10.26
Lucknow,15-11-2022,5,2563.48,4.53,46.61,1.29,10.61,275.82,338.25,12.29
Lucknow,16-11-2022,5,988.01,0,21.08,59.37,10.73,111.83,137.35,16.97
Lucknow,17-11-2022,5,1028.06,0,17.82,70.1,14.42,150.27,176.96,20.01
Lucknow,18-11-2022,5,1214.98,0,28.1,47.21,11.44,103.9,130.3,23.31
Lucknow,19-11-2022,5,2910.61,13.86,65.8,0.14,21.7,240.71,297.88,41.04
Lucknow,20-11-2022,5,2670.29,4.02,64.43,1.16,15.97,264.43,315.61,26.35
Lucknow,21-11-2022,5,1161.58,0,22.62,40.05,7.33,155.06,177.73,9.12
Lucknow,22-11-2022,5,1508.71,0,24.68,68.66,11.56,219.82,250.88,13.3
Lucknow,23-11-2022,5,1281.74,0,25.36,72.24,15.02,147.19,172.02,15.33
Lucknow,24-11-2022,5,1108.17,0,26.05,52.21,11.92,110.48,133.89,22.04
Lucknow,25-11-2022,5,3097.53,4.36,71.29,1.06,37.67,323.46,390.22,66.88
Lucknow,26-11-2022,5,1602.17,0,25.02,60.08,10.61,241.54,272.01,6.65
Lucknow,27-11-2022,5,2643.59,0.35,43.53,8.23,7.51,429.25,481.53,11.78
Lucknow,28-11-2022,5,2429.96,6.15,41.47,0.6,8.23,300.9,346.34,13.55
Lucknow,29-11-2022,5,2349.85,1.54,48.67,5.99,9.18,291.81,340.55,10.89
Lucknow,30-11-2022,5,2002.72,0.37,44.55,14.66,12.87,314.41,352.78,8.23
Lucknow,01-12-2022,5,1321.79,0,25.36,52.21,9.18,181.92,207.28,14.95
Lucknow,02-12-2022,5,2910.61,10.73,60.32,0.3,11.09,321.48,374.63,10.89
Lucknow,03-12-2022,5,3738.4,4.97,90.48,0.57,39.1,453.86,533,53.7
Lucknow,04-12-2022,5,1708.98,0.08,33.59,23.6,7.63,236.99,272.21,7.22
Lucknow,05-12-2022,5,1949.31,0.01,34.62,26.46,7.99,338.88,376.37,7.35
Lucknow,06-12-2022,5,1321.79,0,21.59,59.37,10.73,222.11,247.18,7.03
Lucknow,07-12-2022,5,1041.41,0,18.16,74.39,11.56,156.45,180.23,14.06
Lucknow,08-12-2022,5,1682.28,0,33.24,36.84,9.66,251.99,293.22,10.64
Lucknow,09-12-2022,5,2830.51,1.52,51.41,3.53,8.94,388.86,456.52,11.4
Lucknow,11-12-2022,5,1642.23,0,17.82,47.92,8.7,344.61,368.61,5.95
Lucknow,12-12-2022,5,1415.25,0,17.48,66.52,7.75,202.14,225.51,8.49
Lucknow,13-12-2022,5,1308.44,0,25.02,48.64,10.25,167.64,194.43,21.03
Lucknow,14-12-2022,5,894.55,0,18.34,82.97,26.94,124.92,142.51,18.75
Lucknow,15-12-2022,5,841.14,0,21.25,59.37,18.36,83.64,100.15,21.28
Lucknow,16-12-2022,5,1295.09,0,30.5,47.92,11.09,159.89,188.1,15.96
Lucknow,17-12-2022,5,2723.69,15.42,55.52,0.04,25.27,270.77,332.56,55.73
Lucknow,18-12-2022,5,2296.45,6.09,42.5,0.37,10.61,316.44,367.49,21.28
Lucknow,19-12-2022,5,2563.48,0.21,45.93,11,14.31,393.75,444.11,26.6
Lucknow,20-12-2022,5,2029.42,0,29.47,47.92,8.11,324.45,359.96,6.52
Lucknow,21-12-2022,5,2964.02,4.3,58.26,1.16,11.44,370.39,424.61,15.71
Lucknow,22-12-2022,5,1482.01,0,27.42,50.07,8.58,278.57,308.77,9.5
Lucknow,23-12-2022,5,2429.96,0,38.73,34.33,10.25,417.62,460.7,14.95
Lucknow,24-12-2022,5,988.01,0,26.39,48.64,10.13,81.66,93.97,21.53
Lucknow,25-12-2022,5,1028.06,0,23.31,42.2,7.63,136.99,156.89,18.24
Lucknow,26-12-2022,5,1976.01,2.68,37.36,3.53,10.37,282.14,309.57,18.24
Lucknow,27-12-2022,5,1455.31,0,25.02,65.09,10.25,224,248.81,18.24
Lucknow,28-12-2022,5,1014.71,0,13.88,104.43,18.36,207.53,223.57,13.93
Lucknow,29-12-2022,5,827.79,0,17.14,71.53,10.49,112.97,130.64,20.77
Lucknow,30-12-2022,5,2563.48,11.4,47.3,0.32,11.56,371.16,419.94,19.25
Lucknow,31-12-2022,5,3578.19,1.23,80.2,5.01,35.29,524.6,587.52,89.17
Lucknow,01-01-2023,5,1976.01,0.08,31.87,15.74,7.15,350.95,399.05,11.53
Lucknow,02-01-2023,5,2082.82,11.06,35.64,0.18,12.76,258.66,298.48,29.39
Lucknow,03-01-2023,5,1762.39,0.16,39.76,19.67,12.87,253.3,282.69,7.6
Lucknow,04-01-2023,5,1562.12,0.15,38.39,14.48,12.87,279.77,312.01,6.46
Lucknow,05-01-2023,5,1308.44,0,23.31,47.21,7.33,205.12,229.07,5.26
Lucknow,06-01-2023,5,1842.5,0.02,33.24,25.75,6.97,304.3,337.29,6.4
Lucknow,07-01-2023,5,1094.82,0,25.7,43.63,14.66,189.06,208.38,4.37
Lucknow,08-01-2023,5,1335.14,0,25.36,35.76,8.23,252.06,273.21,4.12
Lucknow,09-01-2023,5,2376.56,12.96,38.39,0.05,12.16,341.66,392.14,27.61
Lucknow,10-01-2023,5,2964.02,0.57,37.7,8.31,7.21,555.27,606.8,10.51
Lucknow,11-01-2023,5,1708.98,0,25.36,36.12,7.21,338.91,377.57,5.57
Lucknow,12-01-2023,5,2590.18,0.21,51.41,12.87,20.98,496.75,550.13,58.26
Lucknow,13-01-2023,5,1869.2,0,26.73,41.13,7.39,371.67,403.3,10.01
Lucknow,14-01-2023,5,1842.5,2.07,31.53,5.59,5.48,276.7,303.45,7.03
Lucknow,15-01-2023,5,1068.12,0,9.17,101.57,12.04,219.42,236.96,5.26
Lucknow,16-01-2023,5,1081.47,0,22.96,51.5,6.56,134.53,154.37,9.5
Lucknow,17-01-2023,5,1508.71,0.01,32.22,31.83,7.87,166.67,196.83,7.35
Lucknow,18-01-2023,5,2349.85,5.09,45.24,0.74,10.01,246.42,295.83,16.47
Lucknow,19-01-2023,5,2243.04,1.34,47.98,4.92,8.7,237.48,281.85,13.17
Lucknow,20-01-2023,5,3578.19,5.59,93.22,1.61,64.85,389.5,450.53,127.67
Lucknow,21-01-2023,5,2429.96,18.1,47.3,0.02,22.65,272.61,324.02,54.72
Lucknow,22-01-2023,5,1976.01,0.08,37.36,16.99,7.21,267.33,300.91,11.78
Lucknow,23-01-2023,5,2777.1,7.82,81.57,0.2,62.94,300.4,337.71,135.78
Lucknow,24-01-2023,5,741,0,10.88,71.53,6.79,97.69,104.4,4.56
Lucknow,25-01-2023,5,1068.12,0,13.88,42.92,4.71,149.27,171.21,6.33
Lucknow,26-01-2023,5,2536.77,29.5,27.76,0,16.21,196.72,242.04,24.32
Lucknow,27-01-2023,5,1068.12,0,17.82,36.48,7.51,117.71,135.42,5.13
Lucknow,28-01-2023,5,1014.71,0,12.17,110.15,15.02,184.73,200.76,5.51
Lucknow,29-01-2023,5,2002.72,2.82,38.73,1.5,11.56,224.2,262.73,23.56
Lucknow,30-01-2023,5,1201.63,0,12.34,72.96,4.47,227.98,244.67,5.32
Lucknow,31-01-2023,4,1054.76,0.05,26.73,19.67,7.87,67.38,84.65,13.81
Lucknow,01-02-2023,5,907.9,0,9.85,113.01,17.88,165.88,178.46,3.2
Lucknow,02-02-2023,5,774.38,0,11.65,94.41,12.28,113.62,128,7.6
Lucknow,03-02-2023,5,1762.39,0.08,34.96,17.52,8.94,240.83,285.71,9.25
Lucknow,04-02-2023,5,1174.93,0,15.77,98.71,15.14,228.19,258.12,7.09
Lucknow,05-02-2023,5,747.68,0,12.51,78.68,8.46,111.65,132.97,16.21
Lucknow,06-02-2023,5,1708.98,0.11,34.27,20.21,7.75,212.98,252.12,6.65
Lucknow,07-02-2023,5,2216.34,0.12,49.35,16.27,19.79,223.46,277.39,29.13
Lucknow,08-02-2023,5,1321.79,0,13.02,118.73,20.03,336.2,385.51,14.31
Lucknow,09-02-2023,5,841.14,0,15.42,94.41,14.66,105.43,122.53,19.51
Lucknow,10-02-2023,5,3150.94,11.51,56.21,0.1,12.52,295.57,353.04,33.94
Lucknow,11-02-2023,5,2243.04,10.62,43.53,0.12,12.28,206.55,265.36,24.83
Lucknow,12-02-2023,5,847.82,0,12.85,67.23,8.34,132.61,158.11,17.48
Lucknow,13-02-2023,4,514.03,0,8.48,123.02,22.89,64.13,79.23,14.44
Lucknow,14-02-2023,4,647.54,0,14.05,92.98,15.74,54.7,67.4,20.01
Lucknow,15-02-2023,5,1321.79,0,28.1,36.84,10.49,157.43,189.28,16.72
Lucknow,16-02-2023,5,2162.93,0.51,40.78,9.21,10.49,343.32,395.02,17.48
Lucknow,17-02-2023,5,2830.51,19.89,60.32,0.01,33.38,296.66,355.33,92.21
Lucknow,18-02-2023,5,4325.87,6.65,106.93,0.31,46.73,476.46,562.28,71.94
Lucknow,19-02-2023,5,3017.43,13.86,64.43,0.05,42.92,351.94,415.88,95.25
Lucknow,20-02-2023,5,2189.64,6.54,32.9,0.16,10.73,370.96,437.88,22.8
Lucknow,21-02-2023,5,1642.23,0,28.1,29.33,9.66,220.96,268.96,14.82
Lucknow,22-02-2023,5,2189.64,0.13,41.13,16.09,12.52,276.32,323.16,16.47
Lucknow,23-02-2023,5,1375.2,0,34.62,37.19,21.93,217.38,256.63,27.61
Lucknow,25-02-2023,5,1068.12,0,19.71,43.99,8.58,151.25,175.38,27.11
Lucknow,26-02-2023,5,2136.23,0.58,56.89,9.75,32.9,289.12,338.04,88.16
Lucknow,27-02-2023,5,1708.98,2.74,32.22,1.81,9.78,206.6,254.6,27.11
Lucknow,28-02-2023,5,2002.72,0,41.13,28.25,21.22,223.12,273.07,47.12
Lucknow,01-03-2023,5,2136.23,3.63,43.87,1.21,16.69,179.37,241.02,43.06
Lucknow,02-03-2023,5,1001.36,0,17.82,84.4,15.97,118.61,148.34,21.53
Lucknow,03-03-2023,5,841.14,0,15.77,72.96,14.42,95.53,121.96,19.76
Lucknow,04-03-2023,5,660.9,0,9.6,125.89,22.89,90.36,112.07,15.83
Lucknow,05-03-2023,5,794.41,0,10.45,75.1,15.14,106.81,119.14,20.27
Lucknow,06-03-2023,4,654.22,0,11.65,75.1,13.35,61.32,75.24,17.73
Lucknow,07-03-2023,5,1134.87,0,24.33,40.41,15.74,83.48,109.09,24.83
Lucknow,08-03-2023,5,1068.12,0,28.1,30.76,19.31,76.84,104.42,25.08
Lucknow,09-03-2023,5,1014.71,0.01,22.62,26.46,8.46,90.8,115.99,21.53
Lucknow,10-03-2023,5,1668.93,0,30.16,33.97,11.68,179.39,210.24,12.29
Lucknow,11-03-2023,5,2510.07,1.98,52.78,1.94,30.99,245.03,302.08,52.69
Lucknow,12-03-2023,5,1949.31,2.29,35.99,1.52,17.88,185.35,228.18,34.96
Lucknow,13-03-2023,5,1789.09,0.01,33.93,21.99,20.98,184.77,223.03,46.61
Lucknow,14-03-2023,5,1762.39,0.2,35.3,10.82,16.93,189.41,228.77,37.49
Lucknow,15-03-2023,5,2403.26,4.08,56.21,0.72,25.27,175.14,232.13,56.74
Lucknow,16-03-2023,5,1949.31,0.08,42.16,13.95,25.75,180.95,220.97,31.66
Lucknow,17-03-2023,4,881.2,0.01,17.82,26.46,6.44,67.34,87.12,20.52
Lucknow,18-03-2023,3,921.25,0,16.79,32.19,6.79,44.23,64.54,25.59
Lucknow,19-03-2023,5,2109.53,0.01,50.04,21.82,23.13,192.73,215.97,47.62
Lucknow,20-03-2023,4,834.47,0,6.94,82.97,3.93,61.06,66.88,5.38
Lucknow,21-03-2023,5,2296.45,10.39,33.59,0.14,10.61,145.14,172.95,16.47
Lucknow,22-03-2023,5,1588.82,0.31,29.13,9.39,9.18,106.65,122.84,10.26
Lucknow,23-03-2023,5,1348.5,0,17.82,56.51,8.11,125.44,144.59,8.87
Lucknow,24-03-2023,5,1321.79,0,26.05,38.27,11.21,113.38,139.63,18.75
Lucknow,25-03-2023,5,1535.42,0.02,29.13,20.92,9.3,140.93,166.27,12.16
Lucknow,26-03-2023,5,2056.12,6.59,53.47,0.44,29.56,131.67,171.17,83.09
Lucknow,27-03-2023,3,494,0,13.02,70.81,18.6,28.79,46.33,17.73
Lucknow,28-03-2023,4,720.98,0,14.05,75.82,14.31,64.44,87.14,20.52
Lucknow,29-03-2023,5,1668.93,0.12,35.64,13.23,11.92,122.08,156.39,31.41
Lucknow,30-03-2023,5,1642.23,0.12,34.96,12.52,16.45,119.11,163.36,33.44
Lucknow,31-03-2023,5,867.84,0,15.59,92.98,13.23,84.5,99.46,14.69
Lucknow,01-04-2023,4,794.41,0,16.45,40.77,6.5,56.33,67.86,7.54
Lucknow,02-04-2023,5,2189.64,1.59,34.27,2.15,9.78,179.65,213.56,17.99
Lucknow,03-04-2023,5,1134.87,0,20.05,40.41,10.73,87.1,108.69,25.84
Lucknow,04-04-2023,5,1708.98,0.37,36.33,7.69,15.14,109.11,151.51,37.49
Lucknow,05-04-2023,5,1068.12,0,24.68,40.41,13.83,85.3,123.6,25.84
Lucknow,06-04-2023,4,787.73,0,21.25,64.37,27.66,51.59,68.37,23.81
Lucknow,07-04-2023,4,714.3,0,18.51,79.39,23.37,51.68,72.49,21.79
Lucknow,08-04-2023,3,867.84,0,22.62,47.92,17.17,48.7,69.79,26.09
Lucknow,09-04-2023,5,1001.36,0,19.02,55.07,14.42,78.2,101.14,22.8
Lucknow,10-04-2023,5,1068.12,0,22.28,45.06,21.7,83.07,106.17,27.61
Lucknow,11-04-2023,4,1068.12,0,23.65,46.49,19.55,74.5,101.97,28.12
Lucknow,12-04-2023,4,781.06,0,14.91,100.14,17.64,69.22,90.78,21.79
Lucknow,13-04-2023,4,667.57,0,13.37,97.27,16.93,51.33,74.54,19.51
Lucknow,14-04-2023,5,1014.71,0,21.93,62.23,21.22,90.45,122.9,26.85
Lucknow,15-04-2023,5,2056.12,0.29,46.61,8.67,33.38,140.45,200.43,42.56
Lucknow,16-04-2023,5,2483.37,0.13,72.66,7.06,56.74,173.76,251.9,103.35
Lucknow,17-04-2023,5,894.55,0,16.62,72.96,27.42,87.45,126.04,23.81
Lucknow,18-04-2023,5,1949.31,1.93,47.98,1.74,43.87,117.42,180.85,67.89
Lucknow,19-04-2023,4,1014.71,0,22.96,37.55,20.74,69.94,107.18,26.6
Lucknow,20-04-2023,3,520.71,0,13.88,67.95,29.09,41.17,66.78,17.99
Lucknow,21-04-2023,2,600.81,0,12.85,39.34,9.54,23.1,36.38,19.76
Lucknow,22-04-2023,4,1228.33,0.05,32.22,14.84,15.5,57.81,86.13,32.17
Lucknow,23-04-2023,5,1134.87,0,29.47,47.92,27.42,78.9,111.87,30.15
Lucknow,24-04-2023,4,787.73,0,20.05,67.23,27.42,63.39,84.32,16.09
Lucknow,25-04-2023,4,821.11,0,12,57.94,8.23,52.25,62.88,20.27
Lucknow,26-04-2023,5,2082.82,0.36,54.15,7.33,31.95,148.45,200.38,79.04
Lucknow,27-04-2023,5,1535.42,0.03,33.24,17.52,16.21,112.7,144.07,31.92
Lucknow,28-04-2023,5,947.95,0,16.11,78.68,24.08,98.28,115.04,23.31
Lucknow,29-04-2023,5,1949.31,0,38.73,35.05,23.6,145.67,182.35,29.39
Lucknow,30-04-2023,3,607.49,0,5.27,101.57,5.72,38.63,40.74,7.35
Lucknow,01-05-2023,4,1134.87,0,24.33,32.19,11.32,63.74,81.22,16.97
Lucknow,02-05-2023,3,801.09,0,9.68,47.21,6.74,47.09,52.92,5.13
Lucknow,03-05-2023,5,1842.5,0.57,29.13,5.28,7.63,159.32,195.3,12.67
Lucknow,04-05-2023,5,2243.04,2.01,40.78,2.21,11.32,168.7,209.65,16.47
Lucknow,05-05-2023,5,2803.8,2.32,62.38,1.5,42.44,201.28,247.73,82.08
Lucknow,06-05-2023,5,1014.71,0,12.51,111.58,17.88,109.35,124.76,20.01
Lucknow,07-05-2023,3,714.3,0,12,100.14,25.51,43.75,54.3,17.48
Lucknow,08-05-2023,5,1401.9,0,27.42,33.26,15.26,102.72,134.61,28.88
Lucknow,09-05-2023,5,1361.85,0,28.45,31.47,12.4,85.19,128.28,30.15
Lucknow,10-05-2023,4,574.11,0,13.19,118.73,40.05,54.85,76.9,17.23
Lucknow,11-05-2023,5,1842.5,0.15,41.81,10.1,25.99,110.49,158.95,42.05
Lucknow,12-05-2023,5,1815.8,0,38.04,26.46,22.65,130.01,164.32,35.97
Lucknow,13-05-2023,5,1628.88,0,30.16,43.63,19.31,146.03,180.55,43.06
Lucknow,14-05-2023,5,1375.2,0,29.47,61.51,21.46,127.92,152.17,66.88
Lucknow,15-05-2023,5,1842.5,0.21,41.13,7.69,15.26,159.45,197.64,36.98
Lucknow,16-05-2023,5,1708.98,0,40.44,55.07,30.52,162.03,203.14,46.1
Lucknow,17-05-2023,3,607.49,0,13.19,83.68,14.9,44.38,77.65,17.48
Lucknow,18-05-2023,5,1161.58,0,28.1,44.7,18.84,109.26,167.34,34.45
Lucknow,19-05-2023,4,634.19,0,10.2,108.72,15.26,71.79,103.13,19.51
Lucknow,20-05-2023,4,827.79,0,18.68,64.37,17.88,67.91,121.75,24.07
Lucknow,21-05-2023,5,1482.01,0,35.64,23.96,24.56,93.19,125.49,34.96
Lucknow,22-05-2023,5,1815.8,0,42.84,18.6,30.52,137.45,191.37,50.66
Lucknow,23-05-2023,5,1201.63,0,18.16,51.5,11.44,161.06,199.51,30.15
Lucknow,24-05-2023,5,854.49,0,5.4,148.77,14.07,149.27,167.31,20.01
Lucknow,25-05-2023,5,807.76,0,7.8,121.59,9.06,101.95,119.65,18.49
Mumbai,30-11-2020,5,4753.11,6.54,149.43,406.27,144.96,776.31,868.18,34.45
Mumbai,01-12-2020,5,2536.77,0,82.94,29.68,67.71,195.49,247.9,32.93
Mumbai,02-12-2020,5,2670.29,0.03,91.85,26.82,62.94,218.67,273.96,29.39
Mumbai,03-12-2020,5,4432.68,7.38,142.57,0.49,102.04,381.77,466.42,44.08
Mumbai,04-12-2020,5,2376.56,0,89.11,55.79,103.95,222.79,261.27,26.6
Mumbai,05-12-2020,5,3311.16,0,106.93,35.76,82.02,301.33,365.4,36.48
Mumbai,06-12-2020,5,1922.61,0,61.01,41.49,51.02,154.51,190.94,26.09
Mumbai,07-12-2020,5,1895.9,0,57.58,51.5,49.59,159.84,196.72,24.07
Mumbai,08-12-2020,5,3685,11.62,128.87,0.06,62.94,282.99,341.59,36.99
Mumbai,09-12-2020,5,2750.4,0,89.11,36.84,69.62,242.39,296.63,36.99
Mumbai,10-12-2020,5,4806.52,24.14,141.2,0,123.98,398.07,514.72,72.96
Mumbai,11-12-2020,5,3391.27,0.03,106.93,19.85,103.95,365.35,424.09,40.53
Mumbai,12-12-2020,5,1148.22,0,46.61,43.27,50.07,111.28,133.36,11.65
Mumbai,13-12-2020,5,1335.14,0.11,50.72,14.13,63.9,93.67,113.92,14.82
Mumbai,14-12-2020,5,1214.98,0.01,45.24,25.75,57.7,108.37,125.77,11.78
Mumbai,15-12-2020,5,1628.88,0,61.01,33.98,85.83,206.12,234.33,8.11
Mumbai,16-12-2020,5,974.66,0,37.7,70.81,70.57,116.56,133.26,6.46
Mumbai,17-12-2020,5,1281.74,0,42.16,52.21,53.88,131.07,152.61,12.29
Mumbai,18-12-2020,5,1895.9,0,57.58,41.13,53.88,204.17,240.61,17.48
Mumbai,19-12-2020,5,2483.37,0.2,80.2,14.84,68.67,281.3,329.96,17.23
Mumbai,20-12-2020,5,1628.88,0,49.35,40.41,44.82,172.71,202.51,16.97
Mumbai,21-12-2020,5,2082.82,0.02,66.49,23.96,54.84,192.76,232.1,20.77
Mumbai,22-12-2020,5,1976.01,0.02,70.6,30.4,78.2,176.21,219.44,21.28
Mumbai,23-12-2020,5,2857.21,0.01,93.22,28.97,71.53,209.5,268.26,35.97
Mumbai,24-12-2020,5,4646.3,12.85,134.35,0.17,93.46,356.56,442.44,53.2
Mumbai,25-12-2020,5,4112.24,7.82,122.01,0.5,104.9,397.76,476.01,43.06
Mumbai,26-12-2020,5,3631.59,0.08,115.16,18.24,76.29,328.9,404.6,43.06
Mumbai,27-12-2020,5,5554.2,0.03,160.4,16.81,82.02,548.01,641.84,36.48
Mumbai,28-12-2020,5,1188.28,0,37.36,80.82,59.13,143.05,165.9,14.95
Mumbai,29-12-2020,5,1041.41,0,46.61,50.07,67.71,95.57,140.4,15.83
Mumbai,30-12-2020,5,2082.82,0.06,77.46,20.21,82.02,200.55,253.62,27.36
Mumbai,31-12-2020,5,2536.77,0.1,84.31,17.7,82.97,268.46,318.69,28.12
Mumbai,01-01-2021,5,1468.66,0,50.72,55.08,59.13,246.64,284.19,10.51
Mumbai,02-01-2021,5,4432.68,2.93,130.24,3.93,91.55,464.58,552.56,29.13
Mumbai,03-01-2021,5,1094.82,0,33.24,82.97,32.9,166.79,197.47,10.26
Mumbai,04-01-2021,5,1642.23,0,53.47,71.53,65.8,185.38,220.14,17.48
Mumbai,05-01-2021,5,961.3,0,27.42,135.9,51.5,194.64,218.97,4.43
Mumbai,06-01-2021,5,1321.79,0,40.44,105.86,72.48,216.09,243.46,10.26
Mumbai,07-01-2021,5,1468.66,0,48.67,73.67,83.92,196.09,224.79,12.79
Mumbai,08-01-2021,5,1789.09,0,52.09,57.22,43.87,230.58,288.42,11.15
Mumbai,09-01-2021,5,1468.66,0,47.98,55.79,51.98,187.62,211.21,6.78
Mumbai,10-01-2021,5,2403.26,0,65.8,57.94,64.85,277.16,320.44,15.83
Mumbai,11-01-2021,5,2429.96,0.01,69.92,24.68,52.45,217.15,258.31,16.72
Mumbai,12-01-2021,5,1735.69,0,55.52,50.07,75.34,271.19,311.49,8.11
Mumbai,13-01-2021,5,1522.06,0,44.55,63.66,56.74,201.79,228.47,17.48
Mumbai,14-01-2021,5,2269.75,0,69.92,42.92,88.69,322.09,366.92,15.58
Mumbai,15-01-2021,5,2456.67,0,87.05,31.47,64.85,289.15,352.36,16.21
Mumbai,16-01-2021,5,3257.75,0.63,112.41,9.39,67.71,259.37,344.88,36.48
Mumbai,17-01-2021,5,2376.56,0,72.66,47.92,50.07,233.09,297.5,20.52
Mumbai,18-01-2021,5,1695.63,0,61.01,54.36,51.5,141.51,189.37,18.49
Mumbai,19-01-2021,5,3631.59,16.09,101.45,0.07,86.78,258.66,338.23,46.61
Mumbai,20-01-2021,5,2643.59,0.01,87.74,38.27,78.2,272.9,336.64,29.39
Mumbai,21-01-2021,5,3631.59,0.17,122.01,15.02,78.2,342.3,425.25,43.06
Mumbai,22-01-2021,5,3177.64,0,105.56,46.49,78.2,358.6,432.87,27.87
Mumbai,23-01-2021,5,6515.5,20.56,186.44,0.03,115.4,633.72,751.53,55.73
Mumbai,24-01-2021,5,4165.65,7.94,130.24,0.48,78.2,319.82,405.34,47.62
Mumbai,25-01-2021,5,2136.23,0,71.97,37.19,60.08,203.36,292.48,26.35
Mumbai,26-01-2021,5,1455.31,0,48.67,91.55,70.57,241.3,343.94,10.26
Mumbai,27-01-2021,5,1562.12,0,51.41,92.98,71.53,233.89,282.03,11.91
Mumbai,28-01-2021,5,1735.69,0.03,54.15,25.03,65.8,244.07,278.13,16.09
Mumbai,29-01-2021,5,1655.58,0,52.78,79.39,73.43,223.78,257.78,16.97
Mumbai,30-01-2021,5,2883.91,0.25,106.93,14.66,82.97,256.78,321.94,31.67
Mumbai,31-01-2021,5,3070.83,0,93.22,41.84,80.11,290.73,343.37,34.45
Mumbai,01-02-2021,5,3791.81,0.84,116.53,6.97,69.62,316.95,385.44,45.09
Mumbai,02-02-2021,5,1949.31,0,69.23,50.78,86.78,195.02,236.68,24.83
Mumbai,03-02-2021,5,4005.43,0.36,135.72,11.44,92.51,315.19,393.15,50.66
Mumbai,04-02-2021,5,9078.98,67.95,205.64,0,131.61,704.35,847.52,85.12
Mumbai,05-02-2021,5,2082.82,0.01,79.51,31.83,63.9,132.57,189.31,31.41
Mumbai,06-02-2021,5,1441.96,0,56.21,61.51,68.67,115.95,152.76,21.53
Mumbai,07-02-2021,5,1134.87,0,36.33,67.95,47.21,96.53,119.15,19
Mumbai,08-02-2021,5,1668.93,0,52.09,65.8,48.64,127.11,162.52,24.32
Mumbai,09-02-2021,5,2563.48,0.01,90.48,36.12,85.83,207.05,262.53,30.65
Mumbai,10-02-2021,5,4165.65,0.01,134.35,29.68,101.09,318.23,391.3,48.64
Mumbai,11-02-2021,5,4486.08,0.05,142.57,22.89,112.53,460.36,535.23,39.01
Mumbai,12-02-2021,5,7476.81,49.17,172.73,0,120.16,618.24,745.43,80.05
Mumbai,13-02-2021,5,7690.43,42.02,205.64,0,122.07,661.76,792.34,68.9
Mumbai,14-02-2021,5,5821.23,13.75,165.88,0.13,100.14,457.41,562.97,58.77
Mumbai,15-02-2021,5,2883.91,0,94.59,37.55,60.08,245.91,317.57,27.61
Mumbai,16-02-2021,5,1869.2,0,67.86,38.62,49.59,131.79,185.85,22.04
Mumbai,17-02-2021,5,1174.93,0,44.55,57.22,34.33,76.53,115.24,14.31
Mumbai,18-02-2021,5,3524.78,0.26,127.49,13.05,86.78,293.08,383.03,39.01
Mumbai,19-02-2021,5,1535.42,0,52.78,54.36,47.68,111.92,135.54,23.81
Mumbai,20-02-2021,5,7904.05,101.03,180.96,0,175.48,524.88,651.11,110.45
Mumbai,21-02-2021,5,2243.04,0,75.4,30.76,52.93,153.36,187.26,25.84
Mumbai,22-02-2021,5,1895.9,0,54.15,94.41,57.22,219.62,260.43,20.77
Mumbai,23-02-2021,5,4753.11,0,132.98,48.64,89.65,449.43,554.98,36.99
Mumbai,24-02-2021,5,6141.66,4.19,186.44,1.38,135.42,547.11,643.47,58.77
Mumbai,25-02-2021,5,5340.58,0.08,169.99,15.74,104.9,432.82,534.42,52.69
Mumbai,26-02-2021,5,3284.45,0.25,113.79,15.56,67.71,231.85,328.36,38.51
Mumbai,27-02-2021,5,660.9,0,22.96,84.4,19.55,54.74,107.53,6.78
Mumbai,28-02-2021,5,754.36,0,25.71,81.54,20.74,66.57,107.6,8.36
Mumbai,01-03-2021,5,2536.77,0,87.05,25.75,61.04,175.78,233.29,31.41
Mumbai,02-03-2021,5,1041.41,0,33.93,97.28,34.81,84.84,138.26,14.69
Mumbai,03-03-2021,5,1081.47,0,38.73,103,49.59,84.41,127.45,15.2
Mumbai,04-03-2021,5,2136.23,0,68.55,90.12,100.14,161.17,202.79,29.39
Mumbai,05-03-2021,5,2590.18,0,82.25,77.25,99.18,182.15,223.73,33.95
Mumbai,06-03-2021,5,1949.31,0,56.21,76.53,38.62,195.48,285.93,13.43
Mumbai,07-03-2021,5,1121.52,0,50.04,35.05,49.59,87.82,182.79,14.44
Mumbai,08-03-2021,5,2670.29,16.09,71.97,0.02,51.98,177.02,294.26,27.87
Mumbai,09-03-2021,5,3070.83,31.29,67.17,0,69.62,198.26,314.74,35.47
Mumbai,10-03-2021,5,3685,0.02,122.01,20.74,76.29,304.32,412.33,40.53
Mumbai,11-03-2021,5,1869.2,0,67.17,40.77,44.35,153.69,243.1,21.53
Mumbai,12-03-2021,5,2243.04,2.07,84.31,5.36,55.31,151.22,240.69,31.41
Mumbai,13-03-2021,5,3311.16,4.36,113.79,2.15,66.76,234.44,352.2,41.04
Mumbai,14-03-2021,5,3471.37,0,109.67,30.4,61.04,260.85,352.88,38.51
Mumbai,15-03-2021,5,3791.81,0,119.27,27.9,76.29,289.79,375.9,39.01
Mumbai,16-03-2021,5,1428.6,0,47.98,72.24,41.49,104.37,166.34,21.03
Mumbai,17-03-2021,5,961.3,0,31.19,92.98,27.66,105.41,196.5,13.68
Mumbai,18-03-2021,5,2937.32,0.68,102.82,8.05,60.56,197.34,321.7,36.48
Mumbai,19-03-2021,5,1602.17,0,60.32,45.42,39.1,116.77,211.51,19
Mumbai,20-03-2021,5,494,0,20.56,53.64,19.55,69.81,193.82,4.94
Mumbai,21-03-2021,5,974.66,0.05,50.72,26.11,43.39,88.65,176.48,12.54
Mumbai,22-03-2021,5,1108.17,0.01,56.89,24.32,57.7,108.27,186.94,14.06
Mumbai,23-03-2021,5,2323.15,2.6,82.94,2.82,54.84,175.05,288.72,22.04
Mumbai,24-03-2021,5,3177.64,3.52,105.56,1.97,70.57,237.14,351.03,40.53
Mumbai,25-03-2021,5,3471.37,0,112.41,37.91,78.2,269.13,348.65,39.52
Mumbai,26-03-2021,5,1121.52,0,43.18,77.25,53.88,73.39,112.82,18.49
Mumbai,27-03-2021,5,3471.37,0,117.9,36.12,98.23,248.71,330.56,42.56
Mumbai,28-03-2021,5,4539.49,0.01,138.46,20.21,90.6,307.95,393.13,45.6
Mumbai,29-03-2021,5,847.82,0,30.5,47.92,33.38,66.14,124.4,9.12
Mumbai,30-03-2021,5,3364.56,33.08,71.29,0,71.53,198.33,296.97,46.61
Mumbai,31-03-2021,5,1028.06,0,36.67,42.2,31.95,69.13,128.18,20.01
Mumbai,01-04-2021,5,1388.55,3.05,47.98,3.89,43.39,99.49,193.99,26.35
Mumbai,02-04-2021,5,1054.76,0,36.67,31.83,34.33,128.89,340.79,21.03
Mumbai,03-04-2021,5,1054.76,0,38.04,42.2,35.76,104.94,188.59,21.79
Mumbai,04-04-2021,5,453.95,0,13.71,62.94,12.4,58.25,104.83,5.7
Mumbai,05-04-2021,5,1976.01,3.38,74.03,2.37,64.85,139.74,237.42,42.05
Mumbai,06-04-2021,5,2590.18,9.84,80.2,0.33,62.94,173.22,269.38,32.93
Mumbai,07-04-2021,5,3017.43,19.45,83.63,0.02,66.76,201.97,292.38,33.95
Mumbai,08-04-2021,5,1375.2,0.33,53.47,12.7,34.81,106.93,205.13,18.24
Mumbai,09-04-2021,5,1054.76,0,38.73,37.91,33.85,78.63,213.93,20.77
Mumbai,10-04-2021,5,1054.76,0,40.1,56.51,29.56,61.22,137.71,15.33
Mumbai,11-04-2021,5,700.95,0,33.59,63.66,38.15,54.17,125.26,9.63
Mumbai,12-04-2021,5,3417.97,7.71,113.79,0.36,90.6,221.76,338.29,49.65
Mumbai,13-04-2021,5,1335.14,0,60.32,41.49,57.22,98.38,158.01,22.29
Mumbai,14-04-2021,5,807.76,0,26.39,75.82,21.46,71.35,114.3,9.88
Mumbai,15-04-2021,5,1655.58,0.04,63.06,21.46,53.88,107.95,169.39,32.42
Mumbai,16-04-2021,5,1562.12,0,58.26,32.54,41.49,95.79,156.25,25.08
Mumbai,17-04-2021,4,574.11,0,26.39,42.92,26.7,46.82,98.17,6.21
Mumbai,18-04-2021,4,410.56,0,11.82,50.78,10.73,40.75,97.47,3.23
Mumbai,19-04-2021,4,417.23,0,12.34,66.52,10.97,39.44,84.76,3.58
Mumbai,20-04-2021,5,714.3,0,23.65,35.05,19.31,57.3,140.08,10.01
Mumbai,21-04-2021,5,1588.82,0.46,61.69,11,44.82,99.3,190.3,27.11
Mumbai,22-04-2021,5,607.49,0,26.73,43.63,25.75,55.78,171,6.52
Mumbai,23-04-2021,5,2029.42,0.1,78.83,17.52,49.11,133.98,279.16,28.12
Mumbai,24-04-2021,5,547.41,0,24.33,47.21,23.84,59.44,159.26,5.38
Mumbai,25-04-2021,5,2296.45,9.05,71.29,0.34,58.17,128.05,213.65,26.6
Mumbai,26-04-2021,5,527.38,0,17.99,63.66,16.93,56.36,148.92,4.56
Mumbai,27-04-2021,5,974.66,0.14,54.84,13.59,57.22,87.38,232.27,15.33
Mumbai,28-04-2021,5,1495.36,0.04,57.58,20.56,51.5,106.05,217.18,30.91
Mumbai,29-04-2021,5,1014.71,0.02,39.07,24.68,28.13,69.04,146.95,14.06
Mumbai,30-04-2021,5,934.6,0.06,37.36,20.39,28.61,58.08,114.37,13.93
Mumbai,01-05-2021,5,413.9,0,19.19,49.35,21.7,41.35,108.99,4.37
Mumbai,02-05-2021,5,694.28,0,25.02,42.92,20.03,56.48,110.23,7.6
Mumbai,03-05-2021,5,1401.9,0.11,54.84,15.91,41.01,96.96,173.22,24.57
Mumbai,04-05-2021,5,1014.71,0,37.7,31.11,31.95,65.94,117.4,19
Mumbai,05-05-2021,4,547.41,0,26.05,47.92,28.61,45.12,71.9,7.66
Mumbai,06-05-2021,4,607.49,0,20.39,32.54,16.45,43.54,75.29,7.28
Mumbai,07-05-2021,5,1255.04,2.52,44.55,3.44,38.15,71.2,134.72,23.31
Mumbai,08-05-2021,5,1094.82,1.4,38.04,6.35,28.61,57.08,98.65,16.47
Mumbai,09-05-2021,4,741.01,0.05,25.71,19.67,19.07,32.5,92.82,10.39
Mumbai,10-05-2021,4,333.79,0,10.37,31.83,11.56,21.81,73.75,2.53
Mumbai,11-05-2021,4,377.18,0,12.34,41.13,14.54,33.93,72.67,2.85
Mumbai,12-05-2021,4,307.08,0,7.37,43.99,8.94,29.71,41.19,1.39
Mumbai,13-05-2021,4,293.73,0,9.94,39.34,12.4,30.42,72.69,1.85
Mumbai,14-05-2021,5,894.55,0,34.27,34.69,27.42,52.33,111.92,15.07
Mumbai,15-05-2021,5,881.2,0.17,52.09,14.31,66.76,54.78,117.13,11.53
Mumbai,16-05-2021,5,1575.47,1.19,59.63,6.26,42.92,113.83,189.85,15.96
Mumbai,17-05-2021,1,337.12,0,10.11,33.26,10.01,6.75,10.84,1.73
Mumbai,18-05-2021,2,233.65,0,2.83,67.95,3.61,16.16,29.48,0.01
Mumbai,19-05-2021,2,253.68,0,4.63,57.22,5.66,10.51,14.18,0.53
Mumbai,20-05-2021,4,433.92,0,12.34,62.94,15.74,30.24,48.43,2.82
Mumbai,21-05-2021,5,547.41,0,25.02,41.13,27.42,61.38,127.3,5.89
Mumbai,22-05-2021,5,467.3,0,12.34,47.92,11.44,62.27,174.52,5.13
Mumbai,23-05-2021,4,380.52,0,9.68,53.64,11.68,48.04,99.68,2.63
Mumbai,24-05-2021,5,834.47,0.05,27.76,22.17,21.7,54.89,127.34,13.3
Mumbai,25-05-2021,3,307.08,0,9.08,35.76,10.13,18.85,43.59,2.09
Mumbai,26-05-2021,4,253.68,0,6,49.35,7.57,19.81,86.18,1.2
Mumbai,27-05-2021,4,253.68,0,4.76,53.64,5.25,16.65,58.46,1.52
Mumbai,28-05-2021,3,273.71,0,5.57,40.41,5.84,13.76,40.48,1.66
Mumbai,29-05-2021,4,287.06,0.01,8.57,29.33,10.13,18.52,56.59,1.93
Mumbai,30-05-2021,2,280.38,0.02,7.8,23.25,9.06,15.86,26.3,1.81
Mumbai,31-05-2021,2,267.03,0,7.37,35.76,8.94,12.47,18.29,1.33
Mumbai,01-06-2021,2,293.73,0.01,9.17,32.19,11.21,14.68,22.85,1.73
Mumbai,02-06-2021,2,370.5,0.09,17.31,18.06,22.65,12.15,15.61,2.66
Mumbai,03-06-2021,2,447.27,2.88,23.99,1.63,33.38,16.21,21.73,4.5
Mumbai,04-06-2021,2,433.92,0.05,20.91,20.03,26.23,17.34,21.68,2.88
Mumbai,05-06-2021,1,293.73,0.08,11.82,18.6,15.02,7.1,9.85,1.82
Mumbai,06-06-2021,1,247,0.01,7.11,26.82,8.82,8.02,11.05,1.09
Mumbai,07-06-2021,2,243.66,0.01,6.34,30.76,7.75,11.54,23.01,1.06
Mumbai,08-06-2021,1,253.68,0.03,6.86,24.68,8.46,9.3,13.1,1.14
Mumbai,09-06-2021,1,257.02,0.02,7.03,26.11,8.35,7.16,9.97,1.52
Mumbai,10-06-2021,1,233.65,0.02,4.84,25.75,5.96,7.84,10.28,0.86
Mumbai,11-06-2021,2,250.34,0.04,6.08,21.99,7.39,10.28,13.37,1.05
Mumbai,12-06-2021,1,223.64,0,3.64,33.98,4.17,3.55,5.94,0.65
Mumbai,13-06-2021,1,233.65,0.01,3.98,29.33,4.83,9.83,12.28,0.75
Mumbai,14-06-2021,1,230.31,0.01,3.73,31.47,4.59,8.98,11.72,0.71
Mumbai,15-06-2021,2,230.31,0.01,4.5,30.4,5.66,13.6,17.71,0.71
Mumbai,16-06-2021,2,230.31,0.02,3.38,26.11,4.29,19,26.13,0.52
Mumbai,17-06-2021,2,243.66,0,4.58,36.12,5.25,13.63,18.86,0.9
Mumbai,18-06-2021,1,220.3,0.01,3.68,32.54,4.47,8.89,12.84,0.52
Mumbai,19-06-2021,2,220.3,0.01,3.56,33.98,4.29,10.48,13.81,0.52
Mumbai,20-06-2021,2,220.3,0.01,2.87,31.11,3.55,11.05,14.26,0.41
Mumbai,21-06-2021,2,223.64,0.01,3.94,28.61,4.89,14.4,19.19,0.62
Mumbai,22-06-2021,2,253.68,0.01,6.43,28.25,7.99,14.18,27.44,1.3
Mumbai,23-06-2021,2,297.07,0.02,10.03,25.75,11.56,17.4,25.76,2.25
Mumbai,24-06-2021,2,280.38,0.04,9.34,22.89,11.44,15.59,21.22,1.58
Mumbai,25-06-2021,1,253.68,0.01,6.08,30.4,7.27,9.91,13.12,1.24
Mumbai,26-06-2021,2,270.37,0.04,7.28,22.89,8.35,11.57,18.89,1.69
Mumbai,27-06-2021,1,253.68,0.01,5.66,27.54,6.5,8.73,16.21,1.27
Mumbai,28-06-2021,4,560.76,3.69,20.91,2.03,24.32,26.95,42.96,5.57
Mumbai,29-06-2021,4,607.49,8.49,30.5,0.24,46.73,26.83,37.16,6.59
Mumbai,30-06-2021,2,273.71,0.07,9,19.67,10.85,10.67,15.82,1.93
Mumbai,01-07-2021,2,260.35,0.02,7.2,24.68,8.82,10.59,28.15,1.41
Mumbai,02-07-2021,2,220.3,0.01,3.13,30.04,3.93,9.66,31.46,0.58
Mumbai,03-07-2021,2,226.97,0,4.37,33.26,5.07,13.42,31.14,0.82
Mumbai,04-07-2021,2,226.97,0,4.11,33.98,5.07,11.77,24.2,0.8
Mumbai,05-07-2021,2,243.66,0.01,6.26,29.68,7.45,13.2,20.21,1.2
Mumbai,06-07-2021,3,370.5,0.18,15.42,14.13,16.93,21.64,34.53,4.18
Mumbai,07-07-2021,5,1869.2,30.85,26.39,0,60.56,93.26,135.1,38.51
Mumbai,08-07-2021,2,283.72,0.07,10.54,19.13,12.76,14.03,21.59,1.96
Mumbai,09-07-2021,2,270.37,0.04,8.48,22.71,10.13,14.95,21.41,1.76
Mumbai,10-07-2021,2,277.04,0.04,9.68,22.35,11.56,12.2,15.68,1.92
Mumbai,11-07-2021,1,273.71,0,6.43,37.91,7.03,7.44,10.27,1.2
Mumbai,12-07-2021,1,280.38,0.01,8.14,28.97,10.37,8.14,10.07,1.05
Mumbai,13-07-2021,1,223.64,0,1.17,37.55,1.04,6.16,15.94,0.16
Mumbai,14-07-2021,1,226.97,0.01,3.94,32.19,4.83,5.73,7.91,0.71
Mumbai,15-07-2021,1,236.99,0.01,4.76,31.83,5.66,5.93,8.19,0.96
Mumbai,16-07-2021,1,226.97,0.02,4.28,27.54,5.13,7.33,9.86,0.74
Mumbai,17-07-2021,2,223.64,0,3.86,35.76,4.77,10.17,12.83,0.73
Mumbai,18-07-2021,1,230.31,0,3.26,33.62,3.61,7.38,10.21,0.61
Mumbai,19-07-2021,1,236.99,0,3.64,48.64,4.47,8.31,11.73,0.64
Mumbai,20-07-2021,1,216.96,0,3.26,45.78,3.99,9.54,13.25,0.6
Mumbai,21-07-2021,2,203.61,0,2.61,41.84,3.4,13.2,17.22,0.38
Mumbai,22-07-2021,2,201.94,0,2.12,40.77,2.71,16.18,28.05,0.3
Mumbai,23-07-2021,3,220.3,0,2.64,38.62,3.37,21.04,33.6,0.44
Mumbai,24-07-2021,3,247,0.01,4.03,30.04,4.89,19.34,38.28,0.82
Mumbai,25-07-2021,2,220.3,0.01,2.64,32.9,3.31,16.89,21.24,0.38
Mumbai,26-07-2021,2,216.96,0,1.91,33.98,2.35,16.19,20.73,0.18
Mumbai,27-07-2021,2,211.95,0,2.25,41.49,2.89,16.6,30.92,0.42
Mumbai,28-07-2021,2,220.3,0,2.14,41.13,2.74,16.09,25.69,0.31
Mumbai,29-07-2021,3,216.96,0,2.31,37.55,2.92,16.27,44.22,0.35
Mumbai,30-07-2021,3,213.62,0,1.97,39.7,2.47,16.53,39.36,0.32
Mumbai,31-07-2021,3,210.29,0.01,2.19,31.47,2.53,16.15,43.34,0.4
Mumbai,01-08-2021,3,200.27,0,1.67,45.06,2.15,14.75,44.13,0.21
Mumbai,02-08-2021,2,205.28,0,1.84,48.64,2.41,12.54,22.73,0.3
Mumbai,03-08-2021,2,201.94,0,2.4,45.42,3.04,13.12,22.37,0.44
Mumbai,04-08-2021,2,233.65,0.01,3.47,31.47,3.82,16.28,23.8,0.85
Mumbai,05-08-2021,2,210.29,0.01,2.66,31.83,3.4,16.3,26.08,0.42
Mumbai,06-08-2021,3,216.96,0,2.96,33.62,3.64,20.14,48.56,0.54
Mumbai,07-08-2021,2,250.34,0.02,4.67,25.39,5.31,18.98,30.6,1.03
Mumbai,08-08-2021,2,223.64,0.01,4.76,28.97,5.78,15.77,23.34,0.83
Mumbai,09-08-2021,2,240.33,0.01,6.34,30.04,7.39,16.85,21.64,1.19
Mumbai,10-08-2021,2,243.66,0,6.51,37.91,7.87,13.46,18.15,1.43
Mumbai,11-08-2021,2,226.97,0,5.83,39.34,6.97,12.17,16.26,1.25
Mumbai,12-08-2021,2,243.66,0.01,6.68,28.61,7.99,15.65,23.7,1.47
Mumbai,13-08-2021,2,243.66,0,6.17,36.12,7.15,12.15,21.2,1.38
Mumbai,14-08-2021,2,226.97,0,4.84,37.91,5.84,12.53,18.22,0.94
Mumbai,15-08-2021,2,206.95,0,3.86,44.7,4.83,10.58,13.96,0.68
Mumbai,16-08-2021,2,223.64,0,5.36,34.33,6.44,12.18,18.37,1.01
Mumbai,17-08-2021,2,307.08,0.06,11.48,20.74,13.23,16.16,21.31,2.69
Mumbai,18-08-2021,2,290.39,0.19,11.31,13.95,13.47,13.7,17.26,2.38
Mumbai,19-08-2021,2,243.66,0.04,7.63,22.17,9.06,12.7,15.96,1.49
Mumbai,20-08-2021,1,250.34,0.01,8.23,28.61,9.66,7.31,10.33,1.68
Mumbai,21-08-2021,1,280.38,0.02,10.71,27.9,12.28,9.19,12.96,2.44
Mumbai,22-08-2021,1,247,0.01,5.23,31.83,6.2,6.52,8.73,1.08
Mumbai,23-08-2021,2,287.06,0.06,10.54,18.77,12.16,12.95,17.61,2.09
Mumbai,24-08-2021,2,343.8,0.28,14.74,11.8,17.88,13.91,18.76,2.98
Mumbai,25-08-2021,4,767.71,4.41,19.02,1.9,20.03,31.12,43.79,10.64
Mumbai,26-08-2021,2,263.69,0.06,9.43,19.85,11.21,10.12,16.65,2.34
Mumbai,27-08-2021,2,247,0.06,8.65,20.03,10.37,11.82,18.94,1.6
Mumbai,28-08-2021,2,257.02,0.08,9.68,18.77,11.56,13.25,19.21,1.98
Mumbai,29-08-2021,4,647.54,2.26,18.51,3.4,18.6,31.94,43.11,9.88
Mumbai,30-08-2021,2,383.85,0.2,14.57,13.59,14.19,19.43,28.84,4.37
Mumbai,31-08-2021,2,413.9,0.25,17.99,12.7,18.36,19.15,28.89,3.9
Mumbai,01-09-2021,1,247,0.02,7.11,26.82,8.58,4.65,7.68,1.54
Mumbai,02-09-2021,1,220.3,0,3.6,35.41,4.41,6.03,10.5,0.67
Mumbai,03-09-2021,1,226.97,0,4.2,43.63,5.01,8.21,12.26,0.73
Mumbai,04-09-2021,1,243.66,0.02,6.94,27.18,8.35,6.25,8.48,1.36
Mumbai,05-09-2021,1,223.64,0.02,5.48,25.39,6.56,8.83,11.28,1.2
Mumbai,06-09-2021,2,247,0.04,7.8,21.99,9.42,12.18,15.23,1.65
Mumbai,07-09-2021,2,323.77,0.07,13.2,19.31,14.42,16.05,22.61,2.47
Mumbai,08-09-2021,5,4913.33,135.9,53.47,0,192.64,321.93,385.43,62.82
Mumbai,09-09-2021,2,196.93,0,2.04,37.55,2.47,12.25,21.91,0.19
Mumbai,10-09-2021,2,206.95,0.01,3.17,31.47,4.05,13.93,21.53,0.49
Mumbai,11-09-2021,2,216.96,0.02,3.9,26.46,4.83,12.7,17.69,0.57
Mumbai,12-09-2021,1,211.95,0,2.68,38.98,3.16,9.41,13.93,0.3
Mumbai,13-09-2021,1,226.97,0,2.74,40.41,3.28,7.09,9.38,0.56
Mumbai,14-09-2021,2,223.64,0,2.59,42.2,3.46,16.98,29.29,0.48
Mumbai,15-09-2021,3,213.62,0.01,2.74,30.04,3.34,14.64,35.49,0.4
Mumbai,16-09-2021,2,211.95,0.01,4.24,31.47,5.31,16.57,23.45,0.49
Mumbai,17-09-2021,2,240.33,0,6.26,35.05,7.87,14.16,18.59,0.9
Mumbai,18-09-2021,2,236.99,0.01,5.91,30.04,7.27,11.04,15.9,0.96
Mumbai,19-09-2021,2,250.34,0.01,7.28,27.54,9.18,11.79,14.98,0.99
Mumbai,20-09-2021,1,290.39,0.01,8.31,29.68,9.89,7.45,10.3,1.69
Mumbai,21-09-2021,2,297.07,0.04,11.14,23.25,13.59,10.77,14.66,2.01
Mumbai,22-09-2021,1,250.34,0.03,7.11,25.03,8.46,8.2,11.81,1.38
Mumbai,23-09-2021,2,333.79,0.41,14.4,10.1,16.93,14.7,21.65,3.14
Mumbai,24-09-2021,2,377.18,0.44,17.14,9.66,20.74,15.38,24.7,3.77
Mumbai,25-09-2021,4,947.95,4.92,26.73,1.68,29.09,41.6,58.6,16.09
Mumbai,26-09-2021,4,821.11,2.93,23.99,2.79,24.56,35.21,47.58,13.17
Mumbai,27-09-2021,2,507.36,0.3,17.48,11.98,14.66,19.83,31.5,6.46
Mumbai,28-09-2021,2,453.95,2.35,19.19,3.13,24.32,15.26,23.04,4.81
Mumbai,29-09-2021,1,247,0.01,3.73,34.33,4.35,4.64,6.68,0.71
Mumbai,30-09-2021,2,277.04,0.01,8.23,30.76,10.97,10.15,13.76,0.69
Mumbai,01-10-2021,2,367.17,0.33,16.79,10.91,21.22,16.7,21.02,2.19
Mumbai,02-10-2021,5,2323.15,59.9,42.84,0,95.37,138.82,176.66,25.08
Mumbai,03-10-2021,4,814.44,10.17,25.02,0.06,38.15,36.35,57.56,8.61
Mumbai,04-10-2021,5,3738.4,63.48,47.98,0,91.55,227.51,311.4,52.69
Mumbai,05-10-2021,5,1762.39,0.78,65.8,8.05,47.21,92.96,141.81,24.07
Mumbai,06-10-2021,5,1415.25,0,49.35,31.47,43.39,167.13,215.25,6.02
Mumbai,07-10-2021,5,5554.2,37.55,180.96,0,165.94,460.31,533.78,71.94
Mumbai,08-10-2021,4,794.41,0,21.42,49.35,26.7,47.48,53,3.77
Mumbai,09-10-2021,3,554.09,0,16.62,36.48,20.98,22.91,26.63,2.76
Mumbai,10-10-2021,4,567.44,2.74,27.08,1.5,33.38,25.29,30.93,3.26
Mumbai,11-10-2021,5,988.01,20.56,41.81,0.01,74.39,53.9,62.47,7.03
Mumbai,12-10-2021,5,2056.12,4.41,111.04,0.63,148.77,231.08,242.58,2.25
Mumbai,13-10-2021,5,1976.01,0.02,71.29,21.28,80.11,164.69,196.85,14.06
Mumbai,14-10-2021,5,3364.56,0.4,111.04,11.98,99.18,293.78,351.16,24.07
Mumbai,15-10-2021,5,3631.59,0.1,105.56,16.45,85.83,393.82,469.66,29.13
Mumbai,16-10-2021,5,2590.18,0,75.4,59.37,65.8,261.94,331.88,31.41
Mumbai,17-10-2021,5,1815.8,0,51.41,100.14,48.64,164.99,217.41,16.97
Mumbai,18-10-2021,5,554.09,0,14.57,124.45,14.19,67.89,106.48,5.7
Mumbai,19-10-2021,5,383.85,0,11.82,92.98,14.42,51.11,87.87,2.98
Mumbai,20-10-2021,5,2590.18,5.25,85.68,2.06,76.29,169.22,258.57,49.14
Mumbai,21-10-2021,5,1335.14,0,56.21,34.69,56.27,100.27,147.16,14.19
Mumbai,22-10-2021,5,1708.98,0,55.52,110.15,80.11,234.11,297,5.95
Mumbai,23-10-2021,5,714.3,0,23.99,133.04,38.62,106.79,141.39,2.15
Mumbai,24-10-2021,4,687.6,0,27.42,57.22,24.56,27.6,48.45,7.47
Mumbai,25-10-2021,3,527.38,0,23.31,50.78,24.8,19.11,37.86,5.76
Mumbai,26-10-2021,5,934.6,0,44.55,32.19,51.98,57.89,111.34,9.25
Mumbai,27-10-2021,5,1401.9,0,43.18,110.15,51.98,165.25,205.16,10.89
Mumbai,28-10-2021,5,1335.14,0,40.1,118.73,55.79,163.07,202.39,9.88
Mumbai,29-10-2021,5,1668.93,0,54.84,55.08,61.99,166.94,201.64,18.75
Mumbai,30-10-2021,5,1228.33,0,47.3,41.13,51.5,83.27,108.47,20.52
Mumbai,31-10-2021,5,1348.5,0,46.61,41.84,46.73,91.25,121.51,20.27
Mumbai,01-11-2021,5,4806.52,0,128.87,58.65,87.74,449.37,530.79,39.52
Mumbai,02-11-2021,5,6141.66,10.28,169.99,0.22,107.77,534.99,643.99,43.57
Mumbai,03-11-2021,5,3257.75,0.13,105.56,18.95,73.43,257.19,320.58,38
Mumbai,04-11-2021,5,6248.47,28.61,157.65,0,114.44,483.83,574.3,61.81
Mumbai,05-11-2021,5,5340.58,21.68,180.96,0.01,113.49,455.54,531.46,43.06
Mumbai,06-11-2021,5,4806.52,23.47,191.93,0,152.59,384.66,452.89,43.06
Mumbai,07-11-2021,5,1482.01,0.09,60.32,14.84,72.48,80.71,97.81,14.19
Mumbai,08-11-2021,5,4165.65,5.64,127.49,1.15,86.78,346.99,433,37.49
Mumbai,09-11-2021,5,4325.87,0.17,132.98,14.66,80.11,414.54,504.26,35.97
Mumbai,10-11-2021,5,2056.12,0,58.95,70.1,66.76,214.77,262.28,23.81
Mumbai,11-11-2021,5,3097.53,0.02,93.22,26.11,65.8,300.71,373.33,25.59
Mumbai,12-11-2021,5,1628.88,0,56.21,32.54,49.59,113.74,140.63,24.57
Mumbai,13-11-2021,5,1615.52,0,52.78,47.92,56.74,147.09,173.43,23.31
Mumbai,14-11-2021,5,2964.02,0,82.94,55.07,60.56,301.39,354.55,22.29
Mumbai,15-11-2021,5,2216.34,0,61.01,70.81,50.54,257.38,300.39,22.55
Mumbai,16-11-2021,5,1842.5,0,51.41,72.96,43.87,218.23,265.33,15.83
Mumbai,17-11-2021,5,1295.09,0,50.04,36.84,51.98,130.2,143.46,6.46
Mumbai,18-11-2021,5,894.55,2.04,45.24,2.57,44.82,51.23,57.14,4.31
Mumbai,19-11-2021,5,2830.51,8.49,128.87,0.12,131.61,319.11,353.89,5.07
Mumbai,20-11-2021,5,6088.26,78.68,131.61,0,148.77,406.82,506.3,69.92
Mumbai,21-11-2021,5,1482.01,4.86,56.21,0.63,50.54,73.53,89.25,12.41
Mumbai,22-11-2021,4,841.14,0.04,31.87,18.24,30.52,32.88,36.55,4.05
Mumbai,23-11-2021,5,2883.91,35.76,104.19,0,137.33,254.56,301.23,18.75
Mumbai,24-11-2021,5,4058.84,37.55,87.74,0,113.49,269.79,352.96,58.77
Mumbai,25-11-2021,5,2510.07,0,74.03,63.66,72.48,307,358.75,18.24
Mumbai,26-11-2021,5,3337.86,0.04,104.19,18.42,113.49,292.95,353.17,40.02
Mumbai,27-11-2021,5,2883.91,0,94.59,44.35,82.02,266.08,323.63,23.05
Mumbai,28-11-2021,5,2403.26,0,67.17,49.35,51.5,272.92,320.28,17.73
Mumbai,29-11-2021,5,2723.69,13.97,86.37,0.08,52.45,192.95,237.93,32.93
Mumbai,30-11-2021,5,4592.9,38.89,104.19,0,83.92,352.49,432.96,47.62
Mumbai,01-12-2021,5,5020.14,21.01,152.17,0,89.65,414.64,492.58,38.5
Mumbai,02-12-2021,5,854.49,0,33.59,63.66,44.35,92.1,95.61,3.83
Mumbai,03-12-2021,2,620.84,0,19.36,32.54,21.93,17.44,21.04,3.36
Mumbai,04-12-2021,5,7049.56,105.5,146.69,0,143.05,515.27,611.13,58.77
Mumbai,05-12-2021,5,3257.75,0,116.53,55.07,127.79,358.27,393.67,3.07
Mumbai,06-12-2021,5,5500.79,0.53,139.83,7.87,95.37,614.8,704.02,31.66
Mumbai,07-12-2021,5,1415.25,0,39.07,68.66,52.93,182.99,204.44,12.92
Mumbai,08-12-2021,5,2002.72,0,59.63,29.33,57.7,257.6,293.81,20.01
Mumbai,09-12-2021,5,1895.9,0,53.47,44.35,55.31,251.13,284.51,23.05
Mumbai,10-12-2021,5,2029.42,0,58.26,36.12,65.8,281.95,318.15,15.83
Mumbai,11-12-2021,5,2803.8,0.89,89.11,7.33,63.9,254.44,309.9,26.85
Mumbai,12-12-2021,5,1922.61,0,54.84,47.21,47.21,224.93,262.64,14.69
Mumbai,13-12-2021,5,2349.85,0,65.8,35.76,46.73,276.03,323.99,17.73
Mumbai,14-12-2021,5,3364.56,0.04,104.19,20.56,72.48,316.65,378.69,31.41
Mumbai,15-12-2021,5,3417.97,0.58,108.3,9.66,88.69,364.39,429.29,26.09
Mumbai,16-12-2021,5,4165.65,4.08,124.75,3.58,80.11,426.23,512.7,25.33
Mumbai,17-12-2021,5,1708.98,0,60.32,50.07,89.65,237.15,271.34,7.98
Mumbai,18-12-2021,5,2750.4,0.75,91.85,7.96,78.2,291.38,343.83,19.51
Mumbai,19-12-2021,5,1628.88,0,43.18,65.09,47.21,217.01,246.39,17.23
Mumbai,20-12-2021,5,1789.09,0,50.72,61.51,54.36,216.47,248.22,13.68
Mumbai,21-12-2021,5,1976.01,0,62.38,51.5,64.85,209.73,249.83,18.49
Mumbai,22-12-2021,5,5340.58,16.32,139.83,0.06,92.51,447.8,540.08,39.01
Mumbai,23-12-2021,5,1922.61,0,59.63,77.25,58.17,241.25,303.61,9.5
Mumbai,24-12-2021,5,2563.48,0,81.57,55.79,61.99,240.86,304.42,17.23
Mumbai,25-12-2021,5,2323.15,0.82,91.85,13.59,89.65,197.79,245.56,24.07
Mumbai,26-12-2021,5,1708.98,0,54.15,69.38,50.54,199.36,245.05,6.97
Mumbai,27-12-2021,5,1869.2,0,45.24,88.69,56.74,315.58,369.81,4.12
Mumbai,28-12-2021,5,4165.65,0.24,119.27,13.05,84.88,402.81,493.86,36.48
Mumbai,29-12-2021,5,1455.31,0,57.58,33.26,83.92,159.54,186.02,10.13
Mumbai,30-12-2021,5,1081.47,0,40.1,52.21,41.48,69.98,90.95,16.47
Mumbai,31-12-2021,5,3471.37,13.3,100.08,0.06,66.76,232.12,297.28,32.93
Mumbai,01-01-2022,5,2136.23,0,64.43,30.04,51.02,171.04,216.02,19.76
Mumbai,02-01-2022,5,1922.61,0,54.84,52.21,42.92,166.34,200.62,21.03
Mumbai,03-01-2022,5,1815.8,0,52.09,52.21,44.35,158.01,192.21,16.72
Mumbai,04-01-2022,5,5874.63,6.48,167.25,0.87,86.78,490.09,598.25,34.96
Mumbai,05-01-2022,5,3017.43,0,101.45,34.33,78.2,267.68,336.9,25.59
Mumbai,06-01-2022,5,3738.4,0.75,123.38,8.4,82.02,316.7,392.29,31.66
Mumbai,07-01-2022,5,3952.03,9.61,123.38,0.37,94.41,329.95,405.98,34.96
Mumbai,08-01-2022,5,2883.91,0.09,105.56,17.7,72.48,234.14,300.65,30.65
Mumbai,09-01-2022,5,1455.31,0.09,76.09,16.09,92.51,115.68,136.58,8.61
Mumbai,10-01-2022,4,674.25,0,26.39,85.12,38.62,36.32,47.95,7.28
Mumbai,11-01-2022,5,1161.58,0,43.18,76.53,54.84,93.4,120.34,12.16
Mumbai,12-01-2022,5,1108.17,0,44.55,65.8,78.2,110.41,129.69,10.39
Mumbai,13-01-2022,5,1148.22,0,40.1,90.12,52.93,103.67,125.92,12.54
Mumbai,14-01-2022,5,4165.65,1.3,143.95,6.71,99.18,352.99,432.02,40.53
Mumbai,15-01-2022,5,1348.5,0,43.87,78.68,49.11,149.75,181.43,11.4
Mumbai,16-01-2022,5,1441.96,0,45.24,67.23,63.9,172.09,195.82,11.15
Mumbai,17-01-2022,5,1602.17,0,45.93,45.42,40.53,125.2,153.67,21.79
Mumbai,18-01-2022,5,1815.8,0,54.15,67.95,49.59,163.61,199.07,20.27
Mumbai,19-01-2022,5,1602.17,0,47.98,94.41,61.04,206.3,238.93,13.43
Mumbai,20-01-2022,5,2830.51,0,78.83,64.37,57.7,322.69,402.54,19.25
Mumbai,21-01-2022,5,1522.06,0,52.09,60.08,35.76,111.75,162.74,17.48
Mumbai,22-01-2022,5,1668.93,0.18,66.49,15.91,44.82,96.6,153.39,22.29
Mumbai,23-01-2022,4,267.03,0,5.4,101.57,6.38,14.06,57.19,1.11
Mumbai,24-01-2022,5,714.3,0,47.3,78.68,79.15,61.11,133.71,8.36
Mumbai,25-01-2022,5,821.11,0,35.64,101.57,74.39,82,113.05,6.71
Mumbai,26-01-2022,5,1121.52,0,43.53,92.98,85.83,122.51,144.64,10.77
Mumbai,27-01-2022,5,2109.53,0,72.66,40.77,75.34,161,201.96,27.87
Mumbai,28-01-2022,5,1562.12,0,50.04,57.22,56.27,107.42,138.87,25.08
Mumbai,29-01-2022,5,1602.17,0,59.63,55.07,93.46,135.34,165.64,19.76
Mumbai,30-01-2022,5,2323.15,0,75.4,42.56,51.5,165.21,215.13,29.64
Mumbai,31-01-2022,5,5287.17,9.28,148.06,0.34,83.92,381.54,462.71,56.24
Mumbai,01-02-2022,5,6141.66,6.2,174.11,1.07,103.95,575.99,687.48,56.24
Mumbai,02-02-2022,5,6515.5,40.23,160.4,0,99.18,559.85,697.51,48.13
Mumbai,03-02-2022,5,2643.59,0.03,94.59,23.96,58.17,222.7,336.43,24.32
Mumbai,04-02-2022,5,867.84,0,30.85,58.65,21.7,79.91,203.45,11.78
Mumbai,05-02-2022,5,5821.23,41.57,153.54,0,164.03,477.78,714.53,100.31
Mumbai,06-02-2022,5,2403.26,0,78.14,39.34,58.17,213.02,300.13,20.77
Mumbai,07-02-2022,5,2510.07,0.02,87.74,24.68,60.08,198.99,285.68,29.64
Mumbai,08-02-2022,5,2403.26,0.06,89.11,21.1,58.17,161.1,243.26,32.17
Mumbai,09-02-2022,5,3044.13,16.99,91.85,0.11,91.55,189.22,274.31,58.77
Mumbai,10-02-2022,5,2002.72,0,70.6,40.77,51.02,149.59,230.23,23.05
Mumbai,11-02-2022,5,1762.39,0,67.17,46.49,78.2,134.41,174.11,26.6
Mumbai,12-02-2022,5,1161.58,0,43.87,72.24,60.08,81.54,103.02,17.48
Mumbai,13-02-2022,5,2910.61,0,89.11,47.92,75.34,233.56,283.6,36.48
Mumbai,14-02-2022,5,3845.21,0.01,116.53,28.61,65.8,318.35,397.81,31.92
Mumbai,15-02-2022,5,3845.21,5.92,119.27,1.56,84.88,262.65,365.97,53.2
Mumbai,16-02-2022,5,2483.37,0,91.85,38.27,64.85,171.83,260.24,35.97
Mumbai,17-02-2022,5,2696.99,6.76,97.33,5.05,82.02,176.35,243.07,22.8
Mumbai,18-02-2022,5,5393.98,46.94,124.75,0,92.51,381.75,505.22,45.6
Mumbai,19-02-2022,5,8010.86,92.09,153.54,0,160.22,620.21,781.24,103.35
Mumbai,20-02-2022,5,3685,10.39,102.82,0.37,62.94,287.21,377.98,29.64
Mumbai,21-02-2022,5,1895.9,0.73,65.8,9.57,72.48,145.07,190.02,27.87
Mumbai,22-02-2022,5,2563.48,0,81.57,55.07,61.99,226.91,315,29.39
Mumbai,23-02-2022,5,3311.16,12.29,100.08,0.2,71.53,209,290.53,30.15
Mumbai,24-02-2022,5,4272.46,12.52,131.61,0.23,85.83,347.97,470.74,46.1
Mumbai,25-02-2022,5,2723.69,0,90.48,60.8,68.66,272.65,356.1,23.31
Mumbai,26-02-2022,5,4219.06,0.74,141.2,9.21,75.34,324.39,456.14,38
Mumbai,27-02-2022,5,2670.29,0,84.31,40.41,61.99,195.74,265.95,31.41
Mumbai,28-02-2022,5,2349.85,0,72.66,71.53,56.27,210.82,277.25,21.53
Mumbai,01-03-2022,5,3631.59,0,106.93,49.35,71.53,331.5,432.09,33.94
Mumbai,02-03-2022,5,3124.24,0,93.22,89.41,75.34,317.19,382.67,33.44
Mumbai,03-03-2022,5,3124.24,0,94.59,45.42,80.11,238.98,293.76,39.52
Mumbai,04-03-2022,5,1468.66,0,50.04,95.84,62.94,112.62,151.87,21.53
Mumbai,05-03-2022,5,1535.42,0,52.09,84.4,56.27,97.22,128.45,22.29
Mumbai,06-03-2022,5,2883.91,0,85.68,66.52,65.8,234.42,287.78,32.17
Mumbai,07-03-2022,5,2803.8,0,82.94,48.64,64.85,225.37,275.53,30.4
Mumbai,08-03-2022,5,4379.27,0,137.09,28.61,72.48,359.52,468.1,35.97
Mumbai,09-03-2022,5,2990.72,0,91.85,49.35,64.85,276.67,349.97,31.41
Mumbai,10-03-2022,5,3257.75,2.51,104.19,5.36,61.04,247.04,320.45,34.96
Mumbai,11-03-2022,5,3578.19,0,116.53,31.47,70.57,259.03,346.31,39.01
Mumbai,12-03-2022,5,4058.84,0,119.27,42.92,79.15,348.08,441.7,42.56
Mumbai,13-03-2022,5,2349.85,0.05,78.83,20.38,45.78,170.39,259.9,29.64
Mumbai,14-03-2022,5,921.25,0,30.5,104.43,43.39,64.31,88.6,13.68
Mumbai,15-03-2022,5,2002.72,0,65.8,66.52,60.56,132.67,192.44,27.87
Mumbai,16-03-2022,5,1375.2,0,46.61,75.82,47.68,95.67,147.19,20.27
Mumbai,17-03-2022,5,1068.12,0,37.7,68.66,37.67,70.44,110.87,16.47
Mumbai,18-03-2022,5,921.25,0,31.19,84.4,24.56,72.56,112.83,12.41
Mumbai,19-03-2022,5,821.11,0,28.79,90.84,24.32,80.79,117.79,10.51
Mumbai,20-03-2022,5,934.6,0,40.1,53.64,42.92,78.32,121.48,11.65
Mumbai,21-03-2022,5,1508.71,0.01,58.26,29.33,40.53,106.15,280.32,23.81
Mumbai,22-03-2022,5,1375.2,0,49.35,63.66,43.39,110.48,184.74,21.28
Mumbai,23-03-2022,5,1789.09,0,61.01,28.61,45.78,92.54,140.83,26.09
Mumbai,24-03-2022,5,1441.96,0,54.84,37.91,46.73,86.15,142.13,20.77
Mumbai,25-03-2022,5,453.95,0,12.85,124.45,18.84,69.49,110.8,3.13
Mumbai,26-03-2022,4,370.5,0,14.57,49.35,15.26,41.25,76.14,3.74
Mumbai,27-03-2022,5,1068.12,0.08,41.81,18.6,35.76,84.86,164.89,21.53
Mumbai,28-03-2022,5,1054.76,0.5,52.09,9.39,47.21,87.05,139.99,13.93
Mumbai,29-03-2022,5,2456.67,14.53,65.8,0.13,50.07,167.47,275.53,23.05
Mumbai,30-03-2022,5,781.06,0,29.82,45.78,21.46,73.72,168.99,8.36
Mumbai,31-03-2022,5,801.09,0,30.16,43.99,20.5,46.21,125.35,7.98
Mumbai,01-04-2022,5,3685,25.93,102.82,0.01,115.39,288.46,626.79,79.04
Mumbai,02-04-2022,5,2323.15,4.92,86.37,1.59,70.57,257.83,525.22,44.08
Mumbai,03-04-2022,5,988.01,0.01,35.64,30.04,32.42,114.02,230.42,20.27
Mumbai,04-04-2022,5,767.71,0,27.76,36.12,22.89,75.31,137.46,14.06
Mumbai,05-04-2022,5,447.27,0,15.77,46.49,15.14,52.32,102.44,5.7
Mumbai,06-04-2022,5,1188.28,0.5,46.61,10.91,40.53,81.58,121.9,24.07
Mumbai,07-04-2022,5,1081.47,0.15,41.13,19.67,35.29,73.14,117.2,21.53
Mumbai,08-04-2022,5,1548.77,1.48,61.01,5.81,49.59,112.39,174.4,30.15
Mumbai,09-04-2022,5,333.79,0,9.77,60.8,13.11,50.75,79.23,1.49
Mumbai,10-04-2022,4,340.46,0,11.65,46.49,14.07,45.46,71.27,2.09
Mumbai,11-04-2022,4,507.35,0,22.62,37.19,23.6,43.27,78.35,6.14
Mumbai,12-04-2022,5,907.9,0.03,49.35,21.28,51.98,69.66,142.84,13.17
Mumbai,13-04-2022,5,4219.06,51.41,76.09,0,93.46,268.05,398.98,58.77
Mumbai,14-04-2022,5,1388.55,0.13,52.78,17.34,38.62,98.23,188.59,20.27
Mumbai,15-04-2022,4,323.77,0,12.17,57.94,14.31,38.63,86.85,2.5
Mumbai,16-04-2022,5,1201.63,0.01,47.3,29.33,40.53,77.82,161.38,24.57
Mumbai,17-04-2022,5,647.54,0,21.59,45.06,18.6,58.81,132.15,11.02
Mumbai,18-04-2022,5,1014.71,0.01,38.73,26.82,32.9,75.37,150.46,19.76
Mumbai,19-04-2022,5,3204.35,34.42,67.17,0,86.78,207.7,322.55,48.64
Mumbai,20-04-2022,5,947.95,0.01,39.41,31.83,33.86,63.23,110.74,12.41
Mumbai,21-04-2022,5,727.65,0,27.08,69.38,27.66,62.54,113.76,10.13
Mumbai,22-04-2022,5,453.95,0,14.57,95.84,15.74,57.14,95.8,3.39
Mumbai,23-04-2022,5,2777.1,0,93.22,42.2,57.7,222.72,353.65,30.65
Mumbai,24-04-2022,5,383.85,0,9.94,80.82,13.83,54.22,119.34,2.18
Mumbai,25-04-2022,5,1295.09,2.4,47.98,2.91,36.72,78.43,144.18,19
Mumbai,26-04-2022,5,1655.58,0,61.69,41.13,43.39,103.37,200.79,25.08
Mumbai,27-04-2022,4,447.27,0,17.99,34.69,15.74,17.66,56.38,4.81
Mumbai,28-04-2022,5,734.33,0,27.08,60.8,21.93,51.04,98.32,8.61
Mumbai,29-04-2022,5,393.87,0,16.96,80.11,25.03,61.66,106.36,2.85
Mumbai,30-04-2022,5,714.3,0,28.45,39.34,21.7,51.37,111.29,7.85
Mumbai,01-05-2022,4,614.17,0.01,19.71,28.61,16.69,40.58,77.81,8.87
Mumbai,02-05-2022,4,287.06,0,7.2,55.07,8.58,32.43,65,1.52
Mumbai,03-05-2022,4,323.77,0,14.39,46.49,16.69,35.84,95.29,2.82
Mumbai,04-05-2022,5,767.71,0.06,32.56,20.56,26.7,50.03,108.68,11.53
Mumbai,05-05-2022,5,1028.06,0.04,40.78,22.35,26.46,63.47,138.39,14.44
Mumbai,06-05-2022,5,403.88,0,18.34,35.05,20.74,44.32,179.92,3.51
Mumbai,07-05-2022,5,383.85,0,16.62,44.7,18.12,92.54,394.49,3.29
Mumbai,08-05-2022,5,1081.47,0.05,41.81,19.31,26.94,97.24,223.82,14.31
Mumbai,09-05-2022,5,787.73,0,31.19,33.26,23.37,69.65,154.54,9.37
Mumbai,10-05-2022,5,303.75,0,13.71,42.56,16.45,42.79,117.1,2.53
Mumbai,11-05-2022,5,881.2,0.14,35.64,16.63,25.99,67.12,151.68,13.05
Mumbai,12-05-2022,5,240.33,0,7.63,48.64,9.42,43.6,144.27,1.2
Mumbai,13-05-2022,5,236.99,0,7.37,45.78,8.34,40.23,146.23,1.42
Mumbai,14-05-2022,5,253.68,0,7.63,58.65,9.3,111.84,339.87,1.42
Mumbai,15-05-2022,5,243.66,0,6.68,47.92,8.11,34.51,102.8,1.16
Mumbai,16-05-2022,5,253.68,0,8.65,44.35,10.37,52.63,182.1,1.55
Mumbai,17-05-2022,5,280.38,0,11.31,35.05,12.87,47.74,140.73,2.15
Mumbai,18-05-2022,5,333.79,0,14.57,77.25,16.69,178.56,601.68,3.01
Mumbai,19-05-2022,5,357.15,0,17.65,69.38,19.55,129.64,409,3.55
Mumbai,20-05-2022,5,236.99,0,7.63,62.94,9.3,91.4,294.2,1.16
Mumbai,21-05-2022,5,233.65,0,6.34,54.36,7.39,57.66,167.74,1.19
Mumbai,22-05-2022,5,220.3,0,3.13,65.8,3.52,41.87,118.78,0.75
Mumbai,23-05-2022,3,220.3,0,2.7,55.07,3.34,15.56,49.08,0.51
Mumbai,24-05-2022,4,236.99,0,4.28,49.35,5.07,16.13,52.02,0.95
Mumbai,25-05-2022,4,250.34,0,7.54,48.64,9.06,16.61,61.59,1.68
Mumbai,26-05-2022,4,320.43,0,14.05,41.13,15.97,18.8,51.84,3.67
Mumbai,27-05-2022,4,327.11,0,10.37,38.62,9.78,16.56,53.32,3.93
Mumbai,28-05-2022,2,223.64,0,5.57,40.41,6.91,8.08,30.24,1.08
Mumbai,29-05-2022,2,220.3,0,4.07,43.63,4.59,4.89,22.22,1.06
Mumbai,30-05-2022,2,223.64,0,4.97,41.84,6.08,7.01,30.77,1.08
Mumbai,31-05-2022,3,300.41,0,9.34,33.26,9.06,12.96,45.65,3.29
Mumbai,01-06-2022,3,253.68,0,9.51,41.48,11.44,12.84,45.41,1.93
Mumbai,02-06-2022,4,233.65,0,8.14,48.64,9.78,19.03,56.95,1.47
Mumbai,03-06-2022,4,236.99,0,8.91,40.41,10.73,14.89,58.25,1.55
Mumbai,04-06-2022,4,280.38,0,10.54,44.7,10.37,18.12,57.28,2.72
Mumbai,05-06-2022,3,240.33,0,8.83,36.12,10.37,9.77,41.29,1.66
Mumbai,06-06-2022,2,277.04,0.03,11.65,21.64,13.23,10.01,33.36,2.41
Mumbai,07-06-2022,3,340.46,0.06,12.34,20.92,12.28,13.71,42.06,4.05
Mumbai,08-06-2022,1,243.66,0.01,6.17,28.97,7.09,2.72,5.71,1.33
Mumbai,09-06-2022,1,287.06,0.16,11.14,14.48,13.11,6.11,11,2.34
Mumbai,10-06-2022,1,247,0.04,7.11,22.53,8.82,3.59,5.81,1.04
Mumbai,11-06-2022,1,263.69,0.05,7.54,20.56,9.54,3.05,5.02,1.04
Mumbai,12-06-2022,1,247,0.03,5.31,21.82,6.5,3.4,4.76,0.79
Mumbai,13-06-2022,1,253.68,0.01,6.6,27.89,8.11,4.57,7.75,0.78
Mumbai,14-06-2022,1,267.03,0.04,8.57,21.99,11.32,7.26,9.84,1.06
Mumbai,15-06-2022,1,236.99,0.01,5.48,31.83,6.56,7.54,14.52,1
Mumbai,16-06-2022,3,520.71,0.71,16.62,8.67,14.54,20.07,27.61,6.02
Mumbai,17-06-2022,2,263.69,0.05,8.48,21.46,10.73,10.12,12.95,1.23
Mumbai,18-06-2022,2,240.33,0.04,6.6,22.17,8.23,11.27,21.19,0.97
Mumbai,19-06-2022,1,226.97,0.01,4.88,30.04,6.2,6.74,8.59,0.61
Mumbai,20-06-2022,1,236.99,0.02,4.76,24.68,5.6,5.51,7.26,0.78
Mumbai,21-06-2022,1,250.34,0.01,7.37,30.76,8.82,5.97,8.08,1.22
Mumbai,22-06-2022,1,247,0,5.91,38.27,7.63,5.77,8.22,0.77
Mumbai,23-06-2022,2,417.23,0.05,20.39,19.85,25.75,10.83,13.51,2.72
Mumbai,24-06-2022,1,327.11,0.24,16.11,12.87,21.93,7.52,10.15,1.68
Mumbai,25-06-2022,1,303.75,0.02,9.85,27.18,12.76,6.01,8.68,1.65
Mumbai,26-06-2022,1,287.06,0.03,7.45,22.89,9.42,4.63,7.05,1.69
Mumbai,27-06-2022,1,236.99,0,5.06,33.62,6.44,4.64,7.99,0.56
Mumbai,28-06-2022,1,267.03,0.01,6.6,31.47,6.74,6.51,8.97,1.54
Mumbai,29-06-2022,2,233.65,0.01,5.48,32.54,6.62,10.15,12.38,0.88
Mumbai,30-06-2022,1,240.33,0.01,6.17,30.04,7.51,9.05,11.13,0.95
Mumbai,01-07-2022,2,243.66,0,5.74,38.62,6.91,11.09,13.41,0.89
Mumbai,02-07-2022,2,263.69,0,5.65,40.77,5.78,12.51,16.17,1.31
Mumbai,03-07-2022,2,233.65,0,3.56,33.97,4.11,13.67,17.38,0.63
Mumbai,04-07-2022,2,223.64,0,3.34,34.69,4.11,10.18,13.29,0.52
Mumbai,05-07-2022,2,226.97,0,3.9,36.48,4.65,11.21,14.35,0.63
Mumbai,06-07-2022,2,230.31,0.01,4.28,33.62,5.13,12.71,15.58,0.67
Mumbai,07-07-2022,1,230.31,0.01,3.86,30.76,4.41,8.88,11.39,0.62
Mumbai,08-07-2022,2,226.97,0.01,4.76,30.04,5.78,14.38,19.28,0.74
Mumbai,09-07-2022,2,220.3,0.01,3.68,31.83,4.53,15.55,23.02,0.45
Mumbai,10-07-2022,2,223.64,0,3.9,36.84,4.71,12.21,16.38,0.6
Mumbai,11-07-2022,2,223.64,0,3.81,45.78,4.41,11.78,15.74,0.55
Mumbai,12-07-2022,1,223.64,0,4.37,37.55,4.95,7.59,11.22,0.68
Mumbai,13-07-2022,1,216.96,0,3,40.41,3.61,9.9,15.39,0.36
Mumbai,14-07-2022,2,216.96,0,3.04,34.69,3.58,11.05,16.49,0.38
Mumbai,15-07-2022,2,206.95,0,1.99,41.84,2.26,11.36,19.33,0.28
Mumbai,16-07-2022,2,216.96,0.02,2.42,23.6,2.98,15.8,23.83,0.37
Mumbai,17-07-2022,2,211.95,0.01,2.23,29.33,2.71,17.99,25.53,0.29
Mumbai,18-07-2022,2,220.3,0.01,3.43,27.54,4.05,18.72,23.26,0.57
Mumbai,19-07-2022,2,230.31,0.01,3.94,32.19,4.71,15.53,20.47,0.59
Mumbai,20-07-2022,2,243.66,0,5.1,34.33,5.3,18.06,25.47,1.17
Mumbai,22-07-2022,2,240.33,0,6.6,38.27,8.7,17.4,29.92,1.22
Mumbai,23-07-2022,2,283.72,0.01,9.17,30.4,8.7,15.48,32.86,2.25
Mumbai,24-07-2022,2,206.95,0,4.28,40.05,5.25,10.6,14.19,0.61
Mumbai,25-07-2022,2,216.96,0.01,3.9,31.83,4.83,13.04,21.98,0.52
Mumbai,26-07-2022,2,220.3,0,5.18,33.97,6.38,11.56,28.39,0.76
Mumbai,27-07-2022,2,297.07,0.06,13.54,20.56,15.74,19.66,27.6,2.66
Mumbai,28-07-2022,5,2189.64,39.34,31.53,0,70.57,118.26,168.15,44.58
Mumbai,29-07-2022,4,921.25,9.39,24.68,0.34,29.8,45.39,75.27,12.41
Mumbai,30-07-2022,4,627.52,4.36,21.08,1.33,21.22,26.21,52.71,7.92
Mumbai,31-07-2022,2,370.5,0.34,14.91,10.82,12.99,14.32,32.67,3.61
Mumbai,01-08-2022,2,300.41,0.11,11.48,16.45,10.97,15.47,28.3,3.04
Mumbai,02-08-2022,3,290.39,0.1,12,16.81,12.28,18.56,36.16,2.53
Mumbai,03-08-2022,3,357.15,0.14,19.19,15.38,21.22,21.67,33.64,3.2
Mumbai,04-08-2022,5,1321.79,17.43,25.36,0.04,36.24,69.12,98.29,18.49
Mumbai,05-08-2022,4,667.57,2.1,22.96,4.16,22.65,27.46,36.66,8.36
Mumbai,06-08-2022,1,280.38,0.02,10.37,26.46,11.8,6.42,8.57,1.74
Mumbai,07-08-2022,1,340.46,0.05,9.77,21.28,8.23,9.01,12.71,3.01
Mumbai,08-08-2022,1,216.96,0,5.1,37.55,5.84,4.24,6.19,0.82
Mumbai,09-08-2022,1,223.64,0.01,4.2,31.47,4.65,4.71,8.18,0.72
Mumbai,10-08-2022,2,213.62,0,1.91,35.76,2.41,12.87,21.52,0.29
Mumbai,11-08-2022,3,200.27,0,1.76,40.77,2.38,20.98,33.82,0.25
Mumbai,12-08-2022,2,193.6,0,1.67,33.26,2.29,17.83,30.78,0.21
Mumbai,13-08-2022,2,190.26,0,2.27,34.33,2.92,18.81,31.95,0.27
Mumbai,14-08-2022,2,188.59,0,1.95,40.41,2.53,14.76,27.42,0.2
Mumbai,15-08-2022,3,185.25,0,2.01,43.27,2.56,12.94,42.09,0.28
Mumbai,16-08-2022,1,201.94,0.01,2.78,29.33,3.19,7.23,11.74,0.47
Mumbai,17-08-2022,2,201.94,0,2.55,33.97,3.13,13.19,19.11,0.28
Mumbai,18-08-2022,2,203.61,0.01,3.13,30.4,3.78,14.3,29.2,0.4
Mumbai,19-08-2022,2,206.95,0.01,3.51,31.11,4.23,15.44,33.07,0.43
Mumbai,20-08-2022,2,216.96,0.02,4.8,25.39,5.54,15.39,34.98,0.88
Mumbai,21-08-2022,2,213.62,0.01,4.33,27.54,5.13,12.2,27.97,0.69
Mumbai,22-08-2022,2,208.62,0.01,3.38,31.11,4.11,12.26,27.14,0.55
Mumbai,23-08-2022,2,210.29,0.01,3.77,30.4,4.77,17.52,31.27,0.51
Mumbai,24-08-2022,2,203.61,0.01,3.13,27.18,3.87,13.41,20,0.44
Mumbai,25-08-2022,2,270.37,0.02,6.85,25.75,6.32,14.67,19.12,1.88
Mumbai,26-08-2022,2,260.35,0.05,10.02,20.92,11.8,16.19,23.87,1.88
Mumbai,27-08-2022,4,680.92,1.76,25.7,4.69,22.65,35.97,57.78,10.39
Mumbai,28-08-2022,2,287.06,0.04,11.65,20.74,12.87,14.51,22.54,2.18
Mumbai,29-08-2022,5,1268.39,11.73,29.47,0.18,37.67,63.18,92.38,22.55
Mumbai,30-08-2022,5,2162.93,38,27.76,0,69.62,116.32,181.73,45.09
Mumbai,31-08-2022,5,4058.84,71.53,54.84,0,127.79,249.04,348.57,77.01
Mumbai,01-09-2022,5,1161.58,0.04,58.95,21.1,64.85,82.96,112.34,11.53
Mumbai,02-09-2022,5,1708.98,47.83,94.59,0,146.87,146.25,159.29,4.75
Mumbai,03-09-2022,5,1495.36,0,39.41,114.44,83.92,274.95,289.42,0
Mumbai,04-09-2022,4,420.57,0,12.68,69.38,14.78,31.51,36.62,2.12
Mumbai,05-09-2022,2,287.06,0.04,10.8,20.56,11.8,8.86,22.22,2.12
Mumbai,06-09-2022,4,881.2,4.97,28.1,1.63,27.66,42.21,59.77,11.53
Mumbai,07-09-2022,5,1615.52,29.06,34.62,0,65.8,86.16,130.67,21.28
Mumbai,08-09-2022,5,1375.2,34.87,87.74,0,129.7,108.76,118.83,5.57
Mumbai,09-09-2022,5,1668.93,11.18,102.82,0.04,87.74,154.72,161.85,0.65
Mumbai,10-09-2022,3,514.03,0.16,23.65,14.66,27.42,20.86,25,3.61
Mumbai,11-09-2022,4,834.47,16.99,45.24,0.04,70.57,47.82,57.41,6.52
Mumbai,12-09-2022,5,1375.2,9.83,81.57,0.03,122.07,95.28,104.68,7.03
Mumbai,13-09-2022,1,247,0,5.44,44.7,6.56,5.76,7.81,0.96
Mumbai,14-09-2022,1,247,0,4.16,33.97,4.83,4.06,6.32,0.7
Mumbai,15-09-2022,1,205.28,0,3.47,33.62,4.11,5.99,8.4,0.52
Mumbai,16-09-2022,1,198.6,0,3.3,35.05,3.76,5.85,8.44,0.5
Mumbai,17-09-2022,1,250.34,0.01,8.05,28.97,8.82,9.32,12.26,1.57
Mumbai,18-09-2022,1,226.97,0.01,6.6,30.4,7.75,6.66,8.34,0.94
Mumbai,19-09-2022,2,433.92,0.49,19.88,9.21,20.5,18,27.35,5.07
Mumbai,20-09-2022,2,323.77,0.09,16.28,18.42,18.84,17.26,25.63,3.45
Mumbai,21-09-2022,2,320.43,0.12,18.16,16.81,20.98,13.02,21.15,2.85
Mumbai,22-09-2022,2,383.85,0.14,20.39,16.27,22.17,15.84,22.93,4.56
Mumbai,23-09-2022,1,253.68,0.05,10.37,21.46,12.28,8.9,15.2,2.12
Mumbai,24-09-2022,1,247,0.05,7.88,21.82,9.18,6.19,9.16,1.44
Mumbai,25-09-2022,5,1401.9,19.22,24.33,0.03,47.21,65.32,84.96,25.59
Mumbai,26-09-2022,5,1655.58,20.12,38.39,0.02,57.22,83.88,113.7,30.91
Mumbai,27-09-2022,5,3791.81,73.31,39.07,0,116.35,220.71,287.24,66.88
Mumbai,28-09-2022,5,4432.68,78.68,67.17,0,141.14,276.54,355.71,72.96
Mumbai,29-09-2022,5,3791.81,57.22,61.69,0,118.26,225.63,303.52,70.93
Mumbai,30-09-2022,5,3845.21,57.22,65.8,0,99.18,236.68,331.36,48.13
Mumbai,01-10-2022,5,4379.27,75.1,108.3,0,150.68,304.52,374.1,66.88
Mumbai,02-10-2022,1,300.41,0.04,15.94,20.74,17.88,9.47,16.83,3.04
Mumbai,03-10-2022,5,1508.71,12.29,40.1,0.27,49.11,71.62,108.28,31.41
Mumbai,04-10-2022,2,480.65,0.07,22.96,19.85,25.03,18.1,34.24,5
Mumbai,05-10-2022,4,547.41,0,25.7,62.23,30.28,36.56,57.66,5.07
Mumbai,06-10-2022,4,654.22,0,26.73,32.19,19.79,26.63,45.63,7.73
Mumbai,07-10-2022,1,293.73,0,13.37,45.78,13.23,8.85,18.9,2.66
Mumbai,08-10-2022,1,233.65,0,10.11,42.2,12.52,8.69,12.71,1.8
Mumbai,09-10-2022,1,233.65,0,8.48,46.49,10.61,5.88,10.55,1.23
Mumbai,10-10-2022,2,480.65,0.02,22.62,26.46,25.03,16.28,24.27,5.89
Mumbai,11-10-2022,5,1455.31,24.14,57.58,0,100.14,91.78,124.98,12.54
Mumbai,12-10-2022,5,1575.47,27.27,104.19,0,117.3,138.59,152.41,6.52
Mumbai,13-10-2022,5,7156.37,135.9,135.72,0,274.66,560.07,658.02,121.59
Mumbai,14-10-2022,5,2269.74,2.85,100.08,1.18,81.06,191.85,214.47,14.06
Mumbai,15-10-2022,5,4486.08,45.6,126.12,0,141.14,323.89,372.37,57.25
Mumbai,16-10-2022,5,1468.66,0.06,50.04,16.09,41.96,113.94,139.14,17.99
Mumbai,17-10-2022,5,1054.76,0,27.42,58.65,32.42,104.81,121.19,6.71
Mumbai,18-10-2022,5,1041.41,0.08,52.09,15.91,51.5,55.26,61.41,5.38
Mumbai,19-10-2022,4,841.14,0,27.76,35.05,35.76,40.9,47.49,4.43
Mumbai,20-10-2022,5,3204.35,0.78,157.65,5.59,137.33,424.39,445.89,3.58
Mumbai,21-10-2022,5,3311.16,0,117.9,40.05,194.55,500.31,536.23,0.96
Mumbai,22-10-2022,5,2643.59,0.03,91.85,20.74,73.43,175.09,202.39,17.73
Mumbai,23-10-2022,5,6034.85,0.01,159.03,22.89,137.33,572.28,677.75,52.69
Mumbai,24-10-2022,5,2616.88,2.12,76.77,4.6,51.02,188.86,244.21,22.55
Mumbai,25-10-2022,5,2136.23,0.01,93.22,30.04,82.97,164.39,219.9,23.05
Mumbai,26-10-2022,5,3524.78,7.82,131.61,0.64,75.34,238.76,319.44,30.15
Mumbai,27-10-2022,5,5767.82,59.9,123.38,0,95.37,390.89,498.43,59.28
Mumbai,28-10-2022,5,3524.78,0,104.19,48.64,96.32,339.11,423.01,26.85
Mumbai,29-10-2022,5,4486.08,33.53,105.56,0,73.43,310.84,403.84,38
Mumbai,30-10-2022,5,3337.86,22.35,86.37,0.01,51.02,216.9,281.55,28.63
Mumbai,31-10-2022,5,2803.8,0.42,86.37,13.05,52.45,205.74,271.9,25.33
Mumbai,01-11-2022,5,5020.14,30.85,115.16,0,82.97,386.12,512.94,42.05
Mumbai,02-11-2022,5,3471.37,7.93,102.82,1.33,64.85,268.99,348.12,27.36
Mumbai,03-11-2022,5,3124.24,0.43,98.71,11.44,64.85,273.25,342.67,28.88
Mumbai,04-11-2022,5,5248,49.25,115.25,0,77.25,391,493,28.88
Mumbai,05-11-2022,5,5344,77,90.5,0,73.5,353,444,34.45
Mumbai,06-11-2022,5,2990.72,1.02,91.85,5.9,51.98,221.56,288.02,34.45
Mumbai,07-11-2022,5,3124.24,0,91.85,28.97,57.22,255.4,327.82,26.09
Mumbai,08-11-2022,5,5233.76,51.41,122.01,0,79.15,375.87,473.06,36.48
Mumbai,09-11-2022,5,3845.21,14.75,119.27,0.03,80.11,287.33,356.36,39.01
Mumbai,10-11-2022,5,4646.3,10.06,139.83,0.24,103.95,482.99,569.31,40.02
Mumbai,11-11-2022,5,5554.2,34.87,135.72,0,90.6,432.37,529.65,49.65
Mumbai,12-11-2022,5,2269.74,0.94,85,8.94,61.04,201.09,242.11,30.15
Mumbai,13-11-2022,5,3337.86,8.16,102.82,0.21,56.74,269.29,332.84,33.94
Mumbai,14-11-2022,5,2029.42,0,65.8,47.92,45.3,162.14,206.61,21.03
Mumbai,15-11-2022,5,4859.92,6.48,145.32,0.93,92.51,381.01,467.24,40.53
Mumbai,16-11-2022,5,4219.06,7.6,126.12,0.6,82.02,342.73,433.21,44.08
Mumbai,17-11-2022,5,2029.42,0,71.29,43.99,56.74,163.17,211.14,26.85
Mumbai,18-11-2022,5,2883.91,7.26,98.71,0.48,65.8,183.15,236.63,34.96
Mumbai,19-11-2022,5,3791.81,12.96,113.79,0.05,73.43,257.74,331.43,41.54
Mumbai,20-11-2022,5,2136.23,0.04,72.66,17.52,48.16,141.34,177.95,26.09
Mumbai,21-11-2022,5,1428.6,0,53.47,27.18,43.87,81.9,107.88,22.04
Mumbai,22-11-2022,5,3791.81,0.22,122.01,15.38,73.43,301.3,389.49,30.65
Mumbai,23-11-2022,5,3337.86,0,104.19,35.76,85.83,311.58,376.98,36.98
Mumbai,24-11-2022,5,3845.21,3.44,124.75,2.3,99.18,320.99,390.01,43.57
Mumbai,25-11-2022,5,3845.21,3.07,123.38,2.7,90.6,313.19,388.52,44.58
Mumbai,26-11-2022,5,8972.17,90.3,183.7,0,110.63,658.46,799.57,68.9
Mumbai,27-11-2022,5,3070.83,0,101.45,35.41,88.69,287.23,336.76,28.63
Mumbai,28-11-2022,5,6355.29,52.3,134.35,0,92.51,464.8,568.16,58.26
Mumbai,29-11-2022,5,4432.68,3.86,132.98,2.68,97.27,440.27,556.29,35.97
Mumbai,30-11-2022,5,4806.52,0.19,148.06,12.87,89.65,419.43,510.4,42.56
Mumbai,01-12-2022,5,2616.88,0,90.48,50.07,88.69,263.46,312.98,26.85
Mumbai,02-12-2022,5,2990.72,0,94.59,57.94,91.55,313.59,371.83,26.85
Mumbai,03-12-2022,5,4592.9,18.55,130.24,0.01,90.6,348.72,431.2,56.24
Mumbai,04-12-2022,5,3337.86,0.01,102.82,24.32,72.48,386.79,455.21,30.91
Mumbai,05-12-2022,5,3578.19,0.02,104.19,20.03,69.62,384.05,452.11,34.45
Mumbai,06-12-2022,5,3284.45,0.04,100.08,18.78,82.02,334.88,399.7,30.65
Mumbai,07-12-2022,5,4165.65,0.01,130.24,21.46,96.32,410.42,476.96,34.45
Mumbai,08-12-2022,5,4539.49,11.85,134.35,0.16,96.32,425.43,517.94,47.62
Mumbai,09-12-2022,5,1428.6,0,54.84,43.63,64.85,132.12,156.83,22.29
Mumbai,11-12-2022,5,1455.31,0.48,47.98,9.3,33.38,149.03,173.64,17.99
Mumbai,12-12-2022,5,2109.53,0,68.55,64.37,81.06,227.84,263.36,23.05
Mumbai,13-12-2022,5,1361.85,0,34.96,90.84,38.15,215.1,250.09,6.97
Mumbai,14-12-2022,5,2563.48,15.65,89.11,0.02,56.74,124.85,161.79,23.81
Mumbai,15-12-2022,5,2082.82,16.32,71.97,0.01,70.57,108.06,136.66,20.77
Mumbai,16-12-2022,5,5020.14,0.98,159.03,6.62,109.67,418.08,511.26,49.14
Mumbai,17-12-2022,5,3578.19,3.41,115.16,2.39,70.57,229.53,298.79,31.92
Mumbai,18-12-2022,5,1588.82,0,40.78,72.96,37.67,160.85,196.58,10.77
Mumbai,19-12-2022,5,1789.09,0,56.21,39.34,55.31,150.05,180.13,22.8
Mumbai,20-12-2022,5,5073.55,19.67,128.87,0.01,103.95,411.99,499.97,51.68
Mumbai,21-12-2022,5,4112.24,21.01,115.16,0,103,346.52,437.21,40.02
Mumbai,22-12-2022,5,3845.21,0.04,134.35,20.03,137.33,392.18,455.89,32.17
Mumbai,23-12-2022,5,5821.23,28.39,163.14,0,119.21,510.92,606.9,46.1
Mumbai,24-12-2022,5,4058.84,9.16,128.87,0.51,100.14,307.62,396.31,52.18
Mumbai,25-12-2022,5,1548.77,0,50.04,65.8,70.57,222.82,258.18,11.78
Mumbai,26-12-2022,5,2109.53,0,70.6,36.84,125.89,334.35,371.25,13.17
Mumbai,27-12-2022,5,4859.92,17.43,124.75,0.05,93.46,499.9,601.56,38
Mumbai,28-12-2022,5,3845.21,4.97,116.53,1.22,92.51,401.2,477.51,41.54
Mumbai,29-12-2022,5,3738.4,0.05,113.79,20.21,72.48,445.5,532.76,25.84
Mumbai,30-12-2022,5,4486.08,0.54,138.46,10.01,89.65,476.13,561.01,35.97
Mumbai,31-12-2022,5,6355.29,21.23,172.73,0.02,125.89,587.78,692.75,56.74
Mumbai,01-01-2023,5,1401.9,0,44.55,67.23,41.48,135.13,175.59,16.47
Mumbai,02-01-2023,5,2296.45,0,69.92,42.56,63.9,257.82,307.71,18.49
Mumbai,03-01-2023,5,3124.24,2.29,104.19,3.71,87.74,315.78,383.99,29.64
Mumbai,04-01-2023,5,3631.59,0.09,116.53,17.88,87.74,359.07,427.02,29.64
Mumbai,05-01-2023,5,8117.68,66.16,167.25,0,127.79,655.37,792.29,78.02
Mumbai,06-01-2023,5,5180.36,8.27,149.43,0.57,97.27,447.65,533.58,40.53
Mumbai,07-01-2023,5,2510.07,0,67.86,85.83,59.6,268.77,318.61,24.32
Mumbai,08-01-2023,5,1148.22,0,30.85,87.98,32.9,161.73,191.09,7.98
Mumbai,09-01-2023,5,1321.79,0,47.98,47.92,57.22,114.05,141.83,16.72
Mumbai,10-01-2023,5,2403.26,0.25,87.74,13.95,91.55,178.67,228.21,30.91
Mumbai,11-01-2023,5,2056.12,0,85,34.33,129.7,196.75,237.95,21.28
Mumbai,12-01-2023,5,5340.58,34.42,126.12,0,97.27,445.1,560.92,48.64
Mumbai,13-01-2023,3,520.71,0,21.08,71.53,24.08,33.05,57.25,4.56
Mumbai,14-01-2023,4,1041.41,0,45.24,49.35,41.01,66.06,133.9,11.4
Mumbai,15-01-2023,5,1054.76,0,32.9,100.14,53.88,131.11,165.09,10.89
Mumbai,16-01-2023,5,1976.01,0,60.32,66.52,44.35,214.21,270.84,15.33
Mumbai,17-01-2023,5,2536.77,0,78.14,62.23,61.99,268.4,331.13,20.52
Mumbai,18-01-2023,5,4646.3,6.43,139.83,0.99,95.37,465.8,561.23,36.98
Mumbai,19-01-2023,5,5020.14,20.56,134.35,0.02,86.78,454.39,552.2,34.45
Mumbai,20-01-2023,5,4592.9,3.24,141.2,11.35,81.06,489.49,590.39,32.42
Mumbai,21-01-2023,5,4272.46,9.16,127.49,0.41,77.25,362.6,473.22,35.46
Mumbai,22-01-2023,5,1668.93,0,52.78,84.4,43.39,168.24,220.99,19.25
Mumbai,23-01-2023,4,867.84,0,30.16,85.83,33.38,73.02,104.09,12.54
Mumbai,24-01-2023,5,1134.87,0,39.76,80.82,40.05,96.09,136.03,16.21
Mumbai,25-01-2023,5,781.06,0,25.02,107.29,29.09,86.56,118.42,9.75
Mumbai,26-01-2023,5,1041.41,0,35.99,101.57,80.11,162.44,189.29,8.87
Mumbai,27-01-2023,5,1522.06,0,49.35,72.96,70.57,220.84,252.29,13.81
Mumbai,28-01-2023,5,3417.97,0,112.41,33.62,76.29,301.36,365.46,23.31
Mumbai,29-01-2023,5,4005.43,3.24,123.38,2.48,60.08,335.37,405.19,35.46
Mumbai,30-01-2023,5,1028.06,0,31.53,86.55,26.7,109.86,143.85,8.61
Mumbai,31-01-2023,5,1228.33,0,36.67,104.43,72.48,194.08,227.25,6.71
Mumbai,01-02-2023,5,1001.36,0,30.85,75.1,41.96,81.42,96.83,14.19
Mumbai,02-02-2023,5,1588.82,0,54.84,44.7,63.9,119.73,148.53,23.81
Mumbai,03-02-2023,5,1148.22,0,47.3,61.51,82.02,87.49,108.62,16.09
Mumbai,04-02-2023,5,2109.53,0,71.97,45.42,57.7,176.94,229.04,23.81
Mumbai,05-02-2023,5,2510.07,0,81.57,50.78,68.66,209.79,259.33,28.12
Mumbai,06-02-2023,5,4325.87,4.3,131.61,1.83,79.15,360.28,452.11,38.5
Mumbai,07-02-2023,5,894.55,0,29.82,101.57,30.28,87.18,131.33,11.02
Mumbai,08-02-2023,5,2136.23,0,70.6,80.82,63.9,236.34,305.76,19.25
Mumbai,09-02-2023,5,2964.02,0.01,106.93,30.4,97.27,302.95,376.84,32.93
Mumbai,10-02-2023,5,6141.66,35.32,163.14,0,97.27,473.58,583.47,60.29
Mumbai,11-02-2023,5,1815.8,0,65.12,37.55,44.35,154.25,229.05,21.79
Mumbai,12-02-2023,5,1228.33,0,46.61,50.78,43.39,90.69,161.93,15.96
Mumbai,13-02-2023,3,801.09,0,32.22,72.24,44.35,49.18,66.85,13.81
Mumbai,14-02-2023,5,4112.24,1.47,131.61,6.35,105.86,327.45,416.13,49.65
Mumbai,15-02-2023,5,3417.97,0,112.41,47.92,115.39,309.92,380.67,39.01
Mumbai,16-02-2023,5,7049.56,19,194.67,0.02,129.7,580.89,696.99,67.89
Mumbai,17-02-2023,5,1895.9,0,65.8,64.37,117.3,163.7,202.16,25.84
Mumbai,18-02-2023,5,1976.01,0,65.8,81.54,104.9,181.87,225.53,26.35
Mumbai,19-02-2023,5,3044.13,0,90.48,58.65,78.2,279.9,344.73,32.93
Mumbai,20-02-2023,5,3364.56,0,109.67,25.03,79.15,241.7,300.32,39.01
Mumbai,21-02-2023,5,4379.27,4.64,150.8,0.94,110.63,385.08,481.52,41.04
Mumbai,22-02-2023,5,1335.14,0,48.67,38.98,34.33,87.66,145.4,14.95
Mumbai,23-02-2023,5,1602.17,0,57.58,34.33,40.53,104.11,174.91,17.99
Mumbai,25-02-2023,5,1161.58,0,34.27,90.84,49.59,134.27,161.55,13.43
Mumbai,26-02-2023,5,2029.42,0,62.38,95.84,69.62,182,222.73,23.81
Mumbai,27-02-2023,5,1428.6,0,44.55,107.29,72.48,128.85,162.09,19.51
Mumbai,28-02-2023,5,5661.01,14.75,164.51,0.09,94.41,419.5,566.35,59.28
Mumbai,01-03-2023,5,2056.12,0,82.25,59.37,86.78,194.4,256.73,28.12
Mumbai,02-03-2023,5,4112.24,0.01,131.61,24.68,98.23,319.66,395.58,45.6
Mumbai,03-03-2023,5,6568.91,1.75,202.89,7.51,125.89,528.28,633.08,63.84
Mumbai,04-03-2023,5,7370,12.85,224.83,0.16,118.26,606.62,717.23,60.29
Mumbai,05-03-2023,5,1188.28,0,27.42,100.14,39.1,193.55,219.29,8.87
Mumbai,06-03-2023,5,2136.23,0,65.12,51.5,62.94,224.01,263.74,22.8
Mumbai,07-03-2023,5,1388.55,0,45.93,60.8,63.9,112.06,133.47,20.52
Mumbai,08-03-2023,5,2990.72,0,78.83,90.84,61.04,314.88,403.45,30.65
Mumbai,09-03-2023,5,2243.04,0,64.43,89.41,63.9,225.41,276.75,25.33
Mumbai,10-03-2023,5,3337.86,1.03,113.79,9.3,89.65,193.28,250.44,39.52
Mumbai,11-03-2023,5,1508.71,0,50.72,97.27,65.8,108.71,139.39,21.53
Mumbai,12-03-2023,5,2456.67,0,71.97,60.8,53.41,169.23,213.7,27.36
Mumbai,13-03-2023,5,3578.19,0,102.82,37.19,75.34,278.77,342.36,33.94
Mumbai,14-03-2023,5,2670.29,0,73.34,73.67,54.36,293.99,378.34,25.33
Mumbai,15-03-2023,5,2483.37,0,80.88,74.39,56.27,226.13,289.54,24.57
Mumbai,16-03-2023,5,2136.23,0,74.03,31.83,47.68,229.59,282.31,15.71
Mumbai,17-03-2023,4,647.54,0,26.05,55.79,27.89,62.2,88.11,7.28
Mumbai,18-03-2023,5,4592.9,71.53,91.85,0,160.22,342.62,466.16,97.27
Mumbai,19-03-2023,3,453.95,0,16.45,73.67,15.26,43.23,91.91,4.88
Mumbai,20-03-2023,2,317.1,0,10.11,66.52,10.85,23.87,43.49,2.5
Mumbai,21-03-2023,4,1321.79,0.07,47.98,20.03,43.39,73.4,113.33,27.36
Mumbai,22-03-2023,5,2002.72,9.83,61.01,0.44,62.94,104.7,150.23,40.53
Mumbai,23-03-2023,4,1174.93,0.69,45.24,9.48,32.42,50.47,81.2,17.48
Mumbai,24-03-2023,3,754.36,0.05,34.96,20.56,32.42,36.4,61.11,9.75
Mumbai,25-03-2023,3,1014.71,0.15,39.41,17.88,27.18,45.32,87.72,13.43
Mumbai,26-03-2023,4,1081.47,0,38.73,75.82,31.95,58.72,111.8,20.01
Mumbai,27-03-2023,3,627.52,0,21.59,84.4,17.4,38.97,90.68,7.35
Mumbai,28-03-2023,5,1895.9,0,70.6,51.5,60.56,116.04,192.89,38
Mumbai,29-03-2023,5,2857.21,0.16,109.67,16.63,81.06,182.33,284.25,50.66
Mumbai,30-03-2023,4,1281.74,0,50.04,37.19,42.44,74.04,127.91,25.84
Mumbai,31-03-2023,4,787.73,0,33.93,44.35,26.94,46.36,103.29,12.79
Mumbai,01-04-2023,5,1735.69,29.06,28.45,0,58.65,83.36,127.37,36.98
Mumbai,02-04-2023,3,640.87,0,29.13,46.49,29.56,31.41,66.76,9.88
Mumbai,03-04-2023,2,540.73,0,20.39,60.08,15.74,23.31,41.97,7.85
Mumbai,04-04-2023,5,1535.42,0.16,61.69,16.27,48.64,79.94,130.07,29.64
Mumbai,05-04-2023,5,1588.82,2.18,61.01,4.16,44.35,82.61,174.65,23.81
Mumbai,06-04-2023,3,607.49,0,25.36,34.69,20.98,36.35,94.36,6.78
Mumbai,07-04-2023,4,907.9,0,32.9,72.96,26.7,66.73,172.96,10.89
Mumbai,08-04-2023,5,5287.17,25.03,145.32,0,97.27,338.74,452.29,62.32
Mumbai,09-04-2023,5,4699.71,25.48,126.12,0,98.23,334.88,463.07,55.22
Mumbai,10-04-2023,5,2590.18,1.93,95.96,4.83,48.64,174.19,276.75,28.12
Mumbai,11-04-2023,4,881.2,0,34.62,61.51,32.9,52.93,112.96,12.79
Mumbai,12-04-2023,5,1815.8,0.01,69.23,23.96,48.16,108.28,185.11,25.08
Mumbai,13-04-2023,4,787.73,0,29.13,79.39,28.37,58.34,98.03,11.53
Mumbai,14-04-2023,5,787.73,0,28.1,87.26,24.08,79.04,132.71,9.37
Mumbai,15-04-2023,5,3952.03,33.08,100.08,0,72.48,241.73,362.96,42.05
Mumbai,16-04-2023,5,2456.67,13.08,70.6,0.14,63.9,151.13,250.48,37.49
Mumbai,17-04-2023,5,1735.69,2.77,60.32,3.22,45.3,102.48,183.94,26.09
Mumbai,18-04-2023,5,2964.02,25.48,72.66,0.01,58.65,171.39,297.49,34.45
Mumbai,19-04-2023,5,1268.39,0,48.67,43.63,48.16,78.49,125.61,18.75
Mumbai,20-04-2023,3,560.76,0,19.71,77.96,17.88,40.48,85.36,6.21
Mumbai,21-04-2023,3,1054.76,0,42.16,34.33,30.52,47.65,88.24,14.82
Mumbai,22-04-2023,3,674.25,0.04,29.82,22.35,23.13,31.56,71.47,8.23
Mumbai,23-04-2023,3,807.76,0.06,30.85,20.21,22.65,43.58,85.29,12.92
Mumbai,24-04-2023,3,333.79,0,11.82,56.51,11.92,23.46,58.33,2.06
Mumbai,25-04-2023,5,1588.82,0,62.38,33.26,51.02,106.25,187.32,29.39
Mumbai,26-04-2023,3,380.52,0,15.42,45.06,17.88,36.06,80.67,3.17
Mumbai,27-04-2023,3,634.19,0.07,35.99,21.64,37.19,36.42,67.32,8.74
Mumbai,28-04-2023,3,587.46,0,27.08,41.84,28.37,25.43,51.12,6.97
Mumbai,29-04-2023,5,1668.93,14.75,46.61,0.1,57.7,76.42,115.25,35.46
Mumbai,30-04-2023,4,1535.42,6.65,48.67,0.82,47.21,74.6,111.16,29.89
Mumbai,01-05-2023,2,407.22,0.02,19.02,23.96,20.5,17.12,27.75,4.37
Mumbai,02-05-2023,2,360.49,0.03,19.02,23.25,22.41,10.02,19.92,4.24
Mumbai,03-05-2023,4,1295.09,10.06,35.3,0.35,38.15,54.65,83.93,22.55
Mumbai,04-05-2023,3,660.9,0,28.79,34.33,25.75,28.92,50.35,8.49
Mumbai,05-05-2023,3,974.66,0.13,41.13,16.63,32.42,45.71,78.95,12.79
Mumbai,06-05-2023,4,1455.31,8.05,44.55,0.67,41.48,70.41,112.83,25.33
Mumbai,07-05-2023,2,313.76,0,11.48,37.91,12.87,16.35,31.01,2.15
Mumbai,08-05-2023,2,340.46,0,10.45,55.07,11.8,15.98,26.99,1.96
Mumbai,09-05-2023,2,447.27,0,24.33,33.26,27.66,24.01,44.33,5.57
Mumbai,10-05-2023,4,774.38,0.06,32.56,20.38,25.75,41.36,110.23,11.53
Mumbai,11-05-2023,4,841.14,2.07,38.04,4.02,39.1,61.82,194.27,12.16
Mumbai,12-05-2023,3,303.75,0,13.88,38.62,19.07,38.05,99.17,1.61
Mumbai,13-05-2023,4,974.66,0,33.24,47.92,28.61,70.41,113.16,16.97
Mumbai,14-05-2023,2,247,0,7.45,36.12,8.34,7.39,20.04,2.01
Mumbai,15-05-2023,2,290.39,0,7.8,35.05,9.06,18,46.91,1.74
Mumbai,16-05-2023,2,310.42,0,9.42,46.49,11.56,23.21,44.93,1.82
Mumbai,17-05-2023,3,961.3,1.48,34.27,5.5,29.33,42.49,77.51,17.23
Mumbai,18-05-2023,2,347.14,0.02,13.37,25.75,15.26,10.22,27.1,2.63
Mumbai,19-05-2023,2,383.85,0.01,16.11,30.76,18.6,11.95,33.84,3.39
Mumbai,20-05-2023,3,333.79,0.09,14.91,17.34,16.45,12.64,51.42,2.91
Mumbai,21-05-2023,3,667.57,0.26,26.39,12.87,19.07,29.28,88.41,9.5
Mumbai,22-05-2023,3,320.43,0,13.71,31.47,15.02,14.93,74.18,2.69
Mumbai,23-05-2023,3,357.15,0,16.45,34.33,18.36,14.72,64.7,3.64
Mumbai,24-05-2023,3,340.46,0,15.94,31.83,17.64,17.31,80.32,3.23
Mumbai,25-05-2023,3,267.03,0,8.05,35.76,9.66,10.85,60.57,1.49
Patna,30-11-2020,5,867.84,0.42,6.94,237.47,33.85,185.85,198.19,9.63
Patna,01-12-2020,5,2536.77,0.5,61.01,8.4,11.09,296.68,346.13,12.03
Patna,02-12-2020,5,2376.56,0,54.84,34.33,12.52,320.6,360.21,8.49
Patna,03-12-2020,5,3524.78,22.8,74.03,0.01,15.97,419.52,491.31,21.03
Patna,04-12-2020,5,3952.03,13.86,97.33,0.06,22.65,500.19,571.25,28.63
Patna,05-12-2020,5,4379.27,0.16,111.04,10.1,56.27,531.65,597.15,84.1
Patna,06-12-2020,5,3284.45,6.48,68.55,0.55,23.13,483.94,542.53,45.6
Patna,07-12-2020,5,3284.45,11.74,58.95,0.09,9.66,433.32,486.44,10.64
Patna,08-12-2020,5,3471.37,0.82,58.95,5.1,15.74,530.51,616.77,17.73
Patna,09-12-2020,5,4272.46,25.48,75.4,0,27.9,599.31,698.68,40.53
Patna,10-12-2020,5,2376.56,0.48,53.47,8.94,9.66,384.07,432.73,7.79
Patna,11-12-2020,5,3845.22,23.69,81.57,0.01,24.8,524.36,598.24,35.97
Patna,12-12-2020,5,3177.64,14.75,60.32,0.02,14.78,497.33,585.66,20.27
Patna,13-12-2020,5,867.84,0,19.02,45.42,6.8,121.18,138.31,5
Patna,14-12-2020,5,807.76,0,17.31,59.37,7.51,94.57,109.37,5.95
Patna,15-12-2020,5,1134.87,0,24.68,70.81,14.78,160.77,183.34,22.55
Patna,16-12-2020,5,1161.58,0,26.73,50.07,13.59,150.74,174.3,12.92
Patna,17-12-2020,5,741.01,0,18.68,50.78,10.25,56.09,68.79,5.07
Patna,18-12-2020,5,680.92,0,16.62,77.96,12.88,77.53,91.31,20.01
Patna,19-12-2020,5,1108.17,0,22.96,74.39,11.92,175.98,198.72,9.5
Patna,20-12-2020,5,2029.42,0.41,50.04,10.82,12.28,271.03,310.75,11.15
Patna,21-12-2020,5,1895.9,0,32.56,44.35,9.3,335.96,369.62,7.66
Patna,22-12-2020,5,3097.53,16.99,60.32,0.06,15.26,409.67,475,21.53
Patna,23-12-2020,5,3685,22.8,74.03,0.01,19.07,507.6,578.64,28.12
Patna,24-12-2020,5,3417.97,11.29,65.8,0.1,20.27,527.12,597.22,30.15
Patna,25-12-2020,5,3044.13,13.86,55.52,0.16,10.01,444.35,505.23,11.15
Patna,26-12-2020,5,1361.85,0,25.02,65.8,13.83,273.81,298.78,10.01
Patna,27-12-2020,5,2243.04,1.82,47.98,2.82,9.3,308.58,355.18,13.55
Patna,28-12-2020,5,2883.91,27.94,45.24,0.01,7.27,346.09,396.28,8.61
Patna,29-12-2020,5,3524.78,32.63,61.69,0,10.49,385.79,448.43,11.4
Patna,30-12-2020,5,2216.34,2.15,47.3,4.6,8.58,311.87,359.67,7.98
Patna,31-12-2020,5,1668.93,0,32.9,35.76,10.37,283.64,318.49,5.07
Patna,01-01-2021,5,1922.61,1.1,47.3,5.32,10.13,232.92,282.54,12.16
Patna,02-01-2021,5,2029.42,0.04,48.67,21.1,11.8,264.04,311.62,15.71
Patna,03-01-2021,5,2029.42,0.99,50.72,4.78,10.49,265.06,309.03,18.24
Patna,04-01-2021,5,2670.29,0,56.89,35.05,16.45,410.41,459.96,20.27
Patna,05-01-2021,5,3417.97,0.36,94.59,10.82,34.81,551.9,636.77,54.21
Patna,06-01-2021,5,2349.85,0,39.07,52.93,13.23,478.07,517.73,7.35
Patna,07-01-2021,5,1321.79,0,26.39,40.77,9.06,217.08,236.9,5.76
Patna,08-01-2021,5,1455.31,0,31.87,37.91,9.42,181.95,209.48,5.64
Patna,09-01-2021,5,2563.48,27.72,36.67,0,9.89,251.53,318.72,11.78
Patna,10-01-2021,5,974.66,0,18.51,48.64,10.01,157.34,171.69,15.71
Patna,11-01-2021,5,814.44,0,12.85,73.67,8.35,104.26,116.97,7.16
Patna,12-01-2021,5,1842.5,1.48,46.61,3.76,11.92,204.87,259.95,19.51
Patna,13-01-2021,5,1308.44,0,28.79,52.21,11.44,190.98,219.93,9.5
Patna,14-01-2021,5,2830.51,11.29,62.38,0.23,20.5,350.62,411.28,26.6
Patna,15-01-2021,5,3044.13,13.97,73.34,0.14,17.64,408.98,474.33,24.83
Patna,16-01-2021,5,2002.72,0.04,45.93,27.18,10.61,316.65,352.56,6.9
Patna,17-01-2021,5,3150.94,0.01,78.83,24.68,58.17,436.4,482.1,100.32
Patna,18-01-2021,5,2723.69,0,54.15,32.19,15.74,413.57,454.58,12.41
Patna,19-01-2021,5,2990.72,1.12,63.75,4.74,12.16,483.38,544.9,12.29
Patna,20-01-2021,5,2216.34,0.01,39.76,28.25,9.06,427.57,472.78,7.6
Patna,21-01-2021,5,1214.98,0,17.65,94.41,14.66,272.4,292.93,5.89
Patna,22-01-2021,5,3124.24,34.87,54.84,0,15.97,370.43,449.98,20.27
Patna,23-01-2021,5,3524.78,7.04,101.45,0.3,29.09,518.97,609.56,33.44
Patna,24-01-2021,5,4005.43,14.53,85,0.06,12.99,607.19,674.67,12.79
Patna,25-01-2021,5,2510.07,0.51,50.04,7.69,17.41,495.89,563.34,34.96
Patna,26-01-2021,5,1682.28,0.02,33.93,25.03,8.7,257.44,306.36,7.66
Patna,27-01-2021,5,1054.76,0,25.36,51.5,10.01,157.1,182.54,7.03
Patna,28-01-2021,5,1976.01,10.95,29.82,0.08,15.5,269.22,315.85,23.31
Patna,29-01-2021,5,2082.82,0.02,54.84,26.11,18.6,297.51,352.64,24.83
Patna,30-01-2021,5,867.84,0,18.68,72.96,10.85,156.64,173.27,4.94
Patna,31-01-2021,5,1428.6,0.01,31.53,31.11,8.46,222.97,254.7,10.77
Patna,01-02-2021,5,1615.52,0.02,31.87,27.9,8.82,262.48,300.41,10.39
Patna,02-02-2021,5,1762.39,0.01,37.01,29.68,10.85,263.01,305.48,11.27
Patna,03-02-2021,5,2109.53,0.16,44.55,16.45,11.68,333.38,386.48,9.25
Patna,04-02-2021,5,2990.72,20.12,59.63,0.02,19.55,426.18,510.83,29.13
Patna,05-02-2021,5,2750.4,0.09,50.72,16.09,18.84,414.84,485.49,27.87
Patna,06-02-2021,4,574.11,0,12.85,72.96,12.04,40.39,51.37,12.92
Patna,07-02-2021,5,1188.28,0,21.59,45.06,8.35,111.09,129.52,6.71
Patna,08-02-2021,5,1201.63,0.05,30.16,23.6,8.23,133.18,164.46,10.39
Patna,09-02-2021,5,1295.09,0,27.42,55.08,10.37,169.77,197.03,8.11
Patna,10-02-2021,5,2590.18,7.71,48.67,0.45,12.99,363.38,428.55,16.21
Patna,11-02-2021,5,5020.14,15.2,116.53,0.04,65.8,572.34,652.33,108.42
Patna,12-02-2021,5,2056.12,0.01,38.39,31.83,10.01,376.88,428.13,9.25
Patna,13-02-2021,5,2029.42,0.01,40.44,25.03,10.13,365.64,414.15,7.41
Patna,14-02-2021,5,2136.23,1.1,50.04,4.43,15.02,360.61,420.44,28.37
Patna,15-02-2021,5,1789.09,0.05,38.73,20.21,8.11,304.77,343,9.63
Patna,16-02-2021,5,2002.72,0.38,46.61,10.19,11.56,263.94,309.96,11.15
Patna,17-02-2021,5,3177.64,18.33,57.58,0.01,15.5,352.89,418.38,29.64
Patna,18-02-2021,5,3578.19,2.32,85.68,2.35,24.08,480.56,559.32,27.87
Patna,19-02-2021,5,2616.88,0.79,47.3,8.32,17.17,456.53,530.17,20.01
Patna,20-02-2021,5,2269.75,0.03,52.09,21.64,11.33,310.62,360.09,15.96
Patna,21-02-2021,5,1895.9,0.91,48.67,8.85,9.06,207.21,244.49,13.43
Patna,22-02-2021,5,1348.5,0.01,29.82,32.9,9.66,213.29,244.62,13.68
Patna,23-02-2021,5,3257.75,21.23,62.38,0.01,30.99,343.22,412.07,51.68
Patna,24-02-2021,5,1575.47,0,30.85,50.78,13.47,298.21,337.52,12.16
Patna,25-02-2021,5,1201.63,0,27.08,60.8,15.74,163.09,190.28,24.83
Patna,26-02-2021,5,974.66,0,22.96,70.81,15.97,128.98,155.23,24.32
Patna,27-02-2021,5,961.3,0,25.02,65.8,16.69,105.29,130.57,24.57
Patna,28-02-2021,5,574.11,0,13.37,85.83,14.19,66.87,89.9,19
Patna,01-03-2021,5,1001.36,0,25.02,42.56,11.56,104.41,146.91,24.07
Patna,02-03-2021,5,1455.31,0.22,39.07,13.59,12.28,117.18,169.48,25.84
Patna,03-03-2021,5,921.25,0,23.99,64.37,16.93,76.99,98.89,22.29
Patna,04-03-2021,5,1401.9,0,33.93,36.84,13.83,131.93,166.03,24.32
Patna,05-03-2021,5,1148.22,0,24.33,80.11,18.6,137.51,164.48,22.8
Patna,06-03-2021,5,1922.61,0.26,48.67,10.19,15.74,175.5,244.56,29.13
Patna,07-03-2021,5,1976.01,7.49,43.53,0.26,15.02,169.3,217.89,26.85
Patna,08-03-2021,5,1214.98,0,19.02,90.84,20.27,153.6,175.67,24.32
Patna,09-03-2021,5,1335.14,0,28.45,55.79,17.17,144.35,179.54,22.04
Patna,10-03-2021,5,2269.75,0.22,52.09,10.1,14.66,242.94,320.38,23.81
Patna,11-03-2021,5,1708.98,0,35.64,35.05,16.21,207.02,278.29,23.56
Patna,12-03-2021,5,2483.37,0.02,47.3,20.39,16.45,292.4,366.08,19
Patna,13-03-2021,5,1348.5,0,25.71,55.79,16.93,185.57,232.53,24.07
Patna,14-03-2021,5,1949.31,7.49,44.55,0.21,10.01,144.86,187.55,14.44
Patna,15-03-2021,5,1161.58,0.01,30.16,25.39,10.73,91.03,118,24.07
Patna,16-03-2021,5,2483.37,7.6,60.32,0.16,17.17,208.91,278.32,35.97
Patna,17-03-2021,5,1815.8,1.79,45.93,2.64,14.19,186.36,307.92,28.63
Patna,18-03-2021,5,2349.85,13.52,51.41,0.04,15.5,205.95,325.13,32.17
Patna,19-03-2021,5,1789.09,0.69,43.53,6.17,14.19,201.5,314.69,27.36
Patna,20-03-2021,5,687.6,0,15.42,72.24,14.31,89.28,129.61,18.49
Patna,21-03-2021,5,934.6,0,19.02,55.08,11.09,88.4,108.8,20.52
Patna,22-03-2021,5,974.66,0,24.68,36.48,13.83,87.2,119.28,23.56
Patna,23-03-2021,5,2429.96,9.39,53.47,0.09,23.13,190.82,271.38,38.51
Patna,24-03-2021,5,1228.33,0,29.82,41.84,16.21,115.44,164.53,22.55
Patna,25-03-2021,5,767.71,0,16.97,82.25,17.64,78.69,97.98,19
Patna,26-03-2021,5,881.2,0,26.39,49.35,18.6,66.62,98.16,23.05
Patna,27-03-2021,5,1148.22,0,32.22,47.92,18.36,97.63,155.65,23.81
Patna,28-03-2021,5,1495.36,0,37.36,41.49,16.93,137.95,188.07,24.07
Patna,29-03-2021,5,1842.5,0,37.7,37.19,19.31,187.44,246.63,33.95
Patna,30-03-2021,5,3417.97,7.04,82.94,0.16,42.44,299.08,397.67,67.89
Patna,31-03-2021,5,1068.12,0,14.57,114.44,25.51,186.25,215.8,22.55
Patna,01-04-2021,5,1054.76,0,25.02,65.8,22.17,112.41,147.74,25.59
Patna,02-04-2021,5,801.09,0,19.71,100.14,25.27,63.95,80.91,23.05
Patna,03-04-2021,5,1508.71,0,42.16,32.54,24.08,119.88,163.5,27.87
Patna,04-04-2021,5,1148.22,0,28.79,45.42,16.69,77.61,110.93,23.31
Patna,05-04-2021,5,1615.52,0,44.55,28.25,28.61,98.3,138.63,36.48
Patna,06-04-2021,5,2109.53,0,38.04,70.81,30.28,198.22,240.86,33.95
Patna,07-04-2021,5,1348.5,0,25.02,75.82,31.47,159.22,197.27,28.37
Patna,08-04-2021,5,2296.45,0,49.35,27.9,27.66,237.3,311.36,35.47
Patna,09-04-2021,5,1401.9,0,29.13,70.81,28.13,168.82,215.4,28.88
Patna,10-04-2021,5,3150.94,0.61,91.85,4.34,60.08,265.42,346,48.13
Patna,11-04-2021,5,1121.52,0,22.28,64.37,24.56,143.21,182.65,24.32
Patna,12-04-2021,5,1588.82,0.88,45.24,4.16,22.41,100.61,158.18,27.36
Patna,13-04-2021,5,2136.23,2.85,57.58,1.05,32.9,150.4,247.34,38
Patna,14-04-2021,5,2029.42,0.26,57.58,9.74,34.33,136.14,220.27,35.97
Patna,15-04-2021,5,1214.98,0,17.31,120.16,30.99,169.3,209.9,26.85
Patna,16-04-2021,5,2029.42,0,34.96,80.82,25.51,263.04,322.81,33.95
Patna,17-04-2021,5,907.9,0,12.68,115.87,18.6,127.52,149.74,18.49
Patna,18-04-2021,5,1628.88,0,34.62,32.19,12.99,147.78,189.33,26.09
Patna,19-04-2021,5,787.74,0,16.11,92.98,15.02,60.7,79.35,20.01
Patna,20-04-2021,5,947.95,0,25.36,67.95,22.89,56.33,84.93,24.07
Patna,21-04-2021,5,2002.72,0.1,51.41,19.13,34.81,138.72,196.5,35.47
Patna,22-04-2021,5,1161.58,0,22.62,55.79,31.47,124.29,144.56,21.53
Patna,23-04-2021,5,1014.71,0,25.02,59.37,15.14,73.08,105.12,22.55
Patna,24-04-2021,5,1682.28,0.06,47.98,15.2,22.41,106.24,164.15,28.37
Patna,25-04-2021,5,1161.58,0,17.31,108.72,20.27,149.67,202.95,26.09
Patna,26-04-2021,5,1094.82,0,30.85,46.49,20.98,75.16,112.76,29.64
Patna,27-04-2021,5,2723.69,2.6,72.66,1.19,44.35,196.96,293.29,57.25
Patna,28-04-2021,5,2269.75,0.01,61.69,19.31,35.29,165.09,219.48,41.54
Patna,29-04-2021,5,807.76,0,10.37,131.61,19.55,122.72,141.76,16.21
Patna,30-04-2021,5,894.55,0,11.65,163.08,28.37,159.36,180.02,17.48
Patna,01-05-2021,5,1188.28,0,22.96,70.81,20.5,139.07,172.7,25.08
Patna,02-05-2021,5,754.36,0,10.45,103,14.07,69.38,79.8,15.33
Patna,03-05-2021,5,1375.2,0,25.36,52.21,17.17,146.79,185.37,27.36
Patna,04-05-2021,5,1134.87,0,16.28,95.84,22.17,149.65,170.67,15.83
Patna,05-05-2021,5,974.66,0,13.2,107.29,19.79,128.77,143.63,8.87
Patna,06-05-2021,5,907.9,0,11.82,114.44,24.56,118.49,127.66,5.64
Patna,07-05-2021,5,854.49,0,9.94,140.19,16.93,132.44,145.2,6.84
Patna,08-05-2021,5,1068.12,0,15.94,100.14,20.03,136.74,155.13,14.95
Patna,09-05-2021,5,807.76,0,12,114.44,17.88,99.87,112.84,11.4
Patna,10-05-2021,5,894.55,0,12.17,105.86,19.31,133.16,148.15,7.47
Patna,11-05-2021,5,2082.82,0,42.16,48.64,26.23,225.2,279.59,35.97
Patna,12-05-2021,5,1081.47,0,11.14,140.19,32.9,198.33,211.08,3.96
Patna,13-05-2021,5,1041.41,0,17.82,92.98,22.65,113.71,132.17,7.09
Patna,14-05-2021,5,1602.17,0,24.68,61.51,15.26,148.95,185.23,10.51
Patna,15-05-2021,5,2349.85,0.05,46.61,19.49,17.41,218.87,268.93,22.55
Patna,16-05-2021,5,1441.96,0,24.68,47.21,15.74,135.34,180.16,27.36
Patna,17-05-2021,5,2002.72,0,42.16,24.68,22.41,191.2,263.26,41.04
Patna,18-05-2021,5,1214.98,0,25.02,60.08,18.12,140.77,189.27,23.81
Patna,19-05-2021,5,1028.06,0,17.31,77.25,14.66,101.62,119.59,16.21
Patna,20-05-2021,5,1361.85,0.01,36.33,24.68,17.17,95.76,127.13,21.03
Patna,21-05-2021,5,1054.76,0,24.33,36.48,16.45,67.5,86.63,8.99
Patna,22-05-2021,5,2990.72,0,63.06,21.99,25.27,274.88,334.49,22.04
Patna,23-05-2021,5,1255.04,0,22.96,35.76,8.35,108.99,133.25,9.25
Patna,24-05-2021,5,1562.12,0.04,31.53,17.35,9.06,174.11,228.88,11.91
Patna,25-05-2021,5,1455.31,0,21.42,77.96,14.78,238.25,289.78,18.75
Patna,26-05-2021,4,867.84,0,19.54,21.99,14.42,37.31,47.44,5.07
Patna,27-05-2021,2,487.33,0,8.31,18.42,7.21,12.66,14.39,2.53
Patna,28-05-2021,2,440.6,0,10.28,50.78,16.21,12.64,13.3,0.85
Patna,29-05-2021,5,634.19,0,13.54,76.53,18.6,64.93,68.68,1.88
Patna,30-05-2021,5,634.19,0,12.51,52.21,9.66,69.73,79.57,4.37
Patna,31-05-2021,5,1321.79,0.02,22.28,18.42,9.54,124.46,150.37,9.12
Patna,01-06-2021,5,1108.17,0,19.36,60.8,14.19,91.76,112.76,7.54
Patna,02-06-2021,5,2002.72,0.11,41.47,11,18.6,156.27,213.29,16.97
Patna,03-06-2021,5,2403.26,0.18,47.98,9.57,15.97,252.5,323.24,19
Patna,04-06-2021,5,2990.72,4.19,65.12,0.43,18.6,290.1,387.82,20.77
Patna,05-06-2021,5,1482.01,0,31.53,31.47,12.76,174.14,227.72,15.2
Patna,06-06-2021,4,594.14,0,13.2,55.79,9.66,49.12,65.02,14.82
Patna,07-06-2021,4,614.17,0,13.2,54.36,9.06,33.61,43.64,15.07
Patna,08-06-2021,4,607.49,0,14.74,52.21,11.92,26.96,39.04,17.48
Patna,09-06-2021,5,2269.75,0.14,52.09,10.82,18.6,185.9,239.36,21.79
Patna,10-06-2021,5,1041.41,0,13.54,123.02,28.61,168.3,185.95,5.76
Patna,11-06-2021,5,934.6,0,15.25,88.69,22.41,97.29,109.63,5.45
Patna,12-06-2021,4,881.2,0,22.96,26.46,15.02,40.22,52.11,6.14
Patna,13-06-2021,2,440.6,0,10.88,36.84,11.8,15.87,17.36,1.87
Patna,14-06-2021,3,487.33,0,12.51,37.19,15.74,21.66,25.09,2.47
Patna,15-06-2021,3,547.41,0,16.28,33.26,16.93,21.92,24.03,2.12
Patna,16-06-2021,5,988.01,0,17.99,41.84,18.36,87.8,91.85,2.88
Patna,17-06-2021,4,714.3,0,13.2,62.23,12.16,47.33,51.72,3.86
Patna,18-06-2021,4,567.44,0,17.14,50.07,22.89,48.46,51.09,2.03
Patna,19-06-2021,4,727.65,0.13,27.76,7.33,19.31,41.97,43.22,1.31
Patna,20-06-2021,4,720.98,0.11,21.94,7.69,13.47,35.79,38.75,4.31
Patna,21-06-2021,4,807.76,0.03,21.08,15.2,12.76,47.99,56.36,6.52
Patna,22-06-2021,4,894.55,0.02,27.76,16.27,27.42,44.1,49.2,5.89
Patna,23-06-2021,5,707.63,0,16.45,52.21,14.66,66.94,72.18,3.93
Patna,24-06-2021,5,921.25,0,13.54,83.69,16.69,104.04,111.75,4.05
Patna,25-06-2021,5,1201.63,0,18.85,69.38,17.41,148.23,163.41,6.59
Patna,26-06-2021,5,1001.36,0,15.59,90.12,31.47,127.06,131.45,2.79
Patna,27-06-2021,5,707.63,0,12.34,60.08,13.11,64.62,67.33,2.63
Patna,28-06-2021,5,894.55,0,16.45,57.94,11.92,78.23,92.01,6.97
Patna,29-06-2021,5,1495.36,0,23.99,29.33,12.4,92.55,115.37,7.73
Patna,30-06-2021,5,1255.04,0.03,28.45,15.2,16.69,71.99,86.8,8.61
Patna,01-07-2021,5,894.55,0,17.99,48.64,15.14,95.53,120.24,5.76
Patna,02-07-2021,5,534.06,0,16.62,47.21,20.5,54.35,59.5,2.95
Patna,03-07-2021,4,460.63,0.03,21.94,13.77,16.93,36.42,43.38,3.9
Patna,04-07-2021,4,587.46,0.01,17.65,18.42,13.83,26.99,31.08,4.81
Patna,05-07-2021,5,867.84,0,22.62,32.19,17.88,64.36,75.67,7.35
Patna,06-07-2021,5,1094.82,0,22.96,57.94,25.03,121.38,130.92,4.12
Patna,07-07-2021,5,1201.63,0.24,29.82,8.14,14.54,101.28,124.89,9.12
Patna,08-07-2021,5,894.55,2.32,48.67,0.09,34.81,86.76,90.98,2.03
Patna,09-07-2021,4,727.65,0.01,20.05,22.89,18.6,39.74,43.26,2.95
Patna,10-07-2021,5,727.65,0,15.42,73.67,21.22,76.01,82.65,3.39
Patna,11-07-2021,4,534.06,0,19.36,20.74,17.17,27.42,34.63,5.7
Patna,12-07-2021,5,507.36,0,10.97,78.68,16.45,50.91,57.2,5.57
Patna,13-07-2021,4,507.36,0,12.17,56.51,11.09,44.55,53.51,4.94
Patna,14-07-2021,4,547.41,0,21.42,31.47,21.46,47.95,55.2,3.67
Patna,15-07-2021,5,554.09,0,15.42,54.36,16.21,51.95,61.71,5.7
Patna,16-07-2021,4,540.73,0,14.22,43.63,10.85,32.65,43.13,7.47
Patna,17-07-2021,5,1001.36,0,21.76,28.61,12.28,76.88,100.03,7.66
Patna,18-07-2021,5,934.6,0.01,21.42,18.42,13.47,78.1,85.13,4.12
Patna,19-07-2021,5,1188.28,0.21,27.08,6.71,14.54,72.26,85.9,9.12
Patna,20-07-2021,5,974.66,0,20.91,42.2,23.6,101.54,109.23,3.58
Patna,21-07-2021,5,1468.66,0.13,40.78,7.87,34.33,101.7,111.01,7.41
Patna,22-07-2021,5,1161.58,0.16,29.82,6.8,18.6,59.95,65.83,3.93
Patna,23-07-2021,4,700.95,0,17.99,38.98,15.26,33.62,40.74,5.19
Patna,24-07-2021,1,397.21,0,8.14,49.35,7.03,9.22,11.37,3.83
Patna,25-07-2021,4,473.98,0,11.82,45.42,11.09,35.3,40.54,2.95
Patna,26-07-2021,5,734.33,0,14.4,52.93,10.97,65.34,74.93,5.26
Patna,27-07-2021,5,1361.85,13.97,29.13,0,16.93,97.11,123.99,10.89
Patna,28-07-2021,5,1041.41,2.07,47.3,0.85,28.61,105.33,116.32,5.76
Patna,29-07-2021,4,667.57,0.01,16.45,21.64,10.61,31.53,40.63,5.51
Patna,30-07-2021,5,1428.6,6.65,39.41,0.13,32.9,67.36,87.45,27.87
Patna,31-07-2021,2,453.95,0,10.97,29.68,7.45,14.88,15.84,1.19
Patna,01-08-2021,4,574.11,0,18.51,21.46,14.07,45.74,49.51,2.15
Patna,02-08-2021,4,580.79,0,13.02,36.84,10.61,28.05,33.26,4.37
Patna,03-08-2021,5,934.6,2.43,43.18,0.15,26.46,88.89,98.8,4.62
Patna,04-08-2021,5,847.82,0.01,33.24,17.7,28.61,76,86.25,6.08
Patna,05-08-2021,5,1468.66,1.84,47.98,2.59,32.9,114.88,126.32,6.84
Patna,06-08-2021,5,2696.99,16.09,35.3,0.01,25.75,225.44,291.77,39.01
Patna,07-08-2021,5,1428.6,0,27.76,30.04,20.74,105.47,123.41,8.11
Patna,08-08-2021,5,1348.5,0,14.74,65.09,17.88,172.55,179.01,3.99
Patna,09-08-2021,5,680.92,0,14.91,47.92,17.17,50.18,54.5,5.13
Patna,10-08-2021,4,787.74,0.04,20.22,14.48,15.02,33.36,38.15,4.69
Patna,11-08-2021,4,1028.06,0.31,23.65,6.08,12.76,41.89,54.48,7.47
Patna,12-08-2021,4,1014.71,0.07,21.59,11.8,15.5,47.74,51.47,4.24
Patna,13-08-2021,5,907.9,0.01,21.59,20.03,12.16,61.03,68.39,4.69
Patna,14-08-2021,5,1348.5,0.57,30.5,4.16,11.21,74.28,100.27,7.66
Patna,15-08-2021,5,1562.12,1.82,29.82,1.83,12.28,91.59,115.16,10.77
Patna,16-08-2021,5,881.2,0,13.54,66.52,15.02,97.67,108.65,7.92
Patna,17-08-2021,5,1014.71,0.23,26.73,5.72,15.14,78.56,87.66,4.56
Patna,18-08-2021,5,687.6,0.05,33.24,12.16,26.46,67.21,70.76,2.44
Patna,19-08-2021,5,627.52,0,20.39,38.62,21.22,64.35,68.76,2.09
Patna,20-08-2021,5,640.87,0,19.19,34.69,18.36,71.03,79.4,3.52
Patna,21-08-2021,5,574.11,0,16.28,42.2,18.12,59.08,66.83,3.42
Patna,22-08-2021,5,680.92,0,19.02,27.9,12.28,52.65,66.23,6.02
Patna,23-08-2021,5,1081.47,0.01,20.91,17.35,10.13,85.97,103.43,6.71
Patna,24-08-2021,4,761.03,0.05,19.54,13.41,11.09,32.58,43.87,5.7
Patna,25-08-2021,4,674.25,0.01,16.79,23.25,10.85,38.27,45.28,4.5
Patna,26-08-2021,3,667.57,0.03,17.31,16.09,11.68,23.22,25.88,2.98
Patna,27-08-2021,5,1188.28,0.33,26.05,5.54,10.61,78.5,97.55,6.9
Patna,28-08-2021,5,1001.36,0.05,25.71,11.27,16.69,59.12,71.91,6.78
Patna,29-08-2021,4,640.87,0,14.57,19.31,11.92,29.95,36.1,3.48
Patna,30-08-2021,4,540.73,0,16.28,26.11,15.5,35.76,40.92,2.79
Patna,31-08-2021,4,540.73,0.21,28.79,6.62,20.74,38.12,46.14,3.58
Patna,01-09-2021,5,734.33,0,18.51,45.06,14.42,89.43,104.36,5.45
Patna,02-09-2021,5,1869.2,13.3,25.36,0.01,18.6,128.98,171.85,19
Patna,03-09-2021,5,1602.17,11.06,26.73,0,17.17,116.29,138.89,9.12
Patna,04-09-2021,5,2616.88,4.14,59.63,0.38,29.33,225.6,254.25,12.92
Patna,05-09-2021,5,2643.59,17.43,40.44,0.01,33.38,216.33,264.3,58.26
Patna,06-09-2021,5,1508.71,0,20.05,34.33,11.33,164.01,189.86,9.25
Patna,07-09-2021,4,700.95,0.01,17.99,19.67,14.54,31.63,35.31,3.61
Patna,08-09-2021,4,480.65,0.12,23.99,8.14,20.5,26.26,30.44,2.47
Patna,09-09-2021,5,680.92,0,20.22,36.84,15.26,53.48,62.28,4.43
Patna,10-09-2021,5,747.68,0,21.08,41.13,20.98,89.08,100.8,4.24
Patna,11-09-2021,5,1655.58,0.32,32.9,6.53,13.23,134.19,184.49,11.27
Patna,12-09-2021,4,921.25,0.22,21.76,5.81,10.13,43.97,60.26,6.71
Patna,13-09-2021,5,881.2,0,14.05,50.07,11.21,61.84,72.31,5.64
Patna,14-09-2021,2,343.8,0,10.63,31.83,13.23,11.17,13.77,2.34
Patna,15-09-2021,2,367.17,0.03,17.31,15.56,17.17,18.11,20.28,1.46
Patna,16-09-2021,4,507.36,0.03,20.56,15.02,14.31,27.92,29.99,1.77
Patna,17-09-2021,5,674.25,0.03,21.94,15.56,13.59,58.86,68.1,3.52
Patna,18-09-2021,5,894.55,1.4,30.5,0.77,14.66,64.75,76.93,4.88
Patna,19-09-2021,5,1188.28,0,18.51,33.98,13.47,156.55,173.34,8.61
Patna,20-09-2021,5,1508.71,0,17.48,70.81,17.17,227.54,247.59,6.52
Patna,21-09-2021,5,907.9,0,20.05,36.48,14.66,82.47,99.04,6.27
Patna,22-09-2021,4,534.06,0,18.34,45.78,27.42,48.05,54.44,3.23
Patna,23-09-2021,5,587.46,0,14.91,76.53,25.27,68.07,77.42,4.94
Patna,24-09-2021,4,574.11,0,19.88,28.25,16.21,37.31,46.31,4.12
Patna,25-09-2021,5,1295.09,0,23.99,46.49,15.74,165.58,193.33,5.45
Patna,26-09-2021,5,1148.22,0,18.34,36.12,10.61,144.37,167.11,6.27
Patna,27-09-2021,5,921.25,0,16.62,44.35,14.07,91.89,105.98,5.45
Patna,28-09-2021,5,934.6,0,13.2,87.26,23.37,132.82,144.47,3.48
Patna,29-09-2021,5,881.2,0,18.51,27.9,17.88,58.22,67.3,4.31
Patna,30-09-2021,2,427.25,0,12,24.68,10.49,18.69,21.64,2.69
Patna,01-10-2021,4,520.71,0.17,25.36,6.71,17.41,33.49,34.73,1.17
Patna,02-10-2021,4,720.98,0.25,28.45,5.9,19.07,48.4,51.24,2.12
Patna,03-10-2021,4,554.09,0,7.28,43.63,5.31,31.11,33.67,3.07
Patna,04-10-2021,5,1228.33,0,17.48,31.47,8.82,131.62,143.49,5.13
Patna,05-10-2021,5,1201.63,0,15.25,79.39,18.36,106.3,122.37,3.71
Patna,06-10-2021,5,1201.63,0,20.39,50.07,17.41,98.41,117.74,5.95
Patna,07-10-2021,5,4112.24,21.68,108.3,0.02,76.29,373.4,441.4,108.42
Patna,08-10-2021,5,2216.34,0.61,31.19,4.47,11.92,284.07,323.21,9.5
Patna,09-10-2021,5,2162.93,2.12,34.96,3.4,10.97,311.12,353.14,8.61
Patna,10-10-2021,5,1308.44,0,20.05,26.11,8.46,195.83,226.31,6.46
Patna,11-10-2021,5,2269.75,0.66,31.19,4.47,12.88,291.73,340.33,16.21
Patna,12-10-2021,5,1842.5,0.18,29.47,10.37,12.28,273.16,323.04,11.15
Patna,13-10-2021,5,1602.17,0,25.71,31.83,10.49,270.33,312.58,6.65
Patna,14-10-2021,5,1308.44,0,26.73,30.4,10.13,181.51,216.66,6.97
Patna,15-10-2021,5,1922.61,2.68,37.36,3.31,9.78,258.55,307.45,7.98
Patna,16-10-2021,5,3177.64,3.41,57.58,0.88,28.13,367.48,428.52,31.92
Patna,17-10-2021,5,934.6,0,14.91,45.78,10.85,86.83,96.15,6.27
Patna,18-10-2021,4,600.82,0,12.17,41.49,11.68,25.85,29.81,3.9
Patna,19-10-2021,3,567.44,0,16.11,22.53,16.69,21.03,22.9,2.03
Patna,20-10-2021,4,881.2,0.01,17.31,19.67,16.93,30.92,34.38,4.43
Patna,21-10-2021,5,907.9,0,16.11,59.37,11.92,102.51,118.58,6.08
Patna,22-10-2021,5,1041.41,0,21.76,40.05,11.21,101.18,125.59,9.25
Patna,23-10-2021,5,1976.01,3.74,35.3,0.86,12.52,210.22,277.86,14.82
Patna,24-10-2021,5,3070.83,23.47,54.15,0,44.82,341.01,479.21,90.18
Patna,25-10-2021,5,2590.18,3.3,65.12,0.63,30.52,349.66,462.91,65.86
Patna,26-10-2021,5,2723.69,9.05,39.41,0.24,19.79,379.16,450.49,20.77
Patna,27-10-2021,5,2056.12,10.62,34.27,0.13,10.85,216.21,274.35,9.75
Patna,28-10-2021,5,1468.66,0,26.73,34.69,10.37,191.25,231.07,8.04
Patna,29-10-2021,5,1976.01,1.3,40.78,3.89,11.44,198.99,257.41,13.68
Patna,30-10-2021,5,1361.85,0,32.22,30.04,11.56,133.82,166.65,13.68
Patna,31-10-2021,5,827.79,0,15.59,77.25,10.97,107.57,122.76,17.23
Patna,01-11-2021,5,1321.79,0.29,31.19,9.48,9.06,124.65,153.36,10.26
Patna,02-11-2021,5,3417.97,2.43,94.59,1.81,59.6,286.44,348.12,78.02
Patna,03-11-2021,5,2883.91,0.37,75.4,8.67,25.51,302.36,381.68,40.53
Patna,04-11-2021,5,2590.18,11.96,51.41,0.12,14.9,257.17,323.86,20.27
Patna,05-11-2021,5,3070.83,33.53,43.18,0,15.74,278.95,344.77,19
Patna,06-11-2021,5,1842.5,0.41,44.55,8.14,10.13,264.93,313.54,9.75
Patna,07-11-2021,5,1535.42,0.24,33.59,10.73,7.75,181.81,224.13,11.4
Patna,08-11-2021,5,2723.69,12.29,50.72,0.08,15.02,295.59,353.78,24.83
Patna,09-11-2021,5,3738.4,25.03,61.01,0,28.85,453.18,543.81,43.06
Patna,10-11-2021,5,3738.4,7.38,94.59,0.27,25.27,482.57,565.62,40.02
Patna,11-11-2021,5,4859.92,5.64,128.87,0.4,61.99,596.29,680.75,58.26
Patna,12-11-2021,5,4165.65,1.05,127.49,4.52,78.2,542.06,635.75,103.35
Patna,13-11-2021,5,2910.61,7.38,73.34,0.4,17.64,354.49,438.63,26.09
Patna,14-11-2021,5,2883.91,0.03,63.75,17.88,20.27,437.82,496.31,20.52
Patna,15-11-2021,5,1682.28,0,28.79,55.07,15.26,221.77,253.69,10.13
Patna,16-11-2021,5,3124.24,21.46,56.89,0.02,15.14,332.89,404.02,20.77
Patna,17-11-2021,5,4486.08,23.25,101.45,0.01,41.01,512.91,590.55,33.94
Patna,18-11-2021,5,3845.21,10.62,109.67,0.14,31.47,468.49,560.03,52.69
Patna,19-11-2021,5,3524.78,24.36,73.34,0.01,29.8,472.65,551.31,48.13
Patna,20-11-2021,5,4219.06,62.58,52.09,0,19.79,485.01,579.47,26.85
Patna,21-11-2021,5,1668.93,0.05,37.01,20.92,9.18,273.38,308.52,9.37
Patna,22-11-2021,5,1054.76,0,22.62,47.21,8.82,137.91,156.09,11.65
Patna,23-11-2021,5,1308.44,0,21.25,87.26,16.45,237.69,262.78,19.76
Patna,24-11-2021,5,2002.72,0.44,50.72,9.12,12.99,230.85,281.73,20.52
Patna,25-11-2021,5,3952.03,0.02,93.22,19.49,34.33,550.7,631.7,43.57
Patna,26-11-2021,5,4646.3,10.95,104.19,0.23,25.03,623.17,703.39,30.91
Patna,27-11-2021,5,4592.9,8.72,117.9,0.28,43.39,607.12,700.73,67.89
Patna,28-11-2021,5,2964.02,8.94,65.8,0.23,14.9,319.63,385.81,20.27
Patna,29-11-2021,5,2670.29,14.53,52.09,0.03,11.68,280.77,345.27,12.92
Patna,30-11-2021,5,3311.16,14.31,62.38,0.21,12.16,517.07,583.2,13.81
Patna,01-12-2021,5,2162.93,0.14,47.3,14.31,10.25,317.5,376.1,12.79
Patna,02-12-2021,5,2964.02,31.74,46.61,0,13.35,315.55,396.14,20.01
Patna,03-12-2021,5,3311.16,17.43,62.38,0.04,12.87,397.08,468.09,10.39
Patna,04-12-2021,5,3124.24,0,43.18,51.5,10.73,617.19,687.28,7.03
Patna,05-12-2021,5,2296.45,0,28.79,52.21,9.18,500.15,542.64,6.84
Patna,06-12-2021,5,1949.31,1.22,42.16,3.8,9.06,201.2,243.63,11.53
Patna,07-12-2021,5,2643.59,18.55,47.3,0.01,16.45,238.92,315.31,22.04
Patna,08-12-2021,5,1241.68,0.02,33.93,21.46,10.13,91.9,119.37,15.07
Patna,09-12-2021,5,2136.23,0.7,53.47,11.8,10.25,217.81,269.6,11.4
Patna,10-12-2021,5,1602.17,0.01,45.24,28.97,10.61,129.34,163.05,15.33
Patna,11-12-2021,5,1388.55,0,34.96,30.4,10.73,156.37,186.67,12.41
Patna,12-12-2021,5,1789.09,0.53,45.24,7.96,10.73,234.89,277.13,16.47
Patna,13-12-2021,5,2696.99,4.08,87.74,1.11,41.48,307.72,375.12,98.29
Patna,14-12-2021,5,3097.53,18.33,61.01,0.02,17.17,377.06,447.22,26.09
Patna,15-12-2021,5,1548.77,0.01,39.07,30.76,10.37,187.19,224.09,11.65
Patna,16-12-2021,5,1922.61,0.03,49.35,21.1,9.66,217.23,252.24,10.01
Patna,17-12-2021,5,1535.42,0.14,42.84,13.95,9.18,143.01,179,8.99
Patna,18-12-2021,5,1108.17,0,23.99,67.95,12.99,140.96,162.69,17.99
Patna,19-12-2021,5,687.6,0,14.05,83.68,11.09,80.21,91.37,19
Patna,20-12-2021,5,1094.82,0,21.42,64.37,9.06,133.97,152.75,12.54
Patna,21-12-2021,5,1682.28,0,32.22,45.06,10.25,262.08,295.24,6.27
Patna,22-12-2021,5,1401.9,0,25.36,65.8,10.01,193.93,219.59,11.4
Patna,23-12-2021,5,2082.82,0.01,45.24,27.54,10.49,346.2,390.11,10.01
Patna,24-12-2021,5,3952.03,48.28,71.29,0,32.42,419.78,498.14,49.14
Patna,25-12-2021,5,2910.61,0.27,61.01,11.35,13.71,420.05,486.24,13.05
Patna,26-12-2021,5,1108.17,0,20.91,52.93,8.82,143.49,161.2,7.03
Patna,27-12-2021,5,1976.01,7.82,37.01,0.12,9.06,170.52,221.31,14.44
Patna,28-12-2021,5,2056.12,0.03,43.87,24.68,12.52,213.97,251.28,7.41
Patna,29-12-2021,5,1041.41,0,18.85,63.66,22.89,155.01,159.98,2.88
Patna,30-12-2021,4,587.46,0,17.14,42.56,14.19,28.74,33.05,3.55
Patna,31-12-2021,5,1695.63,0.12,31.87,16.27,8.46,129.58,159.38,7.03
Patna,01-01-2022,5,1922.61,0.1,42.16,15.38,8.82,184.33,219.27,7.73
Patna,02-01-2022,5,1602.17,0.02,29.13,23.6,7.45,278.09,312.21,8.23
Patna,03-01-2022,5,1535.42,0.03,28.79,22.53,7.51,231.8,263.99,7.79
Patna,04-01-2022,5,1562.12,0,29.47,47.21,10.25,290.81,321.12,5.26
Patna,05-01-2022,5,4486.08,31.29,61.01,0,12.04,566.45,641.95,10.26
Patna,06-01-2022,5,3791.81,4.86,55.52,0.91,12.64,674.92,728.08,13.81
Patna,07-01-2022,5,1895.9,0,23.31,60.8,12.76,407.36,428.57,4.05
Patna,08-01-2022,5,2002.72,18.33,32.9,0,9.89,159.01,178.57,9.25
Patna,09-01-2022,5,1668.93,0.22,32.22,12.16,7.75,224.76,257.82,7.73
Patna,10-01-2022,5,1161.58,0,21.59,35.76,8.82,136.74,148.98,5.57
Patna,11-01-2022,5,3070.83,17.88,54.15,0.03,24.56,326.33,411.08,34.96
Patna,12-01-2022,5,2349.85,11.51,40.78,0.02,9.66,226.99,252.37,9.12
Patna,13-01-2022,5,1081.47,0.01,25.02,30.04,11.21,93.07,107.74,6.4
Patna,14-01-2022,5,1922.61,0.59,38.04,7.87,10.85,258.78,308.61,12.92
Patna,15-01-2022,5,2109.53,2.96,57.58,4.29,11.68,248.36,293.06,10.64
Patna,16-01-2022,5,1161.58,0,20.73,47.92,8.23,189.87,211.53,4.94
Patna,17-01-2022,5,1134.87,0,21.08,51.5,7.87,201.89,224.48,5.89
Patna,18-01-2022,5,1682.28,0.03,34.96,24.68,8.58,260.27,298.92,7.03
Patna,19-01-2022,5,1602.17,0,29.47,41.13,8.82,316.08,348.68,5.32
Patna,20-01-2022,5,1588.82,0,23.99,52.93,9.89,364.92,394.51,4.94
Patna,21-01-2022,5,2750.4,3.97,58.26,1.4,14.54,457.64,517.25,15.83
Patna,22-01-2022,5,3417.97,0.1,65.8,13.95,24.8,656.27,740.14,36.48
Patna,23-01-2022,5,1762.39,0,25.7,30.76,8.58,291.21,321.56,8.87
Patna,24-01-2022,5,754.36,0.01,16.11,32.19,14.66,57.14,61.16,3.45
Patna,25-01-2022,5,1668.93,5.81,37.36,0.71,13.35,137.44,147.34,5.76
Patna,26-01-2022,5,1281.74,0,22.62,45.78,10.73,157.04,178.56,6.08
Patna,27-01-2022,5,1094.82,0,27.76,38.62,9.06,108.5,133.66,9.75
Patna,28-01-2022,5,961.3,0,17.48,76.53,12.76,118.49,133.69,12.16
Patna,29-01-2022,5,1134.87,0,28.1,37.91,8.94,121.07,147.67,7.35
Patna,30-01-2022,5,847.82,0,18.16,58.65,8.82,124.28,142,6.97
Patna,31-01-2022,5,2216.34,7.49,42.16,0.25,14.07,262.66,319.39,22.04
Patna,01-02-2022,5,2777.1,23.47,43.87,0.01,18.6,366.27,447.18,28.88
Patna,02-02-2022,5,1815.8,0.16,41.47,15.2,12.76,280.67,339.45,15.2
Patna,03-02-2022,5,2376.56,0,37.36,46.49,14.9,436.34,490.4,7.28
Patna,04-02-2022,5,720.98,0,7.63,133.04,16.93,118.24,120.33,2.22
Patna,05-02-2022,5,1762.39,7.15,35.64,0.32,17.88,119.13,136.6,13.05
Patna,06-02-2022,5,1081.47,0.03,22.28,22.71,6.97,62.73,80.2,5.89
Patna,07-02-2022,5,1976.01,6.59,34.96,0.41,8.94,192.8,238.13,12.41
Patna,08-02-2022,5,2643.59,15.42,45.93,0.07,16.69,284.68,349.31,23.31
Patna,09-02-2022,5,3097.53,9.16,52.78,0.35,14.54,366.55,461.37,17.99
Patna,10-02-2022,5,2216.34,0.65,39.07,6.97,14.66,290.03,330.47,14.44
Patna,11-02-2022,5,700.95,0,15.59,76.53,11.21,68.5,81.92,9.12
Patna,12-02-2022,5,827.79,0,15.25,98.71,14.19,96.83,111.75,18.75
Patna,13-02-2022,5,2082.82,10.06,38.39,0.42,9.66,263.83,312.85,9.63
Patna,14-02-2022,5,1762.39,0.01,32.56,29.33,9.06,248.28,287.88,10.51
Patna,15-02-2022,5,2162.93,0,52.09,30.04,26.23,269.39,324.29,31.16
Patna,16-02-2022,5,1535.42,0.02,32.9,25.75,9.78,196.99,234.5,8.61
Patna,17-02-2022,5,1228.33,0,25.36,60.8,15.5,220,248.1,6.21
Patna,18-02-2022,5,1174.93,0,22.96,77.96,15.97,210.85,238.42,16.97
Patna,19-02-2022,5,1228.33,0,25.7,73.67,15.5,204.48,235.19,14.44
Patna,20-02-2022,5,660.9,0,14.05,91.55,15.02,79.77,96.51,17.23
Patna,21-02-2022,5,1188.28,0.18,28.1,17.34,12.64,105.73,130.07,23.81
Patna,22-02-2022,5,1615.52,0.04,43.18,23.96,14.54,150.76,192.9,27.11
Patna,23-02-2022,5,1495.36,0,27.08,72.96,15.97,198.23,226.8,11.4
Patna,24-02-2022,5,1241.68,0,22.28,95.84,17.88,167.11,191.45,13.05
Patna,25-02-2022,5,3284.45,1.05,71.29,4.38,40.53,463.57,543.15,55.73
Patna,26-02-2022,5,2803.8,7.26,50.04,0.34,15.74,280.18,348.37,13.43
Patna,27-02-2022,5,1842.5,0,32.9,37.55,9.78,195.85,228.97,8.61
Patna,28-02-2022,5,3204.35,32.19,55.52,0,14.19,254.08,316.31,20.77
Patna,01-03-2022,5,1161.58,0,30.85,42.56,11.32,108.07,140.98,14.95
Patna,02-03-2022,5,1602.17,0.01,34.27,25.03,11.56,151.47,190.46,9.75
Patna,03-03-2022,5,2162.93,0.4,47.98,9.03,13.47,248.84,303.3,15.83
Patna,04-03-2022,5,1468.66,0.01,31.19,25.75,11.09,163.37,205.75,15.71
Patna,05-03-2022,5,1308.44,0.02,33.24,21.46,10.97,107.96,143.68,24.32
Patna,06-03-2022,5,1081.47,0,23.31,51.5,9.42,118.9,143.18,17.48
Patna,07-03-2022,5,2243.04,0.36,67.86,8.14,23.13,208.28,266.04,59.28
Patna,08-03-2022,5,1615.52,0.03,34.96,20.92,10.85,146.57,187.09,14.19
Patna,09-03-2022,5,1308.44,0,32.56,31.47,11.09,118.99,151.72,21.79
Patna,10-03-2022,5,2349.85,1.72,58.26,2.84,15.74,233.55,290.59,29.64
Patna,11-03-2022,5,2269.74,2.68,56.21,1.79,14.42,223.23,280.1,30.91
Patna,12-03-2022,5,1188.28,0,26.05,57.94,13.59,130.09,160.59,22.8
Patna,13-03-2022,5,1508.71,0.1,33.59,14.84,8.7,146.63,185.13,15.58
Patna,14-03-2022,5,1361.85,0.04,32.9,19.67,10.49,122.49,159.6,20.27
Patna,15-03-2022,5,2376.56,5.81,54.84,0.53,14.78,228.49,309.78,24.57
Patna,16-03-2022,5,2857.21,12.96,55.52,0.05,14.54,275.5,362.63,25.59
Patna,17-03-2022,5,1735.69,0,26.73,82.97,20.74,238.3,278.32,25.59
Patna,18-03-2022,5,2056.12,0,32.56,50.07,15.26,236.83,286.93,16.09
Patna,19-03-2022,5,1869.2,0,28.45,80.82,18.12,293.09,348.01,21.79
Patna,20-03-2022,5,1922.61,0,31.87,43.99,13.59,337.75,403.14,20.01
Patna,21-03-2022,5,1815.8,0.05,38.73,14.48,11.09,236.09,291.35,20.52
Patna,22-03-2022,5,2136.23,0.02,51.41,19.31,22.41,222.07,270.33,29.64
Patna,23-03-2022,5,2750.4,1.54,58.95,2.68,21.46,326.74,408.74,35.97
Patna,24-03-2022,5,2082.82,0.57,52.09,6.35,21.7,201.19,272.31,31.41
Patna,25-03-2022,5,1308.44,0,31.87,42.2,17.88,137.35,182.18,25.08
Patna,26-03-2022,5,1281.74,0,32.9,40.41,20.74,124.94,176.58,25.84
Patna,27-03-2022,5,834.47,0,22.62,54.36,15.14,64.88,91.6,22.55
Patna,28-03-2022,5,2883.91,13.19,62.38,0.02,32.9,233.44,302.35,43.06
Patna,29-03-2022,5,2216.34,0,37.7,32.19,15.5,282.11,344.25,23.31
Patna,30-03-2022,5,814.44,0,15.08,71.53,16.21,69.76,86.6,16.72
Patna,31-03-2022,5,794.41,0,16.28,64.37,17.17,70.46,90.35,17.99
Patna,01-04-2022,5,1054.76,0,20.39,61.51,18.6,88.54,111.72,13.17
Patna,02-04-2022,5,921.25,0,11.82,124.45,19.31,123.03,149.56,15.07
Patna,03-04-2022,2,580.79,0,11.82,38.62,10.25,19.94,27.01,7.09
Patna,04-04-2022,5,1348.5,0,25.02,35.76,10.61,121.61,159.32,11.91
Patna,05-04-2022,5,2243.04,0,40.78,34.33,17.88,262.71,326.37,29.13
Patna,06-04-2022,5,1949.31,0,25.02,85.12,19.07,284.07,335.63,16.97
Patna,07-04-2022,5,1535.42,0,18.68,98.71,22.17,237.1,271.28,16.97
Patna,08-04-2022,5,894.55,0,18.51,73.67,19.31,85.24,107.47,16.47
Patna,09-04-2022,5,867.84,0,16.28,72.24,17.88,88.61,109.43,14.31
Patna,10-04-2022,5,654.22,0,9.17,83.68,11.44,51.54,62.32,13.43
Patna,11-04-2022,3,640.87,0,12.34,40.77,11.56,20.67,28.93,10.89
Patna,12-04-2022,5,767.71,0,14.91,61.51,15.26,50.53,66.24,17.48
Patna,13-04-2022,4,714.3,0,13.54,65.09,14.42,40.76,52.88,13.81
Patna,14-04-2022,5,1401.9,0,26.05,80.82,17.17,134.33,166.31,14.44
Patna,15-04-2022,5,1708.98,0,43.53,38.98,19.55,161.2,206.55,27.36
Patna,16-04-2022,5,2403.26,4.92,62.38,0.33,25.03,198.13,288.02,35.97
Patna,17-04-2022,5,2189.64,0.01,52.09,18.6,28.37,175.8,242.27,34.96
Patna,18-04-2022,5,2323.15,0,45.93,45.06,29.56,256.61,322.91,43.06
Patna,19-04-2022,5,881.2,0,15.59,91.55,19.55,103.59,128.07,21.28
Patna,20-04-2022,5,841.14,0,15.25,88.69,20.03,85.66,103.64,10.01
Patna,21-04-2022,2,607.49,0,11.31,65.09,12.76,19.67,27.38,13.17
Patna,22-04-2022,5,921.25,0,16.96,105.86,24.08,95.18,122.52,19.51
Patna,23-04-2022,5,2456.67,0.07,58.26,12.34,24.08,201.25,267.94,41.04
Patna,24-04-2022,5,1041.41,0,25.7,47.21,16.93,89.63,142.73,24.57
Patna,25-04-2022,5,774.38,0,19.54,72.96,16.93,65.09,99.97,22.29
Patna,26-04-2022,5,3631.59,12.96,85.68,0.03,50.07,255.46,360.11,52.18
Patna,27-04-2022,5,3097.53,0,54.15,56.51,37.67,414.25,496.28,51.17
Patna,28-04-2022,5,1548.77,0,16.11,117.3,21.46,238.34,280.15,25.59
Patna,29-04-2022,5,907.9,0,15.77,83.68,18.84,95.06,120.8,19
Patna,30-04-2022,5,854.49,0,13.37,82.25,15.5,69.96,81.75,6.65
Patna,01-05-2022,3,600.81,0,6.17,71.53,7.33,20.58,26.82,9.5
Patna,02-05-2022,4,707.63,0,10.97,78.68,13.35,47.81,58.41,16.21
Patna,03-05-2022,5,921.25,0,16.79,62.23,14.66,68.83,81.27,7.28
Patna,04-05-2022,5,700.95,0,10.88,114.44,22.17,71.82,81.98,11.27
Patna,05-05-2022,4,654.22,0,12.68,72.96,14.54,28.04,37.97,13.93
Patna,06-05-2022,5,1041.41,0,20.56,65.09,16.93,63.46,84.38,17.48
Patna,07-05-2022,5,1001.36,0,17.82,55.07,16.21,55.54,69.86,12.92
Patna,08-05-2022,5,1108.17,0,15.08,94.41,16.45,151.08,172.88,14.06
Patna,09-05-2022,5,787.73,0,8.74,125.89,17.64,112.47,123.02,12.29
Patna,10-05-2022,5,640.87,0,9.6,114.44,21.46,58.66,66.9,9.88
Patna,11-05-2022,5,754.36,0,12.17,105.86,20.5,58.23,68.66,12.03
Patna,12-05-2022,5,921.25,0,18.34,79.39,14.54,81.49,99.52,7.98
Patna,13-05-2022,5,1041.41,0,18.51,77.96,19.31,90.98,113.54,12.03
Patna,14-05-2022,5,794.41,0,10.2,121.59,20.5,98.85,110.9,11.15
Patna,15-05-2022,5,714.3,0,9.51,87.98,13.47,62.33,73.76,8.11
Patna,16-05-2022,5,574.11,0,8.65,92.98,12.99,55.43,68.39,11.91
Patna,17-05-2022,3,587.46,0,13.19,36.12,12.64,21.44,30.1,10.01
Patna,18-05-2022,5,1335.14,0,22.28,73.67,18.36,149.56,184.36,22.29
Patna,19-05-2022,5,807.76,0,11.65,115.87,16.45,107.57,129.1,6.08
Patna,20-05-2022,5,821.11,0,11.31,114.44,18.6,126.71,144.87,7.98
Patna,21-05-2022,5,674.25,0,11.31,90.12,17.4,60.67,74.34,11.27
Patna,22-05-2022,3,540.73,0,10.97,52.93,12.04,22.69,33.14,10.01
Patna,23-05-2022,5,847.82,0,14.91,78.68,13.47,82.91,105,14.82
Patna,24-05-2022,5,1041.41,0,16.45,85.83,17.4,132.77,153.29,8.36
Patna,25-05-2022,5,2082.82,0,43.53,25.39,18.36,164.8,221.13,19.51
Patna,26-05-2022,5,2670.29,0,67.86,35.05,54.84,218.46,268.63,71.94
Patna,27-05-2022,5,1708.98,0,37.01,31.47,13.71,144.81,184.18,13.3
Patna,28-05-2022,5,2510.07,0.09,52.78,11.35,16.93,210.74,274.42,28.37
Patna,29-05-2022,5,1388.55,0,14.74,104.43,18.36,225.87,256.47,15.58
Patna,30-05-2022,5,1001.36,0,13.02,77.96,16.93,118.84,131.23,7.98
Patna,31-05-2022,5,1041.41,0,19.54,54.36,15.74,68.41,85.05,8.36
Patna,01-06-2022,5,934.6,0,14.22,95.84,18.36,82.95,97.8,13.05
Patna,02-06-2022,5,814.44,0,10.11,138.76,18.6,121.68,136.6,11.78
Patna,03-06-2022,5,894.55,0,15.25,80.82,19.55,73.3,91.31,12.92
Patna,04-06-2022,5,854.49,0,12,98.71,18.12,81.27,99.6,13.68
Patna,05-06-2022,4,600.81,0,10.54,53.64,10.73,37.21,50.74,8.36
Patna,06-06-2022,5,594.14,0,10.28,87.98,12.64,51.37,63.72,13.68
Patna,07-06-2022,4,600.81,0,14.57,39.7,14.42,36.5,51.61,9.37
Patna,08-06-2022,4,640.87,0,13.71,50.78,14.9,38.53,52.82,10.01
Patna,09-06-2022,3,567.44,0,10.71,45.78,10.73,20.03,25.57,7.98
Patna,10-06-2022,4,654.22,0,13.71,52.21,15.5,47.7,72.73,7.41
Patna,11-06-2022,5,720.98,0,11.14,98.71,15.5,79.38,98.23,11.15
Patna,12-06-2022,4,674.25,0,11.48,56.51,11.68,46.12,62.52,10.13
Patna,13-06-2022,5,694.27,0,12.34,65.09,13.23,52.53,76.77,12.03
Patna,14-06-2022,5,881.2,0,15.08,91.55,19.55,131.66,196.59,20.27
Patna,15-06-2022,5,761.03,0,13.19,73.67,16.21,51.41,65.22,14.19
Patna,16-06-2022,5,1281.74,0,33.93,36.48,19.79,81.89,121.4,25.33
Patna,17-06-2022,4,480.65,0,10.62,60.08,14.9,31.56,37.75,10.64
Patna,18-06-2022,5,587.46,0,25.7,35.76,36.72,53,61.29,6.21
Patna,19-06-2022,4,473.98,0,10.8,72.24,20.03,49.21,54.81,5.51
Patna,20-06-2022,4,410.56,0,12.17,62.23,24.08,33.11,37.65,6.21
Patna,21-06-2022,5,2403.26,8.72,46.61,0.06,22.41,155.66,223.66,29.89
Patna,22-06-2022,5,1308.44,0,25.36,38.98,16.69,93.2,124.87,12.29
Patna,23-06-2022,5,1161.58,0.01,29.47,19.49,16.21,79.18,100.84,9.63
Patna,24-06-2022,5,1201.63,0,14.22,115.87,24.08,161.85,175.24,6.27
Patna,25-06-2022,5,867.84,0,10.8,137.33,25.03,129.38,134.78,3.51
Patna,26-06-2022,4,580.79,0,11.14,87.98,15.97,43.86,47.43,3.39
Patna,27-06-2022,4,554.08,0,13.54,50.07,14.19,27.95,34.72,6.97
Patna,28-06-2022,5,774.38,0,23.31,24.32,20.03,55.83,61.59,3.83
Patna,29-06-2022,4,694.27,0,16.28,43.99,12.16,48.44,58.47,4.81
Patna,30-06-2022,5,827.79,0,18.68,33.26,14.31,58.1,61.56,3.36
Patna,01-07-2022,5,1241.68,0.11,35.3,10.19,16.93,80.85,99.05,6.21
Patna,02-07-2022,5,961.3,0,13.88,90.12,30.04,154.12,163.49,3.39
Patna,03-07-2022,4,787.73,0,16.62,42.92,10.85,42.92,52.47,5.64
Patna,04-07-2022,5,627.52,0,12,77.96,15.26,57.33,63.75,4.88
Patna,05-07-2022,5,774.38,0,11.14,100.14,14.42,80.31,91.39,8.61
Patna,06-07-2022,4,580.79,0,14.05,80.11,21.7,44.48,55.27,10.77
Patna,07-07-2022,4,480.65,0,9.6,62.94,10.49,25.5,30.98,5.45
Patna,08-07-2022,5,761.03,0,19.19,52.21,13.11,59.88,78.13,14.31
Patna,09-07-2022,4,514.03,0,13.02,67.95,14.42,37.7,45.22,8.49
Patna,10-07-2022,4,480.65,0,11.48,77.25,13.83,36.37,46.09,12.79
Patna,11-07-2022,3,447.27,0,12.51,67.23,14.66,24.64,32.48,12.03
Patna,12-07-2022,3,433.92,0,12.85,63.66,21.7,23.02,29.65,9.5
Patna,13-07-2022,4,433.92,0,10.37,98.71,15.74,32.95,40.53,10.01
Patna,14-07-2022,4,507.35,0,12.17,77.25,17.17,32.29,39.73,9.12
Patna,15-07-2022,4,500.68,0,13.71,82.25,17.88,30.82,38.79,9.75
Patna,16-07-2022,3,567.44,0,17.82,44.7,14.66,21.15,32.84,14.31
Patna,17-07-2022,2,357.15,0,8.4,65.09,9.89,14.95,20.01,9.63
Patna,18-07-2022,4,410.56,0,5.36,120.16,16.21,39.63,43.45,5.26
Patna,19-07-2022,4,514.03,0,10.97,76.53,23.37,32.1,37.7,7.47
Patna,20-07-2022,5,801.09,0,16.28,92.98,27.42,68.65,75.99,6.52
Patna,22-07-2022,4,607.49,0.03,17.65,18.78,16.45,32.16,34.4,2.31
Patna,23-07-2022,4,587.46,0,16.96,40.77,16.45,26.6,30.45,3.17
Patna,24-07-2022,2,460.62,0,15.25,27.89,13.23,15.51,20.58,5.95
Patna,25-07-2022,4,487.33,0,12.51,41.48,14.07,29.69,33.62,3.61
Patna,26-07-2022,4,594.14,0,16.62,43.99,16.69,34.45,42.86,5.57
Patna,27-07-2022,5,700.95,0,22.96,24.68,18.12,55.77,64.1,4.62
Patna,28-07-2022,5,1174.93,0,31.53,47.21,32.9,106.23,122.77,9.12
Patna,29-07-2022,5,2243.04,8.49,54.84,0.04,30.99,158.67,213.62,36.48
Patna,30-07-2022,5,1081.47,0.24,36.33,5.68,24.8,74.19,86.76,7.73
Patna,31-07-2022,4,594.14,0,12.85,34.69,9.66,28.74,31.77,4.05
Patna,01-08-2022,4,827.79,0.01,21.42,19.49,14.54,32.9,39.77,6.33
Patna,02-08-2022,5,1949.31,5.76,43.18,0.27,18.36,118.96,159.97,12.92
Patna,03-08-2022,5,1535.42,0.03,27.08,16.09,14.19,135.69,163.65,10.51
Patna,04-08-2022,5,1295.09,11.85,46.61,0,22.17,110.07,119.73,3.83
Patna,05-08-2022,5,881.2,0.25,35.3,5.9,20.5,61.9,74.72,4.88
Patna,06-08-2022,5,907.9,0,12.68,123.02,15.02,109.32,116.9,4.05
Patna,07-08-2022,5,794.41,0,22.28,24.32,13.47,59.79,67.61,4.43
Patna,08-08-2022,4,560.76,0,14.22,50.07,12.28,42.09,50.49,5.38
Patna,09-08-2022,3,473.98,0,9.85,62.23,10.01,22.48,25.89,3.83
Patna,10-08-2022,2,330.45,0,9.08,55.07,14.54,12.17,15.77,5.7
Patna,11-08-2022,1,337.12,0,7.97,50.78,11.21,7.17,9.78,5
Patna,12-08-2022,4,534.06,0.02,20.91,18.24,14.07,31.9,38.24,4.12
Patna,13-08-2022,5,1068.12,0,19.36,89.41,20.74,130.1,148.73,9.75
Patna,14-08-2022,3,507.35,0,11.48,37.55,8.7,20.03,21.76,2.25
Patna,15-08-2022,2,287.06,0,7.63,47.21,10.13,13.52,14.05,1.06
Patna,16-08-2022,4,467.3,0,13.54,45.42,18.6,37.43,44.25,5.13
Patna,17-08-2022,5,1895.9,12.74,36.67,0.03,14.07,115.62,170.12,15.71
Patna,18-08-2022,5,894.55,0,21.76,46.49,11.32,81.31,102.85,8.74
Patna,19-08-2022,5,520.71,0,11.31,74.39,11.68,52.68,61.83,8.49
Patna,20-08-2022,4,894.55,0,20.05,43.27,15.97,48.63,61.44,7.66
Patna,21-08-2022,2,413.89,0,11.14,41.13,13.71,18.09,21.07,2.31
Patna,22-08-2022,4,500.68,0,12.34,40.41,11.44,31.53,37.82,4.69
Patna,23-08-2022,5,2082.82,3.69,42.16,0.68,25.75,152.84,203.13,34.45
Patna,24-08-2022,5,1041.41,0,16.62,50.07,19.31,114.47,118.62,3.07
Patna,25-08-2022,5,1148.22,0,23.99,48.64,23.6,111.57,121.82,4.31
Patna,26-08-2022,5,1922.61,0,32.22,28.61,15.74,244.85,293.31,13.55
Patna,27-08-2022,5,1161.58,0,16.79,59.37,14.31,122.03,132.75,5.83
Patna,28-08-2022,4,1081.47,0,13.71,60.08,15.14,42.28,46.18,4.62
Patna,29-08-2022,4,841.14,0.01,17.82,22.35,13.71,42.72,50.64,5.32
Patna,30-08-2022,5,1361.85,0,26.73,42.92,27.89,145.12,156.53,4.56
Patna,31-08-2022,5,2056.12,21.46,30.5,0,20.03,103.2,132.54,13.68
Patna,01-09-2022,5,1268.39,1.49,51.41,1.08,21.46,117.81,129.57,5.45
Patna,02-09-2022,5,1815.8,9.28,40.1,0,27.18,145.67,174.08,21.53
Patna,03-09-2022,5,1068.12,0.06,23.65,12.7,12.16,66.02,80.23,6.46
Patna,04-09-2022,4,627.52,0.01,13.71,21.46,7.99,30.54,38.1,4.81
Patna,05-09-2022,4,654.22,0,14.39,27.89,9.78,36.78,46.85,5.89
Patna,06-09-2022,5,1535.42,0.87,32.22,3.84,18.84,98.6,126.41,16.21
Patna,07-09-2022,5,1188.28,3.05,33.93,0.07,24.8,60.13,69.58,4.37
Patna,08-09-2022,4,988.01,0.04,27.42,13.77,17.64,44.75,49.06,3.13
Patna,09-09-2022,4,754.36,0,20.56,21.99,18.12,39.58,52.2,5.45
Patna,10-09-2022,5,1241.68,1.75,28.45,0.49,14.19,69.61,94.08,7.03
Patna,11-09-2022,4,720.98,0,16.28,37.19,16.21,41.94,48.07,4.24
Patna,12-09-2022,2,387.19,0,14.91,21.99,14.31,16.8,19.33,2.25
Patna,13-09-2022,2,420.57,0.02,20.73,17.17,18.84,17.53,18.71,1.35
Patna,14-09-2022,4,514.03,0.03,20.73,15.56,20.27,25.57,27.36,1.74
Patna,15-09-2022,4,854.49,1.2,32.56,1.14,16.93,46.77,49.52,2.47
Patna,16-09-2022,5,961.3,0.14,26.73,8.67,12.99,63.91,70.6,4.18
Patna,17-09-2022,4,667.57,0,17.31,31.11,15.97,48.25,54.13,4.02
Patna,18-09-2022,5,1014.71,2.49,36.33,1.02,25.03,67.46,74.39,4.94
Patna,19-09-2022,5,1482.01,5.36,25.02,0.09,13.83,88.94,111.07,14.19
Patna,20-09-2022,5,761.03,0.02,23.31,16.99,20.27,60.04,68.44,4.02
Patna,21-09-2022,4,480.65,0,16.11,35.05,20.98,25.01,26.75,1.84
Patna,22-09-2022,4,727.65,0,19.36,25.03,15.02,44.45,51.86,4.18
Patna,23-09-2022,5,801.09,0,14.05,62.94,14.19,101.97,112.63,3.51
Patna,24-09-2022,5,921.25,0,26.05,31.11,24.08,67.71,77.6,5.57
Patna,25-09-2022,5,1295.09,1.41,28.1,0.53,14.31,95.62,108.68,6.97
Patna,26-09-2022,5,1241.68,2.77,30.5,0.59,16.21,79.33,92.61,9.88
Patna,27-09-2022,5,2162.93,13.3,43.18,0,28.61,136.49,173.74,29.39
Patna,28-09-2022,5,2216.34,0,35.99,50.78,42.92,282.48,304.84,4.43
Patna,29-09-2022,5,2189.64,0,33.59,30.76,20.74,272.14,298.22,8.74
Patna,30-09-2022,5,3231.05,19.89,54.15,0,56.27,238.64,294.06,77.01
Patna,01-10-2022,5,3311.16,13.52,56.21,0.01,43.39,268.69,327.83,59.28
Patna,02-10-2022,5,1949.31,0.04,23.65,15.38,10.97,236.51,265.51,11.78
Patna,03-10-2022,5,2002.72,6.31,28.1,0.48,8.7,217.33,262.78,9.12
Patna,04-10-2022,4,867.84,0,14.39,42.56,13.59,39.38,42.44,2.88
Patna,05-10-2022,4,560.76,1.29,23.31,0.62,13.59,28.22,30.66,1.9
Patna,06-10-2022,4,540.73,0,16.11,26.46,11.56,41.16,50.29,3.96
Patna,07-10-2022,5,847.82,0.21,26.73,6.53,13.11,71.2,85.88,4.62
Patna,08-10-2022,5,1522.06,0.96,33.93,3.62,16.45,133.08,165.73,15.58
Patna,09-10-2022,5,1522.06,2.79,30.5,0.66,11.09,114.52,151.33,13.68
Patna,10-10-2022,5,1041.41,0,20.91,25.39,10.73,112.75,136.15,6.08
Patna,11-10-2022,5,1842.5,0.28,28.1,6.53,12.76,207.38,229.52,8.74
Patna,12-10-2022,5,961.3,0.25,33.93,6.53,16.69,108.37,114.55,3.23
Patna,13-10-2022,5,1548.77,12.63,30.5,0,14.78,147.13,174.6,11.78
Patna,14-10-2022,5,1762.39,0,23.99,43.27,10.85,193.42,225.09,6.78
Patna,15-10-2022,5,1869.2,5.92,30.16,0.32,9.66,178.94,229.36,10.13
Patna,16-10-2022,5,1976.01,8.49,32.9,0.39,9.3,207.14,260.91,12.92
Patna,17-10-2022,5,1241.68,0.31,27.42,8.49,8.34,111.51,145.58,10.77
Patna,18-10-2022,5,1495.36,0.45,30.85,7.69,10.37,144.38,184.44,10.13
Patna,19-10-2022,5,1815.8,0.13,32.56,12.7,12.87,243.58,290.47,10.77
Patna,20-10-2022,5,2777.1,29.95,26.05,0,11.92,314.73,378.15,12.41
Patna,21-10-2022,5,3070.83,29.95,40.78,0,17.17,350.02,428.1,23.31
Patna,22-10-2022,5,3311.16,38.44,45.93,0,25.03,360.35,457.52,36.48
Patna,23-10-2022,5,1869.2,0.85,40.78,5.72,10.37,193.98,235.09,16.47
Patna,24-10-2022,5,1094.82,0.02,26.39,23.25,8.7,111.7,141.37,12.03
Patna,25-10-2022,4,841.14,0.05,23.99,19.31,11.68,44.42,63.14,7.92
Patna,26-10-2022,5,1321.79,0,29.47,37.55,11.8,152.31,183.81,13.43
Patna,27-10-2022,5,2243.04,10.95,42.5,0.11,11.8,201.03,259.9,13.81
Patna,28-10-2022,5,2536.77,9.95,56.89,0.23,14.78,231.49,290.02,18.24
Patna,29-10-2022,5,2990.72,26.82,50.72,0,16.93,308.59,390.14,23.05
Patna,30-10-2022,5,1522.06,0,25.02,38.27,9.89,207.96,248.46,8.99
Patna,31-10-2022,5,1508.71,0,30.16,29.33,8.58,189.08,219.1,10.89
Patna,01-11-2022,5,2056.12,1.34,45.24,7.33,11.44,225.36,270.5,12.03
Patna,02-11-2022,5,1468.66,0,31.87,28.97,11.92,159.48,190.9,16.72
Patna,03-11-2022,5,2002.72,4.25,45.24,0.77,10.85,207.82,254.99,10.39
Patna,04-11-2022,5,2912,42.12,34.37,0,16.75,276,381,10.39
Patna,05-11-2022,5,2352,1.87,60.37,2.62,18.62,282,379,30.4
Patna,06-11-2022,5,2857.21,0.01,54.15,21.1,19.07,401.07,472.33,30.4
Patna,07-11-2022,5,2029.42,0,49.35,34.33,18.6,283.64,331.8,24.07
Patna,08-11-2022,5,2937.32,12.18,56.21,0.05,14.42,381.88,462.45,17.48
Patna,09-11-2022,5,2670.29,10.95,56.89,0.11,12.87,321.04,397.83,14.57
Patna,10-11-2022,5,2643.59,3.27,59.63,1.1,18.12,363.31,441.77,26.35
Patna,11-11-2022,5,2830.51,18.55,45.24,0.02,15.74,334.15,406.71,19
Patna,12-11-2022,5,1068.12,0,23.31,57.22,12.87,137.03,160.8,14.31
Patna,13-11-2022,5,1028.06,0,21.93,57.94,9.89,95.15,116.37,20.01
Patna,14-11-2022,5,2082.82,9.28,42.5,0.08,13.35,172.92,229.47,25.59
Patna,15-11-2022,5,2883.91,11.18,57.58,0.13,12.76,293.81,359.04,14.69
Patna,16-11-2022,5,1976.01,0.47,46.61,8.58,10.61,219.34,264.82,10.39
Patna,17-11-2022,5,1054.76,0,21.42,74.39,14.78,146.16,175.12,15.2
Patna,18-11-2022,5,1121.52,0,27.42,52.21,13.83,120.18,146.52,22.29
Patna,19-11-2022,5,2483.37,5.98,63.75,0.54,15.97,216.01,273.99,24.57
Patna,20-11-2022,5,1134.87,0,23.65,56.51,9.3,132.17,155.59,11.53
Patna,21-11-2022,5,1375.2,0,32.56,44.7,9.89,146.43,170.43,15.2
Patna,22-11-2022,5,2002.72,0.01,44.55,32.19,12.99,255.14,287.54,6.97
Patna,23-11-2022,5,2216.34,0.42,56.21,30.4,14.42,247.62,287.53,9.63
Patna,24-11-2022,5,1428.6,0,31.87,49.35,13.47,189.93,222.33,13.93
Patna,25-11-2022,5,2670.29,16.54,61.01,0.11,11.44,264.78,322.2,13.43
Patna,26-11-2022,5,1575.47,0,31.53,55.79,12.87,227.43,257.4,17.99
Patna,27-11-2022,5,1815.8,0,33.93,35.05,8.46,290.65,325.53,8.61
Patna,28-11-2022,5,2750.4,8.05,68.55,0.27,26.23,313.98,368.78,54.72
Patna,29-11-2022,5,2670.29,1.9,65.12,2.7,21.7,341.26,407.81,32.42
Patna,30-11-2022,5,1895.9,0,38.04,31.47,10.73,269.13,310.81,8.49
Patna,01-12-2022,5,1708.98,0,32.22,42.56,9.66,284.64,319.67,7.22
Patna,02-12-2022,5,1895.9,0.59,45.24,8.94,9.89,282.47,329.1,8.99
Patna,03-12-2022,5,2296.45,8.27,56.21,0.4,12.87,248.93,306.78,16.72
Patna,04-12-2022,5,1401.9,0,26.39,50.78,8.23,242.8,270.2,6.46
Patna,05-12-2022,5,1869.2,0.1,39.76,21.99,11.09,311.82,347.65,6.71
Patna,06-12-2022,5,1401.9,0,25.02,64.37,11.32,287.66,315.04,5.38
Patna,07-12-2022,5,1201.63,0,24.68,55.07,12.99,206.81,230.22,10.51
Patna,08-12-2022,5,2964.02,19,59.63,0.03,19.79,336.26,405.08,29.64
Patna,09-12-2022,5,3150.94,8.05,69.23,0.33,13.83,412.66,479.85,16.72
Patna,11-12-2022,5,2216.34,0.01,26.05,29.68,9.89,435.11,462.22,8.11
Patna,12-12-2022,5,2403.26,1.54,54.15,5.36,7.99,317.01,352.97,7.41
Patna,13-12-2022,5,3150.94,22.8,52.09,0.01,11.09,410.89,487.98,12.29
Patna,14-12-2022,5,1695.63,0,33.24,42.2,10.85,265.64,301.1,9.12
Patna,15-12-2022,5,1255.04,0,26.73,57.22,11.68,174.65,203.31,10.51
Patna,16-12-2022,5,988.01,0,26.39,59.37,14.07,113.83,136.38,22.55
Patna,17-12-2022,5,2670.29,14.53,57.58,0.03,14.9,295.99,364.89,20.77
Patna,18-12-2022,5,2643.59,3.21,59.63,1.4,11.44,387.8,443.51,16.97
Patna,19-12-2022,5,2056.12,0,34.96,47.92,10.01,364.42,399.83,6.71
Patna,20-12-2022,5,2162.93,0,37.7,45.06,9.89,376.82,414.51,6.33
Patna,21-12-2022,5,2937.32,8.49,63.06,0.26,16.21,433.07,496.37,21.28
Patna,22-12-2022,5,1602.17,0,31.19,47.21,9.3,298.88,331.74,6.08
Patna,23-12-2022,5,1428.6,0,28.79,68.66,15.74,253.75,280,21.53
Patna,24-12-2022,5,4486.08,32.63,87.74,0,22.17,508.31,610.58,29.89
Patna,25-12-2022,5,1335.14,0,23.65,41.48,8.7,205.86,226.51,6.52
Patna,26-12-2022,5,2082.82,13.86,29.82,0.02,17.17,244.21,292.05,32.42
Patna,27-12-2022,5,1842.5,0.01,39.41,27.54,10.85,243.3,284.03,8.74
Patna,28-12-2022,5,1201.63,0,15.94,110.15,15.97,242.16,260.59,13.68
Patna,29-12-2022,5,2990.72,29.95,50.72,0,14.07,352.31,440.08,19.25
Patna,30-12-2022,5,2323.15,0.13,43.87,15.56,12.87,396.44,454.55,13.68
Patna,31-12-2022,5,3578.19,11.73,64.43,0.12,10.85,586,654.25,9.88
Patna,01-01-2023,5,2964.02,5.31,52.09,0.55,14.07,514.43,572.38,20.52
Patna,02-01-2023,5,2696.99,2.43,58.95,1.9,15.97,449.8,510.58,34.96
Patna,03-01-2023,5,2510.07,0.22,57.58,12.52,13.11,404.02,463.52,15.58
Patna,04-01-2023,5,1842.5,0,34.27,35.76,9.3,317.78,359.97,7.41
Patna,05-01-2023,5,1495.36,0.02,34.62,25.75,8.7,197.91,234.6,8.11
Patna,06-01-2023,5,1682.28,0,31.19,32.54,8.7,282.24,317.52,5.89
Patna,07-01-2023,5,1108.17,0,16.96,77.25,12.52,264.28,282.52,4.18
Patna,08-01-2023,5,1028.06,0,16.62,67.95,9.3,229.77,246.65,4.56
Patna,09-01-2023,5,1668.93,0.02,31.19,27.89,8.82,370.94,407.36,7.47
Patna,10-01-2023,5,2349.85,0.18,43.53,14.13,11.68,423.16,469.88,14.69
Patna,11-01-2023,5,2109.53,0,21.76,64.37,9.89,519.3,551.57,4.31
Patna,12-01-2023,5,3471.37,17.43,42.84,0.03,9.06,510.63,525.3,8.36
Patna,13-01-2023,5,3044.13,0.89,54.84,8.49,14.31,565.89,613.88,16.21
Patna,14-01-2023,5,3631.59,3.74,74.03,2.03,27.42,695.24,775.51,42.05
Patna,15-01-2023,5,1255.04,0,14.57,72.24,7.75,258.18,277.21,4.18
Patna,16-01-2023,5,1014.71,0,19.36,55.79,8.11,160.4,180.29,6.4
Patna,17-01-2023,5,1308.44,0,31.53,48.64,8.94,163.6,192.96,6.71
Patna,18-01-2023,5,2323.15,0.95,60.32,6.88,10.61,271.84,325.08,11.65
Patna,19-01-2023,5,2323.15,10.73,47.3,0.19,14.66,300.44,364.19,21.03
Patna,20-01-2023,5,2323.15,5.14,50.04,0.87,11.68,298.55,356.07,14.69
Patna,21-01-2023,5,2857.21,0.02,69.92,24.68,25.51,431.96,498.32,35.46
Patna,22-01-2023,5,1401.9,0,22.96,34.69,6.44,205.3,232.08,5.95
Patna,23-01-2023,5,1441.96,0.15,32.9,13.95,8.23,183.53,213.29,7.16
Patna,24-01-2023,5,2590.18,20.12,37.7,0.02,12.16,255.27,322.56,16.47
Patna,25-01-2023,5,2349.85,0,32.56,37.91,12.16,451.46,498.99,6.9
Patna,26-01-2023,5,3204.35,0.95,82.25,4.92,26.94,485.09,571.24,47.12
Patna,27-01-2023,5,841.14,0,16.45,62.23,12.28,122.1,136.12,4.94
Patna,28-01-2023,5,747.68,0,11.82,90.12,10.61,130.02,143.23,7.79
Patna,29-01-2023,5,1548.77,0.37,34.62,9.39,8.94,196.39,235.75,13.68
Patna,30-01-2023,5,2296.45,0.52,44.55,7.33,11.68,353.53,409.64,21.28
Patna,31-01-2023,5,2056.12,0,29.47,72.96,11.92,369.3,403.89,5.19
Patna,01-02-2023,5,687.6,0,11.65,90.84,14.42,99.96,112.37,11.02
Patna,02-02-2023,5,781.06,0,15.08,95.84,16.93,109.55,125.71,16.47
Patna,03-02-2023,5,1522.06,0.03,35.99,22.71,10.13,188.61,230.03,7.73
Patna,04-02-2023,5,1148.22,0,16.11,100.14,15.26,220.17,244.3,7.98
Patna,05-02-2023,5,794.41,0,15.77,80.11,11.8,133.73,156.33,11.15
Patna,06-02-2023,5,1028.06,0,19.19,66.52,9.54,172.88,202.11,7.73
Patna,07-02-2023,5,1014.71,0,22.96,67.23,13.59,140.41,167.39,17.48
Patna,08-02-2023,5,2189.64,0.01,39.41,26.46,11.8,337.05,401.39,7.54
Patna,09-02-2023,5,881.2,0,19.71,77.96,15.02,120.94,146.62,21.03
Patna,10-02-2023,5,2136.23,0.22,48.67,13.05,11.8,266.79,321.29,13.05
Patna,11-02-2023,5,3337.86,34.42,54.84,0,16.45,348.65,430.27,25.08
Patna,12-02-2023,5,1335.14,0,20.39,79.39,12.28,226.77,258.41,6.52
Patna,13-02-2023,3,480.65,0,11.82,88.69,13.83,39.13,54.84,17.73
Patna,14-02-2023,5,1869.2,2.32,50.72,2.62,14.42,161.62,217.91,29.39
Patna,15-02-2023,5,1575.47,0,36.33,37.91,12.87,209.02,250.82,15.2
Patna,16-02-2023,5,3685,11.51,95.96,0.22,28.85,411.77,495.92,48.13
Patna,17-02-2023,5,3524.78,0.01,75.4,22.17,30.28,513.43,611.39,38
Patna,18-02-2023,5,2643.59,0,61.69,31.83,18.6,417.09,488.37,18.49
Patna,19-02-2023,5,4005.43,3.91,141.2,1.08,77.25,477.77,562.79,125.65
Patna,20-02-2023,5,1415.25,0,23.99,49.35,10.13,248.63,279.49,11.53
Patna,21-02-2023,5,1682.28,0,33.93,38.98,13.59,300.98,351.01,14.57
Patna,22-02-2023,5,4325.87,20.34,94.59,0.02,47.68,494.03,592,84.1
Patna,23-02-2023,5,1028.06,0,21.93,75.82,16.21,156.32,182.96,23.81
Patna,25-02-2023,5,1655.58,7.6,28.1,0.2,11.32,199.53,244.08,22.04
Patna,26-02-2023,5,1976.01,0.06,51.41,16.81,13.59,267.48,331.08,27.11
Patna,27-02-2023,5,2162.93,1.98,58.95,2.62,19.07,266.04,328.18,48.13
Patna,28-02-2023,5,1588.82,0.01,37.36,27.89,12.87,196.33,246.59,25.08
Patna,01-03-2023,5,2376.56,7.15,54.84,0.39,16.69,267.08,346.21,32.17
Patna,02-03-2023,5,1842.5,6.54,44.55,0.54,12.87,168.83,245.87,28.12
Patna,03-03-2023,5,947.95,0,23.31,65.8,17.17,104.16,141.61,21.53
Patna,04-03-2023,5,1895.9,2.29,49.35,2.79,14.42,181.25,240.4,28.63
Patna,05-03-2023,5,947.95,0.01,19.54,31.47,10.37,92.78,108.83,24.32
Patna,06-03-2023,4,587.46,0,9,113.01,14.54,69.41,80.8,15.71
Patna,07-03-2023,4,694.27,0,14.57,86.55,15.5,59.75,75.44,18.49
Patna,08-03-2023,5,654.22,0,11.14,108.72,14.9,77.05,89.22,14.95
Patna,09-03-2023,5,3578.19,11.73,75.4,0.05,20.98,308.75,387.22,25.08
Patna,10-03-2023,5,1108.17,0,22.62,64.37,15.5,114.19,137.11,21.53
Patna,11-03-2023,5,988.01,0,24.68,51.5,14.19,77.61,94.37,20.27
Patna,12-03-2023,5,2696.99,2.82,69.92,1.07,28.61,214.1,271.27,69.92
Patna,13-03-2023,5,1628.88,0.01,40.1,25.03,15.74,154.51,193.78,35.97
Patna,14-03-2023,5,1482.01,0,32.22,33.62,13.59,155.27,197.55,21.79
Patna,15-03-2023,5,2109.53,6.15,50.04,0.24,18.6,216.59,270.77,33.94
Patna,16-03-2023,5,2883.91,11.29,61.01,0.03,28.13,242.06,316.29,39.52
Patna,17-03-2023,5,2670.29,1.58,59.63,2.62,18.6,321.3,386.82,31.66
Patna,18-03-2023,5,1468.66,0,26.39,45.42,15.5,128.12,156.92,6.71
Patna,19-03-2023,5,1735.69,0.03,37.01,18.24,17.17,132.7,156.97,21.28
Patna,20-03-2023,5,1241.68,0.01,22.96,22.17,14.78,122.04,137.56,7.09
Patna,21-03-2023,5,1548.77,2.51,34.27,0.5,17.64,78.5,104.24,10.89
Patna,22-03-2023,5,1375.2,0.01,26.73,23.6,10.61,75.63,100.2,7.98
Patna,23-03-2023,5,1081.47,0,18.68,70.81,11.44,90.04,106.26,16.09
Patna,24-03-2023,5,1081.47,0,20.05,76.53,13.47,90.06,109.95,20.52
Patna,25-03-2023,5,2162.93,2.15,48.67,1.83,14.42,177.08,234.73,30.91
Patna,26-03-2023,5,2563.48,4.14,51.41,0.54,19.79,287.27,352.24,39.52
Patna,27-03-2023,5,814.44,0,12.34,74.39,12.16,76.27,89.06,19
Patna,28-03-2023,4,727.65,0,18.51,75.1,17.64,54.63,76.42,20.52
Patna,29-03-2023,4,921.25,0,21.08,73.67,18.36,72.2,93.37,21.28
Patna,30-03-2023,5,1214.98,0,31.53,38.62,18.12,97.41,127.9,24.83
Patna,31-03-2023,5,1214.98,0,33.93,47.21,22.17,107.17,145.61,24.07
Patna,01-04-2023,5,1148.22,0,13.19,108.72,18.6,144.86,152.27,5.7
Patna,02-04-2023,5,1428.6,0,23.65,45.06,10.61,127.7,149.57,8.49
Patna,03-04-2023,4,961.3,0,20.39,60.08,11.56,71.58,88.52,21.53
Patna,04-04-2023,4,1041.41,0,28.1,50.78,15.74,70.74,103.6,23.05
Patna,05-04-2023,4,894.55,0,25.7,51.5,18.84,60.3,93.97,22.8
Patna,06-04-2023,3,787.73,0,21.76,80.82,19.79,49.82,70.86,21.28
Patna,07-04-2023,4,734.33,0,19.36,85.83,20.5,52.42,73.61,21.28
Patna,08-04-2023,4,854.49,0,22.96,71.53,20.03,62.04,89.24,22.55
Patna,09-04-2023,3,587.46,0,13.19,92.98,13.59,46.52,62.96,18.24
Patna,10-04-2023,4,580.79,0,10.02,110.15,14.9,53.41,67.43,16.47
Patna,11-04-2023,3,614.17,0,13.37,110.15,22.65,47.52,62.39,19.76
Patna,12-04-2023,4,834.47,0,19.88,92.98,23.6,72.59,93.24,23.56
Patna,13-04-2023,4,614.17,0,13.54,113.01,18.12,55.74,77.42,18.75
Patna,14-04-2023,4,907.9,0,25.36,61.51,20.74,68.46,98.67,23.31
Patna,15-04-2023,5,1335.14,0,38.39,39.34,25.03,112.18,161.75,26.85
Patna,16-04-2023,5,1615.52,0,48.67,25.03,32.9,129.62,185.31,38
Patna,17-04-2023,4,727.65,0,16.45,61.51,12.99,54.89,72.77,20.01
Patna,18-04-2023,4,714.3,0,15.25,107.29,23.6,70.8,94.91,21.03
Patna,19-04-2023,3,587.46,0,13.71,98.71,21.22,38.85,55.5,19
Patna,20-04-2023,3,520.71,0,11.14,111.58,20.5,49.04,71.61,15.83
Patna,21-04-2023,3,627.52,0,15.25,78.68,16.45,48.87,71.8,17.99
Patna,22-04-2023,4,1188.28,0,35.64,26.46,22.65,66.25,100.32,25.08
Patna,23-04-2023,3,587.46,0,12,76.53,12.04,36.6,51.45,16.72
Patna,24-04-2023,5,1214.98,0,29.13,31.11,13.95,81.25,114.6,29.64
Patna,25-04-2023,5,2029.42,0.01,50.72,20.56,23.13,153.05,205.56,37.49
Patna,26-04-2023,5,1508.71,0,28.79,55.07,23.37,126.79,163.87,31.41
Patna,27-04-2023,5,1108.17,0,27.42,61.51,21.7,88.76,116.8,22.55
Patna,28-04-2023,5,1321.79,0,32.9,40.41,16.69,105.75,135.95,25.84
Patna,29-04-2023,5,1348.5,0,29.82,60.8,23.37,123.9,152.23,23.56
Patna,30-04-2023,3,794.41,0,17.31,50.07,12.04,37.05,50.01,19.76
Patna,01-05-2023,5,2403.26,0.32,61.69,7.6,28.85,147.63,189.95,49.65
Patna,02-05-2023,5,1214.98,0,24.68,49.35,25.27,110.4,131.03,10.64
Patna,03-05-2023,5,2857.21,0.07,61.69,14.84,26.46,308.85,375.45,29.39
Patna,04-05-2023,5,3631.59,1.17,91.85,3.13,47.21,317.47,366.64,55.73
Patna,05-05-2023,5,2777.1,2.63,63.06,1.27,25.75,208.67,267.69,38.5
Patna,06-05-2023,5,1535.42,0,36.67,27.18,12.4,111.77,147.49,23.31
Patna,07-05-2023,5,1348.5,0,28.1,45.78,11.68,103.47,129.66,23.31
Patna,08-05-2023,4,961.3,0,18.34,89.41,13.95,73.44,94.09,20.52
Patna,09-05-2023,4,794.41,0,14.91,100.14,15.5,65.55,92.92,18.75
Patna,10-05-2023,5,867.84,0,17.65,97.27,20.27,79.14,111.7,20.52
Patna,11-05-2023,5,1428.6,0,39.76,39.34,21.46,83.2,121.26,24.83
Patna,12-05-2023,5,1455.31,0,38.73,44.7,19.79,108.58,149.73,28.37
Patna,13-05-2023,5,1361.85,0,21.93,111.58,30.28,172.46,202.83,26.35
Patna,14-05-2023,5,961.3,0,19.02,62.94,17.17,84.03,105.55,22.8
Patna,15-05-2023,5,1361.85,0,31.87,37.19,18.12,105.41,143.32,30.15
Patna,16-05-2023,5,3150.94,0.09,87.74,10.82,39.1,268.83,359.2,52.69
Patna,17-05-2023,5,821.11,0,13.19,108.72,22.41,90.3,108.87,19
Patna,18-05-2023,4,700.95,0,10.97,98.71,24.56,66.51,81.33,14.06
Patna,19-05-2023,5,934.6,0,17.31,76.53,20.98,93.73,121.6,19.76
Patna,20-05-2023,5,2029.42,0,47.3,41.13,19.55,205.27,277.01,29.39
Patna,21-05-2023,5,867.84,0,12.17,110.15,19.31,116.58,146.98,20.52
Patna,22-05-2023,4,580.79,0,7.63,100.14,14.54,57.75,71.94,12.79
Patna,23-05-2023,3,660.9,0,12.34,82.25,16.21,46.28,61.94,15.83
Patna,24-05-2023,4,687.6,0,7.45,138.76,12.16,64.39,71.84,4.24
Patna,25-05-2023,5,881.2,0,13.37,105.86,20.98,87.38,103.66,12.67
Shillong,30-11-2020,2,297.07,0.52,3.47,85.12,2.56,14.77,18.05,3.48
Shillong,01-12-2020,4,560.76,0,13.54,44.7,7.99,32.23,36.87,13.05
Shillong,02-12-2020,4,494,0,14.4,42.56,6.2,27.51,32.2,10.89
Shillong,03-12-2020,4,720.98,0,23.65,45.78,12.64,45.23,50.84,16.97
Shillong,04-12-2020,5,921.25,0,28.45,53.64,14.19,74.42,81.81,21.28
Shillong,05-12-2020,5,1134.87,0,39.41,70.1,18.12,94.45,101.95,29.89
Shillong,06-12-2020,5,567.44,0,19.71,38.62,5.66,62.27,68.46,15.83
Shillong,07-12-2020,5,614.17,0,11.48,26.82,1.79,112.61,119.64,3.64
Shillong,08-12-2020,5,921.25,0.03,12.34,16.27,2.09,108.03,113.94,2.34
Shillong,09-12-2020,5,700.95,0,16.11,32.54,4.95,66.89,71.87,5.26
Shillong,10-12-2020,5,680.92,0.04,15.77,15.02,3.76,61.35,68.36,7.16
Shillong,11-12-2020,5,1014.71,0.01,54.15,16.27,12.99,72.91,81.43,35.47
Shillong,12-12-2020,5,1148.22,0.01,48.67,15.91,15.97,89.35,98.5,32.42
Shillong,13-12-2020,5,654.22,0.07,15.42,8.32,1.97,58.28,66.07,5.7
Shillong,14-12-2020,5,634.19,0.02,12.51,14.84,1.36,50.66,57.26,3.71
Shillong,15-12-2020,5,867.84,0.01,22.28,21.99,3.99,129.96,140.71,10.39
Shillong,16-12-2020,5,934.6,0,22.62,27.54,2.68,110.79,119.45,5.26
Shillong,17-12-2020,4,377.18,0,5.01,54.36,0.79,34.88,37.92,3.01
Shillong,18-12-2020,5,507.36,0,6.17,43.27,0.94,65.53,71.03,1.85
Shillong,19-12-2020,5,767.71,0,27.42,44.7,7.09,79.2,87.95,16.97
Shillong,20-12-2020,5,741.01,0,15.08,27.18,2.3,80.61,85.81,5.7
Shillong,21-12-2020,4,580.79,0,10.97,27.54,1.37,39.17,42.91,5.07
Shillong,22-12-2020,4,520.71,0.01,9.43,30.04,1.77,31.64,35.51,5.07
Shillong,23-12-2020,5,834.47,0,21.08,31.83,8.94,59.8,65.57,8.87
Shillong,24-12-2020,5,814.44,0,22.28,35.05,9.89,64.09,71.1,12.67
Shillong,25-12-2020,4,640.87,0,20.22,46.49,7.03,45.36,52.48,15.07
Shillong,26-12-2020,4,473.98,0.02,15.94,21.46,2.33,30.08,35.99,7.92
Shillong,27-12-2020,5,647.54,0,19.36,57.94,8.82,62.37,68.33,18.24
Shillong,28-12-2020,5,667.57,0,16.62,33.62,4.89,62.81,68.97,9.75
Shillong,29-12-2020,5,807.76,0,33.59,31.47,8.58,61.76,68.76,17.73
Shillong,30-12-2020,5,881.2,0.02,17.65,19.49,1.79,83.96,90.76,2.12
Shillong,31-12-2020,5,647.54,0,17.82,51.5,7.63,60.82,67.89,13.81
Shillong,01-01-2021,4,627.52,0,20.22,67.23,9.42,48.64,55.42,17.99
Shillong,02-01-2021,4,667.57,0,21.94,71.53,10.37,48.85,55.45,17.48
Shillong,03-01-2021,4,567.44,0,18.51,60.08,8.11,37.86,43.35,19
Shillong,04-01-2021,4,514.03,0,13.2,47.92,4.17,37.27,42.91,10.77
Shillong,05-01-2021,3,427.25,0.01,10.8,24.32,1.77,24.24,29.82,6.21
Shillong,06-01-2021,2,263.69,0,2.87,52.93,0.83,18,20.14,2.66
Shillong,07-01-2021,4,320.44,0,2.61,61.51,0.71,37.16,40.31,2.76
Shillong,08-01-2021,5,580.79,0,6.94,60.8,1.54,129.01,135.18,1.71
Shillong,09-01-2021,5,654.22,0,17.31,32.54,2.47,79.63,86.88,5.26
Shillong,10-01-2021,5,467.3,0,3.94,51.5,0.52,70.39,74.26,1.63
Shillong,11-01-2021,5,480.65,0,1.41,94.41,1.51,77.12,79.76,0.82
Shillong,12-01-2021,5,567.44,0,7.8,52.21,1.25,83.98,89.29,1.43
Shillong,13-01-2021,5,614.17,0,12.85,36.84,1.36,76.02,82.27,5.38
Shillong,14-01-2021,5,680.92,0,26.39,41.13,4.71,64.38,71.72,10.01
Shillong,15-01-2021,5,700.95,0,10.8,33.62,2.83,55.74,59.42,2.6
Shillong,16-01-2021,5,867.84,0,19.36,42.92,5.78,79.31,84.64,4.81
Shillong,17-01-2021,5,547.41,0,5.36,46.49,2.09,57.77,60.94,1.9
Shillong,18-01-2021,4,403.88,0,3.98,49.35,1.04,34.6,36.24,1.08
Shillong,19-01-2021,5,567.44,0.01,12.17,23.6,1.74,52.37,57.76,3.86
Shillong,20-01-2021,4,407.22,0,1.93,85.83,0.95,38.33,40.17,1.05
Shillong,21-01-2021,5,600.82,0,2.53,95.84,2.89,50.33,51.71,0.61
Shillong,22-01-2021,5,881.2,0,13.71,47.92,4.35,101.05,104.74,3.39
Shillong,23-01-2021,5,947.95,0,25.36,40.77,11.44,69.76,75.41,16.97
Shillong,24-01-2021,5,834.47,0,25.02,42.2,11.33,77.69,83.28,17.48
Shillong,25-01-2021,5,754.36,0,29.47,31.47,4.77,61.92,68.76,12.29
Shillong,26-01-2021,5,560.76,0,11.48,35.76,1.13,60.04,68.57,5.19
Shillong,27-01-2021,5,774.38,0,30.16,38.62,7.27,62.57,75.43,16.09
Shillong,28-01-2021,5,640.87,0.01,9.34,30.76,2.62,56.22,60.53,6.02
Shillong,29-01-2021,5,854.49,0,18.68,28.61,3.19,73.2,79.83,4.5
Shillong,30-01-2021,4,547.41,0,18.34,30.4,3.16,41.03,48.09,7.85
Shillong,31-01-2021,5,473.98,0,9,62.23,3.82,56.19,61.64,8.61
Shillong,01-02-2021,5,781.06,0,9.68,69.38,7.63,102.05,106.62,9.5
Shillong,02-02-2021,5,1081.47,0,20.74,32.54,5.66,133.32,142.22,7.6
Shillong,03-02-2021,5,827.79,0,15.59,36.84,2.98,92.48,99.63,3.04
Shillong,04-02-2021,5,934.6,0,20.05,23.96,2.83,77.47,84.5,3.07
Shillong,05-02-2021,5,894.55,0,22.28,33.26,4.41,77.99,84.49,4.12
Shillong,06-02-2021,5,627.52,0,19.36,40.41,3.87,50.66,56.33,5.64
Shillong,07-02-2021,4,447.27,0,8.48,30.4,0.98,39.79,44.47,2.95
Shillong,08-02-2021,2,387.19,0,5.44,57.94,2.38,19.71,21.82,3.36
Shillong,09-02-2021,4,487.33,0,10.97,75.82,5.9,39.14,43.84,10.64
Shillong,10-02-2021,4,607.49,0,18.68,42.2,5.66,36.08,42.95,13.3
Shillong,11-02-2021,5,774.38,0,17.99,41.13,3.31,52.05,58.13,3.14
Shillong,12-02-2021,5,794.41,0,19.88,77.25,11.68,94.22,102.28,16.97
Shillong,13-02-2021,5,854.49,0,20.56,46.49,8.82,81.04,88.77,12.79
Shillong,14-02-2021,5,700.95,0,14.4,62.23,7.21,92.66,100.3,12.79
Shillong,15-02-2021,5,767.71,0,26.73,38.27,7.75,67.76,74.55,25.08
Shillong,16-02-2021,5,881.2,0,21.76,41.13,6.26,154.43,165.7,15.2
Shillong,17-02-2021,5,934.6,0,37.01,44.35,13.47,109.96,121.01,26.85
Shillong,18-02-2021,5,1094.82,0.01,31.53,17.35,7.63,91.58,101.45,12.16
Shillong,19-02-2021,5,947.95,0,23.65,39.34,7.87,75.53,82.8,11.15
Shillong,20-02-2021,4,614.17,0,17.82,32.54,2.38,42.89,49.35,8.23
Shillong,21-02-2021,4,447.27,0,7.28,46.49,1.37,36.52,41.21,4.75
Shillong,22-02-2021,5,694.28,0,14.57,51.5,5.84,64.78,71.01,9.75
Shillong,23-02-2021,5,847.82,0,18.85,62.23,8.7,87.67,95.46,10.26
Shillong,24-02-2021,5,707.63,0,17.99,37.91,3.79,80.86,89.02,7.6
Shillong,25-02-2021,5,507.36,0,3.47,108.72,4.05,127.94,134.62,1.87
Shillong,26-02-2021,5,494,0,1.61,147.34,7.87,124.45,132.12,1.77
Shillong,27-02-2021,5,423.91,0,2.16,130.18,8.23,114.12,123.65,1.39
Shillong,28-02-2021,5,403.88,0,1.48,144.48,7.87,92.57,101.51,2.38
Shillong,01-03-2021,5,377.18,0,1.24,134.47,7.21,81.7,99.7,4.18
Shillong,02-03-2021,5,390.53,0,1.99,104.43,3.52,81.75,106.49,2.22
Shillong,03-03-2021,4,380.52,0,5.14,73.67,2.44,44.09,59.88,4.88
Shillong,04-03-2021,5,560.76,0,9.34,44.35,2.09,97.22,118.85,1.95
Shillong,05-03-2021,5,417.23,0,1.56,161.65,9.66,91.06,98.8,4.12
Shillong,06-03-2021,5,487.33,0,1.78,167.37,16.69,87.38,94.38,0.7
Shillong,07-03-2021,4,323.77,0,3.09,62.94,1.36,32.98,41.75,1.11
Shillong,08-03-2021,4,500.68,0,13.2,44.7,3.52,40.57,48.31,12.03
Shillong,09-03-2021,5,407.22,0,5.18,62.94,1.8,54.49,64.24,3.14
Shillong,10-03-2021,4,427.25,0,5.18,58.65,1.97,49.76,60.38,1.12
Shillong,11-03-2021,4,427.25,0,3,82.25,2.71,47.12,52.11,0.55
Shillong,12-03-2021,5,417.23,0,2.96,90.12,3.1,71.18,82.76,0.99
Shillong,13-03-2021,5,567.44,0,7.28,52.93,1.76,87.65,100.74,3.2
Shillong,14-03-2021,5,647.54,0,9.85,31.83,3.22,85.68,96.59,9.63
Shillong,15-03-2021,5,794.41,0,21.94,31.11,8.11,51.49,56.53,22.55
Shillong,16-03-2021,5,694.28,0,4.28,75.1,1.68,87.08,91.09,1.76
Shillong,17-03-2021,5,700.95,0,13.02,33.98,2.41,106.06,119.55,3.64
Shillong,18-03-2021,5,794.41,0,15.08,95.84,9.54,124.6,150.38,17.23
Shillong,19-03-2021,5,741.01,0,10.37,46.49,2.09,107.36,137.57,3.96
Shillong,20-03-2021,5,614.17,0,9.34,52.93,1.91,120.19,159.64,3.67
Shillong,21-03-2021,5,507.36,0,2.31,123.02,3.16,124.23,156.15,2.82
Shillong,22-03-2021,5,527.38,0,6.86,48.64,1.59,91.73,107.72,5
Shillong,23-03-2021,5,647.54,0,8.65,50.07,1.7,103.75,123.31,5.57
Shillong,24-03-2021,5,560.76,0,4.84,94.41,3.82,99.21,120,5.76
Shillong,25-03-2021,5,527.38,0,1.5,145.91,4.23,119.36,139.18,5.7
Shillong,26-03-2021,5,427.25,0,3.9,128.75,5.25,76.2,95.35,5
Shillong,27-03-2021,5,614.17,0,10.11,56.51,2.71,76.63,99.28,6.71
Shillong,28-03-2021,5,594.14,0,9.51,97.28,7.57,71.15,92.54,15.07
Shillong,29-03-2021,5,473.98,0,6.94,44.7,1.85,64.34,85.05,5.76
Shillong,30-03-2021,5,607.49,0,8.31,62.23,2.95,106.28,124.5,3.1
Shillong,31-03-2021,1,397.21,0,1.52,77.25,2.09,8.69,9.76,0.4
Shillong,01-04-2021,4,453.95,0,1.82,108.72,5.19,33.48,42.61,1.55
Shillong,02-04-2021,4,427.25,0,1.82,130.18,5.66,32.17,47.21,1.54
Shillong,03-04-2021,4,350.48,0,2.12,115.87,4.05,41.01,56.4,1.5
Shillong,04-04-2021,4,353.81,0,2.68,97.28,3.43,43.78,62.43,3.55
Shillong,05-04-2021,4,554.09,0,11.48,70.81,6.44,43.7,53.64,14.95
Shillong,06-04-2021,4,527.38,0,8.82,72.24,4.17,48.51,57.51,8.61
Shillong,07-04-2021,5,647.54,0,13.71,57.22,6.38,60.52,69.68,14.57
Shillong,08-04-2021,5,480.65,0,3.51,104.43,3.28,78.59,85.67,1.28
Shillong,09-04-2021,2,337.12,0,1.29,84.4,0.98,7.47,8.16,0.4
Shillong,10-04-2021,2,380.52,0,1.8,77.96,1.36,19.44,21.89,0.58
Shillong,11-04-2021,5,440.6,0,1.17,123.02,3.13,60.76,74.73,2.01
Shillong,12-04-2021,5,473.98,0,1.56,137.33,7.57,85.29,99.9,1.73
Shillong,13-04-2021,5,433.92,0,2.23,110.15,2.71,68.95,83.41,2.88
Shillong,14-04-2021,5,507.36,0,3,120.16,5.42,99.79,118.21,2.6
Shillong,15-04-2021,5,494,0,4.03,87.26,3.04,73.67,88.8,2.6
Shillong,16-04-2021,3,410.56,0,4.8,57.94,1,22.77,27.25,1.38
Shillong,17-04-2021,5,1081.47,0,33.24,26.82,12.16,53.58,62.91,23.31
Shillong,18-04-2021,5,707.63,0,17.31,29.33,6.38,76.33,88.3,14.82
Shillong,19-04-2021,2,407.22,0,0.91,104.43,2.41,13.27,14.47,0.55
Shillong,20-04-2021,4,423.91,0,1.67,120.16,5.01,38.14,43.78,1.35
Shillong,21-04-2021,4,410.56,0,2.55,110.15,3.61,45.46,57.18,1.68
Shillong,22-04-2021,4,420.57,0,5.14,54.36,1.22,44.2,55.36,1.38
Shillong,23-04-2021,5,473.98,0,4.24,62.94,1.03,50.43,54.56,2.41
Shillong,24-04-2021,5,500.68,0,8.05,29.33,0.95,50.5,61.29,2.79
Shillong,25-04-2021,5,620.84,0,13.37,46.49,4.35,71.12,84.91,11.78
Shillong,26-04-2021,5,587.46,0,10.88,43.63,3.34,77.78,101.25,8.36
Shillong,27-04-2021,5,667.57,0,13.37,40.41,4.65,100.86,121.61,9.63
Shillong,28-04-2021,5,827.79,0,19.71,61.51,10.37,104.06,123.52,16.97
Shillong,29-04-2021,5,674.25,0,11.14,61.51,3.43,92.03,105.35,8.61
Shillong,30-04-2021,5,741.01,0,14.57,60.8,6.2,77.19,87.09,11.4
Shillong,01-05-2021,5,881.2,0,14.74,28.25,3.28,75.62,83.06,3.61
Shillong,02-05-2021,5,867.84,0,14.74,32.54,6.8,95.4,103.55,13.17
Shillong,03-05-2021,5,640.87,0,12.17,24.68,3.22,67.17,76.58,5.32
Shillong,04-05-2021,2,440.6,0.01,5.23,19.85,0.73,13.3,16.88,1.36
Shillong,05-05-2021,4,974.66,0,29.82,26.46,11.68,41.96,47.94,24.83
Shillong,06-05-2021,4,814.44,0,18.51,16.99,5.13,40.61,47.78,12.29
Shillong,07-05-2021,2,480.65,0,4.16,39.34,0.79,18.09,20.94,1.16
Shillong,08-05-2021,4,514.03,0,6,29.68,1.09,38.35,42.4,1.82
Shillong,09-05-2021,2,423.91,0,4.67,24.32,0.82,14.44,17.78,1.69
Shillong,10-05-2021,2,383.85,0,3,39.34,0.71,17.25,19.43,0.93
Shillong,11-05-2021,4,520.71,0,6.6,22.71,1.16,26.38,31.24,1.52
Shillong,12-05-2021,2,440.6,0,5.57,33.26,1.19,16.97,20.39,1.46
Shillong,13-05-2021,4,667.57,0.02,10.88,9.39,1.74,27.51,34.56,3.39
Shillong,14-05-2021,1,453.95,0.01,5.06,18.77,1.25,7.6,9.79,1.3
Shillong,15-05-2021,1,410.56,0,2.83,54.36,0.95,8.96,10.08,0.62
Shillong,16-05-2021,2,347.14,0,1.5,92.98,1.86,12.83,13.92,0.5
Shillong,17-05-2021,4,330.45,0,1.69,72.24,1.51,27.25,30.41,0.46
Shillong,18-05-2021,1,300.41,0,2.16,62.23,1.67,8.94,10.08,0.53
Shillong,19-05-2021,1,290.39,0,1.37,70.1,1.83,9.03,9.39,0.28
Shillong,20-05-2021,1,310.42,0,1.91,57.22,0.95,2.8,3.08,0.2
Shillong,21-05-2021,2,267.03,0,6.34,31.83,2.74,11.17,12.31,0.32
Shillong,22-05-2021,1,267.03,0,1.07,74.39,0.71,5.81,7.27,0.63
Shillong,23-05-2021,3,300.41,0,1.59,62.94,0.77,22.68,25.61,0.9
Shillong,24-05-2021,4,881.2,0,25.36,26.11,9.54,44.66,49.77,20.52
Shillong,25-05-2021,4,881.2,0,16.28,13.05,6.08,44.59,48.63,6.59
Shillong,26-05-2021,1,350.48,0.01,3.21,11.36,1.28,8.47,9.63,0.82
Shillong,27-05-2021,1,290.39,0,1.36,75.82,0.75,6.24,6.72,0.6
Shillong,28-05-2021,4,574.11,0.06,14.57,10.46,5.31,26.22,32.78,12.67
Shillong,29-05-2021,2,453.95,0.01,7.71,19.49,1.57,14.33,19.22,3.9
Shillong,30-05-2021,2,290.39,0,3,36.12,0.62,11.79,15.91,1.3
Shillong,31-05-2021,2,273.71,0,2.08,70.81,1.24,11.74,13.91,0.71
Shillong,01-06-2021,1,260.35,0,3.94,26.46,1,7.23,7.84,0.59
Shillong,02-06-2021,1,367.17,0.05,5.57,8.14,0.85,4.01,5.6,0.98
Shillong,03-06-2021,1,370.5,0,2.61,46.49,0.9,3.51,4.21,0.45
Shillong,04-06-2021,1,370.5,0,2.27,78.68,1.79,7.18,8.12,0.44
Shillong,05-06-2021,2,353.81,0,2.06,101.57,3.07,15.05,16.1,0.39
Shillong,06-06-2021,1,323.77,0,3.77,34.33,1.36,2.95,3.44,0.5
Shillong,07-06-2021,1,310.42,0,4.84,19.85,1,3.36,4.23,0.61
Shillong,08-06-2021,1,310.42,0,5.83,20.39,1.3,2.77,3.52,0.57
Shillong,09-06-2021,1,350.48,0,6,15.56,1.16,5.3,6.77,0.74
Shillong,10-06-2021,5,1188.28,1.01,51.41,1.12,13.35,51.53,58.23,27.11
Shillong,11-06-2021,4,961.3,0.15,24.68,2.77,9.66,40.63,45.41,12.29
Shillong,12-06-2021,2,390.53,0.01,5.44,13.41,1.85,15.55,18.05,1.73
Shillong,13-06-2021,4,667.57,1.05,14.57,0.62,5.54,29.52,34.99,13.43
Shillong,14-06-2021,1,373.84,0.03,5.06,9.03,1.13,7.96,9.58,1.27
Shillong,15-06-2021,1,236.99,0,3.81,16.99,0.83,2.68,3.24,0.59
Shillong,16-06-2021,1,363.83,0.01,5.23,13.05,1.36,8.08,9.83,1.27
Shillong,17-06-2021,1,243.66,0,1.95,27.54,0.95,1.8,2.26,0.59
Shillong,18-06-2021,1,236.99,0,1.59,30.4,0.91,2.29,2.82,0.65
Shillong,19-06-2021,1,236.99,0,2.06,28.25,0.98,3.45,4.08,0.71
Shillong,20-06-2021,1,263.69,0.02,3.3,7.69,0.83,4.26,5.03,0.8
Shillong,21-06-2021,2,420.57,0.02,5.66,9.74,1.16,12.2,15.69,2.38
Shillong,22-06-2021,2,480.65,0,6.68,27.18,2,18.69,22.66,2.12
Shillong,23-06-2021,1,290.39,0,3.04,43.63,1.03,4.76,5.44,0.62
Shillong,24-06-2021,1,263.69,0,4.07,30.76,0.86,2.67,3.25,0.55
Shillong,25-06-2021,1,267.03,0,4.93,20.92,1,3.07,3.6,0.59
Shillong,26-06-2021,1,263.69,0,3.47,50.78,1.21,5.47,6.13,0.59
Shillong,27-06-2021,1,247,0,2.55,39.7,0.48,2.17,2.55,0.46
Shillong,28-06-2021,1,263.69,0,2.55,55.08,2.86,5.22,5.65,0.33
Shillong,29-06-2021,1,283.72,0,4.8,39.7,3.25,5.45,5.82,0.32
Shillong,30-06-2021,1,280.38,0,5.74,15.74,1.58,7.19,7.61,0.48
Shillong,01-07-2021,1,350.48,0.03,6.43,8.32,1.71,8.28,9.69,0.83
Shillong,02-07-2021,2,403.88,0.38,7.71,2.77,1.58,13.07,16.73,2.98
Shillong,03-07-2021,2,447.27,0.19,6.94,2.91,1.59,12,14.48,1.62
Shillong,04-07-2021,1,267.03,0.01,4.33,9.03,0.81,4.44,5.3,0.74
Shillong,05-07-2021,1,267.03,0,3.21,23.25,0.72,4.21,4.85,0.78
Shillong,06-07-2021,1,303.75,0,4.03,24.68,0.95,3.38,4.54,0.82
Shillong,07-07-2021,1,327.11,0,4.8,19.13,0.89,5.06,6.35,0.85
Shillong,08-07-2021,4,781.06,2.18,23.65,0.21,3.93,30.64,38,7.79
Shillong,09-07-2021,1,390.53,0.09,7.2,8.58,1.57,7.53,11.15,3.61
Shillong,10-07-2021,4,988.01,0.01,56.89,4.29,11.56,38.22,46.38,30.4
Shillong,11-07-2021,4,741.01,0.1,20.39,1.97,7.03,26.47,31.53,17.23
Shillong,12-07-2021,2,540.73,0.05,7.28,3.98,1.61,17.14,19.47,2.47
Shillong,13-07-2021,4,660.9,0.01,16.97,12.7,5.25,25.52,31.57,13.55
Shillong,14-07-2021,1,260.35,0,3.09,20.56,0.78,2.23,2.89,0.5
Shillong,15-07-2021,1,233.65,0,2.68,37.91,0.72,2.83,3.69,0.67
Shillong,16-07-2021,1,247,0,3.51,21.64,0.69,5.2,7.05,0.91
Shillong,17-07-2021,1,307.08,0.02,4.71,12.52,0.76,6.05,8.05,1.2
Shillong,18-07-2021,1,323.77,0.15,5.23,5.01,0.77,7.72,11.24,1.87
Shillong,19-07-2021,1,310.42,0.02,4.16,10.46,0.72,5.71,8,1.22
Shillong,20-07-2021,4,754.36,0.42,18.85,1.5,3.28,32.27,38.73,8.23
Shillong,21-07-2021,2,540.73,0.08,9.77,6.26,2.5,12.78,16.98,5.7
Shillong,22-07-2021,4,847.82,0.04,13.02,5.01,3.87,30.62,35.63,7.22
Shillong,23-07-2021,1,417.23,0.01,3.86,13.41,1.25,7.28,9.15,1.27
Shillong,24-07-2021,1,230.31,0,1.84,26.82,0.79,1.46,1.86,0.56
Shillong,25-07-2021,1,253.68,0,3.86,14.84,0.73,2.52,3.07,0.68
Shillong,26-07-2021,1,297.07,0.02,4.03,11.62,0.95,3.95,5.65,1.71
Shillong,27-07-2021,4,1014.71,4.81,31.53,0.11,8.35,42.13,48.72,14.31
Shillong,28-07-2021,1,297.07,0,2.96,14.84,1.91,2.56,3.01,0.43
Shillong,29-07-2021,1,300.41,0,1.86,37.19,1.06,2.88,3.41,0.6
Shillong,30-07-2021,1,250.34,0,0.95,34.33,0.54,3.91,4.04,0.2
Shillong,31-07-2021,1,280.38,0,3.04,14.31,0.82,4.62,4.99,0.45
Shillong,01-08-2021,1,273.71,0,3.3,16.63,0.63,2.86,3.51,0.7
Shillong,02-08-2021,2,473.98,0.19,7.28,2.28,1.86,14.71,17.92,3.45
Shillong,03-08-2021,2,420.57,0.05,7.88,6.62,1.73,12.28,15.66,3.42
Shillong,04-08-2021,2,554.09,0.31,8.57,2.84,2.3,16.93,21.47,4.05
Shillong,05-08-2021,4,720.98,0.1,9.51,4.25,2.21,28.15,33.33,3.42
Shillong,06-08-2021,4,961.3,0,27.42,16.09,9.78,49.34,56.03,16.97
Shillong,07-08-2021,2,410.56,0,5.18,16.27,0.97,10.58,12.53,1
Shillong,08-08-2021,1,270.37,0,4.16,13.77,0.88,4.17,4.64,0.59
Shillong,09-08-2021,1,283.72,0.01,4.2,17.52,0.83,8.56,9.72,1.17
Shillong,10-08-2021,1,307.08,0,4.67,26.11,1.86,5.97,6.86,0.69
Shillong,11-08-2021,1,277.04,0,4.58,30.04,1.06,3.03,3.68,0.6
Shillong,12-08-2021,1,287.06,0,5.14,18.6,0.86,4.66,5.55,0.74
Shillong,13-08-2021,1,283.72,0,4.76,26.46,1.21,5.13,5.49,0.37
Shillong,14-08-2021,1,327.11,0,6.77,16.09,2.74,8.76,9.16,0.35
Shillong,15-08-2021,2,380.52,0.02,4.97,10.37,1.37,10.84,12.34,0.94
Shillong,16-08-2021,2,433.92,0.13,7.97,4.11,1.91,10.55,14.33,5.45
Shillong,17-08-2021,1,300.41,0.01,5.4,10.82,0.76,4.41,5.1,0.57
Shillong,18-08-2021,1,270.37,0.01,4.88,10.28,0.95,4.51,4.89,0.44
Shillong,19-08-2021,1,240.33,0.01,4.41,12.7,0.97,3.28,3.75,0.5
Shillong,20-08-2021,1,263.69,0.01,5.48,12.16,0.98,2.97,3.49,0.52
Shillong,21-08-2021,1,303.75,0.01,5.01,13.59,0.89,5.99,8.83,1.2
Shillong,22-08-2021,1,247,0,1.99,43.63,0.75,4.32,4.95,0.59
Shillong,23-08-2021,1,267.03,0.04,4.11,9.48,1.67,5.82,6.89,0.99
Shillong,24-08-2021,1,297.07,0.02,4.67,12.16,0.98,4.44,5.71,1.09
Shillong,25-08-2021,1,343.8,0,5.06,32.54,2.98,7.83,8.41,0.42
Shillong,26-08-2021,1,300.41,0,6.77,15.2,1.24,3.08,3.5,0.36
Shillong,27-08-2021,1,420.57,0.06,6.68,7.33,1.58,9.92,13.21,2.38
Shillong,28-08-2021,3,540.73,0.04,9.43,6.35,1.43,20.1,25.98,2.82
Shillong,29-08-2021,2,534.06,0.41,17.82,2.03,4.53,14.8,19.87,14.19
Shillong,30-08-2021,3,480.65,0.09,8.05,2.66,1.33,20.45,25.63,4.02
Shillong,31-08-2021,5,1268.39,0.01,63.75,3.71,15.02,57.39,64.43,28.37
Shillong,01-09-2021,2,500.68,0.91,10.97,1.08,1.61,15.9,22.25,3.45
Shillong,02-09-2021,4,754.36,2.26,21.94,0.67,4.05,27.57,35.14,8.61
Shillong,03-09-2021,2,594.14,0.55,13.54,0.94,2.71,17.47,22.13,5.89
Shillong,04-09-2021,3,680.92,0.02,13.71,6.08,1.88,24.07,29.66,4.31
Shillong,05-09-2021,4,781.06,0,30.5,11.09,7.09,42.07,46.74,19.51
Shillong,06-09-2021,3,627.52,0.2,6.17,2.28,1.13,20.66,24.38,2.15
Shillong,07-09-2021,2,413.9,0.14,5.18,3.84,1.61,10.81,13.43,1.9
Shillong,08-09-2021,4,827.79,6.43,34.27,0.17,10.13,31.33,38.9,23.56
Shillong,09-09-2021,4,1014.71,0.02,41.81,3.67,7.45,46.67,52.55,17.48
Shillong,10-09-2021,2,507.36,0.04,6.68,8.94,1.94,15.21,17.89,2.31
Shillong,11-09-2021,1,363.83,0,2.61,21.28,1.06,4.4,5.37,0.77
Shillong,12-09-2021,2,440.6,0.19,5.18,4.43,0.89,12.98,15.84,1.17
Shillong,13-09-2021,3,560.76,0.24,5.36,3.58,1.42,20.69,24.77,2.79
Shillong,14-09-2021,1,287.06,0.01,2.01,17.35,0.97,3.04,3.82,0.64
Shillong,15-09-2021,3,654.22,0.01,18.85,9.92,6.14,23.15,27.22,7.22
Shillong,16-09-2021,4,620.84,0.02,9.6,9.84,3.49,26.22,29.37,3.48
Shillong,17-09-2021,4,761.03,9.84,14.57,0.06,5.48,33.17,40.33,12.03
Shillong,18-09-2021,4,947.95,6.09,45.24,0.15,9.66,37.62,46,22.04
Shillong,19-09-2021,4,867.84,0.01,27.76,5.81,8.23,31.35,33.59,18.24
Shillong,20-09-2021,2,494,0.24,10.11,3.67,2.8,17.17,21.83,6.9
Shillong,21-09-2021,4,821.11,0,42.16,12.34,9.78,32.42,39.08,23.31
Shillong,22-09-2021,4,700.95,0.01,17.82,8.32,4.05,32.14,36.39,9.88
Shillong,23-09-2021,4,687.6,0.04,22.62,8.4,6.38,26.52,32.46,12.41
Shillong,24-09-2021,4,614.17,0,9.68,25.03,2.09,44.63,50.68,3.86
Shillong,25-09-2021,4,814.44,1.52,13.2,1.26,2.77,36.44,41.74,4.43
Shillong,26-09-2021,4,600.82,0.04,5.4,6.17,1.19,25.55,29.45,1.6
Shillong,27-09-2021,2,390.53,0.01,3.47,10.73,1.01,11.36,12.93,0.9
Shillong,28-09-2021,2,500.68,0.01,5.23,13.05,1.94,16.29,18.91,1.28
Shillong,29-09-2021,4,700.95,4.08,19.19,0.2,6.32,28.97,36.07,14.82
Shillong,30-09-2021,4,814.44,0,34.96,9.66,9.06,36.13,42.36,21.28
Shillong,01-10-2021,4,694.28,0.06,22.96,4.38,4.95,28.06,35.45,11.4
Shillong,02-10-2021,3,514.03,0.99,11.65,2.48,1.91,23.68,30.5,4.5
Shillong,03-10-2021,2,350.48,0.13,4.8,6.44,0.6,11.45,15.26,1.41
Shillong,04-10-2021,1,267.03,0,3.56,19.49,0.63,4.6,5.36,0.67
Shillong,05-10-2021,1,253.68,0.01,2.14,15.2,0.83,3.61,4.36,0.52
Shillong,06-10-2021,3,634.19,0.91,28.1,3.09,7.45,20.15,25.81,18.49
Shillong,07-10-2021,3,587.46,0.05,11.65,6.26,1.89,22.47,28.3,2.85
Shillong,08-10-2021,4,680.92,0,21.59,14.66,6.08,36.25,44.06,15.45
Shillong,09-10-2021,5,1054.76,0,39.76,27.18,10.37,60.71,67.88,24.32
Shillong,10-10-2021,5,934.6,0,27.42,20.74,7.63,71.92,77.11,22.04
Shillong,11-10-2021,5,921.25,0.01,10.03,10.01,2.24,64.42,68.68,2.66
Shillong,12-10-2021,4,894.55,0,11.65,17.17,4.41,42.84,47.5,3.8
Shillong,13-10-2021,4,767.71,0.03,9.85,8.94,2.3,43.55,47.8,1.9
Shillong,14-10-2021,4,814.44,0,12.34,17.52,4.23,37.86,41.88,3.8
Shillong,15-10-2021,4,580.79,0,6.08,22.17,2.56,27.58,30.6,1.96
Shillong,16-10-2021,2,467.3,0,4.07,27.9,1.21,17.96,19.97,0.93
Shillong,17-10-2021,1,293.73,0,1.82,42.56,0.94,3.75,4.32,0.61
Shillong,18-10-2021,1,287.06,0,1.74,32.54,0.82,2.54,3.11,0.56
Shillong,19-10-2021,1,280.38,0.01,2.61,17.88,0.63,2.73,3.34,0.66
Shillong,20-10-2021,1,357.15,0.07,4.2,8.85,0.95,6.9,8.74,1.39
Shillong,21-10-2021,1,350.48,0.03,5.83,9.03,0.81,3.32,4.09,0.67
Shillong,22-10-2021,4,600.82,0,1.74,98.71,2.3,39.42,40.9,1.05
Shillong,23-10-2021,4,660.9,0,8.31,31.11,2.74,49.95,54.37,1.92
Shillong,24-10-2021,5,660.9,0,6.94,21.99,2.33,55.94,60.19,2.22
Shillong,25-10-2021,4,594.14,0,10.63,52.21,7.87,45.34,49.38,12.03
Shillong,26-10-2021,4,554.09,0,8.82,22.35,1.62,34.09,39.46,2.82
Shillong,27-10-2021,5,1068.12,0,23.65,29.68,8.46,67.95,74.9,11.53
Shillong,28-10-2021,5,794.41,0,11.82,36.12,4.59,74.56,82.37,8.49
Shillong,29-10-2021,4,514.03,0,5.23,35.05,4.41,31.98,34.52,2.41
Shillong,30-10-2021,4,500.68,0,7.97,20.21,2.47,25.56,29.08,3.1
Shillong,31-10-2021,2,380.52,0,7.8,36.84,2.71,18.23,21.64,8.74
Shillong,01-11-2021,4,507.35,0,10.54,31.47,3.28,27.8,31.79,7.92
Shillong,02-11-2021,5,827.79,0.01,19.36,15.02,5.01,59.46,65.7,5.51
Shillong,03-11-2021,5,741,0,19.54,41.84,7.75,63.99,70.03,8.11
Shillong,04-11-2021,5,787.73,0,19.02,70.1,11.21,61.65,68.08,15.2
Shillong,05-11-2021,5,794.41,0,16.62,22.89,6.26,58.86,65.58,8.99
Shillong,06-11-2021,4,580.79,0,10.37,25.39,2.26,39.72,42.01,1.68
Shillong,07-11-2021,4,527.38,0.01,8.31,20.74,1.71,41.84,46.29,2.44
Shillong,08-11-2021,5,647.54,0,11.48,26.46,2.21,52.43,57.24,5
Shillong,09-11-2021,4,680.92,0,17.48,41.13,11.09,36.87,41.87,15.83
Shillong,10-11-2021,4,687.6,0,19.19,40.05,12.52,35.87,40.5,16.72
Shillong,11-11-2021,4,667.57,0,19.19,36.48,9.54,35.7,40.98,16.09
Shillong,12-11-2021,4,494,0,10.11,34.69,1.74,40.42,45.33,5.32
Shillong,13-11-2021,5,734.33,0,23.65,55.79,11.56,54.68,60.93,18.75
Shillong,14-11-2021,5,600.81,0,10.45,30.4,2.56,53.64,58.84,3.2
Shillong,15-11-2021,4,687.6,0,15.25,30.04,3.34,46.86,52.3,5.7
Shillong,16-11-2021,5,894.55,0,35.3,26.82,10.61,50.34,57.21,23.05
Shillong,17-11-2021,5,767.71,0.02,16.62,14.48,2.5,58.85,64.43,2.25
Shillong,18-11-2021,4,667.57,0,14.22,27.54,4.17,40.55,45.01,6.27
Shillong,19-11-2021,4,600.81,0,13.71,41.48,6.08,41.37,47.04,8.99
Shillong,20-11-2021,4,614.17,0,17.82,45.42,7.75,42.02,48.21,14.82
Shillong,21-11-2021,5,614.17,0,17.31,35.41,6.26,53.27,59.27,15.45
Shillong,22-11-2021,5,520.71,0,9.42,24.68,0.91,58.26,63.67,2.03
Shillong,23-11-2021,5,607.49,0,1.44,121.59,3.81,73.71,76.91,0.9
Shillong,24-11-2021,5,694.27,0,13.37,42.2,3.46,112.57,120.04,4.43
Shillong,25-11-2021,5,974.66,0,25.02,62.23,15.14,99.09,106.26,18.75
Shillong,26-11-2021,5,747.68,0,16.79,49.35,5.07,109.59,117.82,7.79
Shillong,27-11-2021,5,947.95,0,20.56,42.2,7.45,102.35,110.02,9.63
Shillong,28-11-2021,4,560.76,0.01,11.14,19.31,1.48,36.84,40.45,3.99
Shillong,29-11-2021,4,594.14,0,12.17,21.99,2.95,34.41,38.18,5.07
Shillong,30-11-2021,4,647.54,0.01,14.05,17.34,1.8,38.95,43.06,2.53
Shillong,01-12-2021,4,667.57,0.01,12.68,19.85,2.12,43.38,48.66,3.32
Shillong,02-12-2021,4,654.22,0,17.65,42.92,6.38,35.2,40.16,7.66
Shillong,03-12-2021,4,720.98,0,20.22,52.93,12.99,47.71,53.08,14.44
Shillong,04-12-2021,4,580.79,0,14.22,36.84,5.01,45.55,51.54,8.23
Shillong,05-12-2021,4,607.49,0,14.39,27.18,2.03,46.64,50.67,6.9
Shillong,06-12-2021,5,741,0,21.59,19.67,4.53,51.56,56.75,10.64
Shillong,07-12-2021,4,614.17,0.01,9.85,18.24,2.12,28.08,31.37,3.45
Shillong,08-12-2021,4,787.73,0.43,33.93,5.81,8.46,34.66,40.95,19
Shillong,09-12-2021,5,787.73,0.01,13.88,20.74,2.53,52.79,58.03,2.09
Shillong,10-12-2021,4,654.22,0,15.25,38.27,3.19,41.51,48.03,6.59
Shillong,11-12-2021,5,417.23,0,1.31,92.98,1.31,66.56,70.32,1.06
Shillong,12-12-2021,5,594.14,0,12.17,50.07,3.52,76.1,81.39,6.9
Shillong,13-12-2021,5,594.14,0,12.51,29.68,2.47,58.91,63.07,5.26
Shillong,14-12-2021,5,767.71,0,20.39,42.56,12.04,54.6,60.12,14.57
Shillong,15-12-2021,5,620.84,0,15.59,47.21,6.85,51.5,57.17,7.6
Shillong,16-12-2021,5,741,0,23.65,33.97,6.38,55.27,61.57,10.26
Shillong,17-12-2021,5,867.84,0.01,15.25,20.92,1.77,76.41,82.71,1.76
Shillong,18-12-2021,5,841.14,0,20.91,39.34,6.26,72.87,79.01,6.14
Shillong,19-12-2021,4,560.76,0,13.54,77.96,7.99,46.52,51.48,15.71
Shillong,20-12-2021,3,500.68,0,9.68,45.06,4.47,23.72,26.84,7.92
Shillong,21-12-2021,4,560.76,0,10.2,34.33,2.8,38.93,41.8,1.71
Shillong,22-12-2021,4,600.81,0,21.42,35.41,6.62,35.75,41.3,14.06
Shillong,23-12-2021,4,707.63,0,17.31,26.46,3.67,34.81,39.18,5
Shillong,24-12-2021,4,520.71,0,16.62,39.7,4.23,25.34,29.24,6.4
Shillong,25-12-2021,5,947.95,0,24.68,32.9,5.6,55.57,60.35,4.69
Shillong,26-12-2021,4,514.03,0,10.02,35.76,1.97,25.81,28.53,2.72
Shillong,27-12-2021,2,413.89,0,10.28,28.97,1.18,18.61,22.45,3.2
Shillong,28-12-2021,4,554.08,0,14.22,34.33,2.12,39.92,47.16,3.61
Shillong,29-12-2021,4,754.36,0.01,16.96,21.28,1.85,49.64,55.99,2.37
Shillong,30-12-2021,4,520.71,0.01,12.34,22.17,2.09,25.5,29.73,3.42
Shillong,31-12-2021,2,554.08,0,11.82,38.27,1.53,16.44,20.99,2.88
Shillong,01-01-2022,4,654.22,0,13.71,26.11,2,27.97,31.73,2.25
Shillong,02-01-2022,3,440.6,0,7.28,37.91,1.7,20.97,22.76,2.91
Shillong,03-01-2022,4,594.14,0,12.68,30.76,3.31,32.49,36.21,4.43
Shillong,04-01-2022,3,403.88,0.01,7.8,30.04,0.71,20.39,23.79,1.35
Shillong,05-01-2022,4,700.95,0,22.62,40.41,5.78,41.83,46.98,7.66
Shillong,06-01-2022,4,607.49,0.01,13.88,21.46,2.44,34.26,39.06,2.91
Shillong,07-01-2022,4,600.81,0,14.05,27.18,2.24,40.03,44.89,2.18
Shillong,08-01-2022,4,647.54,0,24.68,41.48,8.46,43.22,49.85,18.49
Shillong,09-01-2022,4,467.3,0,10.8,36.12,2.29,27.59,32.27,6.84
Shillong,10-01-2022,4,547.41,0,14.91,30.76,4.23,29.25,33.79,11.53
Shillong,11-01-2022,4,494,0.01,12.17,24.32,1.49,32.61,38.24,3.58
Shillong,12-01-2022,4,907.9,0,37.01,31.83,8.82,45.94,50.72,16.47
Shillong,13-01-2022,2,487.33,0,7.88,42.92,1.59,16.33,18.75,1.41
Shillong,14-01-2022,4,774.38,0.01,11.82,30.4,1.52,41.02,45.62,2.06
Shillong,15-01-2022,4,741,0,15.94,43.63,2.03,47.58,53.58,6.08
Shillong,16-01-2022,4,507.35,0,10.2,33.26,1.62,26.01,29.56,2.75
Shillong,17-01-2022,4,567.44,0,9.25,34.69,2.15,29.05,31.96,3.55
Shillong,18-01-2022,4,660.9,0,14.74,36.48,3.78,30.21,33.48,5.51
Shillong,19-01-2022,4,680.92,0,17.65,47.92,8.11,38.76,44.05,13.05
Shillong,20-01-2022,2,377.18,0,7.28,41.48,1.58,15.54,18,4.24
Shillong,21-01-2022,4,781.06,0,29.47,28.97,9.3,41.15,47.69,19.25
Shillong,22-01-2022,5,774.38,0,14.22,49.35,2.71,94.48,100.38,6.27
Shillong,23-01-2022,5,667.57,0,14.22,41.13,4.29,79.78,85.57,11.91
Shillong,24-01-2022,5,520.71,0.02,6.85,26.11,2.8,64,67.42,5.57
Shillong,25-01-2022,5,694.27,0,17.48,29.33,5.72,71.26,78.41,12.67
Shillong,26-01-2022,5,640.87,0.01,14.39,26.46,4.65,58.87,64.97,9.88
Shillong,27-01-2022,5,554.08,0,4.76,55.07,0.72,60.27,64.02,1.12
Shillong,28-01-2022,4,494,0,5.48,65.8,1.33,48.96,53.13,1.35
Shillong,29-01-2022,5,520.71,0,9.42,78.68,5.66,61.8,67.3,9.37
Shillong,30-01-2022,5,761.03,0,15.59,53.64,5.07,93.55,100.17,5.57
Shillong,31-01-2022,5,680.92,0,15.25,47.92,5.19,88.61,93.65,12.79
Shillong,01-02-2022,5,500.68,0,3,94.41,1.76,86.58,91.6,0.92
Shillong,02-02-2022,4,480.65,0,1.54,128.75,8.34,49.89,53.45,0.28
Shillong,03-02-2022,5,574.11,0,9.42,55.07,1.77,79.12,90.71,1.42
Shillong,04-02-2022,5,961.3,0,36.33,42.92,13.95,102.65,117.85,23.31
Shillong,05-02-2022,2,303.75,0,1.24,67.23,1.91,15.4,15.88,0.2
Shillong,06-02-2022,4,587.46,0,4.41,79.39,1.43,32.12,34.72,1.27
Shillong,07-02-2022,4,700.95,0,11.82,68.66,6.85,32.29,36.17,14.19
Shillong,08-02-2022,5,821.11,0,22.62,43.63,8.58,55.36,61.73,17.99
Shillong,09-02-2022,5,801.09,0,20.91,25.03,1.74,55.73,63.38,2.69
Shillong,10-02-2022,5,494,0,5.65,83.68,2.24,69.54,85.15,1.47
Shillong,11-02-2022,5,494,0,2.96,92.98,2.12,76.77,78.99,0
Shillong,12-02-2022,5,534.06,0,3.43,94.41,1.59,66.32,70.82,0.85
Shillong,13-02-2022,5,667.57,0,9.94,70.1,5.66,86.17,92.7,7.35
Shillong,14-02-2022,5,754.36,0,13.88,26.82,2.03,53.98,58.44,4.62
Shillong,15-02-2022,4,634.19,0,14.39,44.7,4.29,42.28,48.15,8.36
Shillong,16-02-2022,4,700.95,0,18.16,51.5,5.01,49.54,56.14,6.84
Shillong,17-02-2022,4,514.03,0,15.42,45.42,4.17,38.53,45.14,12.29
Shillong,18-02-2022,5,587.46,0,12.17,45.42,1.46,79.8,87.66,3.1
Shillong,19-02-2022,5,687.6,0,18.16,49.35,3.52,82.85,93.11,5.26
Shillong,20-02-2022,5,373.84,0,1.61,125.89,7.45,74.87,84.17,2.79
Shillong,21-02-2022,4,417.23,0,1.37,118.73,4.41,39.81,40.77,0.59
Shillong,22-02-2022,5,480.65,0,5.57,83.68,1.94,54.56,58.89,3.36
Shillong,23-02-2022,5,867.84,0,20.22,40.77,4.65,72.53,78.74,4.56
Shillong,24-02-2022,5,781.06,0,19.88,44.7,4.05,89.21,96.8,3.42
Shillong,25-02-2022,5,894.55,0,22.62,33.97,4.05,83.35,91.77,6.33
Shillong,26-02-2022,3,480.65,0,4.07,90.12,1.83,23.35,25.49,0.93
Shillong,27-02-2022,5,507.35,0,6.94,42.2,1.04,59.02,63.44,2.41
Shillong,28-02-2022,4,417.23,0,4.37,66.52,0.76,40.51,46.82,1.5
Shillong,01-03-2022,5,520.71,0,3.43,100.14,2.86,99.76,104.66,2.34
Shillong,02-03-2022,5,794.41,0,14.22,44.35,5.07,87.46,94.94,5.32
Shillong,03-03-2022,5,600.81,0,10.45,47.21,3.13,61.83,68.58,6.78
Shillong,04-03-2022,5,567.44,0,7.54,32.9,1.01,55.42,62.26,2.22
Shillong,05-03-2022,5,407.22,0,2.74,105.86,3.25,67.09,74.81,3.58
Shillong,06-03-2022,5,654.22,0,15.59,63.66,9.3,79.73,90.04,17.23
Shillong,07-03-2022,5,507.35,0,5.65,65.09,2.89,52.84,58.17,5.57
Shillong,08-03-2022,4,614.17,0,9.77,53.64,5.66,36.47,42.14,6.71
Shillong,09-03-2022,4,540.73,0,7.2,58.65,2.15,49.74,55.79,5.7
Shillong,10-03-2022,5,520.71,0,5.83,60.08,1.36,75.19,83.6,6.59
Shillong,11-03-2022,5,460.62,0,5.14,70.1,1.56,65.97,72.36,6.46
Shillong,12-03-2022,5,654.22,0,11.14,51.5,3.64,80.94,88.73,8.36
Shillong,13-03-2022,5,560.76,0,3.81,69.38,1.86,105.46,112.26,6.46
Shillong,14-03-2022,5,627.52,0,3.86,87.26,2.68,120.7,128.12,7.22
Shillong,15-03-2022,5,614.17,0,5.65,67.95,2.32,102.82,110.09,6.71
Shillong,16-03-2022,5,687.6,0,8.74,60.08,2.32,95.24,104.57,7.54
Shillong,17-03-2022,5,600.81,0,9.6,63.66,4.47,84.44,98.41,7.54
Shillong,18-03-2022,5,527.38,0,6.85,92.98,7.39,109.52,127.23,6.71
Shillong,19-03-2022,5,727.65,0,11.14,104.43,8.46,148.36,168.05,10.64
Shillong,20-03-2022,5,700.95,0,7.45,54.36,1.46,106.39,116.08,3.29
Shillong,21-03-2022,5,403.88,0,1.71,133.04,4.71,93.96,103.3,1.55
Shillong,22-03-2022,5,447.27,0,3.56,100.14,3.61,81.31,90.39,3.13
Shillong,23-03-2022,5,647.54,0,9.94,75.82,4.41,92.06,99.62,8.23
Shillong,24-03-2022,5,574.11,0,7.45,42.56,1.45,100.55,112.25,2.5
Shillong,25-03-2022,4,427.25,0,2.61,95.84,4.23,43.22,49.19,1.39
Shillong,26-03-2022,3,337.12,0,2.78,85.12,5.42,21.8,24.07,0.32
Shillong,27-03-2022,4,380.52,0,2.01,83.68,2.65,34.37,42.48,2.28
Shillong,28-03-2022,4,534.06,0,10.28,38.62,3.13,37.47,45.96,6.78
Shillong,29-03-2022,4,574.11,0.01,13.71,17.52,3.43,42.72,52.47,8.36
Shillong,30-03-2022,5,680.92,0,11.48,16.27,1.49,51.14,60.58,2.75
Shillong,31-03-2022,2,397.21,0,6.08,27.18,0.98,14.81,19.21,0.96
Shillong,01-04-2022,1,293.73,0,2.48,60.8,1.65,5.76,6.89,0.48
Shillong,02-04-2022,1,320.43,0,2.91,53.64,1.85,7.22,9.07,0.65
Shillong,03-04-2022,3,560.76,0.17,10.54,6.71,1.31,24.68,30.8,2.69
Shillong,04-04-2022,1,303.75,0,2.03,71.53,2.32,8.61,10.09,0.42
Shillong,05-04-2022,1,277.04,0,3.77,53.64,2.29,3.86,4.76,0.74
Shillong,06-04-2022,2,283.72,0,1.35,89.41,3.01,13.27,17.59,1.04
Shillong,07-04-2022,2,453.95,0,7.03,25.03,1.12,16.76,22,1.27
Shillong,08-04-2022,4,403.88,0,4.76,45.78,1.16,28.76,35.36,1.08
Shillong,09-04-2022,4,400.54,0,1.86,114.44,2.21,35.97,39.35,0.83
Shillong,10-04-2022,2,400.54,0,3.26,36.12,0.98,11.64,13.9,0.66
Shillong,11-04-2022,1,313.76,0,1.88,54.36,1.31,2.72,3.3,0.45
Shillong,12-04-2022,2,420.57,0.01,5.57,15.91,1.09,11.01,14.87,1.76
Shillong,13-04-2022,1,333.79,0,2.68,46.49,1.16,5.17,7.24,0.77
Shillong,14-04-2022,1,267.03,0,4.54,44.35,2.47,3.68,4.17,0.33
Shillong,15-04-2022,1,257.02,0,3.47,40.77,1.91,3.01,3.58,0.36
Shillong,16-04-2022,1,277.04,0,2.61,62.94,2.53,8,10.79,0.43
Shillong,17-04-2022,1,277.04,0,1.61,37.55,0.76,5.93,7.52,0.78
Shillong,18-04-2022,1,300.41,0,2.63,57.94,1.36,9.18,10.58,0.89
Shillong,19-04-2022,3,467.3,0.02,7.37,13.05,1.04,22.75,29.09,2.06
Shillong,20-04-2022,2,377.18,0,4.11,56.51,1.25,17.94,20.08,0.99
Shillong,21-04-2022,4,587.46,0,7.28,32.9,2.65,25.18,27.91,1.46
Shillong,22-04-2022,4,654.22,0,15.08,23.96,3.4,38.16,45.28,6.9
Shillong,23-04-2022,1,307.08,0,3.17,33.26,0.79,3.37,4.63,0.61
Shillong,24-04-2022,4,357.15,0,1.35,113.01,4.29,34.92,40.13,0.65
Shillong,25-04-2022,4,323.77,0,1.41,105.86,5.13,28.51,37.25,1.06
Shillong,26-04-2022,4,377.18,0,2.48,118.73,3.1,32.94,41.69,1.09
Shillong,27-04-2022,4,353.81,0,2.01,120.16,3.99,36.73,45.78,1.39
Shillong,28-04-2022,4,377.18,0,3.9,72.24,1.56,27.14,34.16,2.69
Shillong,29-04-2022,5,734.33,0,15.59,38.27,4.53,62.64,75.78,8.11
Shillong,30-04-2022,4,447.27,0,4.67,53.64,1.16,29.99,34.25,1.28
Shillong,01-05-2022,4,487.33,0,4.5,46.49,1.13,26.7,30.47,1.11
Shillong,02-05-2022,4,440.6,0,3.98,27.89,0.83,25.99,29.24,1.28
Shillong,03-05-2022,3,494,0.01,6.17,13.59,1.12,22.8,27.25,2.06
Shillong,04-05-2022,4,794.41,0.01,13.88,10.28,3.16,36.88,43.68,6.52
Shillong,05-05-2022,4,754.36,0.47,9.25,2.17,1.46,31.08,36.2,2.44
Shillong,06-05-2022,5,834.47,0.01,11.31,10.1,4.11,53.85,60.14,7.28
Shillong,07-05-2022,4,774.38,0,15.94,18.95,8.11,33.2,38.51,13.93
Shillong,08-05-2022,4,720.98,0,14.05,22.71,7.57,41.03,46.26,14.82
Shillong,09-05-2022,4,667.57,0,10.54,20.74,2.89,44.54,54.76,5.64
Shillong,10-05-2022,5,867.84,0,26.39,10.73,7.57,59.59,72.74,16.72
Shillong,11-05-2022,1,367.16,0.01,3.6,15.56,0.68,5.7,7.35,0.89
Shillong,12-05-2022,1,343.8,0,2.96,38.27,0.86,3.32,4.03,0.58
Shillong,13-05-2022,1,330.45,0.01,5.57,17.17,1.56,7.42,9.07,0.95
Shillong,14-05-2022,1,290.39,0.01,5.23,11.8,2.24,2.66,3.35,0.55
Shillong,15-05-2022,1,220.3,0,2.36,31.83,0.59,0.81,1.03,0.33
Shillong,16-05-2022,1,240.33,0,1.91,28.61,0.57,1.13,1.6,0.5
Shillong,17-05-2022,1,230.31,0,1.88,27.18,0.74,0.72,0.91,0.3
Shillong,18-05-2022,1,216.96,0,3.68,23.96,0.6,0.5,0.69,0.32
Shillong,19-05-2022,1,236.99,0,2.66,23.6,0.73,0.66,0.85,0.28
Shillong,20-05-2022,1,226.97,0,1.8,36.12,0.91,1.66,2.1,0.4
Shillong,21-05-2022,1,253.68,0,2.55,33.62,0.82,2.29,3.34,0.62
Shillong,22-05-2022,1,273.7,0.02,4.07,8.67,0.89,5.3,6.95,1.66
Shillong,23-05-2022,1,323.77,0,3.38,26.11,0.77,6.64,8.85,1.42
Shillong,24-05-2022,4,801.09,0,10.02,18.24,4.17,41.43,46.89,5.19
Shillong,25-05-2022,5,847.82,0,14.05,39.34,6.02,62.34,69.73,10.39
Shillong,26-05-2022,2,473.98,0,5.06,20.03,0.7,18.34,22.62,1.2
Shillong,27-05-2022,3,447.27,0,3.86,41.84,0.92,24.63,27.39,0.82
Shillong,28-05-2022,4,574.11,0,7.71,25.39,1.21,35.68,41.7,1.98
Shillong,29-05-2022,4,747.68,0,16.79,53.64,7.57,46.54,52.49,20.01
Shillong,30-05-2022,4,634.19,0,14.74,22.17,5.01,28.48,33.66,12.16
Shillong,31-05-2022,4,894.55,0,27.08,36.12,12.28,26.44,31.68,21.79
Shillong,01-06-2022,4,827.79,0,31.87,12.16,7.57,27.37,33.46,17.48
Shillong,02-06-2022,2,480.65,0.02,7.8,11.18,1.58,11.68,16.36,2.56
Shillong,03-06-2022,1,413.89,0.03,6.25,9.83,1.24,9.21,12.94,1.9
Shillong,04-06-2022,1,333.79,0.02,5.65,11.62,0.9,4.18,6.08,1.27
Shillong,05-06-2022,1,236.99,0,2.96,22.89,0.63,1.76,2.56,0.75
Shillong,06-06-2022,1,247,0,3.13,18.78,0.65,2.37,3.63,0.82
Shillong,07-06-2022,1,307.08,0.01,4.28,18.95,0.88,2.99,4.71,1.08
Shillong,08-06-2022,1,363.83,0,5.91,18.6,1.01,4.15,6.18,1.11
Shillong,09-06-2022,1,287.06,0,5.18,17.17,0.98,3.09,4.34,0.8
Shillong,10-06-2022,1,270.37,0.01,4.71,13.41,1.01,2.29,3.1,0.62
Shillong,11-06-2022,1,257.02,0,5.4,16.99,1.36,2.77,3.7,0.62
Shillong,12-06-2022,1,236.99,0,2.1,45.78,0.67,3.59,3.99,0.44
Shillong,13-06-2022,1,247,0,2.51,36.48,0.6,1.97,2.27,0.44
Shillong,14-06-2022,1,253.68,0,4.07,29.33,0.74,1.1,1.39,0.38
Shillong,15-06-2022,1,247,0,4.54,27.18,1.09,2.26,2.44,0.26
Shillong,16-06-2022,1,257.02,0,4.93,27.18,1.16,1.87,2.12,0.37
Shillong,17-06-2022,1,290.39,0,6.77,15.2,1.76,4.37,4.84,0.5
Shillong,18-06-2022,1,247,0,7.03,12.87,1.71,2.45,2.63,0.22
Shillong,19-06-2022,1,293.73,0,7.8,12.52,2.18,3.74,4.25,0.48
Shillong,20-06-2022,1,270.37,0.01,5.36,13.59,1.27,3.22,3.92,0.81
Shillong,21-06-2022,1,350.48,0,7.54,24.32,1.74,5.79,6.72,0.66
Shillong,22-06-2022,1,363.83,0.04,5.74,10.46,1.3,5.18,7.6,2.09
Shillong,23-06-2022,1,337.12,0,4.76,19.49,1.07,4.11,5.57,1.11
Shillong,24-06-2022,1,280.38,0,5.14,32.54,1.48,3.07,3.82,0.68
Shillong,25-06-2022,1,300.41,0,4.93,17.34,0.97,3.03,4.04,0.74
Shillong,26-06-2022,1,247,0,3.26,17.17,0.76,1.9,2.67,0.8
Shillong,27-06-2022,1,233.65,0,3.3,21.28,0.69,1.71,2.41,0.7
Shillong,28-06-2022,1,293.73,0,5.48,27.54,3.28,5.08,5.75,0.38
Shillong,29-06-2022,1,313.76,0.01,5.06,17.7,1.28,5.62,7.01,1.06
Shillong,30-06-2022,1,383.85,0.04,6.51,8.49,1.1,8.07,12.08,2.03
Shillong,01-07-2022,1,327.11,0.01,4.88,18.78,0.93,4.24,6.38,1.49
Shillong,02-07-2022,1,433.92,0.02,7.03,8.4,1.53,9.99,13.84,2.37
Shillong,03-07-2022,2,694.27,0,26.05,10.73,6.44,18.51,22.76,15.45
Shillong,04-07-2022,2,540.73,0.01,15.94,5.28,2.92,11.63,15.59,7.35
Shillong,05-07-2022,4,934.6,0.36,48.67,1.48,9.66,33.79,40.02,20.01
Shillong,06-07-2022,3,707.63,1.05,19.54,0.82,7.15,24.39,30.39,15.71
Shillong,07-07-2022,2,453.95,0,10.45,16.99,1.68,11.8,16,2.88
Shillong,08-07-2022,2,357.15,0,4.76,30.76,1,11.3,14.13,1.63
Shillong,09-07-2022,3,587.46,0,12.34,16.63,2.06,21.72,25.78,3.39
Shillong,10-07-2022,3,554.08,0,10.97,26.46,2.74,20.56,23.89,5.51
Shillong,11-07-2022,2,514.03,0.01,12.34,8.85,2.15,17.6,22.84,6.4
Shillong,12-07-2022,1,397.21,0.02,7.28,14.84,1.83,7.38,10.44,4.31
Shillong,13-07-2022,4,907.9,0.44,26.39,2.15,8.58,27.91,33.84,14.82
Shillong,14-07-2022,1,350.48,0,3.77,24.32,2.18,7.44,8.99,2.75
Shillong,15-07-2022,3,674.25,0.03,7.8,7.24,1.82,24.71,29.13,1.84
Shillong,16-07-2022,2,440.6,0,5.57,28.25,1.67,15.14,16.98,1.44
Shillong,17-07-2022,2,487.33,0.04,13.19,7.15,2.98,14.1,18.77,8.04
Shillong,18-07-2022,1,253.68,0,2.46,31.47,0.6,2.56,3.4,0.79
Shillong,19-07-2022,1,236.99,0,4.24,27.54,0.8,1.59,2.05,0.47
Shillong,20-07-2022,1,283.72,0,3.81,37.19,0.95,3.91,4.89,0.67
Shillong,22-07-2022,2,514.03,0.17,7.11,12.7,3.4,16.49,18.97,5.51
Shillong,23-07-2022,2,647.54,3.49,9.94,0.26,2.95,16.11,20.3,6.21
Shillong,24-07-2022,1,327.11,0.01,3.04,6.08,0.83,4.3,5.33,0.65
Shillong,25-07-2022,2,460.62,0.02,8.74,6.17,1.85,17.79,23.57,6.21
Shillong,26-07-2022,4,921.25,0.03,38.39,3.93,10.13,41.04,49.32,23.31
Shillong,27-07-2022,2,433.92,0.05,7.45,6.35,1.09,14.89,19.73,1.87
Shillong,28-07-2022,2,410.56,0.03,6.68,10.19,0.97,14.4,18.6,1.99
Shillong,29-07-2022,4,934.6,0.52,32.22,1.72,6.74,26.74,33.38,12.41
Shillong,30-07-2022,2,423.91,0,5.18,26.11,0.88,17.01,20.05,1.33
Shillong,31-07-2022,1,377.18,0,3.51,23.6,0.66,6.24,7.19,0.76
Shillong,01-08-2022,1,270.37,0,3.81,22.89,0.97,4.46,5.63,0.82
Shillong,02-08-2022,1,377.18,0.05,6.34,8.85,1.28,9.19,13.39,2.85
Shillong,03-08-2022,4,761.03,0.03,22.96,4.87,4.47,37.44,43.33,11.27
Shillong,04-08-2022,2,494,0.02,7.2,9.03,2.32,15.7,19.08,2.25
Shillong,05-08-2022,2,540.73,0.14,20.91,4.02,3.64,14.35,19.65,8.23
Shillong,06-08-2022,4,774.38,0.02,12,5.99,2.74,40.19,44.38,3.26
Shillong,07-08-2022,3,607.49,0.04,10.97,4.2,3.7,23.16,27.65,8.74
Shillong,08-08-2022,3,767.71,0.99,25.02,0.86,8.82,22.14,26.15,20.01
Shillong,09-08-2022,1,280.38,0,1.52,22.89,1,2.31,2.86,0.58
Shillong,10-08-2022,1,283.72,0,3.13,21.1,1,2.88,3.76,0.81
Shillong,11-08-2022,1,353.81,0.02,6.17,13.41,2.38,7.51,9.81,4.43
Shillong,12-08-2022,1,350.48,0,4.88,20.56,1.3,8.66,11.08,1.31
Shillong,13-08-2022,2,554.08,0.02,15.25,9.75,3.1,14.58,19.67,5.95
Shillong,14-08-2022,1,243.66,0,1.39,24.32,0.38,1.38,1.71,0.49
Shillong,15-08-2022,1,240.33,0,2.33,20.38,0.61,2.13,3.22,1.08
Shillong,16-08-2022,1,240.33,0,2.46,38.62,0.63,2.74,3.71,0.65
Shillong,17-08-2022,2,520.71,1.49,9.42,1.59,1.4,17.91,24.26,2.6
Shillong,18-08-2022,4,1121.52,0.02,49.35,5.05,14.54,47.29,54.5,26.85
Shillong,19-08-2022,1,367.16,0,3.9,14.31,1.52,6.79,8.27,0.86
Shillong,20-08-2022,1,320.43,0,2.14,32.54,0.95,3.77,4.6,0.66
Shillong,21-08-2022,2,473.98,0,10.28,16.45,2.83,11.53,14.68,6.59
Shillong,22-08-2022,2,540.73,0,17.99,14.13,4.23,14.21,19,13.43
Shillong,23-08-2022,4,841.14,0,34.27,17.7,10.73,36.27,40.66,19
Shillong,24-08-2022,2,507.35,0.7,7.37,2.06,1.52,11.4,14.11,1.54
Shillong,25-08-2022,1,327.11,0.01,3.98,17.7,1.09,5.42,7.75,1.47
Shillong,26-08-2022,3,580.79,0.01,23.65,9.39,5.96,23.15,28.78,12.67
Shillong,27-08-2022,2,410.56,0.01,5.91,15.02,0.89,17.72,21.35,1.33
Shillong,28-08-2022,2,370.5,0.03,5.4,10.28,0.83,18.41,20.67,1.57
Shillong,29-08-2022,1,293.73,0.01,3.43,16.63,0.83,7.42,9.39,1.31
Shillong,30-08-2022,1,313.76,0,3.38,25.75,0.75,8.41,10.82,1.04
Shillong,31-08-2022,1,303.75,0,2.4,28.97,0.57,4.48,5.54,0.78
Shillong,01-09-2022,1,280.38,0.02,3.77,13.23,0.89,1.96,2.72,0.63
Shillong,02-09-2022,2,377.18,0.02,5.44,13.05,1.01,11.19,14.75,1.9
Shillong,03-09-2022,1,343.8,0,4.41,23.25,0.69,5.49,6.41,0.74
Shillong,04-09-2022,1,310.42,0,6.17,15.91,1.94,3.67,4.09,0.41
Shillong,05-09-2022,1,287.06,0.01,4.88,17.17,0.83,2.71,3.56,0.82
Shillong,06-09-2022,1,390.53,0.09,7.71,5.68,1.4,9.82,14.25,2.63
Shillong,07-09-2022,4,1108.17,10.95,36.33,0.02,13.11,43.84,52.11,25.59
Shillong,08-09-2022,4,634.19,2.18,12.68,0.34,4.89,25.38,31.55,10.01
Shillong,09-09-2022,2,494,0.28,6.51,2.55,1.19,15.11,18.37,1.47
Shillong,10-09-2022,2,383.85,0.02,4.76,15.2,1.16,11.48,14.06,1.41
Shillong,11-09-2022,3,547.41,0.02,8.65,7.96,3.04,23.63,26.78,5.83
Shillong,12-09-2022,1,363.83,0.07,6.08,5.99,1.37,9.85,13.58,2.88
Shillong,13-09-2022,2,453.95,0.32,7.54,3.13,1.88,12.43,17.27,3.01
Shillong,14-09-2022,1,433.92,0.91,12,1.59,3.4,8.99,13.07,9.37
Shillong,15-09-2022,1,367.16,0.22,7.03,3.71,1.46,7.8,11.33,2.66
Shillong,16-09-2022,1,307.08,0.04,5.44,10.91,0.86,3.18,5.17,1.57
Shillong,17-09-2022,1,373.84,0.03,5.57,11.44,1.04,9.54,13.09,2.12
Shillong,18-09-2022,2,607.49,0,20.91,9.92,4.89,16.84,20.68,14.57
Shillong,19-09-2022,2,534.06,0.02,6.85,8.58,2.15,17.01,19.37,2.41
Shillong,20-09-2022,4,640.87,0.96,12.68,2.21,3.76,25.22,31.28,6.27
Shillong,21-09-2022,1,333.79,0.02,4.8,14.66,1.15,4.92,7.1,2.22
Shillong,22-09-2022,1,370.5,0.05,5.83,7.96,1.13,7.16,10.36,1.66
Shillong,23-09-2022,1,363.83,0.01,5.48,15.74,1.03,7.54,10.58,1.52
Shillong,24-09-2022,1,340.46,0.07,5.74,9.03,1.01,9.09,12.74,1.74
Shillong,25-09-2022,2,514.03,1.63,19.19,1.08,4.77,14.38,19.37,14.69
Shillong,26-09-2022,4,907.9,1.44,26.73,0.37,6.14,30.59,34.56,10.13
Shillong,27-09-2022,4,867.84,0.24,40.44,1.97,8.7,38.84,47.11,22.04
Shillong,28-09-2022,4,934.6,0.1,37.7,2.91,9.54,33.52,39.28,17.23
Shillong,29-09-2022,5,1094.82,0,22.96,14.84,5.3,64.89,71.3,8.99
Shillong,30-09-2022,4,921.25,0,26.39,13.95,10.25,46.27,52.49,18.75
Shillong,01-10-2022,5,921.25,0,12.17,30.76,4.35,65.43,71.89,5.51
Shillong,02-10-2022,2,574.11,0.01,7.63,12.7,2.71,16.08,18.87,5.95
Shillong,03-10-2022,2,520.71,0.02,5.23,10.46,1.39,18.3,19.88,1.28
Shillong,04-10-2022,1,390.53,0.04,5.36,10.19,1.04,9.34,11.67,2.09
Shillong,05-10-2022,2,413.89,0.08,10.37,5.01,1.62,13.17,18.52,3.07
Shillong,06-10-2022,1,283.72,0.06,4.16,11.44,0.69,5.87,8.28,1.22
Shillong,07-10-2022,1,350.48,0,2.74,52.93,0.89,6.77,7.92,0.83
Shillong,08-10-2022,2,337.12,0,3.51,23.6,0.63,15.5,17.9,0.97
Shillong,09-10-2022,1,287.06,0,2.4,22.35,0.46,6.21,7.87,0.89
Shillong,10-10-2022,2,327.11,0,2.21,31.83,0.48,10.2,11.32,0.71
Shillong,11-10-2022,1,403.88,0,2.25,36.12,0.51,4.33,5.06,0.59
Shillong,12-10-2022,1,393.87,0,4.24,34.69,1.97,5.5,6.23,0.59
Shillong,13-10-2022,1,277.04,0.03,4.37,10.19,0.76,2.89,4.47,1.06
Shillong,14-10-2022,1,287.06,0.02,4.03,15.2,0.68,4.61,6.63,1.04
Shillong,15-10-2022,4,440.6,0.03,8.57,14.84,0.85,27.17,32.25,1.73
Shillong,16-10-2022,5,694.27,0,10.11,28.25,3.87,62.64,67.71,5.95
Shillong,17-10-2022,5,694.27,0,12.51,35.76,5.19,54.77,60.36,11.4
Shillong,18-10-2022,5,787.73,0,19.54,48.64,9.3,54.48,60.83,20.77
Shillong,19-10-2022,4,594.14,0,6.77,23.96,1.79,41.23,46.29,2.34
Shillong,20-10-2022,4,494,0.02,10.88,11.18,1.61,29.54,35.34,3.93
Shillong,21-10-2022,4,520.71,0,7.71,16.81,3.07,25.2,27.75,3.13
Shillong,22-10-2022,4,587.46,0,10.37,24.68,2.83,26.58,29.81,4.56
Shillong,23-10-2022,2,400.54,0,6.6,22.53,1.45,15.74,18.26,4.12
Shillong,24-10-2022,2,420.57,0,5.65,22.35,0.98,18.18,19.58,0.84
Shillong,25-10-2022,1,205.28,0,1.07,36.48,0.48,2.7,2.82,0.28
Shillong,26-10-2022,1,240.33,0,1.59,40.77,0.43,4.7,5.95,0.66
Shillong,27-10-2022,4,440.6,0.08,7.88,9.57,1.22,31.32,37.35,2.44
Shillong,28-10-2022,5,660.9,0,7.28,21.28,2.44,58.61,63.43,2.03
Shillong,29-10-2022,4,741,0.01,11.31,13.95,1.88,42.04,46.88,3.04
Shillong,30-10-2022,4,534.06,0,6.77,20.56,1.97,33.65,37.52,3.39
Shillong,31-10-2022,4,473.98,0,9.68,26.46,4.71,25.31,28.59,6.78
Shillong,01-11-2022,4,660.9,0,11.65,20.56,5.01,40.3,44.92,5.95
Shillong,02-11-2022,2,393.87,0,7.97,20.03,1.31,19.92,24.96,3.7
Shillong,03-11-2022,3,487.33,0.02,9.94,15.91,1.85,20.09,24.98,3.29
Shillong,04-11-2022,3,646,0.08,9.06,8.38,2.62,33,37,3.29
Shillong,05-11-2022,3,626,0,12.84,26.81,5.59,36.13,40.88,5.64
Shillong,06-11-2022,4,520.71,0,10.2,37.91,3.67,35.42,39.86,5.64
Shillong,07-11-2022,4,640.87,0,10.37,25.03,5.07,37.94,42.44,5.32
Shillong,08-11-2022,5,694.27,0,11.82,24.68,3.7,50.19,53.37,2.69
Shillong,09-11-2022,4,527.38,0,11.65,20.92,2.86,37.44,42.69,4.75
Shillong,10-11-2022,4,667.57,0,17.48,32.9,7.03,40.29,45.37,8.23
Shillong,11-11-2022,4,654.22,0,17.82,72.24,14.19,33.31,37.9,18.24
Shillong,12-11-2022,4,547.41,0,11.14,32.19,3.34,33.99,39.5,5.45
Shillong,13-11-2022,4,427.25,0,7.45,22.17,1.21,33.22,37.4,2.5
Shillong,14-11-2022,5,667.57,0,10.11,19.85,2.24,50.59,54.96,3.45
Shillong,15-11-2022,5,714.3,0,12.68,25.39,3.78,54.3,60.19,4.94
Shillong,16-11-2022,5,627.52,0,12.34,31.11,3.58,53.62,60.33,4.31
Shillong,17-11-2022,4,667.57,0,25.02,49.35,8.46,41.14,47.14,20.27
Shillong,18-11-2022,4,587.46,0,10.02,25.03,2.98,39.88,44.65,3.8
Shillong,19-11-2022,4,614.17,0,14.05,27.18,2.8,38.23,42.58,5.64
Shillong,20-11-2022,4,507.35,0,9.34,44.7,4.83,37.6,41.75,7.54
Shillong,21-11-2022,2,353.81,0,7.54,26.82,1.21,13.39,16.91,5.13
Shillong,22-11-2022,4,547.41,0,18.34,37.91,7.75,27.21,32.06,15.96
Shillong,23-11-2022,5,707.63,0,13.19,36.84,5.36,53.99,60.21,5.7
Shillong,24-11-2022,4,660.9,0,14.74,27.54,5.78,48.33,53.92,6.33
Shillong,25-11-2022,4,514.03,0,10.54,39.34,3.16,29.6,32.65,4.88
Shillong,26-11-2022,4,520.71,0,11.14,56.51,6.26,34.65,39.79,9.63
Shillong,27-11-2022,3,453.95,0,9.34,60.8,6.79,24.2,27.83,11.53
Shillong,28-11-2022,2,400.54,0,9.34,35.05,3.93,17.42,20.98,10.26
Shillong,29-11-2022,4,467.3,0.01,8.74,24.32,1.45,30.88,35.57,2.41
Shillong,30-11-2022,4,534.06,0,12.51,33.62,2.03,33.83,38.54,3.26
Shillong,01-12-2022,4,447.27,0,5.1,33.26,0.83,39.65,43.03,1.06
Shillong,02-12-2022,5,854.49,0,19.36,70.1,12.76,82.31,88.62,15.83
Shillong,03-12-2022,5,720.98,0,17.31,49.35,9.89,63.34,68.73,10.13
Shillong,04-12-2022,5,594.14,0,12.85,74.39,10.97,51.67,55.94,13.81
Shillong,05-12-2022,5,660.9,0,14.22,37.91,5.84,54.36,58.74,8.11
Shillong,06-12-2022,4,540.73,0,14.74,38.98,5.54,41.22,45.88,9.25
Shillong,07-12-2022,5,687.6,0,20.91,49.35,9.78,50.58,56,12.79
Shillong,08-12-2022,5,774.38,0,18.51,36.84,6.5,53.71,58.73,7.85
Shillong,09-12-2022,4,667.57,0,16.45,46.49,8.46,44.15,49.23,10.01
Shillong,11-12-2022,3,327.11,0.01,5.57,48.64,3.67,22.76,25.93,11.02
Shillong,12-12-2022,4,540.73,0,10.88,26.82,1.51,33.95,36.47,1.69
Shillong,13-12-2022,5,841.14,0,29.13,25.75,9.42,69.68,77.33,16.72
Shillong,14-12-2022,5,867.84,0.01,32.22,15.74,6.91,57.45,65.89,12.67
Shillong,15-12-2022,5,881.2,0,41.47,20.92,11.92,64.33,71.47,24.07
Shillong,16-12-2022,5,667.57,0.01,23.99,21.99,7.51,53.53,61.58,19.76
Shillong,17-12-2022,4,660.9,0.01,13.88,22.89,3.64,38.76,42.74,3.36
Shillong,18-12-2022,4,554.08,0,10.2,33.26,3.16,43.52,47.71,6.14
Shillong,19-12-2022,4,433.92,0.01,7.37,24.32,0.89,30.24,33.52,1.96
Shillong,20-12-2022,4,567.44,0.01,15.59,20.92,2.29,26.72,31.24,3.93
Shillong,21-12-2022,5,974.66,0,43.18,20.38,12.76,55.1,61.41,25.84
Shillong,22-12-2022,4,680.92,0,22.62,21.64,3.81,41.72,47.27,6.02
Shillong,23-12-2022,4,674.25,0,24.33,24.32,4.65,48.24,55.1,11.65
Shillong,24-12-2022,4,934.6,0.01,18.34,19.85,1.79,57.04,61.54,1.93
Shillong,25-12-2022,3,433.92,0,6.25,34.69,0.75,41.46,44.87,1.31
Shillong,26-12-2022,5,480.65,0,1.23,113.01,5.9,107.88,111.76,0
Shillong,27-12-2022,5,514.03,0,1.17,121.59,9.3,85.82,89.22,0
Shillong,28-12-2022,4,540.73,0,3.34,86.55,2.21,69.07,72.26,0.62
Shillong,29-12-2022,5,1001.36,0,32.9,60.08,15.14,138.11,146.28,20.27
Shillong,30-12-2022,5,821.11,0,21.25,37.19,4.71,75.91,80.91,5.83
Shillong,31-12-2022,4,694.27,0,27.42,35.05,4.11,72.19,78.78,6.46
Shillong,01-01-2023,4,680.92,0,20.73,29.68,5.48,52.09,56.2,11.27
Shillong,02-01-2023,3,747.68,0,18.85,20.21,1.86,46.41,50.7,2.47
Shillong,03-01-2023,3,614.17,0,14.91,33.97,3.19,38.03,42.48,5.26
Shillong,04-01-2023,4,801.09,0,18.16,34.33,5.42,55.92,61.21,5.51
Shillong,05-01-2023,4,727.65,0,15.59,38.98,4.53,52.73,58.35,5.7
Shillong,06-01-2023,2,427.25,0,8.05,48.64,2.03,24.35,26.62,4.12
Shillong,07-01-2023,3,634.19,0,12,35.76,1.73,41.04,44.9,5.45
Shillong,08-01-2023,3,534.06,0,13.71,33.97,3.52,28.84,31.94,6.33
Shillong,09-01-2023,3,427.25,0,7.88,36.12,2.44,25.58,28.29,4.05
Shillong,10-01-2023,3,494,0,10.62,36.48,2.32,40.63,45.84,5.19
Shillong,11-01-2023,3,560.76,0,15.77,27.89,1.85,33.51,39.32,4.12
Shillong,12-01-2023,4,500.68,0,13.88,60.8,5.6,51.56,57.94,12.16
Shillong,13-01-2023,4,714.3,0,23.99,45.06,7.45,61.5,68.28,15.96
Shillong,14-01-2023,5,387.19,0,2.48,90.84,5.54,77.23,81.49,0.5
Shillong,15-01-2023,4,507.35,0,1.02,120.16,5.96,61.87,64.57,0.26
Shillong,16-01-2023,4,447.27,0,3.77,71.53,1.19,56.66,60.14,1.22
Shillong,17-01-2023,3,380.52,0,2.74,85.12,2.5,45.61,50.11,0.77
Shillong,18-01-2023,5,594.14,0,10.88,67.23,4.53,101.04,109.98,6.14
Shillong,19-01-2023,5,1148.22,0,42.5,35.05,13.95,101.05,110.38,22.04
Shillong,20-01-2023,5,847.82,0,19.71,38.98,2.41,97.77,104.77,1.8
Shillong,21-01-2023,4,574.11,0,16.96,35.76,1.55,54.21,60.69,4.88
Shillong,22-01-2023,4,453.95,0,6.94,41.48,0.63,53.43,58.17,3.04
Shillong,23-01-2023,4,554.08,0,12.51,32.9,1.04,67.32,73.48,2.5
Shillong,24-01-2023,5,747.68,0,19.02,37.19,4.05,127.46,136.41,8.04
Shillong,25-01-2023,5,720.98,0,17.99,42.92,2.71,93.67,102.03,6.9
Shillong,26-01-2023,4,640.87,0,16.45,28.61,1.88,72.31,80.37,3.86
Shillong,27-01-2023,5,514.03,0,8.83,35.76,0.77,81.02,87.54,1.3
Shillong,28-01-2023,5,707.63,0,16.96,35.76,2.03,106.63,115.77,4.05
Shillong,29-01-2023,4,707.63,0,12.85,25.03,1.56,73.42,79.1,2.06
Shillong,30-01-2023,4,667.57,0,13.54,30.4,1.89,69.34,74.16,4.18
Shillong,31-01-2023,4,620.84,0,12.85,47.92,4.41,55.03,60.36,6.97
Shillong,01-02-2023,4,640.87,0.02,25.02,14.48,5.07,52.24,62.36,11.65
Shillong,02-02-2023,4,567.44,0.01,16.62,20.74,3.07,64.02,73.14,9.75
Shillong,03-02-2023,5,847.82,0,9.94,58.65,2.53,120.83,128.51,3.01
Shillong,04-02-2023,5,787.73,0,8.57,67.95,3.93,119.38,126.84,3.77
Shillong,05-02-2023,5,847.82,0,15.59,52.93,5.36,140.03,149.47,16.47
Shillong,06-02-2023,5,814.44,0,13.71,70.1,5.36,126.9,134.48,17.99
Shillong,07-02-2023,5,647.54,0,3.86,98.71,1.53,162.82,170.77,1.73
Shillong,08-02-2023,5,387.19,0,1.33,127.32,6.79,83.75,95.76,1.76
Shillong,09-02-2023,5,447.27,0,3.47,94.41,4.53,88.77,96.42,0.6
Shillong,10-02-2023,5,574.11,0,7.2,68.66,2.09,120.48,131.88,1.12
Shillong,11-02-2023,5,514.03,0,4.71,83.68,1.52,98.64,108.49,1.71
Shillong,12-02-2023,5,387.19,0,1.46,121.59,5.72,92.42,108.4,1.73
Shillong,13-02-2023,5,433.92,0,1.82,121.59,6.2,96,112.17,2.88
Shillong,14-02-2023,5,580.79,0,8.57,82.25,4.35,81.33,94.85,5.38
Shillong,15-02-2023,4,614.17,0,10.62,57.22,3.07,62.57,69.87,2.79
Shillong,16-02-2023,4,567.44,0,8.74,69.38,4.53,63.68,70.68,3.77
Shillong,17-02-2023,5,781.06,0,13.19,41.13,2.47,82.5,91.1,2.18
Shillong,18-02-2023,5,907.9,0,26.73,46.49,15.97,79.02,86.45,18.75
Shillong,19-02-2023,5,540.73,0,9.42,66.52,3.99,75.58,82.75,7.41
Shillong,20-02-2023,5,654.22,0,17.31,53.64,7.51,83.31,89.92,15.58
Shillong,21-02-2023,5,947.95,0,31.87,25.03,7.75,138.36,149.58,17.48
Shillong,22-02-2023,3,453.95,0,1.18,135.9,5.3,38.99,41,0.4
Shillong,23-02-2023,5,440.6,0,1.61,128.75,8.34,91.35,97.64,1.12
Shillong,25-02-2023,5,640.87,0.04,9.6,49.35,4.35,76.73,85.92,7.73
Shillong,26-02-2023,4,594.14,0,9.25,45.78,2.74,57.54,64.56,4.56
Shillong,27-02-2023,3,377.18,0,5.31,53.64,0.86,49.08,56.79,2.69
Shillong,28-02-2023,5,487.33,0,5.31,94.41,3.34,85.97,94.86,4.12
Shillong,01-03-2023,5,647.54,0,14.05,40.77,2.29,95.23,107.31,5.89
Shillong,02-03-2023,5,660.9,0,10.97,43.99,1.94,92.6,104.56,2.85
Shillong,03-03-2023,4,674.25,0,14.74,52.93,5.72,70.43,80.03,11.65
Shillong,04-03-2023,4,827.79,0,16.79,38.98,5.54,67.63,77.28,4.94
Shillong,05-03-2023,4,567.44,0.01,4.93,57.22,4.11,66.24,74.55,8.04
Shillong,06-03-2023,4,547.41,0,6.51,26.82,0.95,70.82,79.27,2.37
Shillong,07-03-2023,5,547.41,0,2.14,120.16,3.34,103.87,112.4,4.12
Shillong,08-03-2023,4,460.62,0,7.37,49.35,1.4,57.06,65.14,3.17
Shillong,09-03-2023,4,580.79,0,7.97,45.42,1.21,65.83,73.57,4.5
Shillong,10-03-2023,3,467.3,0,5.57,61.51,1.52,41.44,44.99,3.7
Shillong,11-03-2023,3,390.53,0,5.57,53.64,0.94,35.58,39.83,4.5
Shillong,12-03-2023,5,567.44,0,3.98,87.98,1.77,89.54,96.83,6.84
Shillong,13-03-2023,3,487.33,0,3.08,89.41,2.53,42.03,44.4,4.37
Shillong,14-03-2023,3,473.98,0,9.17,60.08,3.07,28.2,32.38,7.92
Shillong,15-03-2023,4,527.38,0,3.73,100.14,1.88,52.16,53.85,1.65
Shillong,16-03-2023,4,580.79,0,6.6,52.21,1.07,64.99,68.85,1.47
Shillong,17-03-2023,4,694.27,0,12.51,32.19,2.95,60.68,67.09,6.97
Shillong,18-03-2023,3,741,0,19.36,29.33,6.62,35.4,42.44,16.97
Shillong,19-03-2023,2,680.92,0,11.48,20.74,3.93,24.7,29.43,10.51
Shillong,20-03-2023,2,514.03,0,4.5,27.54,0.91,16.14,18.15,2.15
Shillong,21-03-2023,2,594.14,0.01,7.2,14.48,1.25,10.83,14.09,1.74
Shillong,22-03-2023,2,540.73,0,4.37,45.42,1.22,16.12,18.37,1.23
Shillong,23-03-2023,3,614.17,0,1.52,110.15,2.62,36.05,36.85,0
Shillong,24-03-2023,5,654.22,0,1.69,123.02,4.29,86.87,89.73,0.79
Shillong,25-03-2023,5,694.27,0,6.77,40.41,1.24,91.34,97.49,1.09
Shillong,26-03-2023,4,580.79,0,2.06,101.57,3.49,67.02,69.95,0.45
Shillong,27-03-2023,4,540.73,0,0.93,145.91,7.99,50.68,53.41,0.49
Shillong,28-03-2023,4,467.3,0,1.56,105.86,2.86,65.85,70.49,0.9
Shillong,29-03-2023,5,527.38,0,2.4,121.59,3.76,88.95,97.79,1.93
Shillong,30-03-2023,5,540.73,0,3.04,95.84,2.24,86.86,90.44,0.83
Shillong,31-03-2023,3,547.41,0,5.31,62.94,1.82,46.52,50.35,0.97
Shillong,01-04-2023,5,1094.82,0,30.5,31.83,12.52,75.21,82.21,22.55
Shillong,02-04-2023,2,410.56,0,1.67,82.97,0.82,14.07,14.93,0.39
Shillong,03-04-2023,3,540.73,0,1.07,131.61,4.89,39.06,39.82,0.24
Shillong,04-04-2023,3,480.65,0,1.82,104.43,3.43,41.03,43.45,1.36
Shillong,05-04-2023,4,427.25,0,1.07,145.91,6.97,57.03,64.65,1.84
Shillong,06-04-2023,3,460.62,0,2.63,90.12,2.5,46.79,55.44,1.93
Shillong,07-04-2023,3,453.95,0,8.57,42.56,1.42,39.7,49.21,4.88
Shillong,08-04-2023,4,507.35,0,8.83,65.8,2.24,74.12,85.59,5
Shillong,09-04-2023,5,654.22,0,7.03,76.53,2.03,123.87,134.89,5.26
Shillong,10-04-2023,5,453.95,0,1.71,135.9,1.22,79.93,87.96,5.51
Shillong,11-04-2023,5,620.84,0,4.46,125.89,3.64,95.44,104.2,6.78
Shillong,12-04-2023,5,480.65,0,5.4,94.41,3.49,77.65,84.9,6.14
Shillong,13-04-2023,5,520.71,0,8.14,60.8,3.25,81.26,89.52,5.7
Shillong,14-04-2023,5,774.38,0,11.31,70.1,6.14,96.87,105.89,7.6
Shillong,15-04-2023,5,694.27,0,12.34,94.41,7.15,105.11,118.5,14.82
Shillong,16-04-2023,5,453.95,0,2.74,94.41,0.83,80.21,92.3,4.62
Shillong,17-04-2023,4,383.85,0,1.19,113.01,1.25,57.32,69.6,4.37
Shillong,18-04-2023,5,514.03,0,2.14,145.91,5.9,102.51,110.72,2.88
Shillong,19-04-2023,5,473.98,0,3,123.02,3.61,84.95,94.25,2.56
Shillong,20-04-2023,5,420.57,0,2.25,155.93,7.51,76.08,84.71,1.96
Shillong,21-04-2023,3,377.18,0,2.72,91.55,2.44,44.03,51.62,1.74
Shillong,22-04-2023,3,447.27,0,2.12,111.58,2.83,30.05,31.15,1.27
Shillong,23-04-2023,4,447.27,0,2.87,85.12,1.86,64.82,68.04,1.12
Shillong,24-04-2023,3,514.03,0,6.08,29.33,1.1,38.36,41.54,2.94
Shillong,25-04-2023,4,974.66,0,21.93,29.33,7.33,61.16,67.02,13.93
Shillong,26-04-2023,2,540.73,0.01,8.05,20.21,1.09,24.72,28.99,2.56
Shillong,27-04-2023,3,500.68,0,6.34,42.92,1.16,41.08,46.89,1.79
Shillong,28-04-2023,4,827.79,0,14.91,50.07,4.35,60.64,67.39,5.38
Shillong,29-04-2023,5,620.84,0,4.88,85.83,2.26,83.16,88.43,0.87
Shillong,30-04-2023,4,574.11,0,2.7,86.55,1.33,71.99,74.14,1.47
Shillong,01-05-2023,3,554.08,0,2.96,50.07,0.63,40.05,42.1,1.23
Shillong,02-05-2023,2,520.71,0,4.8,41.48,1.01,11.93,14.61,3.23
Shillong,03-05-2023,2,403.88,0,1.97,76.53,1.33,24.24,25.32,0.32
Shillong,04-05-2023,3,540.73,0,6.6,31.11,1.4,28.8,33.05,1.73
Shillong,05-05-2023,3,567.44,0,2.33,100.14,3.81,14.66,15.27,0.22
Shillong,06-05-2023,3,560.76,0,1.91,103,2.09,41.18,42.6,0.03
Shillong,07-05-2023,4,500.68,0,2.36,94.41,2.68,68.73,72.88,1.73
Shillong,08-05-2023,5,500.68,0,1.61,124.45,5.54,80.74,85.88,2.18
Shillong,09-05-2023,5,467.3,0,2.25,121.59,4.29,77.61,86.78,4.75
Shillong,10-05-2023,5,554.08,0,1.76,153.06,6.32,118.2,137.93,6.52
Shillong,11-05-2023,5,540.73,0,1.69,164.51,8.82,97.2,106.09,0.82
Shillong,12-05-2023,5,781.06,0,20.05,60.08,10.85,76.15,86.28,18.24
Shillong,13-05-2023,5,1028.06,0,19.36,19.31,3.37,75.65,81.56,5.7
Shillong,14-05-2023,3,600.81,0,6.68,20.92,2.21,39.35,42.82,3.64
Shillong,15-05-2023,2,280.38,0,1.71,80.82,0.57,8.94,9.32,1.01
Shillong,16-05-2023,2,310.42,0,2.1,82.97,1.59,11.19,11.95,1.08
Shillong,17-05-2023,2,337.12,0,3.13,62.94,1.51,7.89,8.85,0.51
Shillong,18-05-2023,1,277.04,0,2.46,34.69,1.03,2.94,3.65,0.53
Shillong,19-05-2023,2,297.07,0,2.48,65.09,1.34,1.93,2.45,0.44
Shillong,20-05-2023,1,303.75,0,3.3,51.5,1.83,3.61,4.54,0.41
Shillong,21-05-2023,2,303.75,0,1.56,74.39,1.36,9.62,11.99,0.61
Shillong,22-05-2023,2,367.16,0,4.16,39.7,1.22,12.78,15.16,2.41
Shillong,23-05-2023,2,407.22,0,4.71,35.41,1.07,22.26,28.71,0.93
Shillong,24-05-2023,3,487.33,0,6.94,19.49,1.16,34.57,42.58,2.34
Shillong,25-05-2023,2,440.6,0,7.71,17.17,1.49,17.9,22.98,4.62
Talcher,30-11-2020,5,507.36,1.52,14.74,177.38,113.49,100.75,113.45,1.85
Talcher,01-12-2020,5,881.2,0,14.4,21.99,2.41,125.4,142.46,6.33
Talcher,02-12-2020,5,974.66,0.02,24.68,12.7,3.19,129.48,155.62,15.83
Talcher,03-12-2020,5,1028.06,0.01,29.47,15.91,5.78,204.23,230.84,8.11
Talcher,04-12-2020,5,974.66,0.02,25.02,12.52,3.49,254.63,281.96,12.41
Talcher,05-12-2020,5,1028.06,0,23.99,20.03,3.49,265.19,293.76,12.54
Talcher,06-12-2020,5,961.3,0,22.62,31.83,10.25,227.15,250.46,22.29
Talcher,07-12-2020,5,847.82,0,14.74,25.39,1.34,218.13,238.95,9.63
Talcher,08-12-2020,5,841.14,0,17.14,23.25,9.06,174.82,201.6,21.28
Talcher,09-12-2020,5,727.65,0.01,11.82,17.52,2.47,141.09,160.45,11.4
Talcher,10-12-2020,5,921.25,0,13.88,35.76,7.87,181.47,202.5,11.4
Talcher,11-12-2020,5,1148.22,0,13.02,34.33,2.09,361.89,387.15,3.64
Talcher,12-12-2020,5,1094.82,0,7.28,67.23,3.87,355.32,376.02,3.07
Talcher,13-12-2020,5,821.11,0,8.14,27.9,1.68,254.87,275.06,11.91
Talcher,14-12-2020,5,974.66,0,7.11,69.38,2.86,291.73,306.57,3.86
Talcher,15-12-2020,5,961.3,0,6.68,82.97,6.32,259.55,272.94,3.96
Talcher,16-12-2020,5,680.92,0,6.86,70.1,7.03,111.02,121.43,7.54
Talcher,17-12-2020,5,781.06,0,7.97,52.21,5.31,192.48,206.49,6.08
Talcher,18-12-2020,5,988.01,0,17.14,33.26,6.8,242.33,260.17,5.95
Talcher,19-12-2020,5,674.25,0.01,9.94,19.31,1.43,107.91,119.58,9.75
Talcher,20-12-2020,5,747.68,0,10.37,23.25,2.06,136.88,153.85,10.13
Talcher,21-12-2020,4,520.71,0.02,9.77,16.81,1.61,48.48,58.23,12.54
Talcher,22-12-2020,5,714.3,0.01,15.59,19.85,3.99,78.92,97.13,21.03
Talcher,23-12-2020,5,1028.06,0,28.45,35.05,36.72,172.34,203.48,56.24
Talcher,24-12-2020,5,1001.36,0.01,17.48,14.13,3.07,171.51,194.86,18.49
Talcher,25-12-2020,5,1054.76,0,13.37,23.25,2.8,236.33,260.81,12.41
Talcher,26-12-2020,5,1001.36,0.01,12.51,16.81,3.87,233.63,262.99,16.09
Talcher,27-12-2020,5,947.95,0.02,13.37,13.23,2.65,203.83,226.53,18.49
Talcher,28-12-2020,5,934.6,0,11.31,60.08,12.16,224.2,239.95,6.97
Talcher,29-12-2020,5,847.82,0,9.34,65.09,15.97,210.81,227.97,8.11
Talcher,30-12-2020,5,834.47,0,9,55.08,5.48,174.98,189.81,6.59
Talcher,31-12-2020,5,827.79,0,10.45,35.76,4.11,166.16,181.83,10.89
Talcher,01-01-2021,5,867.84,0,9.94,42.92,2.35,187.31,202.43,7.98
Talcher,02-01-2021,5,921.25,0,14.22,22.89,5.36,182.03,202.04,10.13
Talcher,03-01-2021,5,867.84,0,12.17,23.96,2.8,182.87,199.95,8.87
Talcher,04-01-2021,5,827.79,0,9,47.21,4.29,167.86,181.42,10.51
Talcher,05-01-2021,5,854.49,0,7.97,70.81,6.14,188.85,202.86,9.12
Talcher,06-01-2021,5,974.66,0,8.14,54.36,3.28,252.08,271.52,5.45
Talcher,07-01-2021,5,1081.47,0,6.17,98.71,10.73,286.84,303.24,10.39
Talcher,08-01-2021,5,1348.5,0,47.3,15.91,50.55,346.45,381.07,44.08
Talcher,09-01-2021,5,841.14,0,8.4,62.94,7.09,196.75,209,10.13
Talcher,10-01-2021,5,700.95,0,5.06,73.67,3.04,183.21,192.8,6.65
Talcher,11-01-2021,5,634.19,0,9.94,31.83,3.16,117.11,125.27,10.13
Talcher,12-01-2021,5,767.71,0,9.77,48.64,8.82,173.19,187.65,10.13
Talcher,13-01-2021,5,821.11,0.04,21.42,8.58,2.8,134.79,153.46,8.99
Talcher,14-01-2021,5,807.76,0,13.37,43.27,7.87,130.31,145.01,10.39
Talcher,15-01-2021,5,761.03,0,11.82,27.54,5.96,126.46,145.41,19
Talcher,16-01-2021,5,741.01,0,15.42,21.46,6.44,117.02,135.25,24.32
Talcher,17-01-2021,5,687.6,0,14.91,19.49,7.99,99.33,116.88,19
Talcher,18-01-2021,5,961.3,0,4.71,85.12,4.83,245.44,258.6,3.01
Talcher,19-01-2021,5,801.09,0,6.43,77.96,2.27,176.92,187.99,3.17
Talcher,20-01-2021,5,700.95,0,5.31,67.95,1.27,117.88,126.14,3.01
Talcher,21-01-2021,5,614.17,0,7.71,38.27,3.87,141.29,152.7,10.01
Talcher,22-01-2021,5,554.09,0,7.88,38.62,4.23,58.72,70.19,12.16
Talcher,23-01-2021,5,827.79,0,19.54,23.25,8.46,156.02,181.03,16.72
Talcher,24-01-2021,5,774.38,0,10.03,34.33,1.57,163.1,178.94,4.56
Talcher,25-01-2021,5,540.73,0,6.94,43.27,1.4,78.41,87.38,2.85
Talcher,26-01-2021,5,580.79,0,8.82,43.27,3.99,64.69,75.4,4.02
Talcher,27-01-2021,5,794.41,0,8.48,67.23,10.13,143.78,154.1,2.91
Talcher,28-01-2021,5,934.6,0,2.57,130.18,7.99,265.42,284.19,2.25
Talcher,29-01-2021,5,1174.93,0,6.94,124.45,17.41,347.61,376.13,3.61
Talcher,30-01-2021,5,894.55,0,6.08,63.66,2.21,262.07,281.88,3.17
Talcher,31-01-2021,5,794.41,0,8.48,38.98,2.41,199.17,212.75,4.43
Talcher,01-02-2021,5,687.6,0,7.8,55.79,6.56,143.07,156.6,13.81
Talcher,02-02-2021,5,867.84,0,17.31,22.89,8.11,126.45,153.64,29.39
Talcher,03-02-2021,5,687.6,0,8.23,34.69,5.66,87.1,108.04,16.09
Talcher,04-02-2021,5,667.57,0,6.34,70.81,11.44,102.3,120.36,12.67
Talcher,05-02-2021,5,787.74,0,9.17,53.64,7.21,113.92,132.6,13.17
Talcher,06-02-2021,5,794.41,0,7.45,90.12,6.56,150.99,165,12.03
Talcher,07-02-2021,5,654.22,0,6.34,77.25,7.21,107.65,117.92,12.29
Talcher,08-02-2021,4,473.98,0,5.14,57.22,4.83,45.41,51.21,10.13
Talcher,09-02-2021,5,741.01,0,14.22,33.62,6.38,76.92,95.98,32.93
Talcher,10-02-2021,5,781.06,0,9.94,61.51,3.58,102.96,118.8,13.55
Talcher,11-02-2021,5,707.63,0,9,57.94,3.1,108.17,121.73,10.26
Talcher,12-02-2021,5,453.95,0,5.06,88.69,3.87,74.29,82.28,2.47
Talcher,13-02-2021,5,487.33,0,6.43,55.08,1.62,67.32,75.78,9.88
Talcher,14-02-2021,5,587.46,0,10.54,59.37,13.71,97.29,108.09,13.43
Talcher,15-02-2021,5,741.01,0,12,33.62,5.84,168.87,185.32,12.67
Talcher,16-02-2021,5,634.19,0,7.54,74.39,11.21,110.51,125.87,14.82
Talcher,17-02-2021,5,560.76,0,6.26,63.66,4.77,118.81,132.49,9.25
Talcher,18-02-2021,5,821.11,0,14.4,26.46,7.09,123.8,142.02,14.31
Talcher,19-02-2021,5,907.9,0,37.7,35.41,43.87,181.5,200.39,33.44
Talcher,20-02-2021,5,867.84,0,4.11,97.28,7.63,130.14,134.45,2.28
Talcher,21-02-2021,5,821.11,0,9.68,41.49,3.01,151.57,163.85,13.68
Talcher,22-02-2021,5,827.79,0,8.05,83.69,8.35,177.22,187.21,8.99
Talcher,23-02-2021,5,727.65,0,9.85,41.84,6.97,112.23,122.39,11.78
Talcher,24-02-2021,5,694.28,0,9.6,28.25,5.31,103.64,117.23,14.31
Talcher,25-02-2021,5,587.46,0,8.91,45.78,7.51,96.33,110.11,16.47
Talcher,26-02-2021,5,574.11,0,8.31,42.92,6.97,91.07,102.16,11.78
Talcher,27-02-2021,5,534.06,0,7.71,46.49,5.96,73.57,82.98,11.4
Talcher,28-02-2021,4,574.11,0.01,12,13.95,4.89,46.94,59.79,14.69
Talcher,01-03-2021,5,574.11,0,8.57,43.99,4.83,50.88,59.92,10.39
Talcher,02-03-2021,5,680.92,0,13.54,31.47,7.99,66.34,95.59,15.45
Talcher,03-03-2021,5,447.27,0,5.66,62.23,12.52,65.68,83.4,9.63
Talcher,04-03-2021,5,814.44,0,16.28,21.64,7.99,96.03,124.28,12.92
Talcher,05-03-2021,5,741.01,0,10.88,46.49,7.21,86.08,105.49,13.3
Talcher,06-03-2021,5,520.71,0,5.23,75.1,8.23,54.78,63.2,7.35
Talcher,07-03-2021,5,500.68,0,7.11,42.56,6.97,64.82,89.84,15.71
Talcher,08-03-2021,5,654.22,0,8.23,55.79,6.5,67.72,81.91,12.16
Talcher,09-03-2021,4,397.21,0,4.8,41.13,2.27,28.26,35.7,6.78
Talcher,10-03-2021,4,413.9,0,4.88,89.41,5.84,37.7,44.97,6.02
Talcher,11-03-2021,5,554.09,0,9,34.69,2.8,52.11,66.81,9.75
Talcher,12-03-2021,5,527.38,0,7.37,69.38,9.3,54.88,67.87,9.25
Talcher,13-03-2021,5,514.03,0,4.71,70.81,4.41,61.36,72.32,9.37
Talcher,14-03-2021,5,600.82,0,5.36,61.51,4.53,81.36,90.96,10.51
Talcher,15-03-2021,5,594.14,0,7.97,56.51,9.06,70.36,79.75,9.5
Talcher,16-03-2021,5,620.84,0,9.17,41.84,6.14,50.7,63.22,11.15
Talcher,17-03-2021,5,620.84,0,11.65,40.41,18.84,67.26,86.16,12.16
Talcher,18-03-2021,4,433.92,0,5.66,62.23,7.87,43.57,53.22,9.25
Talcher,19-03-2021,5,600.82,0,12,33.26,7.75,74.63,93.46,12.16
Talcher,20-03-2021,5,607.49,0,10.97,35.76,12.16,98.59,126.54,10.64
Talcher,21-03-2021,4,547.41,0,6.77,40.41,3.7,47.29,54.08,10.77
Talcher,22-03-2021,5,587.46,0,7.03,32.19,4.05,57.3,68.11,12.41
Talcher,23-03-2021,5,500.68,0,4.33,67.95,3.37,82.76,93.85,6.4
Talcher,24-03-2021,5,774.38,0,9.17,51.5,5.96,127.96,145.14,11.65
Talcher,25-03-2021,5,694.28,0,11.48,29.68,7.45,100.84,118.07,12.41
Talcher,26-03-2021,5,640.87,0,4.97,95.84,7.57,147.7,162.07,7.66
Talcher,27-03-2021,5,507.36,0,3.77,74.39,3.34,118.71,128.72,5.89
Talcher,28-03-2021,5,487.33,0,4.03,60.8,2.53,102.78,113.34,6.65
Talcher,29-03-2021,5,487.33,0,4.28,51.5,2.06,97.3,106.82,4.75
Talcher,30-03-2021,5,567.44,0,5.74,68.67,4.71,95.72,123.1,8.23
Talcher,31-03-2021,5,520.71,0,6.43,55.79,5.66,55.57,83.56,10.13
Talcher,01-04-2021,5,373.84,0,5.31,86.55,16.69,55.72,96.45,8.87
Talcher,02-04-2021,5,587.46,0,5.06,82.25,4.89,79.06,133.44,8.61
Talcher,03-04-2021,4,380.52,0,5.27,52.93,7.03,28.04,51.79,2
Talcher,04-04-2021,2,403.88,0,5.91,49.35,6.32,19.53,32.5,4.37
Talcher,05-04-2021,4,487.33,0,4.63,63.66,4.53,30.81,44.33,7.54
Talcher,06-04-2021,3,417.23,0,4.93,45.42,3.73,21.18,35.36,4.75
Talcher,07-04-2021,3,383.85,0,3.98,45.06,3.43,20.62,33.9,3.17
Talcher,08-04-2021,3,350.48,0,5.66,59.37,8.46,22.97,36.68,1.71
Talcher,09-04-2021,4,347.14,0,5.27,62.23,6.62,26.49,41.13,2.19
Talcher,10-04-2021,4,567.44,0,10.37,38.62,9.54,38.44,49.9,5.45
Talcher,11-04-2021,5,761.03,0,15.59,62.23,44.35,128.67,142.2,18.75
Talcher,12-04-2021,5,607.49,0,5.57,80.11,7.51,58.34,68.38,7.79
Talcher,13-04-2021,5,827.79,0,10.63,68.67,11.33,154.75,173.94,11.15
Talcher,14-04-2021,4,473.98,0,4.67,63.66,3.99,49.64,58.14,6.33
Talcher,15-04-2021,5,554.09,0,3.34,95.84,5.72,57.18,66.08,3.45
Talcher,16-04-2021,4,460.63,0,5.57,77.96,14.66,42.86,47.08,4.62
Talcher,17-04-2021,5,614.17,0,4.88,66.52,3.16,52.44,60.11,8.99
Talcher,18-04-2021,2,397.21,0,5.23,42.56,6.02,11.52,15.62,2.47
Talcher,19-04-2021,2,447.27,0,5.57,19.85,0.91,13.93,19.65,3.77
Talcher,20-04-2021,4,554.09,0,4.5,67.95,3.01,43.91,54.11,6.21
Talcher,21-04-2021,3,360.49,0,4.24,41.49,2.24,20.58,31.42,2.22
Talcher,22-04-2021,5,607.49,0,9.43,44.7,11.21,56.2,68.45,9.88
Talcher,23-04-2021,5,640.87,0,7.63,62.94,12.28,52.17,62.62,9.5
Talcher,24-04-2021,4,567.44,0,6.68,37.91,3.31,45.46,52.62,4.43
Talcher,25-04-2021,5,600.82,0,3.68,85.12,3.25,77.42,87.32,5.38
Talcher,26-04-2021,5,500.68,0,3.3,97.28,4.41,52.22,61.76,4.88
Talcher,27-04-2021,4,427.25,0,4.16,75.82,3.31,43.43,55.52,4.37
Talcher,28-04-2021,4,433.92,0,4.16,67.95,3.13,49.61,66.72,5.83
Talcher,29-04-2021,4,330.45,0,4.2,54.36,4.11,30.08,44.95,1.92
Talcher,30-04-2021,4,357.15,0,6.86,51.5,8.82,31.04,46.61,2.12
Talcher,01-05-2021,4,343.8,0,5.48,43.63,5.36,27.33,41.34,2.57
Talcher,02-05-2021,4,340.46,0,5.14,77.25,8.35,41.89,54.42,2.47
Talcher,03-05-2021,5,554.09,0,5.44,38.27,1.97,55.69,68.24,10.39
Talcher,04-05-2021,5,827.79,0.04,17.82,6.17,3.99,82.34,97.39,8.61
Talcher,05-05-2021,3,320.44,0,7.37,36.48,8.94,21.05,26.5,1.84
Talcher,06-05-2021,3,360.49,0,6,36.48,2.47,21.77,27.64,1.88
Talcher,07-05-2021,1,233.65,0,8.14,21.28,12.64,4.75,8.65,1.63
Talcher,08-05-2021,1,257.02,0.04,8.31,7.78,11.92,4.97,7.61,1.5
Talcher,09-05-2021,2,340.46,0,5.66,32.54,4.17,14.96,18.33,1.77
Talcher,10-05-2021,3,433.92,0,5.83,20.39,2.47,24.99,30.54,2.91
Talcher,11-05-2021,3,367.17,0,8.65,43.27,11.09,22.04,26.99,1.93
Talcher,12-05-2021,4,607.49,0,12.17,31.83,13.83,47.1,55.85,3.55
Talcher,13-05-2021,4,467.3,0,2.29,89.41,4.17,43.67,48.34,1.66
Talcher,14-05-2021,4,487.33,0,4.33,42.2,1.25,34.99,43.18,2.15
Talcher,15-05-2021,5,594.14,0,5.66,28.97,1.24,54.32,65.13,3.14
Talcher,16-05-2021,1,277.04,0,4.63,18.06,3.16,4.21,9.27,2.22
Talcher,17-05-2021,1,263.69,0,6.6,15.56,8.46,4.43,7.41,1.98
Talcher,18-05-2021,1,310.42,0,7.54,25.03,9.18,8.78,12.38,2.66
Talcher,19-05-2021,1,287.06,0,5.91,24.68,5.84,7.96,11.8,2.47
Talcher,20-05-2021,2,293.73,0,6.6,35.76,9.18,12.8,19,2.69
Talcher,21-05-2021,1,273.71,0,8.82,31.47,13.23,9.22,16.01,3.01
Talcher,22-05-2021,4,447.27,0,4.46,71.53,4.89,42.3,45.94,1.5
Talcher,23-05-2021,5,433.92,0,5.4,72.24,7.51,63.65,67.68,1.14
Talcher,24-05-2021,5,620.84,0,4.33,42.2,2.65,96.29,111.24,6.97
Talcher,25-05-2021,5,734.33,0,2.49,104.43,15.26,80.85,85.14,3.26
Talcher,26-05-2021,5,694.28,0,8.31,98.71,19.55,93.96,94.46,0.3
Talcher,27-05-2021,2,407.22,0,14.57,35.76,26.94,13.32,13.57,0.19
Talcher,28-05-2021,5,667.57,0,5.18,32.9,1.82,75.48,80.4,5.83
Talcher,29-05-2021,5,310.42,0,4.28,65.8,5.54,51.9,89.16,1.22
Talcher,30-05-2021,4,283.72,0,4.2,58.65,5.54,30.73,47.58,1.49
Talcher,31-05-2021,5,377.18,0,3.86,63.66,3.87,62.88,76.09,1.57
Talcher,01-06-2021,5,660.9,0,6,19.67,1.4,70.74,90.09,3.61
Talcher,02-06-2021,5,827.79,0.01,8.82,13.41,1.54,58.75,76.43,4.94
Talcher,03-06-2021,4,534.06,0,4.58,47.21,2.12,48.11,54.1,2.19
Talcher,04-06-2021,5,574.11,0,5.1,31.83,1.62,66.69,73.27,2.41
Talcher,05-06-2021,4,620.84,0,6.34,17.17,1.03,30.24,34.78,2.31
Talcher,06-06-2021,4,494,0,4.41,47.21,2.35,37.5,42.76,2.95
Talcher,07-06-2021,2,520.71,0,5.44,20.56,1,19.72,24.58,5.13
Talcher,08-06-2021,2,367.17,0,2.7,40.77,1.73,17.65,19.89,5.51
Talcher,09-06-2021,4,427.25,0,4.2,41.49,1.86,34.47,37.86,2.91
Talcher,10-06-2021,3,467.3,0,16.45,15.74,32.42,20.64,23.03,1.27
Talcher,11-06-2021,2,393.87,4.08,24.33,0.13,44.82,17.78,19.81,0.42
Talcher,12-06-2021,5,500.68,0,4.8,56.51,6.56,56.66,58.15,0.86
Talcher,13-06-2021,4,494,0,6,26.11,8.46,37.85,38.94,1.06
Talcher,14-06-2021,2,387.19,0,6.86,9.92,9.3,15.34,16.54,1.38
Talcher,15-06-2021,2,310.42,0,4.93,24.32,4.77,11.25,13.35,1.74
Talcher,16-06-2021,2,370.5,0,5.91,13.59,4.59,11.48,13.66,1.62
Talcher,17-06-2021,2,310.42,0,6.08,20.39,8.23,10.9,11.89,1.24
Talcher,18-06-2021,1,460.63,0,5.57,10.73,2.89,9.58,12.12,1.66
Talcher,19-06-2021,1,370.5,0,5.23,15.02,5.36,9.31,10.48,1.11
Talcher,20-06-2021,2,467.3,0.02,4.88,7.24,0.88,12.1,16.6,2.5
Talcher,21-06-2021,2,347.14,0,4.2,13.95,0.78,11.99,15.43,2.38
Talcher,22-06-2021,4,507.36,0.22,7.71,2.46,1.03,28.22,40.55,4.62
Talcher,23-06-2021,4,540.73,0.01,10.97,12.16,5.84,47.87,56.55,3.71
Talcher,24-06-2021,4,494,0.01,7.37,7.15,4.11,25.14,29.67,2.25
Talcher,25-06-2021,2,367.17,0,4.67,19.85,1.16,18.94,22.73,2.88
Talcher,26-06-2021,2,447.27,0,8.91,25.75,10.37,19.98,23.16,1.25
Talcher,27-06-2021,5,527.38,0,4.33,38.62,1.58,68.06,73.01,2.44
Talcher,28-06-2021,2,277.04,0,3.94,47.21,4.83,15.89,18.87,1.36
Talcher,29-06-2021,2,323.77,0,9.25,52.21,14.54,18.63,22.42,1.55
Talcher,30-06-2021,5,447.27,0,6.43,67.23,9.18,53.34,58.83,1.5
Talcher,01-07-2021,2,440.6,0,5.14,18.24,1.21,13.08,17.38,3.17
Talcher,02-07-2021,4,500.68,0.02,5.74,9.66,1.1,25.11,31.6,3.29
Talcher,03-07-2021,2,400.54,0,4.88,14.13,3.25,13.06,14.98,2.03
Talcher,04-07-2021,2,310.42,0,3.81,17.35,1.06,14.75,16.95,1.87
Talcher,05-07-2021,4,453.95,0.01,9.08,8.58,3.31,33.46,38.01,2.69
Talcher,06-07-2021,4,514.03,0.82,6.94,0.63,0.95,26.95,35.84,4.88
Talcher,07-07-2021,3,520.71,0.01,6,15.2,1.16,21.74,27.45,2.53
Talcher,08-07-2021,4,360.49,0,30.16,6.88,51.5,45.21,47.82,0
Talcher,09-07-2021,3,480.65,0.21,8.48,1.74,2.47,21.8,27.5,3.58
Talcher,10-07-2021,4,640.87,0,6,22.53,1.12,32.62,36.88,1.92
Talcher,11-07-2021,5,527.38,0,5.57,51.5,6.56,61.17,62.76,0.96
Talcher,12-07-2021,3,367.17,0,4.97,41.13,4.71,24.75,26.16,1.05
Talcher,13-07-2021,2,330.45,0,6.86,22.89,4.77,14.96,17.36,1.3
Talcher,14-07-2021,2,347.14,0,8.23,32.9,6.5,12.07,15.28,1.14
Talcher,15-07-2021,3,323.77,0,6.68,55.79,8.82,20.66,24.28,1.12
Talcher,16-07-2021,2,273.71,0,6.26,36.48,8.7,12.83,18.04,1.41
Talcher,17-07-2021,2,297.07,0,7.11,47.21,10.25,17.67,21.57,1.41
Talcher,18-07-2021,4,307.08,0,6.26,55.79,9.06,25.43,28.26,1.5
Talcher,19-07-2021,4,340.46,0,6.26,43.99,7.21,27.19,29.98,1.47
Talcher,20-07-2021,4,560.76,0.01,6.17,16.99,1.74,29.86,35.89,3.07
Talcher,21-07-2021,2,343.8,0,11.14,21.82,19.55,17.9,18.81,0.81
Talcher,22-07-2021,2,353.81,0,10.45,12.16,11.56,19.79,21.07,1.27
Talcher,23-07-2021,4,514.03,0,4.76,18.24,7.03,28.47,30.23,1.22
Talcher,24-07-2021,3,507.36,0,10.2,23.96,12.28,21.13,21.83,0.8
Talcher,25-07-2021,2,494,0.04,7.37,4.92,1.89,16.09,22.3,2.69
Talcher,26-07-2021,1,360.49,0,4.07,11.98,1.65,7.62,9.71,1.54
Talcher,27-07-2021,1,327.11,0,4.2,16.09,2.62,7.31,9.72,3.58
Talcher,28-07-2021,2,280.38,0,12.17,24.32,23.37,13.6,14.01,0.44
Talcher,29-07-2021,2,297.07,0,11.82,26.46,23.13,11.5,11.99,0.39
Talcher,30-07-2021,2,303.75,0.01,11.65,21.46,23.13,12.3,12.67,0.39
Talcher,31-07-2021,2,290.39,0,9.85,20.56,14.19,14.96,15.45,0.64
Talcher,01-08-2021,2,337.12,0,4.46,17.7,1.67,10.16,12.61,2.06
Talcher,02-08-2021,1,343.8,0.06,4.5,6.35,0.63,9.28,13.28,2.63
Talcher,03-08-2021,2,313.76,0,4.2,25.03,2.68,11.6,13.98,1.69
Talcher,04-08-2021,2,297.07,0,8.65,22.53,11.33,12.2,13.37,1.41
Talcher,05-08-2021,3,410.56,0.01,5.57,10.73,1.67,22.05,25.98,2.09
Talcher,06-08-2021,2,300.41,0,5.1,22.89,3.93,13.56,15.25,1.62
Talcher,07-08-2021,2,507.36,0.05,6.77,6.44,1.06,19.43,26.35,3.42
Talcher,08-08-2021,4,427.25,0.01,9.6,9.66,5.9,33.19,36.16,1.65
Talcher,09-08-2021,3,467.3,0.02,7.28,6.71,1.58,21.83,27.85,2
Talcher,10-08-2021,4,680.92,0.5,7.63,1.13,1.01,35.37,46.94,4.12
Talcher,11-08-2021,2,323.77,0,7.03,33.98,9.18,13.41,14.66,1.41
Talcher,12-08-2021,2,373.84,0,15.59,18.42,31.95,14.87,16.03,0.54
Talcher,13-08-2021,4,567.44,0.13,8.65,3.17,1.71,35.99,43.96,3.14
Talcher,14-08-2021,5,600.82,0.8,18.34,0.67,3.07,66.05,73.32,2.44
Talcher,15-08-2021,4,554.09,0,10.11,34.33,17.88,26.69,28.42,0.66
Talcher,16-08-2021,5,500.68,0,5.83,58.65,13.11,78.68,80.66,0.21
Talcher,17-08-2021,2,373.84,0,3.64,27.54,2.12,14.12,16.46,1.63
Talcher,18-08-2021,4,540.73,1.65,26.05,0.39,32.9,32.08,34.73,0.09
Talcher,19-08-2021,4,567.44,0.01,10.03,11.8,4.65,30.52,33.3,1.82
Talcher,20-08-2021,4,380.52,0,5.36,44.35,5.19,32.95,34.88,1.17
Talcher,21-08-2021,4,320.44,0,5.14,51.5,6.91,25.21,28.37,1.2
Talcher,22-08-2021,2,280.38,0,5.31,30.04,4.47,14.22,16.97,1.65
Talcher,23-08-2021,4,330.45,0,7.2,59.37,11.21,35.21,39.25,1.27
Talcher,24-08-2021,4,607.49,0.05,10.54,8.32,7.09,34.91,42.02,2.28
Talcher,25-08-2021,2,387.19,0.01,4.28,15.2,0.95,10.16,14.01,2.15
Talcher,26-08-2021,2,377.18,0,5.74,21.99,4.65,13.96,16.14,1.6
Talcher,27-08-2021,4,574.11,1.48,7.71,0.22,1.12,33.64,43.21,4.81
Talcher,28-08-2021,5,594.14,0,21.25,10.37,7.99,91.79,94.45,0
Talcher,29-08-2021,2,410.56,0,4.16,33.98,3.43,14.36,15.45,1.09
Talcher,30-08-2021,2,370.5,0,7.37,31.83,5.42,19.35,22.21,1.16
Talcher,31-08-2021,2,363.83,0,9.85,24.32,7.33,17.12,20.39,1.28
Talcher,01-09-2021,1,293.73,0,9.25,13.41,5.25,8.55,13.22,1.68
Talcher,02-09-2021,2,327.11,0,5.48,21.1,2.77,14.22,18.18,1.92
Talcher,03-09-2021,2,350.48,0,6.6,26.11,4.77,17.34,21.89,2.03
Talcher,04-09-2021,1,267.03,0,7.54,17.88,7.87,8.48,12.09,1.77
Talcher,05-09-2021,5,357.15,0,4.11,33.98,3.55,74.71,77.52,1.95
Talcher,06-09-2021,1,277.04,0,4.41,18.06,2.06,9.2,10.79,1.55
Talcher,07-09-2021,1,287.06,0,6,19.85,3.87,5.81,6.97,0.76
Talcher,08-09-2021,2,333.79,0,8.23,27.18,6.5,14.88,17.81,1.12
Talcher,09-09-2021,4,413.9,0,5.36,16.99,1.4,40.56,46.28,2.47
Talcher,10-09-2021,4,447.27,2.82,10.45,1.13,1.94,25.82,32.69,2.72
Talcher,11-09-2021,5,453.95,0,16.97,17.7,13.95,76.96,80.11,0.68
Talcher,12-09-2021,4,580.79,0.03,5.01,8.14,1.76,34.1,36.9,2.79
Talcher,13-09-2021,5,647.54,0,11.82,55.79,34.33,61.64,62.5,0
Talcher,14-09-2021,2,337.12,0,7.37,34.33,12.99,12.75,13.24,0.5
Talcher,15-09-2021,4,370.5,0,10.63,13.95,5.78,25.79,27.8,1.08
Talcher,16-09-2021,4,407.22,0,6.43,22.71,2.71,34.83,37.75,1.46
Talcher,17-09-2021,5,534.06,0.06,12,5.41,1.49,59.79,66.39,1.87
Talcher,18-09-2021,4,514.03,0.66,14.22,2.95,5.13,26.84,30.69,1.39
Talcher,19-09-2021,2,547.41,0.09,6.08,3.49,1.15,17.84,24.03,3.04
Talcher,20-09-2021,2,377.18,0,3.77,15.56,3.22,17.84,19.52,1.46
Talcher,21-09-2021,4,560.76,0.28,11.48,1.35,3.87,40.68,44.02,3.2
Talcher,22-09-2021,3,540.73,0,6.51,13.59,7.99,24.45,25.73,0.91
Talcher,23-09-2021,4,547.41,0,8.57,10.46,2.41,36.07,39.67,1.44
Talcher,24-09-2021,4,447.27,0,6.17,37.55,4.17,39.49,44.01,1.36
Talcher,25-09-2021,4,467.3,0.01,5.23,18.77,1.06,33.45,39.01,2.47
Talcher,26-09-2021,4,487.33,0.11,6.34,5.81,1.48,29.94,37.26,10.13
Talcher,27-09-2021,2,330.45,0,2.36,47.92,2.15,12.81,14.45,0.82
Talcher,28-09-2021,4,460.63,0,6.34,40.77,6.26,25.88,29.54,1.22
Talcher,29-09-2021,2,373.84,0.01,4.97,13.05,1.55,13.4,17.69,2.15
Talcher,30-09-2021,4,433.92,0,5.4,25.39,2.35,46.72,50.97,1.76
Talcher,01-10-2021,1,310.42,0,5.48,18.24,5.01,8.71,12.68,1.55
Talcher,02-10-2021,1,287.06,0.01,9.08,13.77,11.33,6.9,10.15,1.36
Talcher,03-10-2021,2,410.56,0.01,9,7.15,4.47,13.5,17.09,1.71
Talcher,04-10-2021,4,534.06,0,5.83,18.24,2.62,28.99,34.02,2.57
Talcher,05-10-2021,4,494,0.01,6.26,11.8,2.09,27.56,33.21,2.5
Talcher,06-10-2021,2,363.83,0,5.1,14.31,1.61,11.65,16.36,1.87
Talcher,07-10-2021,1,380.52,0.01,6.08,13.77,1.82,8.59,13.83,2.15
Talcher,08-10-2021,5,500.68,0,6.94,27.18,2,72.07,82.65,2.57
Talcher,09-10-2021,5,734.33,0.01,8.23,10.46,1.43,180.21,198.14,3.07
Talcher,10-10-2021,5,814.44,0,11.48,14.31,5.01,258,275.76,7.09
Talcher,11-10-2021,5,727.65,0,8.91,15.2,3.07,161.66,175.66,3.55
Talcher,12-10-2021,5,921.25,0.01,9.34,14.31,4.11,185.12,201.75,3.52
Talcher,13-10-2021,5,1054.76,0,12.34,15.91,5.54,244.64,264.28,3.71
Talcher,14-10-2021,5,821.11,0.02,10.03,9.39,1.46,136.55,153.29,5.45
Talcher,15-10-2021,5,974.66,0,6,17.88,2.12,98.12,104.29,7.73
Talcher,16-10-2021,4,674.25,0.03,5.74,8.85,1.3,49.09,56.09,3.55
Talcher,17-10-2021,2,397.21,0,6.68,11.98,4.35,13.34,15.72,1.41
Talcher,18-10-2021,2,540.73,0.06,5.44,4.78,2.21,16.96,20.92,4.69
Talcher,19-10-2021,4,694.28,0.01,5.74,11.36,1.58,31.87,35.58,1.95
Talcher,20-10-2021,2,447.27,0.02,6.6,9.57,2.44,18.24,21.65,2.6
Talcher,21-10-2021,5,754.36,0.01,5.27,15.56,0.86,75.22,84.18,3.01
Talcher,22-10-2021,5,600.82,0,5.57,20.39,1.85,104.61,114.69,2.91
Talcher,23-10-2021,5,554.09,0,7.2,16.81,1.91,81.82,111.18,9.5
Talcher,24-10-2021,5,647.54,0.01,14.4,8.94,5.25,101.88,142.03,35.97
Talcher,25-10-2021,5,627.52,0.03,10.63,8.05,2.27,96.5,139.2,14.31
Talcher,26-10-2021,5,700.95,0.03,14.22,7.78,3.87,91.01,120.71,18.49
Talcher,27-10-2021,5,761.03,0,5.1,37.19,1.91,208.76,222.25,3.1
Talcher,28-10-2021,5,947.95,0,4.93,36.12,2.21,216.83,225.84,2.22
Talcher,29-10-2021,5,827.79,0,6,21.99,1.89,156.25,169.16,6.46
Talcher,30-10-2021,5,774.38,0,7.54,23.96,1.58,135.72,149.09,5.89
Talcher,31-10-2021,5,674.25,0,5.44,37.19,2.12,127.03,138.07,3.61
Talcher,01-11-2021,5,580.79,0,5.18,48.64,4.41,135.4,146.99,3.67
Talcher,02-11-2021,5,640.87,0,6.43,38.62,2.12,108.42,119.41,2.98
Talcher,03-11-2021,5,700.95,0,6.85,58.65,7.63,155.79,162.18,2.12
Talcher,04-11-2021,5,821.11,0,8.05,37.91,2.29,211.55,225.25,2.85
Talcher,05-11-2021,5,881.2,0,7.8,42.56,2.26,203,218.73,2.53
Talcher,06-11-2021,5,881.2,0,8.74,17.34,1.7,234.94,258.38,7.22
Talcher,07-11-2021,5,714.3,0.01,7.54,15.56,1.58,194.16,213.19,6.65
Talcher,08-11-2021,5,620.84,0.03,6.94,10.91,1.09,115.59,132.38,5.7
Talcher,09-11-2021,5,807.76,0.04,10.2,8.94,1.58,163.12,187.35,6.46
Talcher,10-11-2021,5,947.95,0.01,10.54,13.59,2.18,183.73,207.88,6.52
Talcher,11-11-2021,5,841.14,0,6.08,59.37,4.95,181.4,196.29,5.13
Talcher,12-11-2021,5,801.09,0,2.91,145.91,14.31,259.47,273.43,1.58
Talcher,13-11-2021,4,507.35,0,5.65,23.6,3.04,41.61,45.01,1.77
Talcher,14-11-2021,4,540.73,0,7.45,21.46,5.84,38.92,40.7,1.38
Talcher,15-11-2021,5,754.36,0,6.77,27.18,6.79,51.28,53.14,1.39
Talcher,16-11-2021,4,607.49,0,5.48,20.92,5.3,25.42,28.03,1.41
Talcher,17-11-2021,5,620.84,0,5.18,26.46,1.42,92.12,100.77,3.64
Talcher,18-11-2021,5,774.38,0.03,7.2,13.23,1.16,222.63,239.04,4.43
Talcher,19-11-2021,5,674.25,0,6.34,29.33,1.55,150.38,165.4,3.32
Talcher,20-11-2021,5,667.57,0,4.93,62.23,3.99,183.97,196.7,2.47
Talcher,21-11-2021,5,667.57,0,5.74,30.04,1.07,118.92,125.3,2.28
Talcher,22-11-2021,5,540.73,0,4.67,26.11,1.65,65.99,69.89,2.88
Talcher,23-11-2021,5,787.73,0.17,12.68,2.66,1.82,79.19,87.43,4.18
Talcher,24-11-2021,5,720.98,0,5.27,46.49,2.98,163.15,177.1,1.8
Talcher,25-11-2021,5,961.3,0,6,32.54,1.73,234.57,247.56,2.63
Talcher,26-11-2021,5,1121.52,0,7.71,49.35,4.65,344.17,363.13,2.18
Talcher,27-11-2021,5,934.6,0,4.84,43.27,2.56,262.01,277.58,2.18
Talcher,28-11-2021,5,827.79,0.01,6.25,16.09,1.22,198.31,214.34,6.59
Talcher,29-11-2021,5,720.98,0.01,8.48,16.81,2.21,130.5,145.52,14.69
Talcher,30-11-2021,5,814.44,0.03,10.28,11.8,1.27,165.66,183.28,6.02
Talcher,01-12-2021,5,854.49,0.02,8.4,12.87,1.04,196.52,213.91,5.32
Talcher,02-12-2021,5,1028.06,0.06,15.08,8.67,2.44,223.83,248.93,7.54
Talcher,03-12-2021,5,881.2,0.12,9.25,6.53,0.81,187.55,209.47,3.74
Talcher,04-12-2021,5,761.03,0.01,7.88,14.84,1.15,158.93,170.76,2.63
Talcher,05-12-2021,5,554.08,0,2.74,34.33,1.13,66.14,67.54,1.36
Talcher,06-12-2021,2,614.17,0,17.14,14.31,8.58,18.93,19.47,0.7
Talcher,07-12-2021,5,814.44,1.36,8.57,0.59,1.06,81.03,98.96,5.19
Talcher,08-12-2021,5,774.38,0.3,6.6,2.79,1,140.49,157.72,4.81
Talcher,09-12-2021,5,594.14,0.01,6,19.85,1.59,104.53,116.06,2.82
Talcher,10-12-2021,5,567.44,0,4.37,26.82,1.39,65.31,70.04,2.44
Talcher,11-12-2021,5,834.47,0.2,11.31,4.47,1.46,100.82,120.69,9.25
Talcher,12-12-2021,5,540.73,0,5.44,25.39,1.13,73.7,80.47,3.48
Talcher,13-12-2021,5,774.38,0,4.71,52.93,3.07,188.61,199.64,3.51
Talcher,14-12-2021,5,854.49,0.1,8.83,7.06,1.12,181.31,204.76,5.26
Talcher,15-12-2021,5,881.2,0.13,12.51,5.81,3.58,252.71,278.73,11.15
Talcher,16-12-2021,5,921.25,0,17.31,20.38,5.78,217.46,240.66,29.39
Talcher,17-12-2021,5,687.6,0.13,10.62,6.71,1.07,97.31,112.84,5.26
Talcher,18-12-2021,5,767.71,0.01,13.88,19.31,3.22,117.24,134.29,11.65
Talcher,19-12-2021,5,654.22,0.03,7.97,11.09,0.81,134.35,145.45,3.67
Talcher,20-12-2021,5,727.65,0.03,9.77,10.19,0.76,119.98,134.16,4.12
Talcher,21-12-2021,5,640.87,0.02,11.14,15.2,1.03,61.1,73.41,7.85
Talcher,22-12-2021,5,687.6,0.01,11.82,20.74,1.83,90.88,104.21,9.88
Talcher,23-12-2021,5,827.79,0.01,21.93,13.95,9.89,103.93,125.2,41.54
Talcher,24-12-2021,5,881.2,0.04,20.91,9.83,6.02,146.77,175.71,14.57
Talcher,25-12-2021,5,894.55,0.01,12,20.21,2.56,194.34,217.85,3.64
Talcher,26-12-2021,5,527.38,0,4.37,50.78,0.95,116.26,124.39,1.77
Talcher,27-12-2021,5,580.79,0,5.74,28.97,0.95,106.87,114.46,2.12
Talcher,28-12-2021,5,674.25,0,7.2,36.12,2.41,120.05,128.49,1.73
Talcher,29-12-2021,5,634.19,0,4.93,57.94,3.46,105.14,111.19,1.65
Talcher,30-12-2021,5,674.25,0.01,39.07,16.09,56.74,183.09,193.65,0.02
Talcher,31-12-2021,5,687.6,0.04,6.34,9.12,0.89,74.33,84.53,3.23
Talcher,01-01-2022,5,881.2,0.05,9.94,8.85,2.21,138.13,154.99,12.54
Talcher,02-01-2022,5,674.25,0,5.57,28.97,0.94,107.15,114.72,2.94
Talcher,03-01-2022,5,774.38,0.02,10.45,15.02,1.8,123.4,138.57,11.15
Talcher,04-01-2022,5,827.79,0.03,16.28,10.46,4.59,151.49,177.65,15.96
Talcher,05-01-2022,5,934.6,0.01,9.6,15.56,2.15,177.3,200.41,5.32
Talcher,06-01-2022,5,988.01,0,13.37,22.89,3.34,261.39,293.59,8.04
Talcher,07-01-2022,5,934.6,0,8.57,37.19,2.15,238.04,257.24,3.86
Talcher,08-01-2022,5,1001.36,0,8.23,23.25,1.53,267.33,286.94,3.64
Talcher,09-01-2022,5,807.76,0,7.54,36.12,3.31,204.96,218.74,2.91
Talcher,10-01-2022,5,727.65,0,9.17,37.19,1.25,97.09,107.07,2.98
Talcher,11-01-2022,5,694.27,0.01,7.71,13.95,1.06,89.38,101.88,4.24
Talcher,12-01-2022,5,547.41,0,6,49.35,12.4,74.67,77.2,0.9
Talcher,13-01-2022,5,794.41,0.01,51.41,10.01,48.16,153.56,156.44,0
Talcher,14-01-2022,5,827.79,0,10.37,21.46,2.53,69.6,73.62,2.03
Talcher,15-01-2022,5,1001.36,0,6.68,27.18,2.89,129.41,133.13,5.38
Talcher,16-01-2022,5,741,0.14,5.23,5.19,0.58,68.15,78.63,4.18
Talcher,17-01-2022,5,881.2,0.12,6.94,6.35,1.01,181.51,199.21,7.66
Talcher,18-01-2022,5,867.84,0.01,7.45,17.7,1.12,187.92,202.71,2.69
Talcher,19-01-2022,5,801.09,0.03,10.2,12.16,2.41,157.76,174.3,10.51
Talcher,20-01-2022,5,867.84,0.03,13.19,11.8,2.47,228.52,252.28,6.46
Talcher,21-01-2022,5,934.6,0.14,22.28,5.36,3.13,219.5,248.06,6.14
Talcher,22-01-2022,5,747.68,0,4.58,64.37,2.74,199.6,208.84,2.47
Talcher,23-01-2022,5,801.09,0.01,13.19,15.2,5.42,182.83,199.21,4.05
Talcher,24-01-2022,5,600.81,0.75,5.91,1.42,0.73,76.59,82.73,4.43
Talcher,25-01-2022,5,687.6,0.03,13.19,12.16,1.74,81.25,104.26,8.49
Talcher,26-01-2022,5,734.33,0.03,9.34,13.59,1.42,131.6,149.04,4.81
Talcher,27-01-2022,5,567.44,0,6,44.35,2.03,86.13,96.93,3.48
Talcher,28-01-2022,5,594.14,0.01,9.77,17.88,1.06,52.11,61.61,6.02
Talcher,29-01-2022,5,640.87,0.02,10.54,16.27,0.95,64.45,75.89,4.24
Talcher,30-01-2022,5,640.87,0.03,10.2,12.7,1.12,84.56,96.03,9.63
Talcher,31-01-2022,5,660.9,0,15.42,31.47,10.25,87.75,105.22,39.01
Talcher,01-02-2022,5,821.11,0.02,17.99,13.05,2.18,97.46,117.31,10.51
Talcher,02-02-2022,5,961.3,0,25.02,27.89,14.42,140.17,167.43,45.6
Talcher,03-02-2022,5,974.66,0,19.71,20.21,2.15,107.2,129.23,8.87
Talcher,04-02-2022,4,287.06,0,7.03,68.66,12.87,32.24,38.64,0.92
Talcher,05-02-2022,5,794.41,0.06,19.36,7.96,5.07,57.37,68.94,31.66
Talcher,06-02-2022,4,660.9,0.02,13.54,8.85,1.79,42.88,58.16,19.51
Talcher,07-02-2022,5,787.73,0,16.62,22.17,4.59,107.97,135.24,20.77
Talcher,08-02-2022,5,961.3,0,25.36,28.97,8.34,185.72,212.77,13.3
Talcher,09-02-2022,5,814.44,0,10.88,47.92,4.17,137.61,157.8,3.7
Talcher,10-02-2022,5,420.57,0,4.37,100.14,4.23,82.56,91.7,1.41
Talcher,11-02-2022,5,814.44,0.02,14.91,9.83,1.48,100.47,119.27,7.6
Talcher,12-02-2022,5,634.19,0,8.23,56.51,3.67,104.65,116,7.54
Talcher,13-02-2022,5,560.76,0,8.65,22.71,1.18,50.22,60.07,12.29
Talcher,14-02-2022,5,714.3,0,11.82,20.03,2,76.24,95.12,16.97
Talcher,15-02-2022,5,894.55,0,14.05,36.12,3.81,115.91,135.09,13.17
Talcher,16-02-2022,5,834.47,0,12,53.64,5.42,141.05,159.06,8.74
Talcher,17-02-2022,5,714.3,0,6,117.3,9.42,151.85,165.1,3.89
Talcher,18-02-2022,5,734.33,0,10.54,81.54,19.79,173.84,189.41,5.07
Talcher,19-02-2022,5,714.3,0,6.34,95.84,5.48,166.61,178.25,2.6
Talcher,20-02-2022,5,767.71,0,8.23,79.39,10.25,162.52,172.46,5.64
Talcher,21-02-2022,5,640.87,0.09,8.48,10.91,0.92,109.48,117.92,3.58
Talcher,22-02-2022,5,694.27,0.01,13.02,13.23,2.06,58,74.04,13.05
Talcher,23-02-2022,5,707.63,0,10.62,33.62,3.28,86.49,111.78,14.44
Talcher,24-02-2022,5,447.27,0,5.48,42.92,0.97,54.11,66.68,2.25
Talcher,25-02-2022,5,427.25,0,3.94,70.1,1.97,64.87,73.93,2.31
Talcher,26-02-2022,5,500.68,0,6.85,44.7,1.42,50.71,60.21,9.88
Talcher,27-02-2022,5,500.68,0,7.2,60.8,3.58,62.19,73.04,7.73
Talcher,28-02-2022,4,390.53,0,4.97,51.5,1.59,25.29,30.8,9.75
Talcher,01-03-2022,5,667.57,0,10.11,26.82,2.62,87.78,105.55,13.68
Talcher,02-03-2022,5,654.22,0,6.34,77.96,7.75,102.65,114.27,9.75
Talcher,03-03-2022,5,660.9,0,5.83,97.27,7.33,110.67,122.97,7.16
Talcher,04-03-2022,5,834.47,0,7.37,65.09,4.89,178.74,194.44,9.88
Talcher,05-03-2022,5,741,0,5.14,87.26,3.16,185.86,199.26,5.83
Talcher,06-03-2022,5,747.68,0,10.88,43.27,7.63,148.91,162.21,14.57
Talcher,07-03-2022,5,574.11,0,4.37,65.09,5.78,111.57,124.06,10.39
Talcher,08-03-2022,5,781.06,0,9.17,43.99,8.34,162.28,181.13,12.41
Talcher,09-03-2022,5,807.76,0,15.25,25.39,8.46,95.64,116.52,27.61
Talcher,10-03-2022,5,734.33,0,9.34,22.89,4.65,87.7,105.75,13.17
Talcher,11-03-2022,5,687.6,0,9.77,26.82,3.49,74.27,89.13,13.68
Talcher,12-03-2022,5,627.52,0,7.11,47.92,3.7,81.71,93.75,11.02
Talcher,13-03-2022,5,674.25,0,10.2,30.4,5.19,80.16,96.71,16.97
Talcher,14-03-2022,4,527.38,0,9.17,31.47,3.99,36.99,51.81,24.57
Talcher,15-03-2022,5,734.33,0,14.74,14.13,4.47,79.52,105.22,20.52
Talcher,16-03-2022,5,667.57,0,10.71,54.36,15.26,83.54,107.05,11.02
Talcher,17-03-2022,5,540.73,0,4.24,92.98,3.22,120.58,134.2,6.02
Talcher,18-03-2022,5,403.88,0,3.43,62.94,2.21,79.6,95.72,2.6
Talcher,19-03-2022,5,380.52,0,4.54,63.66,2.89,57.41,67.68,6.08
Talcher,20-03-2022,4,357.15,0,3.98,62.23,2.24,44.7,50.64,7.22
Talcher,21-03-2022,4,387.19,0,3.17,63.66,2.35,47.47,59.3,2.41
Talcher,22-03-2022,5,500.68,0,5.14,60.8,5.36,65.66,81.2,4.5
Talcher,23-03-2022,5,574.11,0,5.48,60.8,4.95,77.35,90.48,6.52
Talcher,24-03-2022,5,460.62,0,4.58,67.95,3.16,66.94,79.21,2.37
Talcher,25-03-2022,4,433.92,0,5.36,43.63,2.56,30.42,38.48,2.31
Talcher,26-03-2022,3,440.6,0,4.5,45.06,1.97,22.97,32.22,3.29
Talcher,27-03-2022,5,540.73,0,5.31,44.7,1.77,65.86,77.86,6.9
Talcher,28-03-2022,5,540.73,0,7.28,47.21,5.72,73.76,97.77,8.04
Talcher,29-03-2022,5,574.11,0,6.51,62.23,3.1,54.37,70.71,7.66
Talcher,30-03-2022,3,383.85,0,4.97,43.99,2.18,21.57,33.79,5.19
Talcher,31-03-2022,1,317.1,0,3.77,19.13,1.19,8.57,19.53,1.71
Talcher,01-04-2022,2,353.81,0,6.68,25.75,7.87,12.61,23.5,1.44
Talcher,02-04-2022,2,313.76,0,4.58,34.33,3.58,10.87,20.24,1.96
Talcher,03-04-2022,1,303.75,0,3.3,32.54,2.06,9.64,19.26,3.45
Talcher,04-04-2022,1,267.03,0,3.56,22.89,4.35,4.91,12.78,1.46
Talcher,05-04-2022,1,267.03,0.01,6.43,15.02,10.01,4.16,10.45,1.54
Talcher,06-04-2022,1,287.06,0,7.28,19.31,9.18,5.83,11.96,1.69
Talcher,07-04-2022,2,290.39,0,5.18,35.41,4.41,11.14,18.87,1.88
Talcher,08-04-2022,2,300.41,0,4.97,46.49,4.11,15.94,23.23,3.29
Talcher,09-04-2022,2,393.87,0,6,33.97,6.14,10.07,14.45,4.31
Talcher,10-04-2022,2,407.22,0,4.76,37.19,4.11,13.75,17.69,4.31
Talcher,11-04-2022,1,417.23,0,5.36,25.03,5.01,8.73,13.47,4.43
Talcher,12-04-2022,2,363.83,0,5.06,38.98,3.61,12.41,18.16,4.69
Talcher,13-04-2022,2,350.48,0,5.18,34.33,2.77,10.21,16.55,4.94
Talcher,14-04-2022,2,353.81,0,6.08,26.82,2.56,10.63,17.22,6.52
Talcher,15-04-2022,4,453.95,0,6.34,36.84,2,29.85,40.47,8.74
Talcher,16-04-2022,4,560.76,0,6.51,30.04,2,31.95,39.27,9.12
Talcher,17-04-2022,4,547.41,0,6.77,14.31,1.53,31.19,39.09,11.02
Talcher,18-04-2022,3,357.15,0,4.41,45.42,2.41,21.23,30.28,5.38
Talcher,19-04-2022,4,440.6,0,4.67,52.93,2.32,25.5,35.25,7.09
Talcher,20-04-2022,2,370.5,0,4.24,57.22,3.28,19.21,27.55,3.36
Talcher,21-04-2022,1,307.08,0,6.08,30.4,5.96,9.65,18.03,2.22
Talcher,22-04-2022,2,313.76,0,6,33.26,6.97,10.36,19.95,1.98
Talcher,23-04-2022,5,580.79,0,6.51,57.94,6.26,55.12,69.23,9.5
Talcher,24-04-2022,4,473.98,0,5.91,50.07,7.87,44.75,54.37,6.78
Talcher,25-04-2022,5,554.08,0,5.48,39.7,2.83,52.92,64.7,9.5
Talcher,26-04-2022,2,350.48,0,4.71,40.41,2.32,17.79,29.15,5.19
Talcher,27-04-2022,2,363.83,0,4.41,33.26,2.03,15.21,27.28,5
Talcher,28-04-2022,2,377.18,0,5.01,32.19,2.03,16.14,29.22,6.46
Talcher,29-04-2022,3,407.22,0,4.88,38.98,1.62,22.34,37.16,4.62
Talcher,30-04-2022,3,373.84,0,4.93,50.07,4.23,22.01,35.99,5.45
Talcher,01-05-2022,3,360.49,0,3,40.77,1.61,20.87,33.8,1.95
Talcher,02-05-2022,2,340.46,0,4.54,32.9,3.67,17.38,30.29,1.93
Talcher,03-05-2022,2,317.1,0,5.57,31.83,5.01,13.8,29.66,2.6
Talcher,04-05-2022,2,323.77,0,8.83,31.47,13.23,16.2,26.87,1.66
Talcher,05-05-2022,4,460.62,0,8.74,71.53,12.04,37.96,47.12,1.79
Talcher,06-05-2022,4,460.62,0,7.54,50.07,6.2,32.73,39.9,1.68
Talcher,07-05-2022,3,403.88,0,7.37,38.27,6.79,22.66,32.93,3.2
Talcher,08-05-2022,3,360.49,0,5.48,39.34,6.85,20.4,31.51,3.1
Talcher,09-05-2022,1,343.8,0,7.63,33.26,9.78,9.97,16.29,2.18
Talcher,10-05-2022,1,393.87,0,6.08,27.89,7.75,6.1,9.8,1.9
Talcher,11-05-2022,2,330.45,0,5.4,31.83,4.47,13.84,17.83,1.46
Talcher,12-05-2022,2,277.04,0,6.68,43.63,11.32,11.02,18.49,1.46
Talcher,13-05-2022,2,287.06,0,9.77,42.2,17.17,16.14,22.92,1.66
Talcher,14-05-2022,4,310.42,0,7.03,67.95,13.71,25.27,32.71,1.9
Talcher,15-05-2022,4,337.12,0,4.76,84.4,8.94,26.79,31.36,1.03
Talcher,16-05-2022,3,333.79,0,6.68,67.23,11.92,24.07,26.11,0.83
Talcher,17-05-2022,2,310.42,0,7.45,52.21,11.68,16.21,23.08,1.5
Talcher,18-05-2022,1,263.69,0,5.83,25.39,5.6,4.8,7.64,1.41
Talcher,19-05-2022,4,367.16,0,26.73,22.89,46.25,41.13,45.97,0
Talcher,20-05-2022,1,273.7,0,5.65,30.04,4.89,9.24,14.07,1.52
Talcher,21-05-2022,3,293.73,0,4.41,61.51,3.93,22.53,29.14,2.03
Talcher,22-05-2022,5,440.6,0,3.21,127.32,4.89,69.75,77.56,2.88
Talcher,23-05-2022,4,390.53,0,4.37,67.95,4.65,27.5,32.3,2.25
Talcher,24-05-2022,5,487.33,0,7.71,67.23,9.54,66.62,99.15,2.91
Talcher,25-05-2022,4,423.91,0,4.41,45.42,1.62,47.38,69.35,1.88
Talcher,26-05-2022,5,600.81,0,5.83,52.21,4.71,92.63,117.48,5.13
Talcher,27-05-2022,5,380.52,0,3.3,73.67,5.78,59.07,107.06,7.28
Talcher,28-05-2022,5,607.49,0.01,11.14,8.49,1.65,53.73,95.56,10.39
Talcher,29-05-2022,5,500.68,0,6,32.9,2.92,66.84,97.19,9.63
Talcher,30-05-2022,5,627.52,0,14.74,13.77,5.07,55.5,88.02,23.81
Talcher,31-05-2022,4,440.6,0,4.93,50.78,2.95,44.19,74.21,7.22
Talcher,01-06-2022,5,574.11,0,5.74,61.51,3.64,97.15,127.87,9.37
Talcher,02-06-2022,5,594.14,0,7.03,40.77,1.94,75.07,106.36,8.11
Talcher,03-06-2022,5,527.38,0,4.93,77.96,4.95,105.43,135.71,3.32
Talcher,04-06-2022,5,377.18,0,3.68,94.41,4.89,83.44,115.28,0.95
Talcher,05-06-2022,4,300.41,0,4.33,77.25,6.08,42.44,66.57,1.23
Talcher,06-06-2022,4,310.42,0,3.21,83.68,4.41,37.7,47.07,0.94
Talcher,07-06-2022,4,323.77,0,2.87,77.96,2.65,42.73,63.4,1.19
Talcher,08-06-2022,5,403.88,0,3,95.84,3.22,75.77,92.81,1.98
Talcher,09-06-2022,5,400.54,0,3.43,84.4,3.87,71.34,101.07,1.63
Talcher,10-06-2022,5,390.53,0,3.73,82.97,3.28,72.98,105.16,1.87
Talcher,11-06-2022,5,647.54,0,8.57,18.42,1.07,53.85,67.33,3.67
Talcher,12-06-2022,2,370.5,0,4.93,38.27,3.73,13.86,17.35,5.95
Talcher,13-06-2022,4,423.91,0,4.93,52.21,3.43,44.14,52.29,2.75
Talcher,14-06-2022,3,514.03,0,8.14,16.63,1.3,23,30.92,6.97
Talcher,15-06-2022,3,507.35,0,5.57,24.68,1.34,24.02,28.98,2.72
Talcher,16-06-2022,4,327.11,0,7.54,64.37,11.8,29.73,34.69,1.2
Talcher,17-06-2022,3,403.88,0,11.48,50.07,21.93,20.67,23.47,1.33
Talcher,18-06-2022,3,694.27,0,7.54,21.1,3.04,23.68,28.56,2.34
Talcher,19-06-2022,4,500.68,0.02,6.25,10.37,1.36,29.66,36.02,2.85
Talcher,20-06-2022,3,600.81,0.02,5.4,7.06,0.97,20.53,26.08,3.48
Talcher,21-06-2022,4,567.44,0.19,10.97,2.7,2.59,34.33,43.77,8.04
Talcher,22-06-2022,4,547.41,0.92,15.77,0.39,6.38,49.44,58.29,9.37
Talcher,23-06-2022,4,587.46,0,7.37,20.38,5.54,30.08,34.16,2.22
Talcher,24-06-2022,2,547.41,0.04,8.57,5.23,3.7,18.62,23.86,4.31
Talcher,25-06-2022,2,654.22,0,6.94,11.44,7.63,15.03,17.68,1.46
Talcher,26-06-2022,4,554.08,0,5.27,41.84,3.99,41.38,43.34,1.58
Talcher,27-06-2022,2,280.38,0,5.44,45.06,8.23,11.7,15.01,1.38
Talcher,28-06-2022,2,273.7,0,7.8,40.41,11.92,11.93,15.13,1.38
Talcher,29-06-2022,5,460.62,0,7.63,87.26,14.66,88.26,93.2,0.28
Talcher,30-06-2022,4,634.19,0,16.96,10.46,24.32,44,47.71,1.88
Talcher,01-07-2022,5,453.95,9.5,46.61,0,23.6,126.72,133.35,0
Talcher,02-07-2022,2,520.71,0,6.68,18.24,6.14,14.97,17.85,1.41
Talcher,03-07-2022,4,400.54,0,25.7,6.88,41.01,28.16,29.6,0
Talcher,04-07-2022,4,447.27,0,22.28,8.49,34.81,49.59,51.78,0.08
Talcher,05-07-2022,4,507.35,0.01,8.57,9.83,4.17,44.98,48.59,2.22
Talcher,06-07-2022,3,480.65,0,8.83,12.52,3.73,22.61,25.35,1.9
Talcher,07-07-2022,5,480.65,0,5.1,54.36,3.67,63.89,68.23,1.47
Talcher,08-07-2022,4,360.49,0,3.77,26.46,1.59,27.54,32.59,1.96
Talcher,09-07-2022,2,387.19,0,6.94,27.89,5.9,18.07,21.64,1.39
Talcher,10-07-2022,2,307.08,0,4.37,30.04,2.92,14.68,17.27,1.35
Talcher,11-07-2022,2,330.45,0,4.37,27.89,2.68,15.58,18.65,1.52
Talcher,12-07-2022,2,293.73,0,2.21,37.19,0.77,10.68,12.79,1.25
Talcher,13-07-2022,4,440.6,0,3.51,50.78,2.77,31.89,36.82,1.57
Talcher,14-07-2022,2,317.1,0,6.68,27.18,15.02,15.39,17.96,0.93
Talcher,15-07-2022,3,554.08,0.01,7.11,10.28,3.93,22.08,24.37,1.79
Talcher,16-07-2022,4,417.23,0.08,9.85,8.94,6.26,25.18,28.48,1.09
Talcher,17-07-2022,3,447.27,0.47,21.93,3.31,40.05,20.4,22.18,0.05
Talcher,18-07-2022,2,313.76,0,5.27,50.07,5.13,18.69,20.98,1.08
Talcher,19-07-2022,4,647.54,0,6.08,17.7,1.13,38.81,44.52,2.37
Talcher,20-07-2022,2,574.11,0.01,5.83,12.34,1.31,14.59,19.79,2.5
Talcher,22-07-2022,4,367.16,2.07,20.39,0.98,29.09,29.77,31.81,0.44
Talcher,23-07-2022,5,507.35,0.02,14.74,5.72,4.11,61.89,67.19,2.44
Talcher,24-07-2022,4,440.6,0,7.28,25.39,5.25,28.82,30.81,1.2
Talcher,25-07-2022,3,423.91,0,4.8,25.75,2.92,20.81,22.26,1.31
Talcher,26-07-2022,3,307.08,0,6.17,40.77,8.23,21.37,26.2,1.36
Talcher,27-07-2022,2,303.75,0,4.8,30.04,4.53,12.56,17.36,1.65
Talcher,28-07-2022,2,313.76,0,7.71,23.25,8.34,14.52,18.52,1.65
Talcher,29-07-2022,5,654.22,1.36,15.08,0.33,4.71,81.92,90.94,8.99
Talcher,30-07-2022,5,554.08,0.02,14.22,12.34,10.25,97.57,106.92,3.1
Talcher,31-07-2022,5,720.98,0.07,13.19,5.72,3.25,62.48,73.76,23.05
Talcher,01-08-2022,4,480.65,0.12,14.05,2.08,5.48,37.31,43.66,2.22
Talcher,02-08-2022,5,420.57,5.31,33.24,0.14,28.85,52.44,56.11,0
Talcher,03-08-2022,5,614.17,1.59,24.33,0.1,10.85,72.53,79.69,3.7
Talcher,04-08-2022,4,453.95,0,6.25,19.85,2.65,26.45,32.29,1.87
Talcher,05-08-2022,4,423.91,0.02,7.71,11.98,2.86,28.67,34.34,2.79
Talcher,06-08-2022,4,453.95,0.22,11.14,2.77,3.31,34.1,42.25,3.2
Talcher,07-08-2022,5,373.84,6.03,35.99,0.03,31.47,73.04,76.37,0
Talcher,08-08-2022,2,440.6,0,3.04,50.78,2.44,19.07,21.1,0.91
Talcher,09-08-2022,1,300.41,0.01,3.81,16.09,3.34,8.71,11.15,1.76
Talcher,10-08-2022,2,390.53,0,9.17,21.1,15.74,10.55,11.36,0.66
Talcher,11-08-2022,2,440.6,0,6.94,20.21,12.99,11.56,12.66,0.95
Talcher,12-08-2022,2,574.11,0,11.82,15.02,24.32,18.16,20.35,0.7
Talcher,13-08-2022,4,360.49,0.01,19.02,7.51,29.56,31.03,32.56,0.53
Talcher,14-08-2022,2,307.08,0.01,13.37,20.38,25.03,14.81,15.15,0.3
Talcher,15-08-2022,1,363.83,0,8.31,21.82,11.21,7.47,8,0.56
Talcher,16-08-2022,4,467.3,0,7.37,30.04,5.3,35.29,39.13,1.57
Talcher,17-08-2022,2,534.06,0.01,6.17,12.87,0.85,18.14,24.64,2.44
Talcher,18-08-2022,2,310.42,0,3.98,29.68,5.13,13.56,14.97,1.54
Talcher,19-08-2022,4,303.75,0,13.71,25.75,23.37,27.38,28.92,0.1
Talcher,20-08-2022,4,340.46,0.01,19.71,20.38,44.35,27.87,28.32,0
Talcher,21-08-2022,2,407.22,0,4.97,15.38,3.1,11.53,12.83,1.14
Talcher,22-08-2022,4,460.62,0.27,6.51,2.21,1.3,27.06,30.53,4.05
Talcher,23-08-2022,2,620.84,0.07,7.11,4.52,1.01,14.04,21.62,3.74
Talcher,24-08-2022,5,370.5,1.03,32.56,0.49,24.8,59.39,62.55,0
Talcher,25-08-2022,5,433.92,9.83,28.79,0,18.6,75.29,79.72,0.94
Talcher,26-08-2022,4,620.84,0.05,6.6,8.76,0.97,45.13,53.43,4.37
Talcher,27-08-2022,4,514.03,0,7.45,21.82,2.5,42.25,46.05,1.73
Talcher,28-08-2022,4,600.81,0,5.65,16.09,1,42.05,46.42,2.94
Talcher,29-08-2022,3,413.89,0,4.8,25.39,1.83,24.83,28.8,1.98
Talcher,30-08-2022,2,370.5,0,4.46,33.97,3.22,18.59,23.33,1.6
Talcher,31-08-2022,1,307.08,0,6.6,18.24,5.54,5.57,9.74,1.68
Talcher,01-09-2022,1,313.76,0.01,4.93,10.28,1.94,5.91,9.97,1.79
Talcher,02-09-2022,1,357.15,0.01,12.51,11,10.61,8.37,12.58,2.12
Talcher,03-09-2022,2,427.25,0,9.42,14.31,4.23,15.98,21.93,2.56
Talcher,04-09-2022,3,390.53,0.01,4.2,11.27,0.78,20.71,24.12,3.45
Talcher,05-09-2022,2,423.91,0.01,6.34,10.46,1.76,13.13,16.92,2.06
Talcher,06-09-2022,3,507.35,0.01,8.65,12.34,2.18,24.45,30.62,3.1
Talcher,07-09-2022,4,527.38,0.01,6.85,10.46,1.91,48.24,57.01,2.25
Talcher,08-09-2022,3,400.54,0,6.17,27.89,4.59,24.97,28.81,1.58
Talcher,09-09-2022,1,427.25,0,5.23,21.82,3.46,9.15,11.36,1.3
Talcher,10-09-2022,1,257.02,0,2.66,22.89,1.1,3.5,5.74,1.42
Talcher,11-09-2022,1,283.72,0,2.57,52.93,1.86,5.54,6.35,0.72
Talcher,12-09-2022,2,297.07,0,6.43,25.75,4.71,12.7,14.78,1.14
Talcher,13-09-2022,3,317.1,0,6.6,40.41,10.37,23.31,26.77,1.04
Talcher,14-09-2022,2,290.39,0,7.97,29.68,8.94,17.2,21.75,1.35
Talcher,15-09-2022,4,473.98,0.01,6.77,13.59,2.32,31.15,37.04,2.28
Talcher,16-09-2022,3,607.49,0.01,7.37,10.73,1.71,20.6,26.32,1.82
Talcher,17-09-2022,3,520.71,0.03,9.94,6.62,3.87,22.16,27.23,2.5
Talcher,18-09-2022,2,313.76,0,16.45,12.87,25.75,13.97,15.12,0.61
Talcher,19-09-2022,4,473.98,0.01,15.77,10.19,11.8,42.28,44.58,0.1
Talcher,20-09-2022,4,660.9,0,9.08,25.03,21.93,46.79,47.86,0.51
Talcher,21-09-2022,5,720.98,0,16.62,18.24,16.45,82.38,85.64,0.97
Talcher,22-09-2022,4,514.03,0,5.74,18.42,1.82,25.45,30.06,2.03
Talcher,23-09-2022,4,587.46,0.07,8.57,6.62,2.53,31.5,37.36,4.12
Talcher,24-09-2022,4,734.33,0.14,9.17,3.53,1.67,32.78,41.05,6.02
Talcher,25-09-2022,4,460.62,0,5.65,22.17,1.24,37.79,43.82,2.15
Talcher,26-09-2022,4,554.08,0,8.31,16.99,2.83,42.92,47.77,2.06
Talcher,27-09-2022,5,554.08,0,7.8,32.9,6.79,64.17,70.62,1.99
Talcher,28-09-2022,5,854.49,0.01,27.42,11,13.95,181.16,196.9,29.39
Talcher,29-09-2022,5,507.35,0,3.56,49.35,2.83,73.98,80.39,2.15
Talcher,30-09-2022,5,514.03,0,3.9,19.13,1.04,50.69,57.66,4.56
Talcher,01-10-2022,5,594.14,0.09,7.71,6.08,1.24,53.99,64.86,5.83
Talcher,02-10-2022,5,700.95,0,9.77,16.45,6.68,118.03,124.75,1.5
Talcher,03-10-2022,4,1001.36,0,2.63,50.07,5.01,31.84,34.58,1.41
Talcher,04-10-2022,4,1295.09,0.01,7.28,11.62,5.66,43.81,46.58,1.42
Talcher,05-10-2022,1,397.21,0,10.37,33.62,10.25,9.38,11.62,1.01
Talcher,06-10-2022,2,310.42,0.01,10.54,11.62,7.57,10.7,14.68,1.42
Talcher,07-10-2022,1,337.12,0.01,12,9.12,7.51,8.61,10.24,1
Talcher,08-10-2022,2,403.88,0.05,9.17,5.14,2.03,13.83,19.26,2.12
Talcher,09-10-2022,5,647.54,0.01,4.37,13.05,0.92,55.82,60.72,2.56
Talcher,10-10-2022,1,323.77,0.01,6.25,12.7,1.86,7.75,11.02,1.84
Talcher,11-10-2022,1,293.73,0.01,4.54,11.8,2.06,4.79,8.89,1.8
Talcher,12-10-2022,4,427.25,0.56,15.08,1.35,6.32,46.41,52.44,4.43
Talcher,13-10-2022,4,370.5,0.61,32.56,0.93,39.1,47.95,51.11,0.69
Talcher,14-10-2022,5,547.41,0.31,24.68,3.84,17.17,107.28,116.95,12.54
Talcher,15-10-2022,5,667.57,0.02,10.02,7.42,2.77,52.48,58.87,6.52
Talcher,16-10-2022,5,600.81,0.05,4.33,7.24,0.75,64,70.14,5
Talcher,17-10-2022,5,907.9,0,12.85,13.77,7.21,118.82,124.94,36.98
Talcher,18-10-2022,5,867.84,0,8.91,28.61,16.69,211.9,219.95,0.34
Talcher,19-10-2022,5,680.92,0,4.76,19.49,1.8,101.43,107.03,2.69
Talcher,20-10-2022,5,687.6,0,4.67,43.27,2.86,142.34,152.55,3.51
Talcher,21-10-2022,5,821.11,0.16,7.97,3.89,1.1,160.35,178.87,4.81
Talcher,22-10-2022,5,694.27,0.08,7.03,5.59,0.79,140.77,157.15,3.2
Talcher,23-10-2022,5,540.73,0,4.58,25.39,1.37,97.28,103.98,3.48
Talcher,24-10-2022,5,574.11,0,3.38,67.95,6.32,102.74,109.18,4.43
Talcher,25-10-2022,5,393.87,0,3.64,44.35,3.67,59.03,64.15,5.57
Talcher,26-10-2022,5,680.92,0.03,10.88,8.23,2.44,121.56,141.29,14.95
Talcher,27-10-2022,5,620.84,0.09,9.25,4.96,1.45,97.54,116.03,7.22
Talcher,28-10-2022,5,594.14,0,8.48,19.13,3.16,133.9,147.84,7.35
Talcher,29-10-2022,5,627.52,0.01,10.2,13.05,1.74,91.25,103.98,10.64
Talcher,30-10-2022,5,727.65,0,9.6,20.74,5.54,139.31,157.33,21.03
Talcher,31-10-2022,5,707.63,0.01,10.45,14.66,3.01,147.49,164.75,17.99
Talcher,01-11-2022,5,841.14,0.04,12,6.53,2.38,160.63,186.33,10.89
Talcher,02-11-2022,5,834.47,0.11,16.11,4.69,4.53,159.26,188.66,19.51
Talcher,03-11-2022,5,847.82,0.01,14.22,13.95,4.59,181.77,206.42,21.53
Talcher,04-11-2022,5,962,0.09,14.75,5.5,2.06,239.5,266,21.53
Talcher,05-11-2022,5,842,0.01,27.81,11.62,25.06,165,198,10.13
Talcher,06-11-2022,5,694.27,0,9.6,40.41,8.46,152.82,174.8,10.13
Talcher,07-11-2022,5,714.3,0,10.54,37.91,6.56,188.21,208.56,7.73
Talcher,08-11-2022,5,854.49,0,14.74,18.78,3.13,206.7,235.41,5.89
Talcher,09-11-2022,5,687.6,0,5.4,38.27,1.45,178.72,198.09,4.56
Talcher,10-11-2022,5,761.03,0.02,8.31,10.64,1.24,156.65,177.51,5.64
Talcher,11-11-2022,5,841.14,0,10.28,16.81,2.56,179.4,202.23,10.89
Talcher,12-11-2022,5,1001.36,0.01,15.08,14.31,6.14,239.89,269.03,14.06
Talcher,13-11-2022,5,700.95,0.01,9.68,17.17,1.49,125.26,138.9,8.49
Talcher,14-11-2022,5,674.25,0,11.14,20.92,2,82.6,99.43,7.98
Talcher,15-11-2022,5,720.98,0.02,12,11.8,1.79,80.68,99.27,9.12
Talcher,16-11-2022,5,694.27,0.01,10.8,13.59,1.71,77.04,92.51,8.87
Talcher,17-11-2022,5,867.84,0.01,16.11,12.52,6.32,129.15,155.78,33.94
Talcher,18-11-2022,5,700.95,0.01,9.77,14.31,2.41,104.19,126.34,14.19
Talcher,19-11-2022,5,767.71,0.02,10.2,11.8,1.43,130.98,153.27,8.49
Talcher,20-11-2022,5,547.41,0.01,7.88,16.63,0.93,64.6,74.56,7.16
Talcher,21-11-2022,5,734.33,0,14.05,20.74,7.15,109.53,127.97,30.4
Talcher,22-11-2022,5,794.41,0.01,9.42,14.66,2.09,149.52,174.52,11.53
Talcher,23-11-2022,5,881.2,0.02,11.31,11.98,1.8,181.71,206.45,8.11
Talcher,24-11-2022,5,781.06,0,11.48,25.03,2.38,213.75,234.86,12.41
Talcher,25-11-2022,5,714.3,0,11.48,20.74,2.56,137.94,159.78,14.44
Talcher,26-11-2022,5,660.9,0,9.68,28.25,2.47,102.07,113.1,7.6
Talcher,27-11-2022,5,667.57,0.02,12.85,11.27,2.29,87.99,104.66,12.67
Talcher,28-11-2022,5,761.03,0.02,20.05,10.55,7.87,98.15,116.75,22.29
Talcher,29-11-2022,5,867.84,0,12,26.46,7.03,155.74,178.08,26.85
Talcher,30-11-2022,5,947.95,0,12.51,18.24,3.87,175.83,202.28,20.52
Talcher,01-12-2022,5,1094.82,0.02,14.91,9.3,2.62,242.63,270,11.02
Talcher,02-12-2022,5,921.25,0,13.19,18.95,4.17,226.35,254.41,24.83
Talcher,03-12-2022,5,947.95,0,12.51,26.11,5.07,218.3,242.61,26.6
Talcher,04-12-2022,5,807.76,0,9.42,20.03,1.65,201.91,221.51,8.11
Talcher,05-12-2022,5,794.41,0.01,10.02,19.67,1.77,216.98,236.26,7.28
Talcher,06-12-2022,5,787.73,0,12.17,24.32,2.62,163.94,181.05,10.13
Talcher,07-12-2022,5,841.14,0,14.22,21.82,5.19,161.08,181.4,24.32
Talcher,08-12-2022,5,700.95,0,9.6,20.56,1.67,118.37,130.23,9.37
Talcher,09-12-2022,5,654.22,0,8.05,25.03,1.56,132.88,147.6,9.12
Talcher,11-12-2022,5,854.49,0.35,9.77,3.13,1.01,235.99,251.37,12.67
Talcher,12-12-2022,5,841.14,0.04,8.91,10.91,1.01,238.92,254.07,11.65
Talcher,13-12-2022,5,847.82,0,8.83,43.63,2.09,214.48,229.82,3.96
Talcher,14-12-2022,5,1054.76,0.02,16.45,12.52,2.74,296.6,323.03,7.22
Talcher,15-12-2022,5,847.82,0,10.11,39.7,6.14,168.65,184.42,11.65
Talcher,16-12-2022,5,807.76,0,8.31,57.22,12.64,128.08,142.65,11.91
Talcher,17-12-2022,5,881.2,0,9.51,44.7,7.99,152.93,171,8.36
Talcher,18-12-2022,5,754.36,0,8.57,32.54,2.62,147.02,166.63,8.36
Talcher,19-12-2022,5,694.27,0,13.71,31.83,7.57,90.74,105.82,43.06
Talcher,20-12-2022,5,974.66,0,24.33,35.05,16.69,164.19,188.18,45.6
Talcher,21-12-2022,5,867.84,0,12.51,31.11,3.81,174.85,197.49,5.89
Talcher,22-12-2022,5,1028.06,0,16.28,51.5,11.92,260.73,291.86,46.61
Talcher,23-12-2022,5,1094.82,0,17.65,47.92,20.27,255.94,288.52,53.7
Talcher,24-12-2022,5,894.55,0,11.31,28.61,2.03,213.25,234.15,10.01
Talcher,25-12-2022,5,841.14,0,8.83,53.64,1.88,217.22,231.5,9.25
Talcher,26-12-2022,5,527.38,0,3.73,50.78,0.78,108.43,115.96,1.85
Talcher,27-12-2022,4,480.65,0,5.83,45.78,0.88,69.3,81.12,2.63
Talcher,28-12-2022,4,574.11,0.05,11.14,10.19,1.42,58.29,70.15,12.16
Talcher,29-12-2022,5,447.27,0,8.31,50.78,10.97,85.71,92.72,8.36
Talcher,30-12-2022,5,694.27,0.03,12.68,12.34,1.77,105.11,121.37,14.57
Talcher,31-12-2022,5,727.65,0.01,13.71,19.49,3.19,79.23,95.18,15.71
Talcher,01-01-2023,5,674.25,0,10.97,45.78,5.6,142.96,155.87,3.36
Talcher,02-01-2023,5,674.25,0,6.85,60.08,4.53,138,146.38,2.5
Talcher,03-01-2023,5,694.27,0,5.48,62.94,2.68,151.66,160.88,2.75
Talcher,04-01-2023,5,1094.82,0,7.11,75.82,7.15,250.68,266.44,4.56
Talcher,05-01-2023,5,1001.36,0,4.63,117.3,12.64,265,279.13,6.4
Talcher,06-01-2023,5,1041.41,0,7.88,29.68,1.48,297.36,318.74,5.89
Talcher,07-01-2023,3,507.35,0,11.48,27.54,4.41,37.12,44.55,11.27
Talcher,08-01-2023,3,527.38,0.01,10.54,17.7,1.1,46.24,54.46,9.88
Talcher,09-01-2023,3,534.06,0.01,8.83,16.99,1.42,47.8,59.82,14.82
Talcher,10-01-2023,5,787.73,0.13,15.77,6.08,3.87,99.09,120.6,14.19
Talcher,11-01-2023,5,827.79,0.01,20.56,18.06,9.78,141.21,164.9,20.52
Talcher,12-01-2023,5,961.3,0,8.57,72.96,7.75,216.05,232.37,8.04
Talcher,13-01-2023,5,674.25,0,6.94,56.51,1.37,160.48,171.84,3.89
Talcher,14-01-2023,5,907.9,0.04,27.42,9.21,7.21,115.67,140.06,23.81
Talcher,15-01-2023,5,560.76,0,8.31,22.71,1.97,84.04,92.88,11.02
Talcher,16-01-2023,5,554.08,0,10.11,22.89,3.34,83.62,96.71,14.95
Talcher,17-01-2023,5,781.06,0,7.63,75.1,10.25,173.05,187.74,4.31
Talcher,18-01-2023,5,507.35,0,6.68,59.37,3.78,87.75,96.52,2.12
Talcher,19-01-2023,5,547.41,0,7.71,57.94,7.09,98.6,105.48,1.55
Talcher,20-01-2023,5,1028.06,0,4.8,95.84,5.84,221.79,236.47,2.5
Talcher,21-01-2023,5,974.66,0,8.4,75.82,6.79,223.65,239.77,3.04
Talcher,22-01-2023,5,714.3,0,6.17,90.84,12.99,189.59,203.37,5.13
Talcher,23-01-2023,5,787.73,0,5.65,88.69,3.43,213.76,224.61,6.59
Talcher,24-01-2023,5,781.06,0,15.77,32.9,4.29,121.52,138.85,14.69
Talcher,25-01-2023,5,781.06,0,9.51,57.94,2.86,184.18,197.06,9.25
Talcher,26-01-2023,5,854.49,0,7.8,71.53,2.95,245.02,257.81,7.28
Talcher,27-01-2023,5,881.2,0,11.82,40.05,5.84,233.67,252,12.16
Talcher,28-01-2023,5,1001.36,0,7.54,77.96,9.06,271.14,287.66,8.36
Talcher,29-01-2023,5,794.41,0,5.14,85.83,6.62,161.76,171.28,4.75
Talcher,30-01-2023,5,700.95,0,5.1,92.98,9.78,145.91,155.89,8.61
Talcher,31-01-2023,5,807.76,0,10.11,45.06,4.17,137.73,152.09,11.53
Talcher,01-02-2023,5,821.11,0.01,13.37,16.63,4.29,168.09,197.12,12.79
Talcher,02-02-2023,5,934.6,0.01,18.16,14.66,5.9,142.27,163.87,16.47
Talcher,03-02-2023,4,620.84,0,11.14,30.4,4.05,65.39,79.86,17.99
Talcher,04-02-2023,4,680.92,0,14.91,16.99,4.89,74.48,93.35,24.32
Talcher,05-02-2023,4,614.17,0.01,11.65,16.27,4.89,60.52,75.73,17.48
Talcher,06-02-2023,4,727.65,0,17.14,19.31,5.25,65.46,86.21,16.47
Talcher,07-02-2023,4,787.73,0,19.36,20.03,6.44,65.7,87.18,19.51
Talcher,08-02-2023,4,660.9,0,12.68,38.62,4.23,66.46,80.15,11.53
Talcher,09-02-2023,4,467.3,0,6.77,72.96,13.59,65.19,79.02,10.13
Talcher,10-02-2023,4,741,0,17.82,19.31,6.85,69.45,93.15,23.56
Talcher,11-02-2023,5,834.47,0,17.31,25.03,8.7,132.63,156.05,13.3
Talcher,12-02-2023,5,620.84,0.01,10.45,15.56,3.7,81.61,97.82,12.92
Talcher,13-02-2023,4,363.83,0,4.41,80.11,9.66,51.26,71.42,9.25
Talcher,14-02-2023,4,433.92,0,6.34,89.41,15.14,58.09,73.88,9.75
Talcher,15-02-2023,4,567.44,0,10.2,36.12,6.56,51.93,63.8,12.92
Talcher,16-02-2023,4,654.22,0,9.77,38.62,6.08,72.58,97.81,10.89
Talcher,17-02-2023,5,587.46,0,5.74,78.68,6.56,105.74,128.18,5.38
Talcher,18-02-2023,5,397.21,0,5.57,97.27,7.63,87.26,105.11,1.82
Talcher,19-02-2023,4,363.83,0,3.64,85.12,3.04,65.28,77.89,2.82
Talcher,20-02-2023,4,520.71,0,6.08,57.22,2.56,70.72,83.88,5.57
Talcher,21-02-2023,5,847.82,0,15.25,27.54,6.02,150.13,171.28,15.45
Talcher,22-02-2023,5,921.25,0,17.82,36.48,13.71,124.75,143.17,15.2
Talcher,23-02-2023,5,554.08,0,6.77,74.39,4.71,84.9,94.71,8.61
Talcher,25-02-2023,5,700.95,0.01,7.45,21.1,1.1,122.84,141.87,3.39
Talcher,26-02-2023,4,500.68,0,6.25,61.51,2.95,66.46,78.55,4.62
Talcher,27-02-2023,3,350.48,0,3.73,55.07,1.77,36.04,43.59,5.13
Talcher,28-02-2023,4,473.98,0,5.91,65.09,3.93,57.42,67.89,8.04
Talcher,01-03-2023,4,487.33,0,6.51,52.21,2.62,53.29,62.5,10.13
Talcher,02-03-2023,5,580.79,0,8.57,41.13,6.97,82.95,96.91,10.77
Talcher,03-03-2023,5,647.54,0,9.42,45.42,11.92,100.7,118.46,11.78
Talcher,04-03-2023,5,707.63,0,10.62,40.77,15.5,103.93,124.28,15.33
Talcher,05-03-2023,4,574.11,0.06,8.23,8.23,1.51,57.98,78.76,16.97
Talcher,06-03-2023,3,580.79,0,14.74,18.78,14.54,47.27,65.54,14.19
Talcher,07-03-2023,5,607.49,0,6.94,68.66,7.39,102.38,119.05,9.88
Talcher,08-03-2023,5,473.98,0,5.14,70.1,4.59,77.73,90.11,7.98
Talcher,09-03-2023,5,607.49,0,7.2,55.79,5.13,85.48,99.68,11.27
Talcher,10-03-2023,5,540.73,0,5.14,95.84,5.54,112.25,123.77,6.27
Talcher,11-03-2023,5,814.44,0,11.65,22.17,1.76,150.24,162.98,8.87
Talcher,12-03-2023,5,694.27,0,5.91,69.38,1.58,133.77,142.1,8.74
Talcher,13-03-2023,5,647.54,0,6.51,45.42,4.17,131.51,144.96,11.78
Talcher,14-03-2023,5,700.95,0,6.34,74.39,7.21,115.74,124.48,9.12
Talcher,15-03-2023,5,587.46,0,6,87.26,6.79,97.93,103.5,6.52
Talcher,16-03-2023,5,567.44,0,5.06,66.52,2.15,83.11,89.59,7.47
Talcher,17-03-2023,5,767.71,0,22.62,30.04,10.49,101.86,112,15.07
Talcher,18-03-2023,3,741,0.02,13.02,8.76,1.68,41.32,50.25,8.87
Talcher,19-03-2023,2,600.81,0,5.27,36.12,4.89,12.61,15.43,4.56
Talcher,20-03-2023,2,527.38,0,4.67,48.64,4.29,17.68,20.48,2.72
Talcher,21-03-2023,2,634.19,0,5.65,42.56,1.4,21.88,27.22,2.31
Talcher,22-03-2023,3,854.49,0.02,10.28,10.28,1.36,38.01,51.68,7.47
Talcher,23-03-2023,3,507.35,0,4.33,34.69,1.58,26.71,31.53,6.71
Talcher,24-03-2023,4,694.27,0,7.97,45.42,4.53,67.87,76.8,7.92
Talcher,25-03-2023,5,694.27,0,4.67,77.96,3.46,88.77,96.52,3.01
Talcher,26-03-2023,3,487.33,0,4.2,50.78,1.36,34.17,39.32,3.1
Talcher,27-03-2023,4,640.87,0,10.28,45.42,3.61,73.13,80.72,5.13
Talcher,28-03-2023,4,554.08,0,4.63,55.07,1.76,51.5,58.34,3.67
Talcher,29-03-2023,3,453.95,0,3.51,85.83,3.4,46.11,51.94,1.84
Talcher,30-03-2023,2,383.85,0,5.65,29.33,3.34,12.53,17.72,1.71
Talcher,31-03-2023,2,393.87,0,4.58,42.92,4.29,16.54,22.51,1.58
Talcher,01-04-2023,3,560.76,0,9.25,27.89,4.77,46.6,51.91,3.13
Talcher,02-04-2023,2,494,0,4.54,31.83,1.97,24.22,28.51,1.8
Talcher,03-04-2023,3,640.87,0,9.94,16.81,1.97,43.44,54.05,10.39
Talcher,04-04-2023,4,654.22,0,9.08,32.19,2.65,62.35,77.49,7.03
Talcher,05-04-2023,3,587.46,0,4.37,79.39,3.93,46.75,53.91,7.28
Talcher,06-04-2023,5,787.73,0,14.91,20.21,6.79,76.72,108.75,12.92
Talcher,07-04-2023,5,647.54,0,6.25,50.78,1.91,86.98,100.14,4.37
Talcher,08-04-2023,5,634.19,0,6.68,56.51,3.52,94.22,115.28,9.5
Talcher,09-04-2023,5,734.33,0,9,36.48,3.78,130.54,155.92,14.44
Talcher,10-04-2023,5,514.03,0,4.67,41.48,3.46,76.43,87.48,9.5
Talcher,11-04-2023,3,447.27,0,3.34,72.96,6.97,25.14,28.21,6.4
Talcher,12-04-2023,4,767.71,0,15.25,27.18,10.13,69.03,95,33.44
Talcher,13-04-2023,4,707.63,0,12,35.05,9.18,61.12,85.3,17.48
Talcher,14-04-2023,5,674.25,0,6.6,66.52,8.94,90.47,108.61,11.27
Talcher,15-04-2023,5,741,0,9.08,37.91,5.36,119.16,138.69,12.03
Talcher,16-04-2023,5,741,0,12,24.68,7.15,97.68,115.24,12.67
Talcher,17-04-2023,5,734.33,0,8.74,37.19,10.61,142.79,157.46,9.88
Talcher,18-04-2023,4,680.92,0,9,32.19,5.42,73.03,87.64,11.27
Talcher,19-04-2023,5,700.95,0,7.2,55.79,6.91,95.1,110.37,10.13
Talcher,20-04-2023,4,714.3,0,10.97,17.17,6.38,73.08,91.9,12.92
Talcher,21-04-2023,3,433.92,0,2.74,64.37,3.34,36.75,42.88,7.47
Talcher,22-04-2023,4,587.46,0,7.54,23.25,2.18,50.01,56.9,11.15
Talcher,23-04-2023,3,460.62,0,5.4,65.09,10.37,39.09,41.99,5.57
Talcher,24-04-2023,4,587.46,0,3.73,111.58,15.02,71.09,77.24,0.19
Talcher,25-04-2023,4,687.6,0,11.14,19.31,5.78,61.69,70.91,4.02
Talcher,26-04-2023,3,894.55,0.06,16.28,4.74,1.52,35.61,52.25,5.07
Talcher,27-04-2023,3,747.68,0,10.28,17.88,2.38,45.99,55.66,3.77
Talcher,28-04-2023,3,741,0,10.97,20.92,2.29,33.02,43.98,8.99
Talcher,29-04-2023,5,974.66,0,16.45,46.49,15.26,156.6,171.41,27.36
Talcher,30-04-2023,2,574.11,0.01,9.42,8.14,1.42,22.04,28.51,11.27
Talcher,01-05-2023,3,680.92,0.01,7.2,6.44,0.92,45.63,52.79,5.89
Talcher,02-05-2023,5,627.52,0,5.18,77.25,2.89,115.9,125.24,2.79
Talcher,03-05-2023,2,460.62,0,13.71,32.9,26.94,18.34,19.84,1.12
Talcher,04-05-2023,2,620.84,0,11.31,17.7,9.54,22.14,25.2,2.41
Talcher,05-05-2023,1,433.92,0,8.4,14.84,7.45,8.6,12.56,1.87
Talcher,06-05-2023,5,647.54,0,6.08,30.76,3.52,94.63,101.19,2.18
Talcher,07-05-2023,3,707.63,0,4.24,39.7,1.04,46.31,50.78,3.51
Talcher,08-05-2023,5,687.6,0,5.27,52.21,3.4,87.14,93.95,6.65
Talcher,09-05-2023,5,761.03,0,6.43,41.13,1.59,108.71,117.31,8.36
Talcher,10-05-2023,5,974.66,0,8.65,24.32,1.52,94.65,105.99,6.33
Talcher,11-05-2023,3,433.92,0,3.64,32.19,1.56,26.34,33.58,3.23
Talcher,12-05-2023,3,473.98,0,5.27,26.82,1.53,36.35,46.09,3.29
Talcher,13-05-2023,1,337.12,0.03,8.65,8.4,5.84,7.92,13.82,2.6
Talcher,14-05-2023,1,403.88,0.09,7.45,6.79,1.53,9.11,15.43,6.33
Talcher,15-05-2023,5,660.9,0,8.57,47.92,7.87,89.54,104.53,26.35
Talcher,16-05-2023,4,427.25,0,4.24,71.53,2.95,53.57,81.85,2.09
Talcher,17-05-2023,3,337.12,0,6,52.93,5.36,40.65,74.76,1.47
Talcher,18-05-2023,3,357.15,0,3.3,52.21,1.15,42.42,65.76,1.76
Talcher,19-05-2023,3,520.71,0,6.17,25.39,1.79,39.42,53.26,5.26
Talcher,20-05-2023,4,514.03,0,6.08,44.35,2.59,55.47,68.96,2.31
Talcher,21-05-2023,3,383.85,0,3.68,69.38,3.43,36.17,53.27,2.28
Talcher,22-05-2023,4,487.33,0,4.33,42.92,1.21,57.64,75.4,2.37
Talcher,23-05-2023,3,363.83,0,2.57,59.37,2.44,29.9,37.12,6.33
Talcher,24-05-2023,3,373.84,0,4.16,52.21,4.17,25.72,38.01,8.11
Talcher,25-05-2023,3,520.71,0,7.11,25.39,4.17,35.44,48.13,9.25
Thiruvananthapuram,30-11-2020,3,423.91,0.35,3.94,105.86,5.48,20.59,22.59,1.25
Thiruvananthapuram,01-12-2020,5,1415.25,27.49,25.71,0,11.56,95.04,126.07,14.31
Thiruvananthapuram,02-12-2020,5,961.3,3.86,25.71,0.56,3.87,74.73,99.9,2.34
Thiruvananthapuram,03-12-2020,5,1708.98,21.46,62.38,0.01,20.27,120.09,143.05,24.57
Thiruvananthapuram,04-12-2020,4,453.95,0,5.23,60.8,2.59,41.1,42.99,0.44
Thiruvananthapuram,05-12-2020,5,1789.09,50.96,37.01,0,14.19,119.9,143.9,12.54
Thiruvananthapuram,06-12-2020,4,634.19,0,8.65,27.54,3.76,28.35,31.7,1.33
Thiruvananthapuram,07-12-2020,5,974.66,1.44,25.02,5.28,5.01,55.67,67.67,2.82
Thiruvananthapuram,08-12-2020,5,881.2,2.26,15.08,0.91,4.11,61.36,79.11,4.5
Thiruvananthapuram,09-12-2020,4,1054.76,25.93,12.51,0,9.42,48.71,71.93,14.31
Thiruvananthapuram,10-12-2020,5,694.28,2.79,14.05,1.45,2.65,54.82,68.53,2.66
Thiruvananthapuram,11-12-2020,5,741.01,2.85,16.79,1.25,3.37,74.09,90.04,3.26
Thiruvananthapuram,12-12-2020,5,1482.01,45.15,24.33,0,11.56,118.52,149.28,15.2
Thiruvananthapuram,13-12-2020,5,961.3,8.05,19.88,0.28,3.55,117.39,139.48,3.83
Thiruvananthapuram,14-12-2020,5,694.28,0.04,13.02,23.25,3.61,87.23,94.04,2.25
Thiruvananthapuram,15-12-2020,5,1295.09,26.82,17.82,0,7.03,124.45,154.55,8.74
Thiruvananthapuram,16-12-2020,5,1121.52,12.18,29.47,0.08,5.84,100.9,122.63,3.86
Thiruvananthapuram,17-12-2020,5,1134.87,24.14,15.42,0,6.97,97.95,113.81,9.37
Thiruvananthapuram,18-12-2020,5,1628.88,16.09,32.22,0.02,10.49,131.66,142.44,9.25
Thiruvananthapuram,19-12-2020,5,2189.64,52.75,55.52,0,23.84,123.78,148.63,21.53
Thiruvananthapuram,20-12-2020,5,1041.41,17.43,21.42,0.03,4.29,81.3,101.66,4.05
Thiruvananthapuram,21-12-2020,5,761.03,0.59,25.36,6.8,5.01,58.14,74.22,4.75
Thiruvananthapuram,22-12-2020,5,1815.8,38,34.96,0,12.88,136.16,175.82,10.39
Thiruvananthapuram,23-12-2020,4,687.6,7.1,13.37,0.18,3.93,39.32,49.46,2.63
Thiruvananthapuram,24-12-2020,5,867.84,8.27,25.36,0.16,6.91,79.32,99.19,8.23
Thiruvananthapuram,25-12-2020,5,754.36,0.69,20.91,5.54,3.01,69.98,88.34,1.76
Thiruvananthapuram,26-12-2020,5,1081.47,26.6,16.45,0,3.4,88.16,114.53,3.04
Thiruvananthapuram,27-12-2020,5,634.19,2.07,17.31,3.04,2.98,69.29,87.68,4.43
Thiruvananthapuram,28-12-2020,5,827.79,3.07,24.33,1.3,3.19,99.37,122.59,2.57
Thiruvananthapuram,29-12-2020,5,1321.79,28.16,21.94,0,6.8,119.52,148.24,6.59
Thiruvananthapuram,30-12-2020,5,1081.47,4.64,33.24,0.53,5.66,96.24,113.74,3.23
Thiruvananthapuram,31-12-2020,4,674.25,0.01,19.02,27.9,4.23,48.86,57.77,2.22
Thiruvananthapuram,01-01-2021,4,781.06,8.38,16.62,0.08,3.55,42.9,55.92,3.17
Thiruvananthapuram,02-01-2021,4,403.88,0,6.77,65.09,3.7,40.18,50,1.82
Thiruvananthapuram,03-01-2021,5,1094.82,12.18,42.84,0.03,14.42,64.22,93.83,23.31
Thiruvananthapuram,04-01-2021,4,974.66,14.98,26.73,0.01,10.37,41.6,60.56,17.48
Thiruvananthapuram,05-01-2021,4,687.6,0.82,11.82,3,2.38,33.48,42.74,1.47
Thiruvananthapuram,06-01-2021,5,1014.71,6.26,26.73,0.14,7.99,55.7,68.55,5.83
Thiruvananthapuram,07-01-2021,4,747.68,1.96,13.37,1.35,2.98,33.77,38.48,1.55
Thiruvananthapuram,08-01-2021,4,667.57,0.59,12.68,5.9,2.92,30.1,37.99,2.22
Thiruvananthapuram,09-01-2021,5,1228.33,20.56,29.13,0,6.91,77.1,87.56,5.13
Thiruvananthapuram,10-01-2021,4,807.76,7.26,12.17,0.07,3.07,41.99,51.12,2.88
Thiruvananthapuram,11-01-2021,4,807.76,18.11,7.2,0.01,2.92,36.34,48.13,3.01
Thiruvananthapuram,12-01-2021,4,580.79,0.03,9.94,9.03,4.35,37.68,43.2,0.95
Thiruvananthapuram,13-01-2021,4,1068.12,40.68,11.48,0,4.53,49.4,60.82,2.47
Thiruvananthapuram,14-01-2021,5,1161.58,27.05,7.37,0,3.99,65.59,73.92,3.26
Thiruvananthapuram,15-01-2021,5,1642.23,45.15,21.42,0,10.49,109.13,144.85,10.89
Thiruvananthapuram,16-01-2021,4,754.36,6.71,12.51,0.21,2.47,35.54,46.7,1.58
Thiruvananthapuram,17-01-2021,5,1161.58,31.29,10.97,0,5.78,78.29,98.18,8.99
Thiruvananthapuram,18-01-2021,5,1121.52,24.14,19.88,0,9.78,77.71,103.74,16.21
Thiruvananthapuram,19-01-2021,5,821.11,13.08,18.85,0.13,4.05,78.22,103.68,4.88
Thiruvananthapuram,20-01-2021,5,1281.74,7.15,30.85,0.41,5.66,107.86,134.15,3.17
Thiruvananthapuram,21-01-2021,5,1014.71,0.92,27.42,3.49,5.72,107.39,132.31,2.98
Thiruvananthapuram,22-01-2021,5,1522.06,29.5,40.78,0,18.36,116.29,133.26,25.59
Thiruvananthapuram,23-01-2021,5,694.28,0.46,12.51,6.17,2.06,67.66,76.69,1.55
Thiruvananthapuram,24-01-2021,5,687.6,0.84,15.25,3.58,3.25,60.66,72.76,4.18
Thiruvananthapuram,25-01-2021,5,794.41,6.99,14.57,0.24,2.12,65.02,81.91,1.73
Thiruvananthapuram,26-01-2021,5,1108.17,14.75,31.53,0.05,9.54,65.91,103.93,12.41
Thiruvananthapuram,27-01-2021,5,787.74,9.39,15.77,0.22,2.92,51.45,75.74,2.85
Thiruvananthapuram,28-01-2021,5,480.65,0.89,12.85,9.74,3.16,67.97,86.79,3.48
Thiruvananthapuram,29-01-2021,5,988.01,12.41,25.36,0.09,4.11,91.38,120.46,4.88
Thiruvananthapuram,30-01-2021,5,867.84,0.19,28.1,8.67,5.01,81.18,110.41,3.52
Thiruvananthapuram,31-01-2021,5,720.98,0,17.14,27.9,4.59,82.53,96.49,2.03
Thiruvananthapuram,01-02-2021,5,594.14,0,15.08,27.18,3.67,70.23,79.7,1.95
Thiruvananthapuram,02-02-2021,5,1188.28,16.54,27.42,0.02,6.2,77.83,111.46,5.64
Thiruvananthapuram,03-02-2021,5,834.47,0.31,32.9,10.19,6.2,57.41,82.67,5.83
Thiruvananthapuram,04-02-2021,5,640.87,0,19.71,37.91,6.08,71.25,92.98,5.7
Thiruvananthapuram,05-02-2021,5,580.79,0.02,20.39,26.82,3.79,64.36,91.92,5.19
Thiruvananthapuram,06-02-2021,5,527.38,0,11.48,80.11,7.75,85.16,103.56,2.76
Thiruvananthapuram,07-02-2021,5,600.82,0.04,18.85,17.52,3.22,92.43,114.83,2.6
Thiruvananthapuram,08-02-2021,5,834.47,3.38,26.73,1.02,3.34,100.35,126.2,3.55
Thiruvananthapuram,09-02-2021,5,1134.87,2.63,41.81,2.41,6.08,96.33,124.72,9.12
Thiruvananthapuram,10-02-2021,5,540.73,0,14.4,66.52,6.2,63.63,81.49,4.37
Thiruvananthapuram,11-02-2021,5,921.25,7.94,29.82,0.46,4.11,83.25,111.25,6.97
Thiruvananthapuram,12-02-2021,5,534.06,0,17.48,48.64,5.72,53.9,71.66,5
Thiruvananthapuram,13-02-2021,5,614.17,0,17.82,41.13,4.23,65.13,84.41,3.74
Thiruvananthapuram,14-02-2021,5,774.38,0.95,26.73,4.78,3.25,75.53,96.44,4.12
Thiruvananthapuram,15-02-2021,4,534.06,0,16.11,49.35,5.96,43.57,57.71,2.82
Thiruvananthapuram,16-02-2021,5,607.49,0,16.62,67.95,8.82,63.25,78.51,3.14
Thiruvananthapuram,17-02-2021,5,1348.5,21.01,27.08,0.01,10.13,112.95,138.18,11.02
Thiruvananthapuram,18-02-2021,5,580.79,0,15.42,36.48,5.9,60.18,67.98,1.44
Thiruvananthapuram,19-02-2021,5,607.49,0.04,14.91,16.45,3.7,58.66,67.22,1.41
Thiruvananthapuram,20-02-2021,5,634.19,0,18.17,37.91,8.46,61.87,69.78,2.19
Thiruvananthapuram,21-02-2021,5,687.6,0,16.28,32.19,5.07,61.51,70.09,1.69
Thiruvananthapuram,22-02-2021,4,640.87,0,13.88,39.34,5.6,38.21,47.16,2.38
Thiruvananthapuram,23-02-2021,5,767.71,0,16.62,60.08,11.21,52.02,60.95,3.33
Thiruvananthapuram,24-02-2021,4,687.6,0,13.71,60.08,7.45,41.4,49.15,2.63
Thiruvananthapuram,25-02-2021,4,627.52,0,11.48,78.68,6.91,46.39,55.86,1.98
Thiruvananthapuram,26-02-2021,5,787.74,0.09,19.54,15.02,4.41,55.08,67.79,3.71
Thiruvananthapuram,27-02-2021,5,841.14,0.14,23.31,13.41,7.21,57.62,67.98,2.06
Thiruvananthapuram,28-02-2021,5,1068.12,0.95,30.5,4.16,6.62,90.9,105.14,4.88
Thiruvananthapuram,01-03-2021,4,547.41,0.02,12.17,19.85,3.49,36.95,49.5,1.58
Thiruvananthapuram,02-03-2021,4,594.14,0,15.59,25.39,4.53,42.13,55.24,2.28
Thiruvananthapuram,03-03-2021,5,547.41,0,11.82,47.21,4.65,58.58,72.87,1.82
Thiruvananthapuram,04-03-2021,5,507.36,0.01,14.91,27.54,3.87,59.03,75.37,2.34
Thiruvananthapuram,05-03-2021,4,447.27,0,11.48,37.55,4.05,45.73,59.49,3.29
Thiruvananthapuram,06-03-2021,5,640.87,0,20.39,30.76,6.68,58.09,77.1,3.48
Thiruvananthapuram,07-03-2021,4,377.18,0,7.71,57.22,4.65,44.19,52.33,1.82
Thiruvananthapuram,08-03-2021,5,534.06,0,14.57,49.35,7.15,56.68,68.04,3.33
Thiruvananthapuram,09-03-2021,4,627.52,0.94,18.34,3.13,3.04,35.04,48.41,2.28
Thiruvananthapuram,10-03-2021,4,507.36,0.1,13.71,11.36,3.93,30.71,43.21,3.23
Thiruvananthapuram,11-03-2021,4,520.71,0.03,12.17,15.74,3.73,28.68,36.7,1.17
Thiruvananthapuram,12-03-2021,5,947.95,5.59,21.59,0.36,3.93,78.94,98.94,4.31
Thiruvananthapuram,13-03-2021,4,600.82,0.54,17.99,6.08,4.05,31.01,46.52,1.82
Thiruvananthapuram,14-03-2021,4,487.33,0,12.85,25.39,2.74,28.17,38.78,2.82
Thiruvananthapuram,15-03-2021,2,390.53,0,7.71,30.76,3.16,18.91,27.46,1.58
Thiruvananthapuram,16-03-2021,4,520.71,0,9.17,69.38,6.32,35.3,47.99,2.15
Thiruvananthapuram,17-03-2021,4,647.54,0,17.99,34.69,5.07,47.65,63.15,2.44
Thiruvananthapuram,18-03-2021,4,634.19,0.07,18.34,16.45,3.93,48.94,67.63,2.28
Thiruvananthapuram,19-03-2021,4,540.73,0,12.85,50.07,8.46,44.65,55.66,2.25
Thiruvananthapuram,20-03-2021,4,567.44,0,15.77,33.26,7.57,36.91,44.02,2.44
Thiruvananthapuram,21-03-2021,5,1108.17,15.42,42.16,0.02,14.9,53.82,71.66,22.29
Thiruvananthapuram,22-03-2021,4,680.92,5.36,22.28,0.44,5.42,37.79,50.24,7.85
Thiruvananthapuram,23-03-2021,5,841.14,1.51,20.39,1.23,3.82,54.75,71.91,2.76
Thiruvananthapuram,24-03-2021,4,647.54,0.04,16.11,10.46,3.82,42.96,55.95,1.44
Thiruvananthapuram,25-03-2021,5,534.06,0,13.02,27.54,5.78,62.62,76.09,1.3
Thiruvananthapuram,26-03-2021,5,627.52,0.01,13.54,15.56,3.64,51.65,62.77,1.25
Thiruvananthapuram,27-03-2021,5,867.84,1.22,25.36,1.83,4.05,65.21,81.28,2.22
Thiruvananthapuram,28-03-2021,3,500.68,0,8.31,26.11,3.93,23.84,26.84,1.39
Thiruvananthapuram,29-03-2021,4,714.3,4.58,13.02,0.14,2.41,30.11,41.76,1.93
Thiruvananthapuram,30-03-2021,1,527.38,1.48,9.68,2.71,2.86,9.63,13.94,1.17
Thiruvananthapuram,31-03-2021,2,460.63,0,8.82,35.76,5.42,10.15,14.75,1.68
Thiruvananthapuram,01-04-2021,1,420.57,0,8.23,31.11,5.78,7.44,10.91,1.14
Thiruvananthapuram,02-04-2021,3,320.44,0,6.43,37.55,2.98,22.89,28.52,0.65
Thiruvananthapuram,03-04-2021,4,353.81,0,9.25,46.49,5.07,37.53,60.03,1.92
Thiruvananthapuram,04-04-2021,4,290.39,0,6.08,50.07,4.35,48.92,97.48,1.38
Thiruvananthapuram,05-04-2021,4,283.72,0,5.74,55.79,4.23,48.97,90.8,1.46
Thiruvananthapuram,06-04-2021,5,440.6,0,12.34,38.27,8.11,55.41,97.96,1.9
Thiruvananthapuram,07-04-2021,5,1228.33,19.45,23.31,0.01,5.31,102.85,144.82,5.26
Thiruvananthapuram,08-04-2021,4,594.14,3.69,16.62,0.39,3.37,45.02,59.41,1.71
Thiruvananthapuram,09-04-2021,3,427.25,0.05,15.08,18.77,5.48,24.83,30.21,1.87
Thiruvananthapuram,10-04-2021,4,761.03,7.94,17.99,0.2,4.47,36.35,47.32,3.07
Thiruvananthapuram,11-04-2021,4,814.44,13.75,21.08,0.03,6.68,45.5,60.53,11.02
Thiruvananthapuram,12-04-2021,5,934.6,12.29,39.41,0.05,12.52,56.87,71.8,22.04
Thiruvananthapuram,13-04-2021,5,1308.44,6.31,56.21,0.39,15.97,136.53,148.94,16.97
Thiruvananthapuram,14-04-2021,5,1001.36,18.77,16.97,0,6.62,65.2,79.98,9.25
Thiruvananthapuram,15-04-2021,5,1188.28,32.19,25.36,0,6.32,62.82,77.89,4.62
Thiruvananthapuram,16-04-2021,4,654.22,4.97,14.57,0.16,4.77,32.43,40.39,2.53
Thiruvananthapuram,17-04-2021,4,814.44,11.96,22.28,0.07,9.66,39.12,50.47,7.79
Thiruvananthapuram,18-04-2021,2,407.22,0.16,9.77,8.67,2.95,15.78,19.74,1.3
Thiruvananthapuram,19-04-2021,2,387.19,0,8.14,20.92,4.35,14.61,16.81,0.85
Thiruvananthapuram,20-04-2021,2,473.98,0.02,10.88,19.67,4.71,16.51,21.85,1.28
Thiruvananthapuram,21-04-2021,4,600.82,0.03,14.91,12.34,6.08,26.66,35.55,1.28
Thiruvananthapuram,22-04-2021,4,554.09,0.3,14.57,9.03,4.77,26.6,36.81,1.87
Thiruvananthapuram,23-04-2021,3,473.98,0.03,12.51,15.91,5.48,22.66,27.25,1.3
Thiruvananthapuram,24-04-2021,3,417.23,0.01,9.77,23.6,3.73,22.06,27.74,1.03
Thiruvananthapuram,25-04-2021,4,567.44,0.08,12.85,11.09,3.43,38.07,48.35,1.54
Thiruvananthapuram,26-04-2021,4,487.33,0.15,13.54,9.84,4.47,26.23,34.76,1.76
Thiruvananthapuram,27-04-2021,5,847.82,3.63,23.31,2.12,5.66,55.71,69.71,2.28
Thiruvananthapuram,28-04-2021,5,1161.58,23.02,40.1,0.01,13.95,62.15,85.08,17.73
Thiruvananthapuram,29-04-2021,2,500.68,0.5,20.22,10.37,6.86,18.89,26.02,1.69
Thiruvananthapuram,30-04-2021,2,403.88,0,10.8,26.11,6.91,18.72,22.4,1.2
Thiruvananthapuram,01-05-2021,4,774.38,0.94,24.33,7.78,4.17,45.69,56.67,1.81
Thiruvananthapuram,02-05-2021,5,1321.79,44.26,28.45,0,14.54,65.2,83.87,23.81
Thiruvananthapuram,03-05-2021,4,560.76,0.07,14.91,10.91,3.49,35.57,39.83,2.28
Thiruvananthapuram,04-05-2021,4,1014.71,24.59,17.14,0,8.11,47.66,60.26,4.81
Thiruvananthapuram,05-05-2021,5,1121.52,38.89,10.37,0,5.48,58.67,74.29,5.76
Thiruvananthapuram,06-05-2021,5,867.84,9.72,14.05,0.05,3.25,53.28,64.01,3.52
Thiruvananthapuram,07-05-2021,4,627.52,0.23,17.82,6.8,4.47,29.93,40.5,3.01
Thiruvananthapuram,08-05-2021,5,1094.82,33.53,15.42,0,5.96,51.46,59.09,6.08
Thiruvananthapuram,09-05-2021,4,841.14,7.71,17.65,0.31,3.64,48.89,60.01,2.82
Thiruvananthapuram,10-05-2021,4,627.52,0.68,10.97,2.77,2.15,26.79,31.63,1.88
Thiruvananthapuram,11-05-2021,5,1375.2,55.43,8.48,0,7.39,59.01,78.39,7.09
Thiruvananthapuram,12-05-2021,2,527.38,11.62,11.31,0.06,6.5,13.25,17.34,1.38
Thiruvananthapuram,13-05-2021,2,403.88,4.58,8.82,0.1,3.61,11.71,17.09,1.09
Thiruvananthapuram,14-05-2021,1,413.9,0.57,12.17,4.83,3.79,8.82,11.69,1.25
Thiruvananthapuram,15-05-2021,1,267.03,0.02,3.64,19.13,3.25,8.71,12.43,0.62
Thiruvananthapuram,16-05-2021,1,240.33,0.04,2.55,15.02,2.12,4.18,4.93,0.38
Thiruvananthapuram,17-05-2021,2,500.68,2.29,11.65,0.91,3.87,17.58,23.31,1.36
Thiruvananthapuram,18-05-2021,4,620.84,5.98,13.37,0.27,4.89,25.07,37.06,2.47
Thiruvananthapuram,19-05-2021,3,554.09,0.39,15.94,5.68,6.44,21.06,28.31,1.55
Thiruvananthapuram,20-05-2021,1,280.38,0.01,4.76,21.82,4.35,3.67,5.1,0.83
Thiruvananthapuram,21-05-2021,1,293.73,0.02,6.94,18.6,4.59,4.6,6.63,0.97
Thiruvananthapuram,22-05-2021,1,283.72,0.01,6.43,24.68,4.47,4.29,6.2,0.93
Thiruvananthapuram,23-05-2021,1,280.38,0.06,6.08,12.16,3.67,3.3,4.82,1.05
Thiruvananthapuram,24-05-2021,2,387.19,0.14,10.8,7.24,3.76,11.7,15.32,1.16
Thiruvananthapuram,25-05-2021,1,257.02,0.01,4.33,24.68,3.22,3.26,4.66,0.74
Thiruvananthapuram,26-05-2021,1,233.65,0,3.38,32.54,2.21,2.98,3.7,0.36
Thiruvananthapuram,27-05-2021,1,290.39,0.02,5.91,20.03,4.11,4.1,5.32,0.76
Thiruvananthapuram,28-05-2021,2,333.79,0.01,8.82,21.1,5.84,10.35,13.19,0.84
Thiruvananthapuram,29-05-2021,2,340.46,0.02,9.08,16.63,5.6,11.79,14.15,0.9
Thiruvananthapuram,30-05-2021,1,313.76,0,6.94,25.75,4.35,8.81,10.52,0.74
Thiruvananthapuram,31-05-2021,2,320.44,0,7.71,26.82,4.65,10.65,13.36,0.76
Thiruvananthapuram,01-06-2021,1,290.39,0,6.17,27.54,4.77,7.72,9.31,0.69
Thiruvananthapuram,02-06-2021,2,387.19,0.04,13.88,12.52,6.74,14.51,18.04,1
Thiruvananthapuram,03-06-2021,2,377.18,0,11.14,24.32,6.56,14.55,18.28,1.06
Thiruvananthapuram,04-06-2021,1,337.12,0.01,9.08,20.39,5.72,7.51,9.78,1.03
Thiruvananthapuram,05-06-2021,2,387.19,0.06,10.88,13.05,5.48,10.67,13.09,1.05
Thiruvananthapuram,06-06-2021,1,337.12,0.02,8.91,19.13,3.73,9.8,12.4,1.08
Thiruvananthapuram,07-06-2021,2,360.49,0.01,9.08,18.06,4.65,12.27,15.63,0.99
Thiruvananthapuram,08-06-2021,1,337.12,0.01,8.4,24.68,5.66,9.32,11.7,0.93
Thiruvananthapuram,09-06-2021,2,333.79,0.01,11.14,18.95,5.31,10.86,14,0.89
Thiruvananthapuram,10-06-2021,2,317.1,0,9.68,23.25,4.89,13.42,18.06,0.72
Thiruvananthapuram,11-06-2021,2,380.52,0.03,13.02,14.48,6.56,16.69,23.43,1
Thiruvananthapuram,12-06-2021,1,293.73,0.01,7.11,20.92,5.54,9.16,12.39,0.77
Thiruvananthapuram,13-06-2021,1,277.04,0.02,6.08,16.99,3.99,5.64,6.83,0.71
Thiruvananthapuram,14-06-2021,1,253.68,0.02,4.8,18.95,2.92,3.47,4.51,0.67
Thiruvananthapuram,15-06-2021,1,260.35,0.01,5.4,25.75,4.59,7.37,10.67,0.66
Thiruvananthapuram,16-06-2021,1,247,0.01,4.46,21.99,3.58,6.21,9.56,0.58
Thiruvananthapuram,17-06-2021,1,347.14,0.02,9.77,16.81,5.36,9.94,12.27,0.75
Thiruvananthapuram,18-06-2021,1,293.73,0.01,6.17,22.53,4.23,8.77,16.22,0.79
Thiruvananthapuram,19-06-2021,1,270.37,0,5.4,27.18,4.47,7.69,11.38,0.67
Thiruvananthapuram,20-06-2021,2,333.79,0.01,9.34,21.1,5.36,13.14,18.99,0.82
Thiruvananthapuram,21-06-2021,1,290.39,0,7.45,24.32,3.87,9.7,11.95,0.63
Thiruvananthapuram,22-06-2021,2,327.11,0,10.63,25.39,6.02,10.01,15.54,1.01
Thiruvananthapuram,23-06-2021,2,380.52,0.03,13.54,12.52,7.33,11.71,15.16,1.09
Thiruvananthapuram,24-06-2021,2,323.77,0.01,8.65,18.6,5.48,10.15,12.22,0.86
Thiruvananthapuram,25-06-2021,2,320.44,0.01,9.17,19.67,6.5,14.77,20.56,1.01
Thiruvananthapuram,26-06-2021,2,310.42,0.01,7.54,25.03,5.25,10.78,19.95,1
Thiruvananthapuram,27-06-2021,2,317.1,0,9.51,21.64,4.83,12.92,16.49,0.82
Thiruvananthapuram,28-06-2021,1,280.38,0.01,6.43,23.96,4.95,8.86,11.21,0.78
Thiruvananthapuram,29-06-2021,2,390.53,0.01,12.51,18.06,6.26,14.5,20.4,1.06
Thiruvananthapuram,30-06-2021,2,370.5,0.02,10.63,17.88,7.21,12.19,16.28,1.17
Thiruvananthapuram,01-07-2021,2,380.52,0.03,12.17,14.48,7.21,15.91,20.44,1.01
Thiruvananthapuram,02-07-2021,1,347.14,0.09,9.51,10.82,5.84,9.1,11.88,0.99
Thiruvananthapuram,03-07-2021,2,343.8,0.02,10.11,15.56,6.26,11.48,13.72,0.87
Thiruvananthapuram,04-07-2021,1,303.75,0.01,9.08,17.35,3.87,8.5,10.23,0.67
Thiruvananthapuram,05-07-2021,1,307.08,0.01,8.23,18.95,3.43,7.94,9.97,0.63
Thiruvananthapuram,06-07-2021,1,360.49,0.03,11.48,13.23,6.32,9.12,11.15,0.92
Thiruvananthapuram,07-07-2021,2,390.53,0.03,12.68,13.95,7.45,11.76,14.9,1.03
Thiruvananthapuram,08-07-2021,1,357.15,0.02,12,15.74,5.96,8.67,11.3,0.97
Thiruvananthapuram,09-07-2021,1,320.44,0.02,9.08,19.13,5.66,7.44,9.35,0.88
Thiruvananthapuram,10-07-2021,1,260.35,0,5.18,27.9,3.87,4.4,5.42,0.59
Thiruvananthapuram,11-07-2021,1,283.72,0,6.08,31.11,3.13,6.02,7.04,0.54
Thiruvananthapuram,12-07-2021,2,250.34,0,4.24,30.4,3.61,12.1,13.46,0.45
Thiruvananthapuram,13-07-2021,1,270.37,0.01,6,23.96,4.53,8.99,10.24,0.59
Thiruvananthapuram,14-07-2021,2,357.15,0.01,11.82,15.2,6.02,14.51,17.06,0.7
Thiruvananthapuram,15-07-2021,1,340.46,0.01,8.4,16.63,3.79,9.49,11.31,0.62
Thiruvananthapuram,16-07-2021,2,427.25,0.08,17.14,8.05,8.35,15.82,18.73,0.97
Thiruvananthapuram,17-07-2021,2,360.49,0.01,10.54,18.95,4.89,13.48,17.42,0.79
Thiruvananthapuram,18-07-2021,1,263.69,0,6.6,30.04,3.7,9.97,12.65,0.71
Thiruvananthapuram,19-07-2021,2,273.71,0,6.26,32.9,4.05,11.48,14.31,0.63
Thiruvananthapuram,20-07-2021,2,327.11,0,9.34,25.39,6.38,13.42,20.1,0.97
Thiruvananthapuram,21-07-2021,1,267.03,0,6.17,30.4,4.53,7.69,9.08,0.59
Thiruvananthapuram,22-07-2021,1,277.04,0,5.74,30.76,4.29,6.13,7.24,0.54
Thiruvananthapuram,23-07-2021,1,236.99,0,3.98,27.54,3.46,7.47,10.02,0.4
Thiruvananthapuram,24-07-2021,1,236.99,0.02,4.5,17.7,3.43,6.34,7.36,0.46
Thiruvananthapuram,25-07-2021,1,240.33,0.01,4.16,22.89,2.95,3.6,4.66,0.55
Thiruvananthapuram,26-07-2021,1,273.71,0,5.4,27.18,3.34,3.98,5.17,0.62
Thiruvananthapuram,27-07-2021,1,273.71,0,5.48,28.97,4.59,6.73,8.68,0.71
Thiruvananthapuram,28-07-2021,1,267.03,0,5.74,30.76,4.35,4.93,6.71,0.7
Thiruvananthapuram,29-07-2021,1,327.11,0.01,8.91,24.68,6.14,8.25,10.62,0.97
Thiruvananthapuram,30-07-2021,2,277.04,0,7.54,29.33,4.71,10.05,13.99,0.68
Thiruvananthapuram,31-07-2021,2,303.75,0,9.17,28.61,5.96,11.98,21.35,0.83
Thiruvananthapuram,01-08-2021,2,277.04,0,7.71,22.53,4.59,10.13,12.7,0.68
Thiruvananthapuram,02-08-2021,2,263.69,0,6.43,23.96,4.23,16.32,32.58,0.66
Thiruvananthapuram,03-08-2021,1,263.69,0,5.1,32.19,4.53,8.81,10.5,0.57
Thiruvananthapuram,04-08-2021,2,333.79,0,10.97,25.03,6.91,14.08,17.43,0.69
Thiruvananthapuram,05-08-2021,1,327.11,0.01,9.51,21.99,6.44,8.81,11.79,0.86
Thiruvananthapuram,06-08-2021,2,297.07,0.01,7.8,23.6,5.19,10.45,11.93,0.56
Thiruvananthapuram,07-08-2021,1,263.69,0.01,5.48,20.74,4.17,7.07,8.05,0.52
Thiruvananthapuram,08-08-2021,1,293.73,0.02,8.82,13.05,4.29,7.91,9.19,0.65
Thiruvananthapuram,09-08-2021,1,260.35,0,5.4,29.33,3.49,4.69,6.5,0.79
Thiruvananthapuram,10-08-2021,1,277.04,0,5.91,33.26,5.07,4.95,6.63,0.82
Thiruvananthapuram,11-08-2021,2,320.44,0.01,10.03,20.03,6.38,10.08,12.68,0.86
Thiruvananthapuram,12-08-2021,1,290.39,0.02,7.45,17.88,5.13,7.05,8.32,0.67
Thiruvananthapuram,13-08-2021,2,330.45,0.01,10.97,16.27,4.59,11.58,13.89,0.63
Thiruvananthapuram,14-08-2021,2,363.83,0.01,12.17,19.67,6.74,13.54,16.03,0.74
Thiruvananthapuram,15-08-2021,1,303.75,0,7.63,27.9,3.93,9.4,11.07,0.52
Thiruvananthapuram,16-08-2021,1,283.72,0,7.2,24.68,4.83,9.01,10.53,0.64
Thiruvananthapuram,17-08-2021,2,370.5,0.1,14.4,7.69,6.56,15.47,20.27,0.96
Thiruvananthapuram,18-08-2021,1,293.73,0.02,7.03,18.95,5.84,8.06,10.04,0.89
Thiruvananthapuram,19-08-2021,1,263.69,0.02,6.17,19.67,5.01,4.79,6.33,0.78
Thiruvananthapuram,20-08-2021,2,337.12,0.03,12.51,13.41,5.72,12.26,15.64,0.8
Thiruvananthapuram,21-08-2021,2,350.48,0.04,12.51,12.7,7.09,17.72,23.35,1.17
Thiruvananthapuram,22-08-2021,2,373.84,0.07,11.31,8.85,4.59,15.54,20.53,1.09
Thiruvananthapuram,23-08-2021,4,741.01,14.19,11.65,0.02,4.05,34.64,43.89,3.48
Thiruvananthapuram,24-08-2021,4,1081.47,42.02,12.34,0,7.51,46.89,68.82,6.97
Thiruvananthapuram,25-08-2021,4,1068.12,22.35,15.25,0.01,5.31,46.47,66.15,4.37
Thiruvananthapuram,26-08-2021,1,223.64,0,4.5,49.35,4.17,4.85,7.05,0.64
Thiruvananthapuram,27-08-2021,1,233.65,0.02,4.84,20.92,3.87,3.73,4.91,0.64
Thiruvananthapuram,28-08-2021,1,220.3,0.01,3.81,20.92,3.22,3.15,4.07,0.51
Thiruvananthapuram,29-08-2021,1,213.62,0,3.43,30.04,2.56,3.82,5.05,0.39
Thiruvananthapuram,30-08-2021,1,220.3,0.01,3.94,25.03,3.28,3.91,5.15,0.52
Thiruvananthapuram,31-08-2021,2,340.46,0.03,11.31,15.38,6.32,10.01,13.19,1.11
Thiruvananthapuram,01-09-2021,2,363.83,0.01,12,18.24,7.57,15.68,20.54,1.16
Thiruvananthapuram,02-09-2021,2,333.79,0.01,12.34,18.77,6.68,13.4,17.12,1
Thiruvananthapuram,03-09-2021,2,363.83,0.01,12.17,20.21,7.09,13.81,17.55,1.12
Thiruvananthapuram,04-09-2021,2,423.91,0.01,10.45,21.28,6.44,11.92,14.94,1.08
Thiruvananthapuram,05-09-2021,1,297.07,0,7.11,26.82,5.13,7.84,9.38,0.75
Thiruvananthapuram,06-09-2021,1,257.02,0.01,5.1,20.21,4.17,4.35,5.58,0.73
Thiruvananthapuram,07-09-2021,1,310.42,0.07,8.31,11.62,6.44,8.95,11.26,0.93
Thiruvananthapuram,08-09-2021,2,297.07,0,7.97,29.33,5.25,15.25,21.48,0.85
Thiruvananthapuram,09-09-2021,2,347.14,0.01,9,24.32,5.07,14.13,27.64,1.11
Thiruvananthapuram,10-09-2021,2,350.48,0,11.65,23.96,6.2,15.33,20.75,0.82
Thiruvananthapuram,11-09-2021,2,350.48,0.03,12.51,14.48,6.97,15.74,22.55,1.06
Thiruvananthapuram,12-09-2021,1,260.35,0,5.36,35.05,3.93,9.5,14.24,0.67
Thiruvananthapuram,13-09-2021,1,236.99,0,4.24,30.04,3.67,5.57,6.89,0.57
Thiruvananthapuram,14-09-2021,1,267.03,0.01,5.74,23.6,5.01,9.11,10.91,0.67
Thiruvananthapuram,15-09-2021,2,300.41,0.01,7.45,22.53,6.08,13.8,16.76,0.84
Thiruvananthapuram,16-09-2021,2,333.79,0.02,9.85,18.42,6.91,11.63,14.23,0.89
Thiruvananthapuram,17-09-2021,2,357.15,0.03,13.2,13.59,6.38,16.02,20.63,0.82
Thiruvananthapuram,18-09-2021,2,380.52,0.07,13.54,9.84,6.32,19.66,26.45,1.01
Thiruvananthapuram,19-09-2021,2,313.76,0.02,10.28,11.8,4.71,14.05,18.04,0.9
Thiruvananthapuram,20-09-2021,2,370.5,0.03,10.54,11.98,4.53,18.98,24.76,0.84
Thiruvananthapuram,21-09-2021,2,420.57,0.08,12.51,10.28,7.39,15.71,23.54,1.31
Thiruvananthapuram,22-09-2021,1,263.69,0,4.93,30.4,4.29,6.15,7.83,0.55
Thiruvananthapuram,23-09-2021,2,353.81,0.02,12,15.91,7.15,13.38,19.7,1.16
Thiruvananthapuram,24-09-2021,1,310.42,0.02,8.65,16.27,5.19,8.53,10.55,0.73
Thiruvananthapuram,25-09-2021,2,407.22,0.06,14.22,11.62,7.87,17.96,23.81,1.12
Thiruvananthapuram,26-09-2021,1,260.35,0.01,5.1,20.39,3.93,6.82,8.3,0.59
Thiruvananthapuram,27-09-2021,1,263.69,0.02,4.11,20.92,3.07,2.93,3.94,0.63
Thiruvananthapuram,28-09-2021,1,307.08,0.01,7.37,19.67,5.54,7.91,9.66,0.78
Thiruvananthapuram,29-09-2021,2,383.85,0.13,12.34,7.96,5.42,11.07,13.09,0.84
Thiruvananthapuram,30-09-2021,2,400.54,0.01,13.37,17.52,7.39,16.3,21.39,0.93
Thiruvananthapuram,01-10-2021,2,410.56,0.01,12.85,19.49,6.74,15.42,19.41,0.88
Thiruvananthapuram,02-10-2021,3,560.76,0.14,16.97,7.42,7.57,24.06,27.64,0.93
Thiruvananthapuram,03-10-2021,2,500.68,0.75,11.65,3,3.31,18.18,23.05,1.36
Thiruvananthapuram,04-10-2021,2,487.33,4.41,10.63,0.39,3.43,15.28,24.1,2.25
Thiruvananthapuram,05-10-2021,3,680.92,7.6,11.65,0.11,4.35,23,30.92,1.95
Thiruvananthapuram,06-10-2021,1,290.39,0.03,6.68,18.6,3.99,3.85,6.19,1.05
Thiruvananthapuram,07-10-2021,4,881.2,27.72,10.03,0,6.74,29.84,44.12,7.35
Thiruvananthapuram,08-10-2021,1,290.39,0,5.66,38.27,4.89,7.38,9.63,0.77
Thiruvananthapuram,09-10-2021,1,297.07,0.01,6.51,21.28,5.31,5.14,7.34,0.97
Thiruvananthapuram,10-10-2021,1,303.75,0.06,6.43,11.98,3.82,5.45,7.18,0.78
Thiruvananthapuram,11-10-2021,1,327.11,0,8.05,25.03,4.77,8.03,9.73,0.8
Thiruvananthapuram,12-10-2021,1,297.07,0.01,5.91,24.68,4.05,4.04,5.44,0.72
Thiruvananthapuram,13-10-2021,2,387.19,0.01,11.65,17.7,6.26,15,17.81,0.78
Thiruvananthapuram,14-10-2021,2,400.54,0.01,11.14,21.64,5.66,14.05,20.45,0.98
Thiruvananthapuram,15-10-2021,2,323.77,0,7.8,36.12,5.72,11.33,16.54,0.97
Thiruvananthapuram,16-10-2021,2,310.42,0,6.51,48.64,4.05,10.09,11.76,0.9
Thiruvananthapuram,17-10-2021,1,226.97,0,2.16,63.66,1.82,7.09,7.98,0.36
Thiruvananthapuram,18-10-2021,1,230.31,0,2.96,75.82,2.53,6.82,16.82,0.46
Thiruvananthapuram,19-10-2021,4,363.83,0,8.74,35.41,5.84,31.06,36.07,0.92
Thiruvananthapuram,20-10-2021,4,410.56,0,8.74,27.54,3.55,38.76,45.29,0.76
Thiruvananthapuram,21-10-2021,4,587.46,0.04,11.65,9.39,4.47,38.73,42.45,0.78
Thiruvananthapuram,22-10-2021,5,1028.06,1.45,26.05,1.06,5.96,74.99,84.07,3.74
Thiruvananthapuram,23-10-2021,4,867.84,16.32,15.25,0,4.35,33.56,44.59,2.91
Thiruvananthapuram,24-10-2021,3,707.63,0.19,17.65,8.58,4.89,22.69,27.6,1.63
Thiruvananthapuram,25-10-2021,2,407.22,0.04,9,13.95,3.55,12.6,16.95,1.11
Thiruvananthapuram,26-10-2021,4,634.19,0.18,12.68,9.21,2.5,42.52,46.96,2.12
Thiruvananthapuram,27-10-2021,5,1094.82,20.12,17.65,0,3.82,58.89,75.2,2.41
Thiruvananthapuram,28-10-2021,5,974.66,3.47,17.82,0.31,3.87,63.9,71.14,3.45
Thiruvananthapuram,29-10-2021,4,741.01,0.16,11.48,6.44,2.24,47.05,51.14,1.03
Thiruvananthapuram,30-10-2021,4,854.49,0.35,14.57,4.65,3.93,42.15,47.56,1.28
Thiruvananthapuram,31-10-2021,4,854.49,6.15,15.94,0.26,3.99,34.22,47.5,3.39
Thiruvananthapuram,01-11-2021,2,534.06,0.95,8.83,1.42,1.73,17.41,21.66,1.49
Thiruvananthapuram,02-11-2021,5,1214.98,27.05,8.4,0,4.35,58.67,67.98,4.88
Thiruvananthapuram,03-11-2021,4,847.82,3.55,12.51,0.34,2.86,25.8,31.33,2.88
Thiruvananthapuram,04-11-2021,4,1001.36,0.19,19.54,8.94,6.85,47.58,54.05,1.87
Thiruvananthapuram,05-11-2021,5,1188.28,5.2,28.1,0.3,7.39,50.66,62.67,4.31
Thiruvananthapuram,06-11-2021,5,1214.98,38.44,30.16,0,13.95,51.27,72.82,19
Thiruvananthapuram,07-11-2021,2,420.57,0,8.65,28.97,4.17,14.09,16.26,0.92
Thiruvananthapuram,08-11-2021,4,507.35,0.01,9.17,20.92,3.93,29.74,34.69,0.93
Thiruvananthapuram,09-11-2021,3,574.11,0.02,10.11,14.48,2.89,22.67,24.28,0.6
Thiruvananthapuram,10-11-2021,5,767.71,0.01,9.51,19.31,3.22,52.11,61.2,1.23
Thiruvananthapuram,11-11-2021,5,607.49,0,8.65,65.09,5.48,59.15,66.08,0.93
Thiruvananthapuram,12-11-2021,1,290.39,0,4.97,31.47,3.19,4.7,6.84,0.82
Thiruvananthapuram,13-11-2021,1,317.1,0,6.85,39.7,3.87,5.06,7.43,1
Thiruvananthapuram,14-11-2021,1,350.48,0,6.43,33.26,3.73,7.78,9.91,1.01
Thiruvananthapuram,15-11-2021,4,460.62,0,4.2,87.26,3.1,45.52,47.01,0.59
Thiruvananthapuram,16-11-2021,4,567.44,0,10.2,34.69,3.81,36.44,41.25,1.16
Thiruvananthapuram,17-11-2021,4,527.38,0,7.54,30.76,2.18,46,51.75,0.82
Thiruvananthapuram,18-11-2021,4,540.73,0,7.63,25.39,2.89,32.28,39.15,0.98
Thiruvananthapuram,19-11-2021,4,580.79,0.01,11.65,21.82,4.47,44.29,51.96,0.93
Thiruvananthapuram,20-11-2021,2,447.27,0,9.34,33.62,5.25,19.59,23,0.99
Thiruvananthapuram,21-11-2021,2,353.81,0,10.8,32.9,2.59,15.3,33.75,2.01
Thiruvananthapuram,22-11-2021,3,480.65,0.6,14.57,8.76,2.21,23.93,42.34,1.19
Thiruvananthapuram,23-11-2021,4,433.92,0,6.85,40.41,3.16,38.99,48.39,0.87
Thiruvananthapuram,24-11-2021,4,781.06,5.98,10.54,0.14,3.16,45.22,53.98,2.09
Thiruvananthapuram,25-11-2021,5,1428.6,15.42,25.7,0.02,8.58,86.77,97.94,6.14
Thiruvananthapuram,26-11-2021,5,1068.12,35.32,7.11,0,6.5,58.25,68.79,5.89
Thiruvananthapuram,27-11-2021,5,1976.01,47.83,37.01,0,25.75,92.45,106.9,28.63
Thiruvananthapuram,28-11-2021,3,687.6,1.01,12.68,2.55,2.32,24.99,29.07,2.6
Thiruvananthapuram,29-11-2021,5,1321.79,42.47,19.71,0,11.44,65.2,73.97,14.31
Thiruvananthapuram,30-11-2021,5,1201.63,39.79,8.23,0,4.83,66.29,79.82,4.81
Thiruvananthapuram,01-12-2021,5,1295.09,32.19,13.54,0,5.42,58.3,83.92,3.7
Thiruvananthapuram,02-12-2021,5,1134.87,23.69,14.05,0,7.57,77.46,106.84,11.02
Thiruvananthapuram,03-12-2021,5,1415.25,49.17,10.02,0,5.3,96.03,123.89,6.14
Thiruvananthapuram,04-12-2021,5,854.49,1.79,12.68,1.48,2.98,72.58,84.93,2.09
Thiruvananthapuram,05-12-2021,5,774.38,0.08,9.08,9.12,2.47,59.8,64.3,0.96
Thiruvananthapuram,06-12-2021,5,694.27,0,7.63,31.47,2.89,75.32,84.33,0.95
Thiruvananthapuram,07-12-2021,5,1214.98,21.01,18.34,0,6.62,84.71,109.22,9.37
Thiruvananthapuram,08-12-2021,5,1415.25,28.61,31.87,0,12.76,110.07,138.52,19
Thiruvananthapuram,09-12-2021,5,961.3,4.25,18.16,0.49,4.59,83.74,98.72,5.32
Thiruvananthapuram,10-12-2021,5,961.3,14.75,11.14,0.01,3.7,71.42,88.49,3.83
Thiruvananthapuram,11-12-2021,5,1388.55,43.81,18.51,0,10.13,88.65,125.37,13.68
Thiruvananthapuram,12-12-2021,3,467.3,0,7.71,28.97,2.24,22.3,27.2,1.06
Thiruvananthapuram,13-12-2021,2,467.3,0.01,8.65,22.35,2.62,11.07,14.53,1.16
Thiruvananthapuram,14-12-2021,4,907.9,8.94,28.79,0.65,6.32,39.29,54.28,5.07
Thiruvananthapuram,15-12-2021,4,680.92,0.37,17.48,7.15,3.4,29.19,37.51,1.58
Thiruvananthapuram,16-12-2021,5,694.27,0.07,17.31,17.7,4.53,53.74,64.8,2.15
Thiruvananthapuram,17-12-2021,5,947.95,17.21,16.45,0.01,5.01,83.18,109.28,6.27
Thiruvananthapuram,18-12-2021,5,1174.93,21.46,20.05,0.02,3.61,155.42,185.63,2.56
Thiruvananthapuram,19-12-2021,5,841.14,2.57,18.85,1.74,2.32,151.9,174.1,1.69
Thiruvananthapuram,20-12-2021,5,1014.71,15.87,19.19,0.05,3.22,107.89,132.7,3.32
Thiruvananthapuram,21-12-2021,5,934.6,7.38,23.99,0.39,3.99,100.33,135.39,3.61
Thiruvananthapuram,22-12-2021,5,834.47,1.13,23.99,4.34,3.37,103.95,131.56,2.28
Thiruvananthapuram,23-12-2021,5,961.3,5.53,23.65,0.8,3.81,118.81,147.12,3.01
Thiruvananthapuram,24-12-2021,5,1134.87,19,21.76,0.03,4.71,124.74,157.27,4.94
Thiruvananthapuram,25-12-2021,5,1068.12,4.86,29.82,1.21,4.83,138.98,169.37,4.43
Thiruvananthapuram,26-12-2021,5,687.6,0.82,18.85,5.9,2.41,82.34,100.62,2.56
Thiruvananthapuram,27-12-2021,5,494,0.11,13.54,14.66,2.29,54.19,70.73,1.95
Thiruvananthapuram,28-12-2021,5,640.87,0.79,19.36,5.5,3.73,59.89,82.9,3.01
Thiruvananthapuram,29-12-2021,5,1001.36,14.75,21.25,0.05,3.4,73.25,99.35,3.13
Thiruvananthapuram,30-12-2021,5,827.79,10.28,19.02,0.19,2.83,55.26,82.78,2.25
Thiruvananthapuram,31-12-2021,2,487.33,0,12.34,39.7,3.07,15.49,20.09,2.09
Thiruvananthapuram,01-01-2022,2,527.38,0,10.2,57.22,4.35,15.84,18.68,2.18
Thiruvananthapuram,02-01-2022,2,594.14,0.07,17.99,15.2,3.46,16.94,24.2,3.26
Thiruvananthapuram,03-01-2022,5,1001.36,4.75,31.87,0.83,4.11,58.63,74.32,4.75
Thiruvananthapuram,04-01-2022,5,1441.96,16.09,34.27,0.02,10.01,82.77,118.94,10.26
Thiruvananthapuram,05-01-2022,4,674.25,0.04,21.25,16.99,4.17,49.08,65.63,2.34
Thiruvananthapuram,06-01-2022,5,974.66,10.51,20.22,0.07,3.31,89.91,117.92,2.47
Thiruvananthapuram,07-01-2022,5,700.95,0,22.96,36.48,7.63,75.05,88.12,2.85
Thiruvananthapuram,08-01-2022,5,741,0,19.88,20.74,4.17,62.78,78.22,1.9
Thiruvananthapuram,09-01-2022,5,774.38,0,22.96,34.69,6.97,56.23,63.68,1.8
Thiruvananthapuram,10-01-2022,5,907.9,8.38,18.85,0.16,3.87,68.64,83.43,4.02
Thiruvananthapuram,11-01-2022,5,727.65,0.06,21.08,16.09,4.05,58.83,73.89,1.84
Thiruvananthapuram,12-01-2022,5,1014.71,12.41,21.25,0.03,5.36,71.15,98.73,5.83
Thiruvananthapuram,13-01-2022,5,1295.09,14.98,38.73,0.04,10.13,99.82,125.4,11.27
Thiruvananthapuram,14-01-2022,4,640.87,0.12,20.39,12.87,4.59,39.92,58.87,1.68
Thiruvananthapuram,15-01-2022,5,781.06,0.05,23.99,16.45,4.77,68.08,89.46,1.87
Thiruvananthapuram,16-01-2022,4,574.11,0,11.31,24.68,3.16,44.93,53.81,1.65
Thiruvananthapuram,17-01-2022,4,787.73,2.74,19.71,0.8,3.25,41.05,58.85,2.44
Thiruvananthapuram,18-01-2022,5,1094.82,29.06,16.96,0,4.05,58.8,84.2,3.51
Thiruvananthapuram,19-01-2022,4,894.55,2.01,25.02,2.12,4.05,49.32,73.37,2.63
Thiruvananthapuram,20-01-2022,5,714.3,0.02,22.28,21.99,4.47,51.36,65.07,1.95
Thiruvananthapuram,21-01-2022,5,1214.98,6.26,32.22,0.16,6.5,80.98,103.93,4.24
Thiruvananthapuram,22-01-2022,5,1174.93,29.95,16.28,0,4.05,71.79,99.73,3.13
Thiruvananthapuram,23-01-2022,5,560.76,0.05,14.22,14.84,2.71,59.8,70.6,1.41
Thiruvananthapuram,24-01-2022,2,320.43,0.01,5.06,29.68,2.12,16.72,27.31,0.84
Thiruvananthapuram,25-01-2022,2,340.46,0,8.31,48.64,5.25,12.4,23.89,2.22
Thiruvananthapuram,26-01-2022,3,403.88,0,11.14,42.2,7.09,19.51,36.84,2.31
Thiruvananthapuram,27-01-2022,4,547.41,0.02,15.94,17.88,4.05,30.74,42.43,1.42
Thiruvananthapuram,28-01-2022,4,534.06,0.05,15.77,17.88,4.05,27.63,37.94,1.44
Thiruvananthapuram,29-01-2022,4,700.95,1.65,23.31,1.94,3.93,35.51,55.48,3.01
Thiruvananthapuram,30-01-2022,5,580.79,0,4.93,71.53,2.8,55.31,60.47,1.87
Thiruvananthapuram,31-01-2022,4,560.76,0,9.6,52.93,2.98,34.82,39.89,2.18
Thiruvananthapuram,01-02-2022,4,680.92,0,15.42,29.33,4.11,39.77,51.93,1.66
Thiruvananthapuram,02-02-2022,5,594.14,0,12.34,38.98,3.99,50.68,62.99,1.22
Thiruvananthapuram,03-02-2022,5,867.84,0.21,27.42,11.27,4.77,92.86,119.62,2.56
Thiruvananthapuram,04-02-2022,5,594.14,0.01,18.51,26.46,4.17,54.31,69.56,1.65
Thiruvananthapuram,05-02-2022,4,447.27,0,12.34,42.56,7.09,38.69,54.2,2.28
Thiruvananthapuram,06-02-2022,5,794.41,0.81,26.39,4.83,6.08,64.88,83.09,6.27
Thiruvananthapuram,07-02-2022,4,540.73,0.55,14.39,6.88,2.32,33.79,44.18,1.65
Thiruvananthapuram,08-02-2022,4,660.9,0.05,22.28,17.52,4.71,41.9,56.39,2.12
Thiruvananthapuram,09-02-2022,5,600.81,0,15.94,69.38,11.8,56.47,66.79,2.69
Thiruvananthapuram,10-02-2022,5,674.25,0.5,24.33,7.06,3.81,52.35,70.26,2.53
Thiruvananthapuram,11-02-2022,4,640.87,0.01,22.62,20.56,5.25,47.47,62.57,2.37
Thiruvananthapuram,12-02-2022,4,567.44,0,16.62,44.7,8.58,40.16,48.51,2.37
Thiruvananthapuram,13-02-2022,4,794.41,2.43,20.56,0.83,7.63,43.84,51.26,6.46
Thiruvananthapuram,14-02-2022,5,1161.58,9.16,29.47,0.07,6.68,80.76,107.64,8.11
Thiruvananthapuram,15-02-2022,5,841.14,0,21.59,27.89,5.6,86.11,107.07,2.41
Thiruvananthapuram,16-02-2022,5,881.2,0.64,20.73,7.33,5.13,65.94,75.41,2.47
Thiruvananthapuram,17-02-2022,4,821.11,1.98,21.08,2.75,5.84,41.63,48.77,3.13
Thiruvananthapuram,18-02-2022,5,774.38,3.1,19.19,1.07,3.31,54.43,72.25,2.47
Thiruvananthapuram,19-02-2022,5,587.46,0.2,17.65,12.7,3.49,50.62,67.6,2.01
Thiruvananthapuram,20-02-2022,4,594.14,0.04,15.77,15.74,3.67,40.62,55.31,1.95
Thiruvananthapuram,21-02-2022,5,580.79,2.65,8.91,1.94,3.13,53.85,67.53,2.12
Thiruvananthapuram,22-02-2022,5,934.6,2.88,28.1,1.2,6.2,68.57,84.28,3.64
Thiruvananthapuram,23-02-2022,5,1188.28,21.46,22.28,0.01,4.47,106.69,133.58,2.88
Thiruvananthapuram,24-02-2022,4,514.03,0.14,14.22,11.98,3.46,27.76,41.36,1.71
Thiruvananthapuram,25-02-2022,5,867.84,2.57,22.96,1.41,3.93,68.65,94.18,2.98
Thiruvananthapuram,26-02-2022,5,867.84,6.15,23.65,0.54,3.61,71.99,98.41,2.18
Thiruvananthapuram,27-02-2022,4,460.62,0.01,13.19,25.75,2.92,37.44,50.13,2.31
Thiruvananthapuram,28-02-2022,4,587.46,0.43,12.68,8.58,2.59,33.71,44.42,1.58
Thiruvananthapuram,01-03-2022,5,807.76,0.55,25.7,6.26,4.71,61.15,83.58,3.74
Thiruvananthapuram,02-03-2022,5,707.63,0.21,21.59,11.44,3.37,59.07,77.02,2.22
Thiruvananthapuram,03-03-2022,5,654.22,0.01,20.39,22.89,3.64,56.04,72.88,3.7
Thiruvananthapuram,04-03-2022,5,1068.12,14.53,31.19,0.06,4.53,91.24,117.99,6.78
Thiruvananthapuram,05-03-2022,5,554.08,0,14.91,65.8,8.82,71.21,79.37,1.58
Thiruvananthapuram,06-03-2022,5,814.44,0.01,24.33,18.6,6.2,70.11,82.91,3.93
Thiruvananthapuram,07-03-2022,4,620.84,0.06,18.85,15.2,4.71,49.18,59.05,2.63
Thiruvananthapuram,08-03-2022,5,907.9,11.73,20.05,0.07,4.65,58.24,73.82,3.89
Thiruvananthapuram,09-03-2022,5,707.63,0.02,16.79,14.48,5.07,51.96,65.42,2.28
Thiruvananthapuram,10-03-2022,5,1041.41,4.14,31.19,0.67,4.35,80.54,102.55,2.66
Thiruvananthapuram,11-03-2022,5,647.54,1.19,21.93,3.08,3.28,54.85,67.45,1.65
Thiruvananthapuram,12-03-2022,5,627.52,0.02,19.19,16.99,3.52,62.92,76.26,1.74
Thiruvananthapuram,13-03-2022,5,634.19,0.01,18.68,20.56,5.07,52.88,64.88,2.85
Thiruvananthapuram,14-03-2022,5,540.73,0,10.97,49.35,4.23,62.58,74.02,2.47
Thiruvananthapuram,15-03-2022,5,847.82,0.03,25.02,17.52,4.71,114.16,136.27,3.26
Thiruvananthapuram,16-03-2022,5,687.6,0,14.39,31.11,5.19,87.17,97.48,1.25
Thiruvananthapuram,17-03-2022,5,647.54,0,12.34,41.48,7.21,65.52,71.67,1.2
Thiruvananthapuram,18-03-2022,4,560.76,0,10.28,38.98,3.99,37.3,44.33,0.88
Thiruvananthapuram,19-03-2022,4,507.35,0,11.65,24.68,5.96,42.71,51.5,1.33
Thiruvananthapuram,20-03-2022,4,417.23,0,8.05,28.61,4.89,36.19,44.19,1.17
Thiruvananthapuram,21-03-2022,4,380.52,0,7.8,36.84,4.65,31.28,40.68,1.22
Thiruvananthapuram,22-03-2022,4,410.56,0,9.51,31.11,5.13,36.22,50.98,1.25
Thiruvananthapuram,23-03-2022,4,333.79,0,8.05,42.56,5.6,34.3,46.07,1.2
Thiruvananthapuram,24-03-2022,4,390.53,0.01,8.65,21.1,2.77,31.1,38.71,0.84
Thiruvananthapuram,25-03-2022,4,500.68,0.01,12.34,18.06,3.49,33.51,47.23,1.27
Thiruvananthapuram,26-03-2022,4,580.79,0.99,20.56,4.52,3.46,40.41,60.55,1.98
Thiruvananthapuram,27-03-2022,4,453.95,0.3,13.71,8.76,2.68,30.91,45.54,1.39
Thiruvananthapuram,28-03-2022,4,500.68,1.37,14.22,2.24,2.24,31.93,46.09,1.68
Thiruvananthapuram,29-03-2022,4,634.19,0.19,14.22,8.85,3.31,38.31,45.68,1.44
Thiruvananthapuram,30-03-2022,4,801.09,17.88,12.68,0.01,4.83,39.19,56.15,5.76
Thiruvananthapuram,31-03-2022,4,807.76,14.19,16.62,0.04,4.95,39.56,58.36,6.02
Thiruvananthapuram,01-04-2022,4,567.44,0.52,13.88,4.78,2.98,26.8,38.88,1.39
Thiruvananthapuram,02-04-2022,4,867.84,28.39,13.54,0,5.6,38.95,59.66,6.84
Thiruvananthapuram,03-04-2022,2,554.08,5.76,11.82,0.37,2.29,19.41,29.77,1.73
Thiruvananthapuram,04-04-2022,4,640.87,0.89,13.02,3.04,3.31,33.45,39.99,2.63
Thiruvananthapuram,05-04-2022,5,988.01,17.21,14.91,0.02,6.74,56.58,77.06,8.99
Thiruvananthapuram,06-04-2022,4,1028.06,30.85,10.2,0,6.68,49.32,73.48,10.01
Thiruvananthapuram,07-04-2022,4,767.71,23.02,11.48,0,4.53,30.8,46.71,5.7
Thiruvananthapuram,08-04-2022,5,1121.52,7.71,25.02,0.3,5.13,119.35,142.73,4.43
Thiruvananthapuram,09-04-2022,5,814.44,0.24,15.77,7.33,5.54,60.33,67.67,1.54
Thiruvananthapuram,10-04-2022,2,393.87,0.12,6.85,8.94,1.7,14.04,16.74,0.9
Thiruvananthapuram,11-04-2022,3,460.62,0,5.91,34.69,1.77,23.04,25.91,0.72
Thiruvananthapuram,12-04-2022,4,627.52,0.34,12,6.26,3.31,30,39.32,1.82
Thiruvananthapuram,13-04-2022,5,1014.71,0.18,28.1,6.97,10.01,54.19,58.93,2.88
Thiruvananthapuram,14-04-2022,2,453.95,0.02,12.51,21.64,6.5,12.21,14.64,1.65
Thiruvananthapuram,15-04-2022,4,1028.06,23.69,15.59,0,6.44,40.82,52.94,3.36
Thiruvananthapuram,16-04-2022,4,988.01,18.33,18.51,0.01,6.2,32.51,46.08,3.29
Thiruvananthapuram,17-04-2022,4,921.25,26.6,17.48,0,6.2,34.59,51.3,6.14
Thiruvananthapuram,18-04-2022,2,407.22,0.06,10.11,10.73,4.95,11.21,15.8,1.25
Thiruvananthapuram,19-04-2022,4,514.03,0,12.34,25.75,6.74,34.73,41.2,1.11
Thiruvananthapuram,20-04-2022,4,514.03,0.04,13.37,10.82,5.13,28.49,34.46,0.84
Thiruvananthapuram,21-04-2022,4,607.49,0.07,12.17,13.05,3.34,41.61,53.83,1.23
Thiruvananthapuram,22-04-2022,5,934.6,5.03,21.93,0.4,4.23,85.1,107.33,4.18
Thiruvananthapuram,23-04-2022,4,627.52,0.39,15.25,6.88,4.29,32.4,38.34,1.74
Thiruvananthapuram,24-04-2022,4,841.14,12.85,11.14,0.03,3.64,31.49,47.25,3.61
Thiruvananthapuram,25-04-2022,4,607.49,3.74,13.19,0.52,3.93,26.9,36.54,4.43
Thiruvananthapuram,26-04-2022,4,834.47,10.39,13.19,0.1,3.37,47.12,66.26,2.66
Thiruvananthapuram,27-04-2022,5,947.95,13.19,12.17,0.02,2.8,63.28,82.23,2.25
Thiruvananthapuram,28-04-2022,4,801.09,4.14,16.45,0.63,4.35,32.07,44.69,2.56
Thiruvananthapuram,29-04-2022,4,894.55,7.04,20.05,0.31,5.25,35.27,43.97,3.29
Thiruvananthapuram,30-04-2022,2,440.6,0.01,7.37,20.92,2.38,12.63,16.11,0.83
Thiruvananthapuram,01-05-2022,2,377.18,0,7.8,27.18,4.11,13.31,17.86,1.06
Thiruvananthapuram,02-05-2022,2,363.83,0,9.85,25.39,5.01,15.45,18.11,0.9
Thiruvananthapuram,03-05-2022,2,333.79,0,9.08,27.18,4.35,16.63,19.59,0.68
Thiruvananthapuram,04-05-2022,3,323.77,0,7.54,27.54,3.04,21.75,28.84,0.59
Thiruvananthapuram,05-05-2022,2,377.18,0,7.88,27.89,3.31,18.32,21.21,0.67
Thiruvananthapuram,06-05-2022,3,527.38,0,13.71,25.03,6.79,22.45,29.14,1.36
Thiruvananthapuram,07-05-2022,2,310.42,0,8.48,33.62,4.95,14.68,20.56,0.95
Thiruvananthapuram,08-05-2022,2,283.72,0,4.41,35.41,2.56,14.67,17.89,0.51
Thiruvananthapuram,09-05-2022,4,273.7,0,5.1,35.76,2.59,36.35,69.61,0.32
Thiruvananthapuram,10-05-2022,2,330.45,0,8.23,30.04,4.41,16.6,18.46,0.63
Thiruvananthapuram,11-05-2022,2,290.39,0,6,45.06,2.8,16.87,20.92,0.35
Thiruvananthapuram,12-05-2022,2,303.75,0,6.08,31.47,2.62,12.87,15.89,0.7
Thiruvananthapuram,13-05-2022,1,287.06,0,5.83,37.55,3.4,6.42,8.56,0.82
Thiruvananthapuram,14-05-2022,1,350.48,0,8.14,35.05,4.35,7.68,10.37,0.99
Thiruvananthapuram,15-05-2022,1,230.31,0,2.53,42.92,1.88,2.04,2.71,0.42
Thiruvananthapuram,16-05-2022,1,273.7,0.02,5.14,17.52,3.07,3.37,4.81,0.75
Thiruvananthapuram,17-05-2022,1,303.75,0.04,6.34,16.99,4.47,3.84,6.03,1.03
Thiruvananthapuram,18-05-2022,1,260.35,0,3.43,31.11,2.89,3.27,4.34,0.63
Thiruvananthapuram,19-05-2022,1,247,0,4.67,28.61,3.22,3.35,4.46,0.62
Thiruvananthapuram,20-05-2022,1,310.42,0.1,7.03,12.34,4.11,4.99,6.88,1.11
Thiruvananthapuram,21-05-2022,1,300.41,0.11,7.2,11.98,3.93,5.12,7.75,1.14
Thiruvananthapuram,22-05-2022,1,297.07,0,6.34,23.6,4.47,8.72,10.95,0.69
Thiruvananthapuram,23-05-2022,1,320.43,0.05,7.88,12.7,4.47,6.78,8.74,0.85
Thiruvananthapuram,24-05-2022,1,353.81,0.06,11.48,11,6.08,8.95,12.46,1.12
Thiruvananthapuram,25-05-2022,1,307.08,0.03,7.63,16.63,5.3,4.86,8.28,1.17
Thiruvananthapuram,26-05-2022,2,427.25,0.14,12.34,10.55,5.48,12.88,19.76,1.47
Thiruvananthapuram,27-05-2022,1,330.45,0.07,8.31,15.74,4.35,5.39,8.81,1.12
Thiruvananthapuram,28-05-2022,1,287.06,0.01,8.4,19.31,2.65,5.35,7.95,0.74
Thiruvananthapuram,29-05-2022,1,303.75,0.05,7.45,15.38,3.16,5.19,7.98,1.2
Thiruvananthapuram,30-05-2022,1,250.34,0.02,4.8,21.1,2.86,2.32,3.73,0.82
Thiruvananthapuram,31-05-2022,1,273.7,0,6.08,31.83,3.93,4.43,6.95,0.85
Thiruvananthapuram,01-06-2022,1,307.08,0.06,7.63,14.66,4.05,5.2,7.79,1.01
Thiruvananthapuram,02-06-2022,1,313.76,0.03,7.71,16.45,4.29,4.66,6.5,0.89
Thiruvananthapuram,03-06-2022,1,320.43,0.02,8.14,19.13,5.6,5.99,9.27,1.11
Thiruvananthapuram,04-06-2022,1,337.12,0.04,9.17,13.95,4.77,8.07,12.15,1.03
Thiruvananthapuram,05-06-2022,1,330.45,0.02,8.65,16.27,4.89,8.86,12.69,1.04
Thiruvananthapuram,06-06-2022,2,393.87,0.17,10.8,9.83,4.05,10.29,15.7,1.55
Thiruvananthapuram,07-06-2022,1,320.43,0.06,9,15.38,4.71,6.02,9.31,1.47
Thiruvananthapuram,08-06-2022,1,313.76,0.01,8.23,25.39,4.89,8.59,11.24,0.96
Thiruvananthapuram,09-06-2022,2,387.19,0.07,14.22,9.21,7.39,10.91,14.73,1.03
Thiruvananthapuram,10-06-2022,2,410.56,0.23,14.22,8.05,4.77,13.12,17.68,1.2
Thiruvananthapuram,11-06-2022,2,494,0.7,16.79,6.26,5.07,14.98,21.95,2.41
Thiruvananthapuram,12-06-2022,1,307.08,0.01,7.03,17.17,4.05,6.25,7.83,0.71
Thiruvananthapuram,13-06-2022,1,343.8,0.07,10.54,9.21,4.05,8.93,11.55,0.86
Thiruvananthapuram,14-06-2022,1,373.84,0.03,12.17,12.52,6.2,9.45,12.04,0.87
Thiruvananthapuram,15-06-2022,1,367.16,0.02,11.48,16.27,6.68,8.9,12.32,1.11
Thiruvananthapuram,16-06-2022,1,340.46,0.03,9,15.74,5.19,6.8,8.7,0.93
Thiruvananthapuram,17-06-2022,2,413.89,0.04,15.42,11.8,6.91,13.26,17.16,1.01
Thiruvananthapuram,18-06-2022,2,447.27,0.51,13.54,4.96,5.48,11.97,16.05,1.55
Thiruvananthapuram,19-06-2022,1,360.49,0.05,9.08,11.62,4.95,8.48,11.36,1.08
Thiruvananthapuram,20-06-2022,1,330.45,0.01,7.97,18.6,4.47,7.9,11.37,0.93
Thiruvananthapuram,21-06-2022,1,363.83,0.03,11.65,13.05,5.3,7.76,9.62,0.8
Thiruvananthapuram,22-06-2022,2,380.52,0.02,13.54,16.81,7.51,12.67,17.54,1.06
Thiruvananthapuram,23-06-2022,2,360.49,0.02,10.37,17.17,4.53,10.51,13.03,0.87
Thiruvananthapuram,24-06-2022,1,337.12,0.03,9,16.27,5.66,5.77,7.62,0.9
Thiruvananthapuram,25-06-2022,1,347.14,0.01,8.57,20.92,5.6,6.8,9.16,0.94
Thiruvananthapuram,26-06-2022,1,330.45,0.02,8.74,16.45,4.23,6.87,9.16,0.96
Thiruvananthapuram,27-06-2022,2,297.07,0.01,6.68,21.82,3.58,12.62,26.08,0.94
Thiruvananthapuram,28-06-2022,1,320.43,0.04,9.68,12.7,3.78,9.29,11.57,0.63
Thiruvananthapuram,29-06-2022,1,340.46,0.02,10.97,15.91,5.36,7.29,9.9,0.89
Thiruvananthapuram,30-06-2022,1,287.06,0.01,6.6,19.31,4.71,5.5,7.06,0.66
Thiruvananthapuram,01-07-2022,1,310.42,0,9.34,23.6,5.01,8.66,10.98,0.66
Thiruvananthapuram,02-07-2022,1,270.37,0,6.68,22.17,3.58,7.21,9.6,0.57
Thiruvananthapuram,03-07-2022,1,277.04,0,5.74,29.68,3.55,8.43,9.7,0.55
Thiruvananthapuram,04-07-2022,1,260.35,0,4.24,24.32,2.74,3.09,4.21,0.59
Thiruvananthapuram,05-07-2022,1,317.1,0.02,9.08,17.7,5.3,6.7,8.16,0.74
Thiruvananthapuram,06-07-2022,1,307.08,0,6.77,24.32,3.01,8.88,12.07,0.66
Thiruvananthapuram,07-07-2022,2,340.46,0,9.6,23.96,4.65,10.24,14.21,0.75
Thiruvananthapuram,08-07-2022,1,327.11,0,7.37,22.53,2.8,5.99,6.72,0.42
Thiruvananthapuram,09-07-2022,1,327.11,0.01,9.94,19.31,4.71,7.1,10.21,0.74
Thiruvananthapuram,10-07-2022,1,267.03,0,5.74,26.11,3.73,9.51,11.77,0.66
Thiruvananthapuram,11-07-2022,2,267.03,0,5.06,30.04,3.81,10.37,12.28,0.55
Thiruvananthapuram,12-07-2022,1,313.76,0.01,7.8,20.21,5.6,9.76,12.37,0.83
Thiruvananthapuram,13-07-2022,1,247,0.01,4.37,26.46,3.64,5.59,7.14,0.48
Thiruvananthapuram,14-07-2022,1,233.65,0.01,3.51,26.46,2.89,3.96,7.83,0.47
Thiruvananthapuram,15-07-2022,1,350.48,0.38,9.6,8.85,3.34,7.52,14.37,1.33
Thiruvananthapuram,16-07-2022,1,370.5,0.03,10.45,15.2,5.78,9.69,13.83,0.95
Thiruvananthapuram,17-07-2022,1,320.43,0.01,8.74,16.63,5.07,7.67,9.72,0.81
Thiruvananthapuram,18-07-2022,1,290.39,0.02,6.94,15.91,3.87,4.21,6.1,0.85
Thiruvananthapuram,19-07-2022,1,300.41,0.04,8.48,12.16,4.77,8.11,10.62,0.85
Thiruvananthapuram,20-07-2022,1,313.76,0,8.91,21.82,4.83,8.65,10.87,0.71
Thiruvananthapuram,22-07-2022,2,340.46,0.06,10.54,14.48,6.5,17.03,21.15,0.9
Thiruvananthapuram,23-07-2022,2,337.12,0.01,10.71,17.88,6.26,14.15,18.32,0.91
Thiruvananthapuram,24-07-2022,2,300.41,0.01,7.63,22.71,4.59,10.04,12.8,0.82
Thiruvananthapuram,25-07-2022,1,263.69,0,6.77,25.03,4.11,9.26,16.02,0.78
Thiruvananthapuram,26-07-2022,2,320.43,0.01,9.68,17.34,5.3,10.56,14.99,0.82
Thiruvananthapuram,27-07-2022,2,303.75,0,9.25,22.89,5.19,12.58,18.12,0.82
Thiruvananthapuram,28-07-2022,2,423.91,0.02,15.77,13.05,7.87,19.85,25.36,1.04
Thiruvananthapuram,29-07-2022,2,407.22,0.07,14.91,9.03,7.63,14.3,21.87,1.52
Thiruvananthapuram,30-07-2022,4,947.95,13.97,20.22,0.03,5.96,45.91,59.27,3.26
Thiruvananthapuram,31-07-2022,1,337.12,0,8.31,25.39,4.77,9.25,11.73,0.97
Thiruvananthapuram,01-08-2022,1,267.03,0.02,5.4,19.31,3.37,3.66,4.8,0.7
Thiruvananthapuram,02-08-2022,1,233.65,0.01,3.64,23.25,2.98,3.02,3.97,0.49
Thiruvananthapuram,03-08-2022,1,205.28,0.01,3,25.03,2.68,3.45,4.52,0.43
Thiruvananthapuram,04-08-2022,1,210.29,0,2.16,32.54,2,3.16,3.99,0.3
Thiruvananthapuram,05-08-2022,1,203.61,0,2.96,36.12,2.5,3.13,4.2,0.38
Thiruvananthapuram,06-08-2022,1,260.35,0,5.44,36.48,4.71,8.55,10.18,0.51
Thiruvananthapuram,07-08-2022,1,223.64,0,3.3,36.84,3.31,7.76,9.09,0.37
Thiruvananthapuram,08-08-2022,2,230.31,0,4.8,34.69,3.7,10.14,14.26,0.53
Thiruvananthapuram,09-08-2022,2,243.66,0,4.97,40.41,3.87,12.83,29.6,0.55
Thiruvananthapuram,10-08-2022,2,236.99,0,4.93,35.05,3.7,10.48,21.18,0.63
Thiruvananthapuram,11-08-2022,2,330.45,0.01,9,23.25,5.3,13.22,26.19,0.98
Thiruvananthapuram,12-08-2022,1,300.41,0,7.54,25.75,5.96,9.28,12.05,0.75
Thiruvananthapuram,13-08-2022,2,307.08,0,8.65,25.03,6.14,10.72,13.43,0.74
Thiruvananthapuram,14-08-2022,2,273.7,0,6.68,25.03,4.05,11.32,15.51,0.76
Thiruvananthapuram,15-08-2022,1,267.03,0,6.85,25.39,3.93,8.09,11.84,0.71
Thiruvananthapuram,16-08-2022,2,347.14,0,11.82,22.71,6.38,12.64,21.17,1.42
Thiruvananthapuram,17-08-2022,2,363.83,0.02,13.71,15.02,7.99,14.05,26.81,1.38
Thiruvananthapuram,18-08-2022,2,333.79,0.02,11.48,16.81,7.39,15.36,25.51,1.27
Thiruvananthapuram,19-08-2022,2,393.87,0.04,14.57,12.52,7.75,15.82,20.42,0.99
Thiruvananthapuram,20-08-2022,2,337.12,0.03,12.17,13.23,7.09,11.5,17.12,0.93
Thiruvananthapuram,21-08-2022,1,283.72,0.01,7.8,19.49,4.77,8.83,14.57,0.72
Thiruvananthapuram,22-08-2022,1,250.34,0.02,5.01,16.45,3.81,3.7,4.93,0.67
Thiruvananthapuram,23-08-2022,1,283.72,0.02,6.25,19.13,4.53,4.3,5.56,0.68
Thiruvananthapuram,24-08-2022,1,363.83,0.05,11.82,13.23,6.14,8.54,10.63,0.97
Thiruvananthapuram,25-08-2022,2,403.88,0.01,12.68,18.24,5.9,11.65,13.99,0.85
Thiruvananthapuram,26-08-2022,1,323.77,0.02,9.6,14.31,5.01,8.6,11.55,0.7
Thiruvananthapuram,27-08-2022,1,383.85,0.14,12,9.3,5.9,9.21,11.34,0.96
Thiruvananthapuram,28-08-2022,1,283.72,0.01,6.51,20.38,4.23,5.49,7.26,0.76
Thiruvananthapuram,29-08-2022,2,313.76,0.05,8.65,12.16,4.65,10.7,13.9,0.91
Thiruvananthapuram,30-08-2022,2,360.49,0.06,10.71,11.62,6.62,16.35,20.7,1.08
Thiruvananthapuram,31-08-2022,2,420.57,0.09,11.48,11,6.5,16.75,21.24,1.06
Thiruvananthapuram,01-09-2022,4,894.55,12.52,16.96,0.03,7.63,33.18,42.22,4.88
Thiruvananthapuram,02-09-2022,1,307.08,0.01,7.03,27.54,5.25,6,7.95,0.93
Thiruvananthapuram,03-09-2022,1,297.07,0.01,6.68,27.54,5.13,5.73,8.41,0.97
Thiruvananthapuram,04-09-2022,1,337.12,0.06,8.57,14.66,3.4,8.16,12.65,1.22
Thiruvananthapuram,05-09-2022,1,303.75,0.02,7.2,17.17,4.29,6.7,9.41,0.98
Thiruvananthapuram,06-09-2022,1,280.38,0.02,5.74,20.92,3.76,3.43,4.73,0.74
Thiruvananthapuram,07-09-2022,1,223.64,0,3.64,32.9,3.19,3.99,5.51,0.52
Thiruvananthapuram,08-09-2022,1,236.99,0,4.54,27.18,3.87,5.25,8.14,0.56
Thiruvananthapuram,09-09-2022,1,287.06,0,7.03,30.76,4.59,7.37,10.16,0.91
Thiruvananthapuram,10-09-2022,1,277.04,0,5.83,35.05,4.83,9.14,13.28,0.69
Thiruvananthapuram,11-09-2022,1,223.64,0,3.73,36.12,3.34,6.79,8.76,0.42
Thiruvananthapuram,12-09-2022,1,243.66,0,4.63,32.19,3.99,9.17,12.98,0.52
Thiruvananthapuram,13-09-2022,2,330.45,0.02,9.51,18.42,6.68,12.81,16.79,0.98
Thiruvananthapuram,14-09-2022,2,340.46,0,8.91,26.46,6.44,13.71,18.42,1
Thiruvananthapuram,15-09-2022,2,370.5,0.02,11.14,18.24,6.97,14.03,18.56,1.16
Thiruvananthapuram,16-09-2022,2,370.5,0.02,11.31,18.95,6.14,14.18,23.04,1.06
Thiruvananthapuram,17-09-2022,2,347.14,0.01,11.31,21.28,6.56,15.75,21.45,1.03
Thiruvananthapuram,18-09-2022,2,307.08,0.01,9.25,20.21,5.07,11.98,15.99,1
Thiruvananthapuram,19-09-2022,2,317.1,0.01,9.17,22.17,5.13,11.7,15.89,0.97
Thiruvananthapuram,20-09-2022,2,320.43,0.01,10.71,20.74,6.5,11.74,15.99,0.95
Thiruvananthapuram,21-09-2022,2,323.77,0.02,10.2,16.99,6.68,12.69,17.6,1.01
Thiruvananthapuram,22-09-2022,2,340.46,0.04,9.68,16.27,5.78,11.28,18.3,1.22
Thiruvananthapuram,23-09-2022,2,337.12,0.02,10.62,17.52,6.38,12.05,19.11,1.17
Thiruvananthapuram,24-09-2022,2,317.1,0.01,11.14,21.82,6.56,10.07,16.31,1.12
Thiruvananthapuram,25-09-2022,1,277.04,0,8.31,27.89,4.83,7.83,12.2,0.89
Thiruvananthapuram,26-09-2022,1,250.34,0,6.08,24.68,3.49,6.95,11.96,0.57
Thiruvananthapuram,27-09-2022,1,310.42,0.01,10.62,17.34,6.68,8.9,17.42,1.3
Thiruvananthapuram,28-09-2022,2,323.77,0.03,11.31,14.66,7.03,12.22,19.52,1
Thiruvananthapuram,29-09-2022,1,257.02,0.01,6.51,23.6,5.36,6.79,8.48,0.74
Thiruvananthapuram,30-09-2022,1,283.72,0.02,7.2,17.52,5.72,8.12,10.25,0.8
Thiruvananthapuram,01-10-2022,1,310.42,0.1,7.8,11.44,4.35,8.23,16.64,1.09
Thiruvananthapuram,02-10-2022,1,247,0.01,5.83,20.92,4.17,5.85,8.01,0.68
Thiruvananthapuram,03-10-2022,1,263.69,0.01,6.08,19.85,4.11,6.45,8.09,0.7
Thiruvananthapuram,04-10-2022,1,307.08,0.01,9.25,21.1,5.96,8.32,11.46,0.92
Thiruvananthapuram,05-10-2022,2,330.45,0,11.31,22.53,5.9,12.7,19.41,0.82
Thiruvananthapuram,06-10-2022,1,310.42,0,8.83,23.96,6.14,9.69,12.07,0.89
Thiruvananthapuram,07-10-2022,2,333.79,0.01,11.14,17.7,6.62,12.24,15.62,0.85
Thiruvananthapuram,08-10-2022,2,367.16,0.01,11.31,16.45,4.95,14.42,19.34,0.79
Thiruvananthapuram,09-10-2022,1,300.41,0.01,7.97,17.17,3.49,9.28,13.82,0.75
Thiruvananthapuram,10-10-2022,2,347.14,0.01,7.88,16.27,3.25,13.68,17.11,0.77
Thiruvananthapuram,11-10-2022,4,1001.36,32.63,21.25,0,13.35,42.58,61.26,15.33
Thiruvananthapuram,12-10-2022,4,841.14,11.51,19.19,0.02,7.33,30.96,44.55,6.02
Thiruvananthapuram,13-10-2022,2,407.22,0.04,11.82,15.2,6.08,13.1,18.09,1.35
Thiruvananthapuram,14-10-2022,3,487.33,0.09,14.74,8.94,6.32,21.37,25.21,1.25
Thiruvananthapuram,15-10-2022,2,540.73,0.59,15.42,5.23,5.42,18.93,26.27,1.63
Thiruvananthapuram,16-10-2022,4,921.25,21.68,29.47,0.02,12.28,35.44,46.52,12.92
Thiruvananthapuram,17-10-2022,2,467.3,0.04,12.17,15.91,3.93,11.59,14.05,1.52
Thiruvananthapuram,18-10-2022,4,841.14,29.5,12.51,0.01,4.35,29.07,35.13,2.53
Thiruvananthapuram,19-10-2022,1,353.81,0,6.68,42.2,3.7,8.85,10.6,0.84
Thiruvananthapuram,20-10-2022,2,407.22,0,9.25,32.9,5.54,11.15,13.47,0.82
Thiruvananthapuram,21-10-2022,1,333.79,0.02,9.34,20.92,4.89,5.71,8.08,1.23
Thiruvananthapuram,22-10-2022,4,934.6,19.45,11.82,0,4.11,44.62,59.62,3.26
Thiruvananthapuram,23-10-2022,4,720.98,1.29,17.48,3,3.16,43.78,55.3,2.72
Thiruvananthapuram,24-10-2022,2,433.92,0.05,10.54,17.7,4.05,14.64,20.57,1.44
Thiruvananthapuram,25-10-2022,3,620.84,5.59,14.74,0.27,3.78,21.28,33.17,1.87
Thiruvananthapuram,26-10-2022,4,527.38,0.03,10.45,17.88,2.89,26.27,35.78,1.03
Thiruvananthapuram,27-10-2022,5,1308.44,14.31,50.72,0.08,14.42,102.26,127.34,20.77
Thiruvananthapuram,28-10-2022,5,1054.76,5.7,30.16,0.65,7.75,100.72,115.44,8.99
Thiruvananthapuram,29-10-2022,5,1214.98,19.22,20.73,0.01,5.66,123,155.25,7.09
Thiruvananthapuram,30-10-2022,5,634.19,0.04,9.68,14.31,2.47,64.7,70.06,1.49
Thiruvananthapuram,31-10-2022,4,667.57,5.03,11.82,0.1,3.1,30.18,36.13,3.2
Thiruvananthapuram,01-11-2022,4,634.19,0.02,8.31,18.95,1.97,34.59,37.53,0.91
Thiruvananthapuram,02-11-2022,4,547.41,0,12,37.19,5.96,38.84,43.41,0.93
Thiruvananthapuram,03-11-2022,5,1441.96,28.16,17.99,0,6.2,75.27,94.01,3.48
Thiruvananthapuram,04-11-2022,5,1212,37,9.59,0,4.94,85.5,114.25,3.48
Thiruvananthapuram,05-11-2022,5,1708,36.63,61,0,23.13,114.75,143.5,26.09
Thiruvananthapuram,06-11-2022,5,1375.2,29.06,47.3,0,17.64,70.69,85.65,26.09
Thiruvananthapuram,07-11-2022,4,674.25,0.71,12.17,2.21,3.55,32.65,38.03,1.71
Thiruvananthapuram,08-11-2022,5,1201.63,25.48,10.45,0,5.96,89.65,114.96,7.28
Thiruvananthapuram,09-11-2022,5,1495.36,49.62,10.88,0,7.09,88.29,102.05,7.22
Thiruvananthapuram,10-11-2022,5,1682.28,71.53,17.31,0,11.44,99.84,125.01,12.41
Thiruvananthapuram,11-11-2022,5,1922.61,49.62,34.96,0,22.65,121.88,145.28,31.41
Thiruvananthapuram,12-11-2022,5,1628.88,56.33,16.79,0,6.85,86.46,101.28,4.37
Thiruvananthapuram,13-11-2022,5,1174.93,15.42,37.01,0.04,12.16,58.93,78.14,22.29
Thiruvananthapuram,14-11-2022,4,907.9,5.98,12,0.04,4.17,39.57,47.27,3.64
Thiruvananthapuram,15-11-2022,4,974.66,8.72,16.79,0.2,4.47,40.43,47.31,2.82
Thiruvananthapuram,16-11-2022,5,1068.12,1.05,27.42,1.94,8.11,63.62,71.13,2.5
Thiruvananthapuram,17-11-2022,5,1001.36,16.76,14.57,0.01,4.95,63.04,79.74,7.16
Thiruvananthapuram,18-11-2022,5,961.3,5.81,13.88,0.11,3.43,81.08,87.66,2.66
Thiruvananthapuram,19-11-2022,5,1228.33,25.48,12.68,0,3.58,158.81,190.57,3.55
Thiruvananthapuram,20-11-2022,5,907.9,0.08,18.34,14.13,4.23,95.5,107.18,2.31
Thiruvananthapuram,21-11-2022,5,1708.98,17.88,85.68,0.02,23.37,113.88,132.16,28.88
Thiruvananthapuram,22-11-2022,5,727.65,0,11.14,36.84,5.42,79.37,91.72,1.06
Thiruvananthapuram,23-11-2022,5,560.76,0,8.74,55.07,3.81,85.33,96.06,0.15
Thiruvananthapuram,24-11-2022,5,440.6,0,10.11,53.64,3.64,56.63,67.01,1.22
Thiruvananthapuram,25-11-2022,5,921.25,9.72,32.9,0.64,7.27,78.68,101.46,8.36
Thiruvananthapuram,26-11-2022,5,854.49,3.27,20.91,0.94,3.73,57.76,77.89,2.41
Thiruvananthapuram,27-11-2022,5,847.82,9.16,16.45,0.13,2.71,60.89,80.06,2.37
Thiruvananthapuram,28-11-2022,5,680.92,3.69,13.19,0.35,3.16,57.03,72.05,4.43
Thiruvananthapuram,29-11-2022,4,667.57,0.26,10.62,8.23,2.21,46.76,53.66,1.36
Thiruvananthapuram,30-11-2022,5,1001.36,17.88,17.82,0,4.11,72.04,90.06,2.63
Thiruvananthapuram,01-12-2022,5,1401.9,19.89,21.93,0.01,6.5,120.93,139.99,6.02
Thiruvananthapuram,02-12-2022,5,734.33,0.63,14.74,5.9,2.59,68.52,83.56,1.49
Thiruvananthapuram,03-12-2022,5,1041.41,16.76,13.88,0.01,4.47,74.17,87.64,5.13
Thiruvananthapuram,04-12-2022,4,934.6,17.66,12,0.01,5.01,47.97,60.59,7.28
Thiruvananthapuram,05-12-2022,5,1188.28,20.12,32.56,0,14.66,53.93,67.69,23.56
Thiruvananthapuram,06-12-2022,5,1108.17,6.26,15.59,0.2,3.55,73.35,100.12,2.66
Thiruvananthapuram,07-12-2022,5,1014.71,3.24,21.76,1.34,3.07,105,126.67,1.93
Thiruvananthapuram,08-12-2022,5,1295.09,38,19.54,0,10.37,85.87,112.12,14.06
Thiruvananthapuram,09-12-2022,5,687.6,0,10.88,36.12,5.42,60.04,70.84,0.73
Thiruvananthapuram,11-12-2022,4,353.81,0,5.83,66.52,5.01,41.95,44.58,0.88
Thiruvananthapuram,12-12-2022,5,440.6,0,7.03,51.5,4.17,58.63,61.54,0.79
Thiruvananthapuram,13-12-2022,4,654.22,2.18,20.56,3.35,4.23,45.99,60.16,5.89
Thiruvananthapuram,14-12-2022,5,781.06,9.95,21.42,0.25,6.08,52.05,79.82,8.99
Thiruvananthapuram,15-12-2022,5,947.95,29.5,8.23,0,7.21,55.34,68.61,11.02
Thiruvananthapuram,16-12-2022,4,680.92,3.05,13.02,1.07,2.53,46.29,64.11,2.12
Thiruvananthapuram,17-12-2022,5,867.84,10.17,22.62,0.17,5.13,81.5,108.75,4.56
Thiruvananthapuram,18-12-2022,5,1214.98,11.4,42.84,0.11,13.47,107.07,136.82,21.79
Thiruvananthapuram,19-12-2022,5,1014.71,8.05,22.28,0.18,5.13,88.36,105.59,5.76
Thiruvananthapuram,20-12-2022,5,1428.6,24.14,27.08,0,9.3,94.55,129.2,10.13
Thiruvananthapuram,21-12-2022,5,921.25,10.06,25.02,0.62,4.17,56.41,72.86,2.41
Thiruvananthapuram,22-12-2022,5,1094.82,16.09,14.22,0.01,4.11,76.61,102.05,3.83
Thiruvananthapuram,23-12-2022,5,1014.71,3.97,22.62,0.76,4.47,80.67,103.59,3.36
Thiruvananthapuram,24-12-2022,5,1255.04,13.86,40.1,0.1,11.32,104.88,129.15,15.33
Thiruvananthapuram,25-12-2022,5,687.6,0.01,12.85,22.89,3.16,96.19,111.29,1.31
Thiruvananthapuram,26-12-2022,2,507.35,0.24,6.77,9.48,2.65,20.88,25.03,1.2
Thiruvananthapuram,27-12-2022,5,1668.93,38,35.99,0,15.5,112.55,134.53,17.48
Thiruvananthapuram,28-12-2022,4,801.09,1.02,16.28,4.2,3.76,51.27,64.91,2.72
Thiruvananthapuram,29-12-2022,4,1081.47,19.89,13.54,0.01,4.17,61.91,87.17,3.93
Thiruvananthapuram,30-12-2022,4,1068.12,30.4,11.82,0,3.99,62.14,94.9,3.7
Thiruvananthapuram,31-12-2022,3,881.2,14.75,16.11,0.04,3.01,48.26,69.83,1.88
Thiruvananthapuram,01-01-2023,4,754.36,5.09,18.68,0.82,2.5,50.87,68.98,2.72
Thiruvananthapuram,02-01-2023,4,834.47,0.94,21.42,5.01,3.04,64.39,80.38,2.69
Thiruvananthapuram,03-01-2023,3,814.44,13.75,18.34,0.06,3.13,47.78,68.2,2.91
Thiruvananthapuram,04-01-2023,4,1028.06,12.41,28.45,0.12,4.41,65.6,92.07,4.69
Thiruvananthapuram,05-01-2023,5,1161.58,25.48,21.08,0,4.05,75.48,105.77,3.55
Thiruvananthapuram,06-01-2023,3,600.81,0.02,20.05,22.89,3.64,40.1,58.42,3.23
Thiruvananthapuram,07-01-2023,5,1548.77,13.52,42.16,0.05,8.7,115.29,151.96,7.73
Thiruvananthapuram,08-01-2023,5,1161.58,1.93,42.16,2.01,9.42,89.26,116.35,10.64
Thiruvananthapuram,09-01-2023,5,947.95,3.74,26.39,0.79,3.73,81.43,104.72,3.93
Thiruvananthapuram,10-01-2023,5,881.2,0.37,25.36,8.58,4.05,85,107.09,3.07
Thiruvananthapuram,11-01-2023,5,934.6,5.48,25.02,0.65,3.43,92.01,121.69,2.72
Thiruvananthapuram,12-01-2023,5,1028.06,3.91,43.87,1.11,11.68,95.72,128.62,18.49
Thiruvananthapuram,13-01-2023,5,974.66,1.02,28.79,5.41,4.47,100.05,128.52,4.12
Thiruvananthapuram,14-01-2023,5,961.3,0.86,29.47,6.44,3.7,101.65,129.26,3.74
Thiruvananthapuram,15-01-2023,5,667.57,0.01,17.65,20.21,2.92,75.77,92.63,2.66
Thiruvananthapuram,16-01-2023,4,660.9,0.04,19.19,18.95,3.13,67.86,85.92,2.85
Thiruvananthapuram,17-01-2023,4,594.14,0,14.39,46.49,3.81,65.31,81.38,2.56
Thiruvananthapuram,18-01-2023,4,881.2,14.53,16.79,0.02,3.67,65.12,90.55,3.29
Thiruvananthapuram,19-01-2023,4,547.41,0.04,20.73,23.25,4.71,52.29,69.42,2.98
Thiruvananthapuram,20-01-2023,4,747.68,0.72,29.82,6.26,4.83,52.42,73.23,6.78
Thiruvananthapuram,21-01-2023,4,640.87,0.06,20.91,18.24,3.28,53.03,72.79,4.31
Thiruvananthapuram,22-01-2023,4,700.95,0.01,21.59,20.92,3.87,70.49,90.86,5.57
Thiruvananthapuram,23-01-2023,3,520.71,0,15.25,32.9,3.31,34.52,48.18,3.23
Thiruvananthapuram,24-01-2023,3,480.65,0,9.51,29.33,3.73,33.91,39.57,1.12
Thiruvananthapuram,25-01-2023,4,1001.36,1.09,24.33,3.62,7.03,58.14,65.47,3.93
Thiruvananthapuram,26-01-2023,4,801.09,3.63,17.82,0.91,2.86,62.73,87.96,1.99
Thiruvananthapuram,27-01-2023,4,587.46,0.05,15.94,20.21,2.83,50.51,64.35,1.08
Thiruvananthapuram,28-01-2023,5,1081.47,13.19,23.31,0.07,3.43,99.98,130.45,2.47
Thiruvananthapuram,29-01-2023,5,834.47,0.92,20.73,4.6,2.77,92.64,113.24,1.99
Thiruvananthapuram,30-01-2023,5,580.79,0,13.02,38.27,3.93,76.45,87.65,2.91
Thiruvananthapuram,31-01-2023,4,674.25,0,11.82,41.13,6.44,71,77.04,1.35
Thiruvananthapuram,01-02-2023,3,734.33,0.76,12.51,3.53,2.59,42.56,55.52,1.63
Thiruvananthapuram,02-02-2023,5,1081.47,0.02,23.65,18.6,6.32,106.61,121.47,2.53
Thiruvananthapuram,03-02-2023,2,514.03,0,8.74,25.75,2.86,23.08,26.52,0.88
Thiruvananthapuram,04-02-2023,3,727.65,0.01,11.82,21.28,2.98,48.02,56.26,1.36
Thiruvananthapuram,05-02-2023,5,1121.52,22.13,10.45,0,4.53,77.09,101.7,5.7
Thiruvananthapuram,06-02-2023,5,774.38,1.2,16.28,2.82,3.16,78.43,102.87,2.53
Thiruvananthapuram,07-02-2023,5,1081.47,10.17,17.82,0.13,3.67,104.27,138.93,2.53
Thiruvananthapuram,08-02-2023,5,1361.85,4.53,32.9,0.83,7.39,150.58,187.33,8.49
Thiruvananthapuram,09-02-2023,5,1094.82,8.05,20.91,0.31,3.43,107.22,135.51,2.34
Thiruvananthapuram,10-02-2023,5,988.01,8.61,21.08,0.28,3.13,84.85,112.76,2.5
Thiruvananthapuram,11-02-2023,5,974.66,14.08,16.62,0.08,2.86,90.21,113.83,1.82
Thiruvananthapuram,12-02-2023,4,734.33,0.02,21.08,21.82,4.41,74.51,89.16,2.41
Thiruvananthapuram,13-02-2023,4,627.52,0.01,15.42,19.31,2.86,71.35,91.31,1.99
Thiruvananthapuram,14-02-2023,4,634.19,0.2,16.96,14.48,3.19,65.69,87.54,1.38
Thiruvananthapuram,15-02-2023,5,734.33,0.01,21.08,23.96,4.17,76.05,99.32,2.79
Thiruvananthapuram,16-02-2023,5,640.87,0.04,18.16,22.53,3.4,78.32,100.15,1.79
Thiruvananthapuram,17-02-2023,5,640.87,0.02,20.39,28.25,4.71,79.49,103,3.1
Thiruvananthapuram,18-02-2023,4,607.49,0.03,19.71,24.32,4.05,52.96,72.67,3.74
Thiruvananthapuram,19-02-2023,4,694.27,0.14,22.96,11.98,3.49,59.43,78.9,5
Thiruvananthapuram,20-02-2023,4,781.06,4.97,23.31,0.49,3.55,56.73,77.33,3.74
Thiruvananthapuram,21-02-2023,4,761.03,0.68,28.79,5.9,5.25,51.06,69.44,3.36
Thiruvananthapuram,22-02-2023,4,607.49,0,19.54,27.18,5.07,50.39,64.74,1.79
Thiruvananthapuram,23-02-2023,5,747.68,0.03,23.65,22.35,4.59,80.43,101.86,4.81
Thiruvananthapuram,25-02-2023,3,433.92,0.01,8.74,32.19,5.66,28.01,37.01,3.29
Thiruvananthapuram,26-02-2023,3,520.71,0,12.85,47.92,4.59,36.69,50.7,2.47
Thiruvananthapuram,27-02-2023,3,460.62,0.02,13.88,27.54,2.8,28.32,40.23,2.53
Thiruvananthapuram,28-02-2023,3,801.09,0.07,26.73,17.34,5.78,48.44,70.53,7.98
Thiruvananthapuram,01-03-2023,2,494,0,10.45,49.35,3.34,23.45,28.89,2.31
Thiruvananthapuram,02-03-2023,3,801.09,0.14,22.28,13.23,5.01,33.43,46.5,5.64
Thiruvananthapuram,03-03-2023,3,687.6,0.08,21.25,16.99,4.59,44.04,62.7,4.81
Thiruvananthapuram,04-03-2023,5,574.11,0.01,17.65,29.33,4.65,80.2,100.12,4.62
Thiruvananthapuram,05-03-2023,3,367.16,0,4.28,36.48,1.56,32.96,41.09,3.04
Thiruvananthapuram,06-03-2023,3,580.79,0.16,14.74,12.87,3.04,33.69,44.88,1.74
Thiruvananthapuram,07-03-2023,4,580.79,0,11.65,41.48,4.77,55.57,68.37,2.18
Thiruvananthapuram,08-03-2023,4,634.19,0.02,18.68,22.71,4.05,58.65,73.87,3.55
Thiruvananthapuram,09-03-2023,3,614.17,0.02,16.62,25.03,4.23,41.92,53.89,3.32
Thiruvananthapuram,10-03-2023,3,660.9,0.08,18.68,14.48,3.67,45.76,62.56,1.73
Thiruvananthapuram,11-03-2023,3,574.11,0,12,27.54,3.46,33.01,43.04,2.75
Thiruvananthapuram,12-03-2023,4,594.14,0,13.37,34.33,3.81,57.25,71.58,2.63
Thiruvananthapuram,13-03-2023,3,547.41,0,11.65,31.83,3.7,36.17,48.06,2.75
Thiruvananthapuram,14-03-2023,3,714.3,0,16.96,26.11,4.65,38.55,54.27,3.23
Thiruvananthapuram,15-03-2023,5,667.57,0,12,43.27,5.3,76.13,94.58,2.31
Thiruvananthapuram,16-03-2023,5,687.6,0,14.57,54.36,8.23,85.47,98.25,2.03
Thiruvananthapuram,17-03-2023,5,867.84,0,17.82,45.06,9.06,88.88,97.36,1.85
Thiruvananthapuram,18-03-2023,4,907.9,0.09,15.25,11,3.93,66.29,73.46,1.95
Thiruvananthapuram,19-03-2023,3,781.06,1.08,14.22,1.52,2.32,47.29,55.19,1.5
Thiruvananthapuram,20-03-2023,3,700.95,0.19,15.42,10.64,3.93,32.86,40.74,2.31
Thiruvananthapuram,21-03-2023,3,527.38,0.31,12.85,8.58,3.25,29.97,36.1,1.47
Thiruvananthapuram,22-03-2023,3,614.17,0.06,18.34,14.48,5.25,46.49,73.01,2.12
Thiruvananthapuram,23-03-2023,3,520.71,0.04,17.14,16.09,6.14,35.92,65.52,2.6
Thiruvananthapuram,24-03-2023,3,594.14,0.65,21.08,5.05,5.36,28.95,48.41,2.56
Thiruvananthapuram,25-03-2023,3,801.09,28.61,10.62,0,5.19,35.79,53.19,6.9
Thiruvananthapuram,26-03-2023,3,741,8.61,26.39,0.27,5.25,37.6,53.16,6.84
Thiruvananthapuram,27-03-2023,3,480.65,0,7.63,20.74,3.01,29.03,34.62,0.85
Thiruvananthapuram,28-03-2023,3,390.53,0,11.31,33.97,7.63,27.04,54.12,1.69
Thiruvananthapuram,29-03-2023,4,947.95,0.07,27.42,7.96,6.02,64.92,93.33,1.99
Thiruvananthapuram,30-03-2023,3,580.79,0.11,16.11,9.66,4.41,37.14,52.22,1.49
Thiruvananthapuram,31-03-2023,3,447.27,0,9.77,24.68,3.93,28.32,38.89,1.03
Thiruvananthapuram,01-04-2023,2,433.92,0.02,14.91,17.17,6.74,22.06,37.56,1.95
Thiruvananthapuram,02-04-2023,2,420.57,0.04,10.88,15.56,3.58,19.79,31.33,1.35
Thiruvananthapuram,03-04-2023,3,417.23,0,9,28.97,3.61,29.9,41.13,1.16
Thiruvananthapuram,04-04-2023,3,460.62,0,9.77,29.33,4.23,26.87,37.12,1.12
Thiruvananthapuram,05-04-2023,4,1054.76,5.25,29.47,0.06,6.91,61.28,84.4,3.64
Thiruvananthapuram,06-04-2023,3,700.95,12.52,18.85,0.09,3.52,32.13,47.42,1.85
Thiruvananthapuram,07-04-2023,5,1148.22,17.66,36.67,0.01,12.28,81.9,109.82,17.48
Thiruvananthapuram,08-04-2023,3,547.41,0.48,14.74,5.1,2.65,32.7,44.45,1.3
Thiruvananthapuram,09-04-2023,3,787.73,13.08,14.91,0.03,3.43,34.13,50.94,3.2
Thiruvananthapuram,10-04-2023,3,827.79,13.86,24.68,0.02,9.78,38.29,56.43,17.73
Thiruvananthapuram,11-04-2023,3,554.08,0,10.11,24.68,3.52,42.05,51.55,1.14
Thiruvananthapuram,12-04-2023,3,761.03,1.69,20.05,1.39,3.55,43.71,62.78,1.58
Thiruvananthapuram,13-04-2023,3,640.87,0.24,17.14,7.42,3.46,43.04,59.03,1.52
Thiruvananthapuram,14-04-2023,3,580.79,0.01,16.62,22.17,4.23,49.32,62.93,1.5
Thiruvananthapuram,15-04-2023,3,761.03,4.14,21.25,0.29,3.99,46.25,63.34,1.55
Thiruvananthapuram,16-04-2023,3,667.57,10.06,16.45,0.15,3.07,41.45,56.93,3.83
Thiruvananthapuram,17-04-2023,3,447.27,0.15,10.37,10.28,2.21,32.89,41.39,1.06
Thiruvananthapuram,18-04-2023,3,787.73,15.87,12.51,0.02,3.58,47.98,70.44,3.26
Thiruvananthapuram,19-04-2023,3,847.82,16.76,15.25,0.02,4.47,49.24,68.54,3.48
Thiruvananthapuram,20-04-2023,5,1815.8,57.22,39.41,0,25.75,82.88,108.78,32.42
Thiruvananthapuram,21-04-2023,3,687.6,0.78,19.19,5.68,4.77,36.26,50.52,1.98
Thiruvananthapuram,22-04-2023,3,567.44,0.06,15.42,13.77,6.2,30.32,39.71,1.63
Thiruvananthapuram,23-04-2023,2,330.45,0,5.44,40.77,3.99,19.43,24.5,1.12
Thiruvananthapuram,24-04-2023,3,527.38,0,11.14,23.96,3.93,40.22,49.15,1.11
Thiruvananthapuram,25-04-2023,5,1482.01,29.06,29.13,0,15.26,92.43,107.7,18.49
Thiruvananthapuram,26-04-2023,3,647.54,0.01,16.96,20.92,9.54,26.23,31.27,1.96
Thiruvananthapuram,27-04-2023,3,907.9,7.71,18.34,0.01,4.89,49.26,62.69,3.1
Thiruvananthapuram,28-04-2023,5,2082.82,44.26,69.23,0,29.09,121.97,146.9,36.98
Thiruvananthapuram,29-04-2023,4,1028.06,13.86,21.59,0.03,6.14,52.18,64.08,6.14
Thiruvananthapuram,30-04-2023,4,1068.12,34.87,18.68,0,6.02,54.13,61.27,6.14
Thiruvananthapuram,01-05-2023,3,674.25,0.94,11.65,1.37,2.59,36.38,41.87,1.49
Thiruvananthapuram,02-05-2023,3,881.2,0,12.34,22.89,5.07,35.09,38.09,0.87
Thiruvananthapuram,03-05-2023,3,674.25,0.01,15.59,22.71,7.21,28.16,31.78,1.39
Thiruvananthapuram,04-05-2023,2,487.33,0.04,14.05,11.98,6.14,23.02,31.01,1.12
Thiruvananthapuram,05-05-2023,2,453.95,0.22,13.88,9.3,4.59,12.68,22.99,1.47
Thiruvananthapuram,06-05-2023,2,554.08,0.29,18.51,6.35,5.01,23.6,35.13,1.54
Thiruvananthapuram,07-05-2023,2,417.23,0,9,28.25,4.71,20.47,24.23,0.87
Thiruvananthapuram,08-05-2023,2,453.95,0,8.05,35.05,4.05,22.38,28.57,0.95
Thiruvananthapuram,09-05-2023,2,417.23,0.01,10.97,20.56,4.47,15.04,22.38,1.09
Thiruvananthapuram,10-05-2023,2,423.91,0.05,12.68,10.73,6.08,14.59,19.06,1.16
Thiruvananthapuram,11-05-2023,2,370.5,0,9.77,25.03,6.44,10.55,13.75,1.27
Thiruvananthapuram,12-05-2023,2,660.9,4.36,19.36,1.01,5.36,23.31,35.45,2.41
Thiruvananthapuram,13-05-2023,4,1895.9,70.63,26.73,0,27.42,72.68,100.59,32.42
Thiruvananthapuram,14-05-2023,1,310.42,0.05,7.03,13.41,3.13,4.26,6.53,0.99
Thiruvananthapuram,15-05-2023,1,330.45,0.01,7.54,20.74,3.67,6.75,10.03,1.03
Thiruvananthapuram,16-05-2023,2,453.95,0.01,11.31,20.03,6.2,10.5,16.36,1.33
Thiruvananthapuram,17-05-2023,2,410.56,0,11.31,28.61,6.56,16.18,27.13,1.44
Thiruvananthapuram,18-05-2023,3,580.79,0.04,17.31,15.02,6.38,32.08,47.58,1.73
Thiruvananthapuram,19-05-2023,3,627.52,0.31,16.11,8.67,3.76,40.39,53.23,1.5
Thiruvananthapuram,20-05-2023,3,680.92,0.77,19.02,3.98,6.2,37.86,49.44,2.03
Thiruvananthapuram,21-05-2023,2,460.62,0,10.37,21.82,4.53,23.47,30.54,1.08
Thiruvananthapuram,22-05-2023,2,367.16,0.03,8.83,16.63,3.87,11.03,15.98,1.25
Thiruvananthapuram,23-05-2023,3,747.68,11.29,15.42,0.01,4.29,26.51,41.02,3.2
Thiruvananthapuram,24-05-2023,5,2136.23,63.48,67.17,0,36.24,87.09,115.55,46.61
Thiruvananthapuram,25-05-2023,2,554.08,0.17,16.28,12.34,5.07,21.25,30.55,1.8
Visakhapatnam,30-11-2020,5,647.54,4.02,28.79,150.2,89.65,94.64,102.45,3.2
Visakhapatnam,01-12-2020,5,1281.74,0,63.75,41.13,61.04,164.94,182.94,3.29
Visakhapatnam,02-12-2020,5,1068.12,0,45.24,67.95,51.5,130.92,145.21,3.39
Visakhapatnam,03-12-2020,5,1268.39,0,57.58,51.5,53.88,177.81,195.42,3.33
Visakhapatnam,04-12-2020,5,1028.06,0,38.73,82.25,50.55,176.08,190.67,0.86
Visakhapatnam,05-12-2020,5,1014.71,0,42.5,67.23,50.07,167.44,183.67,1.14
Visakhapatnam,06-12-2020,5,647.54,0,22.62,83.69,31.47,114.1,123.79,0
Visakhapatnam,07-12-2020,5,714.3,0,25.71,76.53,34.81,119.92,132.27,0.59
Visakhapatnam,08-12-2020,5,1094.82,0,42.84,57.22,42.44,177.36,195.29,0.53
Visakhapatnam,09-12-2020,5,2750.4,28.39,97.33,0,49.59,284.31,322.12,13.43
Visakhapatnam,10-12-2020,5,2483.37,32.19,67.86,0,48.64,364.27,413.96,10.64
Visakhapatnam,11-12-2020,5,2162.93,20.34,71.29,0.01,41.01,286.92,322.79,8.74
Visakhapatnam,12-12-2020,5,1762.39,0.01,52.78,43.99,37.19,356.82,396.67,11.78
Visakhapatnam,13-12-2020,5,1201.63,0,20.56,89.41,20.74,291.02,319.3,9.75
Visakhapatnam,14-12-2020,5,1174.93,0,22.28,62.23,20.74,233.92,259.83,14.31
Visakhapatnam,15-12-2020,5,1361.85,0,50.72,47.92,37.67,230.7,248.69,1.96
Visakhapatnam,16-12-2020,5,834.47,0,27.76,100.14,35.76,160.96,176.05,0.78
Visakhapatnam,17-12-2020,5,1201.63,0,47.3,77.96,55.31,209.17,230.11,1.35
Visakhapatnam,18-12-2020,5,1134.87,0,43.18,75.82,41.01,182.11,201.15,1.87
Visakhapatnam,19-12-2020,5,1121.52,0,40.44,82.25,53.88,192.47,207.49,0
Visakhapatnam,20-12-2020,5,921.25,0,32.22,87.26,39.58,160.01,173.21,0
Visakhapatnam,21-12-2020,5,1148.22,0,47.3,75.1,46.73,177.7,196.01,2.91
Visakhapatnam,22-12-2020,5,2323.15,10.17,116.53,1.26,63.9,213.18,252.6,12.29
Visakhapatnam,23-12-2020,5,2643.59,6.99,154.91,2.24,141.14,274.24,318.92,24.32
Visakhapatnam,24-12-2020,5,1495.36,0,69.23,57.22,44.35,181.09,206.33,5.95
Visakhapatnam,25-12-2020,5,1361.85,0,61.69,60.08,49.11,209.41,229.83,3.26
Visakhapatnam,26-12-2020,5,1976.01,0,86.37,41.13,53.88,309.97,341.28,4.43
Visakhapatnam,27-12-2020,5,1255.04,0,37.01,91.55,40.05,258.6,276.78,2.06
Visakhapatnam,28-12-2020,5,1602.17,0,65.8,49.35,50.55,252.98,279.09,4.75
Visakhapatnam,29-12-2020,5,1575.47,0,69.92,53.64,53.41,217.69,243.66,4.62
Visakhapatnam,30-12-2020,5,1161.58,0,47.3,77.96,49.59,194.63,216.63,1.74
Visakhapatnam,31-12-2020,5,974.66,0,30.5,121.59,48.16,196.89,215.49,1.17
Visakhapatnam,01-01-2021,5,907.9,0,28.1,97.28,29.56,165.2,183.41,3.2
Visakhapatnam,02-01-2021,5,961.3,0,36.67,90.12,39.1,157.72,174.64,2.47
Visakhapatnam,03-01-2021,5,834.47,0,20.22,127.32,31.47,164.27,178.76,1.14
Visakhapatnam,04-01-2021,5,821.11,0,29.82,88.69,33.85,127.06,140.95,2.22
Visakhapatnam,05-01-2021,5,827.79,0,26.05,79.39,24.8,107.2,123.64,4.12
Visakhapatnam,06-01-2021,5,1054.76,0,50.04,42.56,52.45,131.36,149.2,3.07
Visakhapatnam,07-01-2021,5,1735.69,11.4,82.94,0.51,61.04,152.87,181.01,14.44
Visakhapatnam,08-01-2021,5,1094.82,0.38,56.21,13.23,41.96,104.87,120.57,3.71
Visakhapatnam,09-01-2021,5,974.66,0,38.04,42.2,30.28,108.97,123.15,3.52
Visakhapatnam,10-01-2021,5,1014.71,0,35.64,62.23,31.95,184.56,199.45,0
Visakhapatnam,11-01-2021,5,1668.93,0.41,61.01,16.45,40.05,227.71,256.83,20.77
Visakhapatnam,12-01-2021,5,2883.91,77.78,69.23,0,80.11,276.11,312.97,10.01
Visakhapatnam,13-01-2021,5,2189.64,33.08,68.55,0,63.9,193.12,226.5,24.83
Visakhapatnam,14-01-2021,5,801.09,0,10.45,62.23,6.62,189.5,214.09,2.57
Visakhapatnam,15-01-2021,5,988.01,0,28.45,62.23,20.03,194.66,212.94,0.19
Visakhapatnam,16-01-2021,5,500.68,0,4.84,65.09,3.13,78.34,90.21,1.35
Visakhapatnam,17-01-2021,5,467.3,0,5.06,68.67,3.99,57.35,69.47,3.26
Visakhapatnam,18-01-2021,5,1094.82,0,38.73,37.55,43.87,107.53,120.25,4.56
Visakhapatnam,19-01-2021,5,1628.88,0.26,80.88,16.99,58.65,155.26,184.27,9.75
Visakhapatnam,20-01-2021,5,587.46,0,8.31,86.55,7.99,83.12,98.09,6.46
Visakhapatnam,21-01-2021,5,440.6,0,3.6,75.82,2.98,79.39,89.76,2.03
Visakhapatnam,22-01-2021,5,2376.56,37.1,65.8,0,135.42,190.85,222.18,31.16
Visakhapatnam,23-01-2021,5,2643.59,71.53,73.34,0,127.79,243.26,277.67,20.27
Visakhapatnam,24-01-2021,5,460.63,0,4.97,55.08,3.52,56.85,67.4,3.1
Visakhapatnam,25-01-2021,4,440.6,0,4.41,50.78,3.25,45.82,55.97,2.72
Visakhapatnam,26-01-2021,4,473.98,0,4.33,67.23,3.22,39.75,48.07,2.06
Visakhapatnam,27-01-2021,5,781.06,0,15.25,50.78,11.8,77.34,97.3,11.27
Visakhapatnam,28-01-2021,5,1348.5,12.18,65.12,0.54,60.56,141.11,154.7,2.6
Visakhapatnam,29-01-2021,5,907.9,0,16.79,105.86,19.55,154.37,173.02,2.01
Visakhapatnam,30-01-2021,5,714.3,0,7.2,131.61,6.74,199.89,221.33,0.77
Visakhapatnam,31-01-2021,5,847.82,0,7.03,121.59,10.13,205.55,228.31,3.36
Visakhapatnam,01-02-2021,5,921.25,0,19.88,137.33,39.1,202.23,210.13,0
Visakhapatnam,02-02-2021,5,1001.36,0,38.39,92.98,55.31,168.87,188.63,1.25
Visakhapatnam,03-02-2021,5,2510.07,1.54,139.83,11.27,117.3,255.1,291.62,17.73
Visakhapatnam,04-02-2021,5,2536.77,7.82,146.69,2.77,165.94,263.27,305.49,22.04
Visakhapatnam,05-02-2021,5,2616.88,6.65,145.32,3.98,164.03,279.12,324.36,23.56
Visakhapatnam,06-02-2021,5,3124.24,15.2,161.77,0.46,217.44,312.08,359.18,38.51
Visakhapatnam,07-02-2021,5,2590.18,9.84,132.98,0.69,160.22,259.21,294.92,27.61
Visakhapatnam,08-02-2021,5,700.95,0,31.53,56.51,35.29,63.26,75.54,2.57
Visakhapatnam,09-02-2021,5,2056.12,0.25,98.71,23.96,61.04,191.93,231.2,14.19
Visakhapatnam,10-02-2021,5,2777.1,9.05,143.95,1.7,204.09,252.11,292,33.44
Visakhapatnam,11-02-2021,5,814.44,0,14.22,95.84,14.78,104.54,128.4,12.54
Visakhapatnam,12-02-2021,5,961.3,0,21.25,75.1,20.5,100.6,126.74,23.31
Visakhapatnam,13-02-2021,5,547.41,0,10.8,74.39,7.33,54.09,67.03,6.97
Visakhapatnam,14-02-2021,5,687.6,0,12.68,42.56,10.73,54.5,72.02,14.57
Visakhapatnam,15-02-2021,5,467.3,0,6.26,69.38,4.65,62.54,76.86,4.62
Visakhapatnam,16-02-2021,5,480.65,0,6.51,69.38,5.42,75.83,93.43,5.19
Visakhapatnam,17-02-2021,5,460.63,0,4.58,90.12,3.49,104.93,121.96,1.25
Visakhapatnam,18-02-2021,5,2323.15,4.97,111.04,7.96,131.61,286.92,326.52,21.03
Visakhapatnam,19-02-2021,5,881.2,0,45.24,62.23,66.76,147.71,163.64,0
Visakhapatnam,20-02-2021,5,600.82,0,7.45,138.76,12.16,152.79,168.93,0.04
Visakhapatnam,21-02-2021,5,741.01,0,38.04,51.5,54.36,50.27,55.23,1.6
Visakhapatnam,22-02-2021,5,1361.85,0.02,63.75,24.32,54.36,163.3,177.53,3.23
Visakhapatnam,23-02-2021,5,2056.12,0.25,70.6,15.38,48.64,307.32,342.31,25.59
Visakhapatnam,24-02-2021,5,814.44,0,9.08,57.22,7.15,151.57,171.39,6.97
Visakhapatnam,25-02-2021,5,554.09,0,3.98,58.65,2.86,83.81,96.19,1.87
Visakhapatnam,26-02-2021,5,467.3,0,2.16,61.51,2,71.73,85.28,0.99
Visakhapatnam,27-02-2021,5,403.88,0,1.74,57.94,1.46,51.56,67.77,0.84
Visakhapatnam,28-02-2021,5,380.52,0,1.74,68.67,1.48,52.54,68.43,0.77
Visakhapatnam,01-03-2021,5,387.19,0,2.06,81.54,2.06,64,78.37,1.08
Visakhapatnam,02-03-2021,4,310.42,0,1.46,67.23,1.4,35.97,45.93,0.68
Visakhapatnam,03-03-2021,4,297.07,0,1.3,78.68,1.83,38.7,50.06,0.56
Visakhapatnam,04-03-2021,5,400.54,0,5.01,41.13,3.87,50.6,68.22,3.8
Visakhapatnam,05-03-2021,4,300.41,0,2.36,54.36,1.94,42.12,53.63,1.11
Visakhapatnam,06-03-2021,4,277.04,0,1.56,67.23,1.48,36.29,46.04,0.73
Visakhapatnam,07-03-2021,4,257.02,0,0.91,62.23,0.93,38.53,50.44,0.2
Visakhapatnam,08-03-2021,4,357.15,0.02,4.41,19.67,3.25,29.58,42.22,3.48
Visakhapatnam,09-03-2021,2,290.39,0.01,2.96,21.1,2.12,19.09,26.23,1.73
Visakhapatnam,10-03-2021,1,216.96,0.01,1.56,19.13,1.3,4.38,7.91,0.92
Visakhapatnam,11-03-2021,2,267.03,0,1.82,29.33,1.43,11.92,17.41,1.06
Visakhapatnam,12-03-2021,1,243.66,0,2.55,29.68,1.97,7.06,13.71,1.57
Visakhapatnam,13-03-2021,2,330.45,0,4.03,26.46,2.5,13.17,20.82,2.6
Visakhapatnam,14-03-2021,5,1161.58,14.53,33.24,0.04,39.1,59.18,77.38,25.84
Visakhapatnam,15-03-2021,4,667.57,0.01,15.94,18.24,11.92,31.75,47.69,15.45
Visakhapatnam,16-03-2021,2,403.88,0,8.05,35.05,5.31,14.38,23.24,5.57
Visakhapatnam,17-03-2021,2,317.1,0,3.26,38.27,2.5,12.2,18.88,2.25
Visakhapatnam,18-03-2021,2,333.79,0,3.34,36.48,2.53,16.36,24.16,2.28
Visakhapatnam,19-03-2021,4,367.17,0,2.68,60.8,2.27,42.92,55.91,1.28
Visakhapatnam,20-03-2021,5,373.84,0,1.84,75.82,1.59,64.86,80.32,0.4
Visakhapatnam,21-03-2021,5,333.79,0,1.35,63.66,1.16,55.49,66.9,0.06
Visakhapatnam,22-03-2021,5,350.48,0,2.12,51.5,1.73,52.5,67.55,0.85
Visakhapatnam,23-03-2021,5,423.91,0,5.23,36.48,3.55,69.23,99.27,3.04
Visakhapatnam,24-03-2021,5,634.19,0,10.11,37.19,7.99,101.33,142.65,8.99
Visakhapatnam,25-03-2021,5,707.63,0,11.82,31.11,8.7,110.13,159.67,10.01
Visakhapatnam,26-03-2021,5,433.92,0,5.06,45.06,3.55,99.37,128.16,2.66
Visakhapatnam,27-03-2021,5,407.22,0,3.17,57.94,2.21,108.48,132.19,0.77
Visakhapatnam,28-03-2021,5,343.8,0,1.34,62.94,1.13,81.46,95.11,0
Visakhapatnam,29-03-2021,5,390.53,0,1.34,84.4,1.19,95.27,109.54,0
Visakhapatnam,30-03-2021,5,433.92,0,1.33,86.55,1.25,76.91,92.05,0
Visakhapatnam,31-03-2021,5,500.68,0,2.44,127.32,3.82,51.73,71.38,0.3
Visakhapatnam,01-04-2021,4,383.85,0,3,77.96,3.67,25.72,49.95,0.64
Visakhapatnam,02-04-2021,4,353.81,0,1.54,100.14,2.5,26.42,57.39,0.03
Visakhapatnam,03-04-2021,4,534.06,0,6.08,67.23,5.42,34.29,64.99,2.91
Visakhapatnam,04-04-2021,4,340.46,0,2.12,92.98,2.27,30.35,49.56,0.71
Visakhapatnam,05-04-2021,4,347.14,0,3.43,57.94,2.95,28.72,51.51,1.98
Visakhapatnam,06-04-2021,4,373.84,0,3.56,46.49,2.74,26.05,46.05,2.28
Visakhapatnam,07-04-2021,2,337.12,0,1.3,55.08,1.28,15.38,27.95,0.55
Visakhapatnam,08-04-2021,3,303.75,0,0.87,72.24,0.9,21.55,42.39,0.33
Visakhapatnam,09-04-2021,2,300.41,0,0.94,76.53,0.97,15.8,29.08,0.47
Visakhapatnam,10-04-2021,2,514.03,0,1.82,36.84,1.59,17.47,29.14,1.16
Visakhapatnam,11-04-2021,2,363.83,0,2.34,31.83,1.83,10.72,21.2,1.82
Visakhapatnam,12-04-2021,1,307.08,0,1.44,25.75,1.27,3.92,7.4,0.82
Visakhapatnam,13-04-2021,1,287.06,0,1.8,25.39,1.61,2.45,5.89,0.99
Visakhapatnam,14-04-2021,1,283.72,0,1.24,23.96,1.21,2.6,5.99,0.56
Visakhapatnam,15-04-2021,1,313.76,0.02,2.04,18.06,1.88,3.89,7.65,1.08
Visakhapatnam,16-04-2021,1,347.14,0,1.35,27.18,1.28,1.99,5.16,0.57
Visakhapatnam,17-04-2021,1,380.52,0.01,1.21,22.89,1.12,2.98,5.99,0.59
Visakhapatnam,18-04-2021,1,297.07,0.01,1.05,18.42,0.97,1.83,5.08,0.54
Visakhapatnam,19-04-2021,1,310.42,0,1.52,28.97,1.31,4.78,9.55,0.45
Visakhapatnam,20-04-2021,2,290.39,0,1.21,44.35,1.15,10.29,20.6,0.44
Visakhapatnam,21-04-2021,2,340.46,0,1.31,82.25,1.24,18.55,32.42,0.39
Visakhapatnam,22-04-2021,1,263.69,0,1.23,51.5,1.18,5.34,14.81,0.55
Visakhapatnam,23-04-2021,2,323.77,0,3.34,50.07,3.34,13.49,21.28,1.25
Visakhapatnam,24-04-2021,2,300.41,0,1.5,64.37,1.46,14.63,23.72,0.48
Visakhapatnam,25-04-2021,2,300.41,0,0.88,60.8,0.79,13.41,21.65,0.26
Visakhapatnam,26-04-2021,3,337.12,0,1.2,64.37,1.1,20.42,30.24,0.25
Visakhapatnam,27-04-2021,3,297.07,0,0.91,67.95,0.89,21.92,35,0.1
Visakhapatnam,28-04-2021,2,260.35,0,1.15,58.65,1.16,19.5,34.43,0.48
Visakhapatnam,29-04-2021,3,277.04,0,1.18,56.51,1.21,19.24,35.75,0.39
Visakhapatnam,30-04-2021,2,250.34,0,1.19,43.99,1.21,12.16,23.98,0.41
Visakhapatnam,01-05-2021,1,247,0,1.56,39.7,1.34,9.15,17.25,0.81
Visakhapatnam,02-05-2021,1,250.34,0,1.21,50.78,1.01,6.74,10.36,0.75
Visakhapatnam,03-05-2021,1,198.6,0.01,1.41,19.13,1.27,1.78,5.52,0.63
Visakhapatnam,04-05-2021,1,243.66,0.01,1.54,23.25,1.4,3.22,6.52,0.86
Visakhapatnam,05-05-2021,1,196.93,0,1.69,27.54,1.57,2.2,5.74,0.91
Visakhapatnam,06-05-2021,1,203.61,0.01,1.74,22.89,1.59,1.89,4.87,1.03
Visakhapatnam,07-05-2021,1,253.68,0.01,2.68,21.99,2.24,5.5,9.18,1.54
Visakhapatnam,08-05-2021,1,327.11,0.03,2.25,12.88,1.85,3.53,6.85,1.38
Visakhapatnam,09-05-2021,1,280.38,0.01,1.1,18.77,1.01,3.67,5.39,0.48
Visakhapatnam,10-05-2021,1,290.39,0.01,1.22,21.64,1.15,4.64,6.82,0.54
Visakhapatnam,11-05-2021,1,407.22,0.01,1.02,21.64,1.03,6.37,9.65,0.5
Visakhapatnam,12-05-2021,1,280.38,0.01,1.03,21.99,0.97,2.11,6.86,0.46
Visakhapatnam,13-05-2021,1,253.68,0,1.08,62.23,1,6.75,14.51,0.14
Visakhapatnam,14-05-2021,2,247,0,1.34,78.68,1.64,15.48,29.48,0
Visakhapatnam,15-05-2021,1,257.02,0,1.15,39.7,0.92,4.15,9.93,0.4
Visakhapatnam,16-05-2021,1,247,0,0.96,40.41,0.88,4.77,10.16,0.25
Visakhapatnam,17-05-2021,1,257.02,0.01,1.91,22.35,1.62,3.85,6.93,1.01
Visakhapatnam,18-05-2021,1,257.02,0,1.39,43.99,1.25,6.8,12.5,0.5
Visakhapatnam,19-05-2021,1,257.02,0,1.03,47.21,0.97,9.11,14.62,0.41
Visakhapatnam,20-05-2021,1,250.34,0,0.99,45.06,0.9,9.6,18.55,0.35
Visakhapatnam,21-05-2021,1,220.3,0,1.16,47.21,1.34,8.83,17.08,0.02
Visakhapatnam,22-05-2021,4,380.52,0,3.43,84.4,3.99,33.36,37.87,1.5
Visakhapatnam,23-05-2021,4,473.98,0,3.21,78.68,3.22,28.82,31.18,1.08
Visakhapatnam,24-05-2021,4,453.95,0,3.17,32.54,2.74,45.85,56.6,5.19
Visakhapatnam,25-05-2021,5,567.44,0.02,13.02,15.2,13.23,60.04,83.47,7.22
Visakhapatnam,26-05-2021,5,560.76,0,7.28,41.49,5.07,61.26,84.94,7.85
Visakhapatnam,27-05-2021,4,333.79,0,2.55,97.28,2.59,38.02,75.33,1.12
Visakhapatnam,28-05-2021,4,440.6,0,7.8,43.63,7.33,37,64.36,5.83
Visakhapatnam,29-05-2021,4,263.69,0,1.69,115.87,2.27,30.97,59.39,1.25
Visakhapatnam,30-05-2021,5,313.76,0,1.22,114.44,2.24,51.68,77.55,0.41
Visakhapatnam,31-05-2021,5,307.08,0,1.23,101.57,2.38,55.1,75.46,0.02
Visakhapatnam,01-06-2021,4,290.39,0,1.76,92.98,2.15,27.07,37.61,0.98
Visakhapatnam,02-06-2021,5,350.48,0,1.86,100.14,3.22,56.97,73.98,0
Visakhapatnam,03-06-2021,4,293.73,0,2.04,92.98,2.27,30.17,38.8,0.37
Visakhapatnam,04-06-2021,4,287.06,0,1.52,91.55,1.73,33.01,38.16,0.19
Visakhapatnam,05-06-2021,1,198.6,0,1.24,41.49,1.09,6.26,10.64,0.38
Visakhapatnam,06-06-2021,1,223.64,0,0.81,42.56,0.75,4.86,7.55,0.38
Visakhapatnam,07-06-2021,1,223.64,0,0.81,41.84,0.71,3.95,7.04,0.34
Visakhapatnam,08-06-2021,4,313.76,0,1.54,105.86,2.98,47.66,59.91,0
Visakhapatnam,09-06-2021,4,317.1,0,2.36,98.71,3.28,39.1,54.12,1.77
Visakhapatnam,10-06-2021,2,353.81,0,6.68,43.27,6.02,10.58,13.19,2.85
Visakhapatnam,11-06-2021,2,293.73,0,4.93,25.75,2.98,11.74,13.39,1.49
Visakhapatnam,12-06-2021,1,283.72,0,3.56,26.46,1.59,6.14,6.9,0.6
Visakhapatnam,13-06-2021,1,317.1,0,9.43,22.17,6.44,8.15,9.7,1.62
Visakhapatnam,14-06-2021,1,320.44,0,3.51,23.25,2.12,9.65,10.44,0.66
Visakhapatnam,15-06-2021,2,303.75,0,2.96,47.21,3.04,14.34,16.7,1.39
Visakhapatnam,16-06-2021,2,370.5,0,13.2,24.68,9.89,16.16,19.02,1.98
Visakhapatnam,17-06-2021,2,307.08,0,6.51,37.91,6.14,15.29,16.98,1.16
Visakhapatnam,18-06-2021,2,287.06,0,5.91,41.84,5.6,11.51,12.42,0.51
Visakhapatnam,19-06-2021,2,303.75,0,7.2,34.69,5.36,11.11,18.29,2.15
Visakhapatnam,20-06-2021,1,307.08,0,5.06,22.89,3.07,7.08,10.73,3.93
Visakhapatnam,21-06-2021,2,313.76,0,4.76,51.5,3.34,14.79,22.81,2.09
Visakhapatnam,22-06-2021,2,473.98,0,9.6,18.24,5.78,14.07,23.71,6.65
Visakhapatnam,23-06-2021,2,387.19,0,7.2,23.6,3.64,13.21,20.21,3.2
Visakhapatnam,24-06-2021,5,423.91,0,3.43,110.15,7.27,82.68,95.28,0.73
Visakhapatnam,25-06-2021,2,307.08,0,3.77,36.84,3.55,12.67,15.76,3.14
Visakhapatnam,26-06-2021,2,340.46,0,7.37,42.56,7.75,12.33,17.07,3.99
Visakhapatnam,27-06-2021,2,383.85,0,8.14,43.63,6.5,12.31,17.59,2.47
Visakhapatnam,28-06-2021,2,277.04,0,2.7,70.81,2.44,13.66,16.04,0.58
Visakhapatnam,29-06-2021,4,290.39,0,2.06,114.44,3.49,36.72,46.22,0
Visakhapatnam,30-06-2021,2,226.97,0,1.27,70.1,1.48,18.38,32.26,0.11
Visakhapatnam,01-07-2021,5,280.38,0,1.97,110.15,4.23,57.78,83.75,0
Visakhapatnam,02-07-2021,5,327.11,0,2.14,113.01,4.35,60.5,70.87,0
Visakhapatnam,03-07-2021,2,383.85,0,8.74,31.83,5.36,16.46,21.09,2.25
Visakhapatnam,04-07-2021,3,293.73,0,3.68,72.24,3.79,24.61,31.28,0.53
Visakhapatnam,05-07-2021,4,343.8,0,4.46,60.8,4.47,29.74,34.08,1.27
Visakhapatnam,06-07-2021,4,320.44,0,2.79,88.69,3.46,37.39,43.7,0.79
Visakhapatnam,07-07-2021,4,363.83,0,1.91,92.98,2.83,46.27,55,0
Visakhapatnam,08-07-2021,5,494,0,6.26,77.96,10.61,64.43,68.35,0.17
Visakhapatnam,09-07-2021,3,453.95,0,7.54,41.13,5.78,23.48,27.38,2.22
Visakhapatnam,10-07-2021,4,390.53,0,2.42,100.14,3.19,41.56,47.38,0.31
Visakhapatnam,11-07-2021,4,640.87,0,14.57,40.05,19.79,48.14,54.28,3.2
Visakhapatnam,12-07-2021,4,393.87,0,4.03,70.81,4.83,26.5,28.79,0.75
Visakhapatnam,13-07-2021,2,413.9,0,12.85,24.32,8.82,19.42,20.72,0.1
Visakhapatnam,14-07-2021,2,283.72,0,6,38.27,7.03,13.52,15.14,0.34
Visakhapatnam,15-07-2021,2,257.02,0,3.73,49.35,4.29,11.15,13.08,0.42
Visakhapatnam,16-07-2021,1,226.97,0,1.67,64.37,1.55,8.31,12.84,0.39
Visakhapatnam,17-07-2021,3,320.44,0,2.74,76.53,2.12,24.76,30.7,1.3
Visakhapatnam,18-07-2021,3,340.46,0,2.91,58.65,2.74,21.84,24.79,0.93
Visakhapatnam,19-07-2021,2,267.03,0,2.12,89.41,2.09,18.47,20.56,0.04
Visakhapatnam,20-07-2021,5,423.91,0,5.83,90.84,11.92,53.06,55.24,0.69
Visakhapatnam,21-07-2021,1,313.76,0,6.17,24.32,4.17,8.47,9.94,1.17
Visakhapatnam,22-07-2021,2,313.76,0,5.4,43.27,4.95,18.36,19.41,0.55
Visakhapatnam,23-07-2021,1,283.72,0,6.86,25.75,2.98,5.76,6.5,0.55
Visakhapatnam,24-07-2021,2,330.45,0,8.48,24.68,5.84,11.44,12.48,0.73
Visakhapatnam,25-07-2021,2,350.48,0,8.31,25.39,4.77,11.74,16.76,2.63
Visakhapatnam,26-07-2021,2,340.46,0,6.17,52.93,6.56,19.19,26.58,2.69
Visakhapatnam,27-07-2021,1,353.81,0,7.03,27.18,5.25,8.2,12.05,4.81
Visakhapatnam,28-07-2021,2,357.15,0,7.54,41.13,6.86,14.66,19.92,6.21
Visakhapatnam,29-07-2021,1,287.06,0,3.26,28.61,2.15,5.87,9.41,4.43
Visakhapatnam,30-07-2021,1,290.39,0,3.6,33.98,1.86,6.26,9.56,3.29
Visakhapatnam,31-07-2021,1,307.08,0,4.2,30.76,2.62,8.52,12.81,3.74
Visakhapatnam,01-08-2021,2,313.76,0,7.97,37.55,8.35,17.13,23.58,5.13
Visakhapatnam,02-08-2021,1,273.71,0,2.91,23.6,1.82,4,6.92,4.31
Visakhapatnam,03-08-2021,2,397.21,0,7.54,47.21,6.5,18.64,25.69,5.57
Visakhapatnam,04-08-2021,1,337.12,0,5.06,24.32,3.87,5.33,9.68,5.19
Visakhapatnam,05-08-2021,1,280.38,0,3.77,19.13,2.15,2.2,4.9,4.05
Visakhapatnam,06-08-2021,1,380.52,0,7.37,19.13,3.49,8.04,14.24,4.62
Visakhapatnam,07-08-2021,2,367.17,0,6.77,24.32,2.98,10.93,16.78,3.33
Visakhapatnam,08-08-2021,4,236.99,0,1.46,90.84,1.82,28.2,41.72,0.63
Visakhapatnam,09-08-2021,4,273.71,0,1.44,90.12,2.21,33.43,43.86,0
Visakhapatnam,10-08-2021,4,273.71,0,1.32,89.41,2.27,40.49,47.43,0
Visakhapatnam,11-08-2021,4,407.22,0,5.48,55.79,3.28,34.12,43.82,1.76
Visakhapatnam,12-08-2021,4,367.17,0,4.07,84.4,3.64,34.27,41.28,1.49
Visakhapatnam,13-08-2021,5,700.95,0,24.68,23.6,16.93,55.05,67.75,3.61
Visakhapatnam,14-08-2021,4,627.52,0.01,24.68,33.26,14.9,43.84,54.4,3.71
Visakhapatnam,15-08-2021,5,2937.32,42.02,89.11,0,83.92,327.93,347.03,0.61
Visakhapatnam,16-08-2021,5,1081.47,32.63,21.25,0,41.49,52.86,62.06,6.97
Visakhapatnam,17-08-2021,2,400.54,0,7.8,23.96,5.07,19.31,21.26,0.83
Visakhapatnam,18-08-2021,3,397.21,0,15.42,23.96,12.64,22.53,24.25,0.48
Visakhapatnam,19-08-2021,3,267.03,0,3.68,67.95,5.6,21.81,23.38,0.21
Visakhapatnam,20-08-2021,4,360.49,0,11.82,37.91,12.04,27.08,29.76,0.46
Visakhapatnam,21-08-2021,4,330.45,0,8.65,47.21,9.06,28.07,31.43,0.15
Visakhapatnam,22-08-2021,3,293.73,0,2.25,66.52,1.73,21.24,24.29,1.31
Visakhapatnam,23-08-2021,1,211.95,0,1.2,33.98,1.09,4.11,6.55,0.58
Visakhapatnam,24-08-2021,2,236.99,0,2.14,67.23,2.35,13.08,17.81,0.28
Visakhapatnam,25-08-2021,5,420.57,0,1.89,143.05,6.08,98.47,109.64,0
Visakhapatnam,26-08-2021,5,560.76,0,5.14,83.69,7.33,77.78,82.95,1.38
Visakhapatnam,27-08-2021,4,514.03,0,6.86,38.27,5.19,32.59,36.84,2.09
Visakhapatnam,28-08-2021,4,867.84,0.69,23.99,3.44,15.97,43.31,56.13,8.49
Visakhapatnam,29-08-2021,4,407.22,0,5.23,25.39,2.68,31.12,34.3,1.63
Visakhapatnam,30-08-2021,4,367.17,0,7.8,47.92,9.3,40.23,42.68,0.39
Visakhapatnam,31-08-2021,2,270.37,0,3.43,57.22,3.1,11.97,14.19,0.69
Visakhapatnam,01-09-2021,3,313.76,0,5.4,69.38,4.59,20.96,24.28,1.39
Visakhapatnam,02-09-2021,5,1054.76,0.01,32.56,23.6,22.65,59.8,84.7,23.56
Visakhapatnam,03-09-2021,3,433.92,0,6.77,43.99,4.71,21.46,29.2,3.61
Visakhapatnam,04-09-2021,4,467.3,0,8.48,44.7,7.39,30.95,40.05,8.23
Visakhapatnam,05-09-2021,5,587.46,0,5.83,65.8,5.78,59.94,65.27,2.95
Visakhapatnam,06-09-2021,5,761.03,0.36,12.68,5.1,6.62,59.74,66.32,2.85
Visakhapatnam,07-09-2021,3,400.54,0,13.02,21.46,9.66,20.53,21.42,0.35
Visakhapatnam,08-09-2021,3,263.69,0,1.8,92.98,3.04,23.93,27.56,0.38
Visakhapatnam,09-09-2021,4,287.06,0,5.18,68.67,7.33,26.18,33.61,0.84
Visakhapatnam,10-09-2021,5,2643.59,116.23,91.85,0,158.31,209.99,225.75,0
Visakhapatnam,11-09-2021,2,343.8,0,5.74,18.6,3.01,14.83,18.01,1.58
Visakhapatnam,12-09-2021,2,293.73,0,4.03,21.64,2.03,11.41,13.28,1.44
Visakhapatnam,13-09-2021,1,280.38,0,5.48,18.6,3.01,5.1,6.26,1.43
Visakhapatnam,14-09-2021,2,320.44,0,11.65,32.54,10.61,14.44,15.53,0.57
Visakhapatnam,15-09-2021,2,273.71,0,5.01,49.35,4.53,15.78,23.69,0.57
Visakhapatnam,16-09-2021,2,236.99,0,2.29,65.8,2.8,16.08,23.43,0.53
Visakhapatnam,17-09-2021,5,417.23,0,6.43,72.96,9.42,53.22,59.39,1.44
Visakhapatnam,18-09-2021,5,453.95,0,4.97,88.69,11.09,89.32,95.67,0.35
Visakhapatnam,19-09-2021,5,397.21,0,4.58,87.26,11.8,83.91,87.86,0.14
Visakhapatnam,20-09-2021,5,460.63,0,6.86,62.23,8.94,77.08,82.99,1.3
Visakhapatnam,21-09-2021,4,473.98,0,14.22,28.61,11.21,48.93,51.47,0.65
Visakhapatnam,22-09-2021,4,500.68,0,15.42,19.85,10.25,27.73,31.02,1.38
Visakhapatnam,23-09-2021,4,417.23,0,13.02,32.9,13.71,31.22,33.16,0.07
Visakhapatnam,24-09-2021,2,353.81,0,7.97,25.03,5.01,18.2,21.23,1.41
Visakhapatnam,25-09-2021,5,814.44,0.01,11.82,19.31,6.86,55.34,72.41,6.52
Visakhapatnam,26-09-2021,5,687.6,0,10.2,29.33,6.91,91.09,103.09,5.57
Visakhapatnam,27-09-2021,1,433.92,0,2.42,24.68,1.09,7.45,8.16,0.61
Visakhapatnam,28-09-2021,1,327.11,0,3.17,49.35,2.95,9.22,10.37,0.41
Visakhapatnam,29-09-2021,2,347.14,0,4.46,56.51,3.19,17.95,25.84,2.5
Visakhapatnam,30-09-2021,5,2964.02,79.57,54.15,0,135.42,225.53,258.83,41.04
Visakhapatnam,01-10-2021,5,1455.31,13.75,56.89,0.4,57.7,94.51,118.05,21.53
Visakhapatnam,02-10-2021,2,353.81,0,5.83,26.11,5.42,10.18,16.6,4.88
Visakhapatnam,03-10-2021,2,473.98,0.02,9.77,16.09,7.09,18.11,28.38,7.22
Visakhapatnam,04-10-2021,3,540.73,0.35,10.71,4.92,10.01,21.73,35.38,12.54
Visakhapatnam,05-10-2021,5,1682.28,29.06,34.27,0,47.68,92.29,129.72,34.96
Visakhapatnam,06-10-2021,1,403.88,0.62,19.71,8.4,20.27,9.48,14.51,1.11
Visakhapatnam,07-10-2021,5,2456.67,86.73,32.22,0,97.28,138.7,163.96,17.48
Visakhapatnam,08-10-2021,2,433.92,0.03,7.71,15.91,4.65,12.6,22.55,4.12
Visakhapatnam,09-10-2021,4,380.52,0,4.33,80.11,7.15,39.36,44.24,0.89
Visakhapatnam,10-10-2021,4,640.87,0,11.14,52.21,9.3,49.9,57.74,4.12
Visakhapatnam,11-10-2021,5,1708.98,0,21.94,89.41,37.19,316.13,342.69,11.65
Visakhapatnam,12-10-2021,5,2349.85,0.4,55.52,8.4,30.52,457.07,496.64,0.2
Visakhapatnam,13-10-2021,5,2670.29,11.06,61.69,0.09,49.59,489.33,528.24,13.17
Visakhapatnam,14-10-2021,5,1415.25,0,25.36,23.6,15.97,152.9,178.22,10.39
Visakhapatnam,15-10-2021,5,3070.83,90.3,116.53,0,186.92,292.36,306.88,0
Visakhapatnam,16-10-2021,5,1949.31,45.15,56.89,0,112.53,74.47,79.01,0.77
Visakhapatnam,17-10-2021,5,1201.63,0.33,35.99,14.48,12.52,76,86.47,2.31
Visakhapatnam,18-10-2021,4,827.79,0.08,18.68,10.82,12.4,43.13,59.49,11.91
Visakhapatnam,19-10-2021,3,467.3,0,4.33,62.23,5.54,23.93,26.26,0.67
Visakhapatnam,20-10-2021,5,1762.39,14.53,51.41,0.07,51.02,140.65,165.87,18.24
Visakhapatnam,21-10-2021,5,1335.14,0,20.05,17.52,12.28,97.46,124.65,11.91
Visakhapatnam,22-10-2021,5,567.44,0,5.57,70.81,4.47,101.84,111.95,0.36
Visakhapatnam,23-10-2021,5,2403.26,17.88,74.71,0.02,46.73,266.99,306.41,14.69
Visakhapatnam,24-10-2021,5,2162.93,13.41,73.34,0.08,46.73,179.58,207.37,15.33
Visakhapatnam,25-10-2021,5,1655.58,2.26,76.77,6.97,50.07,149.77,183.34,11.53
Visakhapatnam,26-10-2021,5,2536.77,50.07,69.92,0,68.67,229.75,280.26,12.92
Visakhapatnam,27-10-2021,5,1308.44,0.01,71.29,26.82,54.36,186.21,215.76,2.76
Visakhapatnam,28-10-2021,5,1255.04,0,37.36,101.57,58.17,231.31,238.38,0
Visakhapatnam,29-10-2021,5,867.84,0,22.28,40.05,40.53,65.24,67.4,0
Visakhapatnam,30-10-2021,5,1148.22,1.03,52.78,4.2,78.2,60.89,64.07,0.37
Visakhapatnam,31-10-2021,5,934.6,0.02,34.27,20.92,44.35,69.96,74.42,0.82
Visakhapatnam,01-11-2021,5,1174.93,0,32.56,58.65,48.16,164.65,171.46,0.38
Visakhapatnam,02-11-2021,5,947.95,0,35.99,43.99,53.88,97.07,101.72,0.98
Visakhapatnam,03-11-2021,5,700.95,0,28.1,73.67,45.3,62.53,65.32,0.49
Visakhapatnam,04-11-2021,5,667.57,0,25.02,103,46.73,82.64,85.06,0.18
Visakhapatnam,05-11-2021,5,854.49,0,36.67,40.41,50.07,80.44,88.62,1.22
Visakhapatnam,06-11-2021,5,854.49,0,28.79,92.98,38.62,177.04,193.36,0
Visakhapatnam,07-11-2021,5,988.01,0,30.5,89.41,32.9,222.87,241.66,0
Visakhapatnam,08-11-2021,5,781.06,0,25.36,103,28.13,141.48,155.79,1.71
Visakhapatnam,09-11-2021,5,881.2,0,31.87,101.57,35.76,135.09,150.21,3.2
Visakhapatnam,10-11-2021,5,834.47,0,27.76,121.59,44.35,164.63,177.58,0.82
Visakhapatnam,11-11-2021,5,867.84,0,23.65,148.77,56.74,177.4,190.6,0.45
Visakhapatnam,12-11-2021,1,473.98,0,11.14,36.12,16.93,6.58,7.9,0.29
Visakhapatnam,13-11-2021,2,520.71,2.26,28.45,3.35,40.05,11.89,14.08,0.35
Visakhapatnam,14-11-2021,2,547.41,0,18.85,34.69,18.12,12.41,15.12,0.99
Visakhapatnam,15-11-2021,2,514.03,8.38,25.02,0.37,41.96,15.11,18.64,0.49
Visakhapatnam,16-11-2021,4,727.65,0.44,34.96,11.44,43.87,27.76,31.52,1.04
Visakhapatnam,17-11-2021,5,921.25,0,29.13,43.63,44.35,68.93,72.71,0.63
Visakhapatnam,18-11-2021,5,714.3,0,17.14,151.63,42.44,156.64,170.24,0
Visakhapatnam,19-11-2021,5,627.52,0,17.99,121.59,43.87,111.22,122.93,0.3
Visakhapatnam,20-11-2021,2,580.79,1.29,28.45,4.69,39.1,14.47,17,0.34
Visakhapatnam,21-11-2021,3,580.79,0.33,22.62,10.1,29.09,20.35,22.92,0.46
Visakhapatnam,22-11-2021,5,1081.47,22.8,21.25,0.01,27.89,53.01,64.28,4.81
Visakhapatnam,23-11-2021,5,4272.46,168.09,76.09,0,247.96,318.95,356.51,44.58
Visakhapatnam,24-11-2021,5,2109.53,106.39,46.61,0,89.65,166.44,178.31,0.83
Visakhapatnam,25-11-2021,5,907.9,0,41.13,31.11,51.5,120.39,131.79,0
Visakhapatnam,26-11-2021,5,1148.22,0,40.78,55.79,43.39,230.2,245.63,0
Visakhapatnam,27-11-2021,5,921.25,0,33.59,67.95,40.53,136.57,148.16,0.05
Visakhapatnam,28-11-2021,5,634.19,0,18.85,120.16,38.15,103.12,115.85,0
Visakhapatnam,29-11-2021,5,747.68,0,20.56,133.04,42.92,141.56,151.9,0
Visakhapatnam,30-11-2021,5,1121.52,0,45.93,70.1,49.59,158.52,175.17,2.34
Visakhapatnam,01-12-2021,5,1001.36,0,39.41,82.25,44.35,147.41,161.49,2.01
Visakhapatnam,02-12-2021,5,847.82,0,32.22,95.84,38.62,119.71,130.82,2.06
Visakhapatnam,03-12-2021,5,921.25,0,43.18,55.79,51.02,100.04,111.77,1.79
Visakhapatnam,04-12-2021,4,654.22,0,31.53,39.7,45.78,34.22,35.42,0.51
Visakhapatnam,05-12-2021,4,834.47,7.04,43.87,0.1,41.48,33.59,39.88,2.53
Visakhapatnam,06-12-2021,5,1789.09,7.49,50.04,0.4,38.15,187.11,205.94,10.39
Visakhapatnam,07-12-2021,5,1094.82,2.21,50.04,3.84,42.44,67.47,75.35,2.22
Visakhapatnam,08-12-2021,5,807.76,0,32.56,63.66,41.01,84.38,93.99,0.24
Visakhapatnam,09-12-2021,5,654.22,0,23.65,75.1,46.73,55.65,58.26,0.3
Visakhapatnam,10-12-2021,5,754.36,0,22.96,44.7,38.62,55.2,58.15,0.42
Visakhapatnam,11-12-2021,5,894.55,0,41.13,31.83,42.44,63.23,73.9,1.68
Visakhapatnam,12-12-2021,5,988.01,0,28.1,86.55,42.92,162.44,171.44,1.17
Visakhapatnam,13-12-2021,5,1028.06,0,26.05,103,41.01,193.98,203.55,0.92
Visakhapatnam,14-12-2021,5,988.01,0,35.99,68.66,38.15,110.22,122.87,1.58
Visakhapatnam,15-12-2021,5,1161.58,0,52.09,47.21,41.01,156.76,172.93,2.47
Visakhapatnam,16-12-2021,5,1188.28,0,42.5,74.39,35.29,247.35,265.28,0
Visakhapatnam,17-12-2021,5,1335.14,0,64.43,52.21,47.21,297.38,320.36,0
Visakhapatnam,18-12-2021,5,1255.04,0.04,76.09,22.53,47.21,141.42,162.86,2.94
Visakhapatnam,19-12-2021,5,827.79,0,36.33,67.95,33.86,115.54,126.8,2.22
Visakhapatnam,20-12-2021,5,1121.52,0,44.55,52.93,37.19,171.45,187.09,2.91
Visakhapatnam,21-12-2021,5,1642.23,0.13,79.51,16.99,53.41,190.29,217.16,4.81
Visakhapatnam,22-12-2021,5,2830.51,45.6,98.71,0,88.69,254.79,299.34,20.27
Visakhapatnam,23-12-2021,5,1789.09,3.52,56.21,2.24,24.56,242.53,283.03,10.89
Visakhapatnam,24-12-2021,5,2723.69,16.09,109.67,0.05,125.89,362.07,408.51,32.93
Visakhapatnam,25-12-2021,5,1415.25,0.17,50.72,20.56,25.75,182.24,216.23,15.83
Visakhapatnam,26-12-2021,5,467.3,0,6.25,82.97,6.62,74.9,85.77,5.13
Visakhapatnam,27-12-2021,5,1148.22,0.01,35.64,31.11,22.89,123.64,151.19,19
Visakhapatnam,28-12-2021,5,2670.29,47.39,94.59,0,139.24,240.37,277.79,26.09
Visakhapatnam,29-12-2021,5,1522.06,4.47,74.71,3.67,41.96,129.72,152.86,6.08
Visakhapatnam,30-12-2021,5,841.14,0,37.7,60.08,47.21,106.2,116.7,0
Visakhapatnam,31-12-2021,5,907.9,0,30.5,104.43,55.79,144.34,154.81,0.3
Visakhapatnam,01-01-2022,5,821.11,0,27.08,88.69,38.15,87.4,96.87,0
Visakhapatnam,02-01-2022,5,834.47,0,19.36,105.86,29.8,110.31,119.58,0
Visakhapatnam,03-01-2022,5,881.2,0,30.16,85.12,41.01,121.89,133.07,0.04
Visakhapatnam,04-01-2022,5,1575.47,0.02,78.83,23.25,50.07,177.11,200.63,3.39
Visakhapatnam,05-01-2022,5,1148.22,0,37.7,80.82,35.29,176.63,192.11,1.93
Visakhapatnam,06-01-2022,5,1602.17,0.01,75.4,35.41,51.5,184.3,208.72,5
Visakhapatnam,07-01-2022,5,1228.33,0.11,68.55,21.28,42.92,126.52,144.82,2.91
Visakhapatnam,08-01-2022,5,894.55,0,39.07,61.51,39.1,124.58,138.76,1.31
Visakhapatnam,09-01-2022,5,1121.52,0,42.84,56.51,34.33,196.82,212.83,1.23
Visakhapatnam,10-01-2022,5,907.9,0,23.99,63.66,19.31,118.03,131.69,3.07
Visakhapatnam,11-01-2022,4,807.76,1.36,39.41,6.79,26.7,45.62,57.59,4.43
Visakhapatnam,12-01-2022,5,881.2,0.36,42.5,12.7,27.18,62.11,77.44,8.11
Visakhapatnam,13-01-2022,5,1214.98,33.53,54.84,0,87.74,89.26,97.95,1.11
Visakhapatnam,14-01-2022,5,1375.2,11.4,67.86,0.21,97.27,90.03,95.78,0.66
Visakhapatnam,15-01-2022,5,1228.33,0.36,63.75,10.64,94.41,56.18,59.85,0.45
Visakhapatnam,16-01-2022,5,1068.12,0,30.5,57.94,47.68,67.02,71.25,0.95
Visakhapatnam,17-01-2022,5,867.84,0,27.42,80.82,37.19,97.64,106.22,1.2
Visakhapatnam,18-01-2022,5,1241.68,0,49.35,47.92,46.25,137.64,153.32,2.01
Visakhapatnam,19-01-2022,5,1762.39,0.24,75.4,20.92,39.58,200.29,222.95,3.67
Visakhapatnam,20-01-2022,5,1388.55,0,27.76,60.08,24.56,216.51,248.58,17.23
Visakhapatnam,21-01-2022,5,694.27,0,6.43,71.53,4.35,100.77,114.21,2.25
Visakhapatnam,22-01-2022,5,447.27,0,2.16,92.98,2.35,66.67,77.75,0.25
Visakhapatnam,23-01-2022,5,854.49,0,16.28,32.54,11.21,96.4,121.34,10.51
Visakhapatnam,24-01-2022,4,487.33,0,7.03,45.78,6.08,49.78,60.7,4.12
Visakhapatnam,25-01-2022,4,467.3,0,6.85,47.92,5.78,42.59,51.96,5.64
Visakhapatnam,26-01-2022,5,2109.53,40.68,63.06,0,58.65,148.07,176.2,12.92
Visakhapatnam,27-01-2022,5,2189.64,39.34,62.38,0,47.68,168.95,205.73,12.92
Visakhapatnam,28-01-2022,5,1068.12,0,42.5,85.83,65.8,153.18,170.22,0
Visakhapatnam,29-01-2022,5,1068.12,0,57.58,53.64,57.7,100.28,116.48,2.18
Visakhapatnam,30-01-2022,5,1508.71,0.03,78.14,31.47,53.41,128.07,154.53,12.03
Visakhapatnam,31-01-2022,5,807.76,0,13.19,67.95,11.92,107.07,129.08,11.15
Visakhapatnam,01-02-2022,5,567.44,0,7.88,77.96,6.32,82.47,98.63,4.69
Visakhapatnam,02-02-2022,4,370.5,0,3.56,75.1,2.86,44.46,55.81,1.57
Visakhapatnam,03-02-2022,4,433.92,0,6.43,52.93,4.23,41.59,55.57,3.51
Visakhapatnam,04-02-2022,4,297.07,0,2.83,65.8,2.18,28.2,37.68,1.22
Visakhapatnam,05-02-2022,3,260.35,0,1.44,75.82,1.42,21.75,30.96,0.58
Visakhapatnam,06-02-2022,5,1188.28,0,58.95,37.55,43.39,91.26,121.26,6.14
Visakhapatnam,07-02-2022,5,1054.76,0,35.3,58.65,20.98,95.73,118.16,7.22
Visakhapatnam,08-02-2022,5,574.11,0,10.62,76.53,8.11,53.36,70.18,7.79
Visakhapatnam,09-02-2022,5,1068.12,0,42.5,46.49,39.1,91.89,113.38,8.87
Visakhapatnam,10-02-2022,5,1028.06,0,42.84,60.8,53.41,101.68,122.07,5.13
Visakhapatnam,11-02-2022,5,2803.8,46.94,72.66,0,85.83,223.14,263.35,24.57
Visakhapatnam,12-02-2022,5,834.47,0,33.59,54.36,33.86,85.96,97.88,2.44
Visakhapatnam,13-02-2022,5,1014.71,0,21.59,138.76,40.53,182.93,197.28,0
Visakhapatnam,14-02-2022,5,1134.87,0,45.93,67.23,41.96,112.26,130.65,6.46
Visakhapatnam,15-02-2022,5,1335.14,0,50.72,76.53,46.73,135.53,159.19,7.41
Visakhapatnam,16-02-2022,5,1081.47,0,38.04,73.67,49.59,98.65,118.26,8.61
Visakhapatnam,17-02-2022,5,867.84,0,18.51,97.27,16.21,127.69,148.98,5.89
Visakhapatnam,18-02-2022,5,1281.74,0,40.1,66.52,41.01,164.01,189.83,7.16
Visakhapatnam,19-02-2022,5,1348.5,0,34.27,108.72,42.92,215.18,244.09,7.92
Visakhapatnam,20-02-2022,5,607.49,0,4.24,128.75,4.71,174.93,194.39,0.49
Visakhapatnam,21-02-2022,5,514.03,0,6.08,89.41,6.14,97.4,109.31,4.5
Visakhapatnam,22-02-2022,4,313.76,0,2.1,81.54,1.82,48.33,67.16,0.55
Visakhapatnam,23-02-2022,4,423.91,0,6.17,55.07,4.95,44.37,59.2,3.45
Visakhapatnam,24-02-2022,5,527.38,0,14.74,55.79,12.16,52.49,70.18,5.89
Visakhapatnam,25-02-2022,5,720.98,0,14.91,57.22,12.4,83.12,104.82,14.31
Visakhapatnam,26-02-2022,5,714.3,0,14.74,65.8,11.68,69.85,91.26,11.91
Visakhapatnam,27-02-2022,5,907.9,0.02,41.81,32.19,27.42,63.26,80.08,6.52
Visakhapatnam,28-02-2022,5,1281.74,0,36.67,37.55,31.47,104.82,131.48,30.65
Visakhapatnam,01-03-2022,5,654.22,0,13.37,41.84,9.54,61.99,79.63,9.5
Visakhapatnam,02-03-2022,5,1508.71,0.07,45.24,17.7,32.42,138.42,166.47,21.28
Visakhapatnam,03-03-2022,5,1255.04,14.98,46.61,0.13,41.96,77.88,99.97,12.54
Visakhapatnam,04-03-2022,5,988.01,0,36.33,74.39,41.01,165.76,184.41,0
Visakhapatnam,05-03-2022,5,1415.25,0.3,77.46,15.02,53.88,148.91,177.9,3.58
Visakhapatnam,06-03-2022,5,1134.87,0,26.39,47.92,23.37,160.95,187.69,17.73
Visakhapatnam,07-03-2022,5,500.68,0,5.48,60.08,3.99,84.06,101.31,3.48
Visakhapatnam,08-03-2022,5,934.6,0.02,25.36,24.32,17.88,90.67,120.34,15.58
Visakhapatnam,09-03-2022,5,594.14,0,8.91,65.8,7.39,112.62,133.1,6.65
Visakhapatnam,10-03-2022,5,1054.76,0,19.36,47.92,15.26,162.75,189.77,14.19
Visakhapatnam,11-03-2022,5,781.06,0,12.34,50.78,11.21,122.05,143.8,11.02
Visakhapatnam,12-03-2022,5,754.36,0,12.68,54.36,10.73,111.64,132.87,12.29
Visakhapatnam,13-03-2022,5,961.3,0,16.28,50.78,14.19,142.6,166.62,19.51
Visakhapatnam,14-03-2022,5,894.55,0,14.74,45.78,10.73,151.46,174.11,10.39
Visakhapatnam,15-03-2022,5,761.03,0,9.6,54.36,5.42,142.31,164.8,4.31
Visakhapatnam,16-03-2022,5,494,0,3.94,82.25,3.04,120,141.58,1.12
Visakhapatnam,17-03-2022,5,423.91,0,2.42,70.81,1.97,101.94,127.76,0.14
Visakhapatnam,18-03-2022,5,574.11,0,8.83,39.7,7.09,96.12,121.18,7.73
Visakhapatnam,19-03-2022,5,453.95,0,7.45,47.92,5.13,69.84,84.37,4.88
Visakhapatnam,20-03-2022,4,333.79,0,1.16,56.51,1.12,31.38,38.66,0.25
Visakhapatnam,21-03-2022,3,327.11,0,1.11,51.5,1.09,24.45,37.21,0.36
Visakhapatnam,22-03-2022,4,393.87,0,1.48,70.1,1.58,33.51,45.71,0.39
Visakhapatnam,23-03-2022,4,373.84,0,2.16,72.24,2.09,43.08,59.31,0.09
Visakhapatnam,24-03-2022,4,363.83,0,1.33,77.96,1.27,25.65,33.59,0.36
Visakhapatnam,25-03-2022,2,347.14,0,1.18,56.51,1.13,12.46,18.18,0.5
Visakhapatnam,26-03-2022,2,277.04,0,0.69,47.92,0.68,11.74,18.69,0.23
Visakhapatnam,27-03-2022,2,267.03,0,0.78,47.92,0.77,13.53,24.03,0.32
Visakhapatnam,28-03-2022,2,273.7,0,1.67,34.33,1.43,10.74,21.98,0.49
Visakhapatnam,29-03-2022,1,257.02,0,1.19,29.68,1.09,6.14,16.2,0.41
Visakhapatnam,30-03-2022,1,267.03,0,1.3,26.46,1.19,5.8,17.14,0.45
Visakhapatnam,31-03-2022,2,287.06,0,1.06,39.7,1.03,8.56,22.93,0.4
Visakhapatnam,01-04-2022,2,290.39,0,1.02,49.35,0.98,10.69,22.66,0.36
Visakhapatnam,02-04-2022,1,257.02,0,0.8,33.26,0.75,5.31,14.71,0.33
Visakhapatnam,03-04-2022,1,260.35,0,0.65,24.68,0.65,3.05,12.34,0.28
Visakhapatnam,04-04-2022,1,233.65,0,0.81,27.89,0.78,2.45,9.4,0.3
Visakhapatnam,05-04-2022,1,247,0.01,0.91,22.71,0.88,1.58,5.92,0.36
Visakhapatnam,06-04-2022,1,247,0,1.18,35.76,1.12,3.9,9.04,0.43
Visakhapatnam,07-04-2022,1,233.65,0,1.41,44.7,1.3,7.87,14.11,0.49
Visakhapatnam,08-04-2022,1,310.42,0,2.42,28.97,1.91,5.97,10.19,1.31
Visakhapatnam,09-04-2022,1,383.85,0,1.07,33.62,0.97,6.64,9.27,0.49
Visakhapatnam,10-04-2022,2,393.87,0,0.69,41.13,0.7,12.29,16.58,0.32
Visakhapatnam,11-04-2022,1,340.46,0,0.82,26.82,0.82,3.07,6.86,0.38
Visakhapatnam,12-04-2022,1,263.69,0.01,0.92,18.42,0.89,1.66,6.02,0.38
Visakhapatnam,13-04-2022,1,230.31,0,1.14,25.75,1.03,1.67,5.78,0.47
Visakhapatnam,14-04-2022,1,236.99,0,0.88,33.62,0.8,2.11,6.95,0.35
Visakhapatnam,15-04-2022,1,257.02,0,1,40.41,0.9,3.21,8.98,0.37
Visakhapatnam,16-04-2022,1,277.04,0,1.03,59.37,0.93,8.98,18.37,0
Visakhapatnam,17-04-2022,1,270.37,0,1.24,60.08,1.36,9.67,19.2,0.09
Visakhapatnam,18-04-2022,1,247,0,1,48.64,0.89,4.25,10.23,0.33
Visakhapatnam,19-04-2022,1,277.04,0,1.14,59.37,1.03,5.18,11.49,0.44
Visakhapatnam,20-04-2022,1,243.66,0,0.94,51.5,0.89,8.19,16.66,0.28
Visakhapatnam,21-04-2022,1,247,0,0.95,27.54,0.89,3.98,11.84,0.37
Visakhapatnam,22-04-2022,1,216.96,0,0.99,32.54,0.94,2.57,9.91,0.4
Visakhapatnam,23-04-2022,1,206.95,0.02,0.96,15.38,0.91,1.37,6.02,0.45
Visakhapatnam,24-04-2022,1,195.26,0.03,0.7,11.8,0.69,1.74,8.08,0.36
Visakhapatnam,25-04-2022,1,201.94,0.01,1.48,20.21,1.31,3.33,12.42,0.7
Visakhapatnam,26-04-2022,1,230.31,0.01,1.02,23.6,0.98,3.8,14.35,0.43
Visakhapatnam,27-04-2022,1,226.97,0.02,1.07,14.66,1.04,3.21,13.79,0.45
Visakhapatnam,28-04-2022,1,287.06,0,1.1,26.46,1.04,5.05,17.97,0.44
Visakhapatnam,29-04-2022,1,250.34,0,1.44,25.75,1.27,5.49,15.39,0.58
Visakhapatnam,30-04-2022,2,287.06,0,1.14,35.41,1.03,9.35,20.48,0.48
Visakhapatnam,01-05-2022,2,257.02,0,1.41,65.09,1.27,10.6,28.67,0.41
Visakhapatnam,02-05-2022,1,260.35,0,1.17,41.84,1.15,6.7,19.02,0.45
Visakhapatnam,03-05-2022,2,303.75,0,1.54,48.64,1.48,9.01,21.43,0.57
Visakhapatnam,04-05-2022,1,290.39,0,1.05,46.49,1.01,8.8,17.34,0.41
Visakhapatnam,05-05-2022,1,283.72,0,1.17,42.2,1.12,6.63,14.03,0.47
Visakhapatnam,06-05-2022,2,283.72,0,1.54,51.5,1.58,11.2,18.93,0.46
Visakhapatnam,07-05-2022,2,283.72,0,1.37,49.35,1.37,11.44,19.51,0.62
Visakhapatnam,08-05-2022,2,447.27,0,5.65,40.77,5.72,19.05,30.55,5.13
Visakhapatnam,09-05-2022,3,527.38,0.01,29.82,25.75,56.27,22.75,38.19,0.05
Visakhapatnam,10-05-2022,1,410.56,0.04,17.14,24.68,30.52,8.46,9.66,0.34
Visakhapatnam,11-05-2022,3,347.14,0,2.48,62.23,3.52,20.46,22.58,0
Visakhapatnam,12-05-2022,2,267.03,0,1.54,65.09,2.09,17,20.2,0.17
Visakhapatnam,13-05-2022,3,283.72,0,2.51,75.82,2.35,21.99,29.46,0.58
Visakhapatnam,14-05-2022,2,280.38,0,2.78,60.8,2.26,11.26,18.6,1.46
Visakhapatnam,15-05-2022,4,363.83,0,1.8,124.45,3.22,46.33,53.1,0
Visakhapatnam,16-05-2022,1,270.37,0,1.63,75.82,1.43,9.5,14.91,0.46
Visakhapatnam,17-05-2022,2,263.69,0,1.35,73.67,1.24,10.9,16.85,0.37
Visakhapatnam,18-05-2022,1,230.31,0,1.54,52.93,1.33,4.75,8.13,0.49
Visakhapatnam,19-05-2022,1,216.96,0,1.67,25.75,1.43,5.14,8.05,0.63
Visakhapatnam,20-05-2022,1,208.62,0,1.18,37.91,1.06,5.71,13.15,0.38
Visakhapatnam,21-05-2022,2,260.35,0,1.67,81.54,1.49,19.83,25.64,1.17
Visakhapatnam,22-05-2022,3,310.42,0,2.78,97.27,5.48,21.67,26.95,1.28
Visakhapatnam,23-05-2022,4,327.11,0,4.24,76.53,2.92,25.05,44.18,2.12
Visakhapatnam,24-05-2022,4,307.08,0,2.1,92.98,2.12,26.06,46.92,1.57
Visakhapatnam,25-05-2022,4,327.11,0,2.21,115.87,2.29,44.03,62.27,1.01
Visakhapatnam,26-05-2022,5,330.45,0,1.91,108.72,2.56,50.23,65.93,0.17
Visakhapatnam,27-05-2022,5,433.92,0,3.26,114.44,8.11,81.12,96.94,0.45
Visakhapatnam,28-05-2022,4,423.91,0,5.91,69.38,4.29,33.81,47.3,3.1
Visakhapatnam,29-05-2022,4,283.72,0,1.48,118.73,1.89,30.2,50.65,1.27
Visakhapatnam,30-05-2022,4,387.19,0,4.03,76.53,3.1,33.75,52.13,2.98
Visakhapatnam,31-05-2022,4,310.42,0,1.65,107.29,1.64,43.08,64.61,0.73
Visakhapatnam,01-06-2022,4,397.21,0,3.51,68.66,2.77,43.56,63.77,2.12
Visakhapatnam,02-06-2022,5,383.85,0,2.03,95.84,1.74,54.61,72.54,0.93
Visakhapatnam,03-06-2022,4,300.41,0,1.59,108.72,1.61,39.74,56.21,0.6
Visakhapatnam,04-06-2022,4,297.07,0,1.39,111.58,2.18,40.32,61.86,0.19
Visakhapatnam,05-06-2022,4,267.03,0,1.14,80.11,1.24,29.08,58.8,0.27
Visakhapatnam,06-06-2022,4,243.66,0,1.08,85.12,1.68,28.63,59.8,0
Visakhapatnam,07-06-2022,5,283.72,0,1.56,137.33,3.49,60.79,82.78,0
Visakhapatnam,08-06-2022,5,380.52,0,1.93,160.22,4.11,73.45,99.98,0.27
Visakhapatnam,09-06-2022,4,300.41,0,1.48,127.32,1.7,36.46,57.07,0.66
Visakhapatnam,10-06-2022,4,407.22,0,5.48,77.25,5.72,33.35,45.6,4.24
Visakhapatnam,11-06-2022,2,400.54,0,6.08,35.76,4.71,15.39,19.39,3.93
Visakhapatnam,12-06-2022,4,277.04,0,2.08,95.84,2.32,26.59,39.4,1.03
Visakhapatnam,13-06-2022,4,267.03,0,1.69,100.14,1.82,29.77,41.27,0.59
Visakhapatnam,14-06-2022,5,323.77,0,1.86,125.89,2.95,57.98,70.12,0.55
Visakhapatnam,15-06-2022,5,363.83,0,1.88,103,2.24,61.12,77.88,0.34
Visakhapatnam,16-06-2022,4,327.11,0,1.35,90.84,1.64,33.21,38.89,0
Visakhapatnam,17-06-2022,4,340.46,0,2.08,110.15,2.06,27.07,31.83,0
Visakhapatnam,18-06-2022,2,260.35,0,1.23,64.37,1.07,11.19,16.27,0.34
Visakhapatnam,19-06-2022,1,236.99,0,0.95,52.21,0.77,4.61,7.63,0.36
Visakhapatnam,20-06-2022,2,277.04,0,2.06,55.07,1.51,11.25,13.82,0
Visakhapatnam,21-06-2022,4,290.39,0,2.29,104.43,2.98,29.07,32.76,0.23
Visakhapatnam,22-06-2022,4,337.12,0,5.31,78.68,6.5,32.81,38.35,0.63
Visakhapatnam,23-06-2022,4,387.19,0,7.11,57.94,8.34,28.35,31.52,1.41
Visakhapatnam,24-06-2022,2,270.37,0,3.13,72.24,3.13,16.75,20.29,0.32
Visakhapatnam,25-06-2022,4,310.42,0,3.38,79.39,4.23,28.6,34.84,0.41
Visakhapatnam,26-06-2022,4,350.48,0,4.16,92.98,9.06,36.75,38.17,0.4
Visakhapatnam,27-06-2022,2,290.39,0,6.94,50.78,8.23,11.83,13.57,1.17
Visakhapatnam,28-06-2022,4,400.54,0,9.42,51.5,9.66,25.67,30.96,3.1
Visakhapatnam,29-06-2022,4,393.87,0,15.25,31.11,13.23,27.75,30.79,0.43
Visakhapatnam,30-06-2022,4,393.87,0,13.02,36.12,12.64,25.42,29.24,0.83
Visakhapatnam,01-07-2022,4,297.07,0,4.71,60.8,3.76,27.46,34.43,0.12
Visakhapatnam,02-07-2022,4,360.49,0,3.08,100.14,4.53,48.24,58.72,0.64
Visakhapatnam,03-07-2022,3,554.08,0.04,9.17,7.87,4.23,24.53,35.25,3.67
Visakhapatnam,04-07-2022,1,330.45,0,4.24,26.11,2.41,8.09,11.6,3.29
Visakhapatnam,05-07-2022,2,350.48,0,5.65,37.19,4.29,18.14,21.4,1.69
Visakhapatnam,06-07-2022,2,330.45,0,7.2,35.41,5.3,12.63,13.92,0.62
Visakhapatnam,07-07-2022,2,360.49,0,5.57,32.54,3.78,17.5,20.31,1.33
Visakhapatnam,08-07-2022,2,347.14,0,5.65,26.82,3.1,11.99,13.05,0.55
Visakhapatnam,09-07-2022,2,350.48,0,8.4,32.9,4.77,12.62,13.88,0.81
Visakhapatnam,10-07-2022,1,287.06,0,5.91,36.48,4.23,6.71,7.35,0.55
Visakhapatnam,11-07-2022,1,277.04,0,5.27,38.62,4.83,6.44,7.44,1.09
Visakhapatnam,12-07-2022,1,297.07,0,6.34,37.91,4.89,7.52,8.2,0.41
Visakhapatnam,13-07-2022,1,287.06,0,6,42.56,5.72,7.63,8.54,0.62
Visakhapatnam,14-07-2022,1,277.04,0,4.71,51.5,4.83,8.6,9.95,1.06
Visakhapatnam,15-07-2022,1,270.37,0,4.07,37.19,3.22,5.84,8.17,2.98
Visakhapatnam,16-07-2022,1,297.07,0,3.38,33.26,2.09,8.52,10.08,1.01
Visakhapatnam,17-07-2022,2,320.43,0,8.31,32.19,6.2,12.39,13.01,0.42
Visakhapatnam,18-07-2022,2,320.43,0,7.63,43.63,7.21,18.16,19.06,0.2
Visakhapatnam,19-07-2022,4,367.16,0,7.2,44.35,5.9,25.77,27.53,0.59
Visakhapatnam,20-07-2022,4,263.69,0,1.82,95.84,2.62,30.2,42.99,0.4
Visakhapatnam,22-07-2022,2,360.49,0.02,4.97,28.61,2.98,15.14,16.9,1.06
Visakhapatnam,23-07-2022,2,400.54,0,6.85,28.97,4.47,17.54,20.19,1.06
Visakhapatnam,24-07-2022,2,363.83,0,6.6,30.76,4.29,14.31,16.46,1.46
Visakhapatnam,25-07-2022,2,360.49,0,10.28,27.54,7.39,18.64,21.32,0.94
Visakhapatnam,26-07-2022,4,320.43,0,3.68,79.39,7.75,35.31,37.56,0
Visakhapatnam,27-07-2022,2,387.19,0,6.25,38.98,4.89,18.75,26.08,4.24
Visakhapatnam,28-07-2022,4,640.87,0.04,11.82,13.23,8.46,30.93,47.51,8.99
Visakhapatnam,29-07-2022,1,277.04,0,2.83,26.11,2.18,6.1,9.75,1.57
Visakhapatnam,30-07-2022,2,337.12,0,3.77,49.35,2.65,17.67,23.66,1.61
Visakhapatnam,31-07-2022,1,243.66,0,4.03,23.6,2.83,4.74,7.03,0.39
Visakhapatnam,01-08-2022,2,277.04,0,1.54,72.24,1.39,15.55,17.68,0.03
Visakhapatnam,02-08-2022,4,353.81,0,2.91,84.4,3.55,30.15,33.32,0
Visakhapatnam,03-08-2022,4,680.92,0,12,37.19,10.97,39.46,54.62,11.15
Visakhapatnam,04-08-2022,3,560.76,0.23,16.62,6.88,12.04,20.64,32.18,8.87
Visakhapatnam,05-08-2022,4,741,13.75,11.65,0,13.83,30.17,45.57,4.81
Visakhapatnam,06-08-2022,4,574.11,0,8.83,52.21,10.13,46.5,48.28,0.44
Visakhapatnam,07-08-2022,2,357.15,0,5.4,23.96,2.12,12.68,14.59,1.12
Visakhapatnam,08-08-2022,1,287.06,0,4.24,27.54,2.29,7.96,8.86,0.63
Visakhapatnam,09-08-2022,2,293.73,0,7.63,35.76,6.26,12.2,12.98,0.42
Visakhapatnam,10-08-2022,2,273.7,0,7.37,38.98,7.39,11.15,13.62,1.36
Visakhapatnam,11-08-2022,4,290.39,0,3.34,88.69,5.42,29.07,39.41,0.69
Visakhapatnam,12-08-2022,2,320.43,0,6.77,48.64,6.62,15.03,22.58,2.28
Visakhapatnam,13-08-2022,2,297.07,0,5.91,31.11,4.89,11.5,14.88,3.8
Visakhapatnam,14-08-2022,1,257.02,0,2.78,23.96,1.53,3.64,5.73,2.94
Visakhapatnam,15-08-2022,2,280.38,0,5.65,43.99,5.9,14.86,16.32,1.06
Visakhapatnam,16-08-2022,2,257.02,0,3.94,58.65,4.89,17.3,26.5,0.61
Visakhapatnam,17-08-2022,5,417.23,0,5.06,87.26,9.78,75.11,82.12,0.12
Visakhapatnam,18-08-2022,5,467.3,0,7.11,73.67,10.73,53.25,59.48,0.76
Visakhapatnam,19-08-2022,2,410.56,0.03,9.42,10.01,5.48,11.45,17.05,3.8
Visakhapatnam,20-08-2022,2,310.42,0,4.2,28.61,2.77,10.37,13.15,2.25
Visakhapatnam,21-08-2022,1,303.75,0,4.46,23.25,2.5,6.61,9.07,2.72
Visakhapatnam,22-08-2022,2,353.81,0,8.83,36.12,7.57,15.23,19.99,2.82
Visakhapatnam,23-08-2022,4,417.23,0,7.97,55.07,7.57,31.23,38.56,4.37
Visakhapatnam,24-08-2022,4,313.76,0,3.21,111.58,5.42,39.92,44.59,0.69
Visakhapatnam,25-08-2022,5,560.76,0,8.48,97.27,9.3,78.69,88.83,1.93
Visakhapatnam,26-08-2022,5,447.27,0,5.27,92.98,4.53,61.31,69.53,2.72
Visakhapatnam,27-08-2022,5,387.19,0,3.17,95.84,7.33,60.18,68.35,0
Visakhapatnam,28-08-2022,4,357.15,0,2.16,103,2.86,36.94,44.98,0.42
Visakhapatnam,29-08-2022,4,700.95,0,10.71,81.54,14.07,45.53,55.6,11.27
Visakhapatnam,30-08-2022,5,821.11,0,13.54,62.94,16.69,50.31,65.11,14.95
Visakhapatnam,31-08-2022,4,647.54,0.01,11.31,20.56,7.03,26.21,37.08,4.69
Visakhapatnam,01-09-2022,4,680.92,7.38,29.13,0.66,25.03,26.29,37.34,3.8
Visakhapatnam,02-09-2022,1,270.37,0.01,4.84,22.17,3.4,5.88,9.2,2.12
Visakhapatnam,03-09-2022,1,208.62,0,2.21,33.62,1.76,1.63,4.29,0.78
Visakhapatnam,04-09-2022,1,250.34,0,1.04,30.76,0.95,3.95,6.66,0.48
Visakhapatnam,05-09-2022,1,230.31,0,1.82,47.21,1.65,5.27,8.05,0.52
Visakhapatnam,06-09-2022,4,413.89,0,4.46,64.37,3.78,42.03,49.73,1.84
Visakhapatnam,07-09-2022,3,400.54,0,4.97,50.78,3.81,23.25,29.54,2.53
Visakhapatnam,08-09-2022,5,1228.33,67.95,56.89,0,101.09,99.42,110.46,0
Visakhapatnam,09-09-2022,2,614.17,19.22,26.39,0.01,61.99,17.48,20.81,0.68
Visakhapatnam,10-09-2022,4,787.73,19.67,37.36,0.02,71.53,26.94,30.89,0.89
Visakhapatnam,11-09-2022,3,574.11,0,8.05,23.96,2.74,20.53,21.35,0.55
Visakhapatnam,12-09-2022,2,297.07,0,9.34,28.97,8.11,10.59,12.27,1.12
Visakhapatnam,13-09-2022,4,233.65,0,1.44,105.86,3.28,30.11,35.84,0
Visakhapatnam,14-09-2022,4,277.04,0,1.34,120.16,2.59,37.82,52.92,0.07
Visakhapatnam,15-09-2022,4,317.1,0,2.59,100.14,4.95,49.86,59.24,0
Visakhapatnam,16-09-2022,4,340.46,0,7.97,53.64,9.54,33.31,40.62,0.86
Visakhapatnam,17-09-2022,4,377.18,0,8.57,47.92,8.23,25.47,33.72,2.41
Visakhapatnam,18-09-2022,1,333.79,0,5.83,17.7,2.8,7.86,11.35,2.37
Visakhapatnam,19-09-2022,3,467.3,0.02,9.51,19.13,6.02,22.15,27.47,2.72
Visakhapatnam,20-09-2022,2,347.14,0,4.11,26.11,2.18,19.16,20.63,0.88
Visakhapatnam,21-09-2022,2,413.89,0,5.91,31.47,3.1,15.59,19,1.76
Visakhapatnam,22-09-2022,3,467.3,0,11.48,31.11,8.34,23.2,27.33,1.88
Visakhapatnam,23-09-2022,4,654.22,1.73,13.54,1.25,8.34,28.17,41.8,6.46
Visakhapatnam,24-09-2022,4,747.68,0.12,11.48,6.97,6.74,39,55.77,6.71
Visakhapatnam,25-09-2022,5,1001.36,0.01,26.73,15.74,12.52,99.67,120.9,7.98
Visakhapatnam,26-09-2022,5,2162.93,5.7,108.3,2.55,95.37,206.74,233.54,14.44
Visakhapatnam,27-09-2022,5,2883.91,134.11,54.15,0,96.32,240.86,269.76,8.61
Visakhapatnam,28-09-2022,5,1068.12,0,25.02,39.7,16.69,214.3,230.2,0
Visakhapatnam,29-09-2022,5,1455.31,58.11,43.87,0,70.57,91.08,108.45,2.06
Visakhapatnam,30-09-2022,4,921.25,21.01,35.99,0.02,61.99,38.47,45.29,1.38
Visakhapatnam,01-10-2022,5,974.66,10.73,49.35,0.25,58.65,55.03,63.4,1.33
Visakhapatnam,02-10-2022,5,1255.04,42.92,28.1,0,39.1,67.34,80.52,4.37
Visakhapatnam,03-10-2022,5,1508.71,0.75,68.55,8.85,76.29,169.98,193.56,5.13
Visakhapatnam,04-10-2022,5,1695.63,47.83,46.61,0,73.43,86.07,97.48,0.66
Visakhapatnam,05-10-2022,1,390.53,0,2.31,52.21,2.09,7.27,8.98,0.68
Visakhapatnam,06-10-2022,2,440.6,0,4.88,92.98,5.19,14.02,17.19,1.71
Visakhapatnam,07-10-2022,1,247,0,2.91,52.93,2.8,5.67,8.09,0.91
Visakhapatnam,08-10-2022,4,787.73,12.07,45.24,0.35,71.53,38.17,43.16,0.02
Visakhapatnam,09-10-2022,2,687.6,0.43,22.96,10.1,36.24,17.45,18.88,0.36
Visakhapatnam,10-10-2022,1,250.34,0,2.51,46.49,2.44,4.54,6.31,0.66
Visakhapatnam,11-10-2022,4,727.65,0.01,15.94,19.31,13.71,31.14,44.67,10.01
Visakhapatnam,12-10-2022,3,580.79,0,13.71,27.54,13.47,22.71,33.41,13.17
Visakhapatnam,13-10-2022,5,2616.88,76.89,36.33,0,100.14,150.05,185.62,57.76
Visakhapatnam,14-10-2022,5,821.11,16.09,40.44,0.06,54.36,71.09,79.6,0.57
Visakhapatnam,15-10-2022,2,600.81,2.1,20.39,3.35,30.99,12.49,14.01,0.32
Visakhapatnam,16-10-2022,1,357.15,0.42,18.85,9.57,19.55,7.86,10.45,0.91
Visakhapatnam,17-10-2022,3,620.84,21.68,22.96,0.01,43.87,22.63,28.97,1.35
Visakhapatnam,18-10-2022,5,1735.69,0,60.32,28.61,42.44,215.59,237.46,3.04
Visakhapatnam,19-10-2022,5,1308.44,0.33,75.4,8.94,58.65,121.24,134.11,2.25
Visakhapatnam,20-10-2022,5,1335.14,0,61.69,38.98,75.34,178.22,187.02,0
Visakhapatnam,21-10-2022,5,1255.04,0,35.64,95.84,51.5,182.52,191.55,1.9
Visakhapatnam,22-10-2022,5,988.01,0,30.5,111.58,50.07,155.27,166.25,2.12
Visakhapatnam,23-10-2022,5,881.2,0.02,48.67,19.67,51.02,100.44,113.05,6.27
Visakhapatnam,24-10-2022,5,720.98,0.54,25.7,5.72,16.45,64.42,77.51,6.46
Visakhapatnam,25-10-2022,5,660.9,0,11.65,56.51,8.11,88.08,104.22,4.75
Visakhapatnam,26-10-2022,5,767.71,0,22.28,61.51,13.95,112.04,125.89,2.88
Visakhapatnam,27-10-2022,5,1575.47,2.15,75.4,7.33,38.62,162.08,190,5.38
Visakhapatnam,28-10-2022,5,2349.85,27.94,89.11,0,73.43,216.72,251.89,12.41
Visakhapatnam,29-10-2022,5,1335.14,0.06,76.09,20.56,50.54,138.63,162.65,4.62
Visakhapatnam,30-10-2022,5,867.84,0,33.24,76.53,31.47,140.54,155.27,1.39
Visakhapatnam,31-10-2022,5,1054.76,0,41.81,72.96,38.15,183.18,200.82,2.82
Visakhapatnam,01-11-2022,5,867.84,0,26.05,123.02,50.54,162.33,176.38,0.28
Visakhapatnam,02-11-2022,5,1335.14,0.02,75.4,22.89,53.41,156.86,178.34,3.17
Visakhapatnam,03-11-2022,5,1441.96,0,66.49,35.41,48.16,189.46,213.83,4.18
Visakhapatnam,04-11-2022,5,1272,0.07,56.25,20.62,60.12,173.5,186.5,4.18
Visakhapatnam,05-11-2022,5,1592,0,68.75,42.25,49.12,238.5,258,6.02
Visakhapatnam,06-11-2022,5,1214.98,0,46.61,52.93,27.66,169.17,194.51,6.02
Visakhapatnam,07-11-2022,5,1468.66,0,61.01,40.77,41.48,191.48,221.63,8.74
Visakhapatnam,08-11-2022,5,2002.72,2.46,102.82,4.69,59.13,234.08,270.36,5.45
Visakhapatnam,09-11-2022,5,1174.93,0,59.63,36.48,40.53,142.25,162.81,2.79
Visakhapatnam,10-11-2022,5,1121.52,0,63.75,30.76,53.41,128.76,146.08,1.9
Visakhapatnam,11-11-2022,5,801.09,0,33.93,91.55,44.82,113.89,125.71,2.25
Visakhapatnam,12-11-2022,5,774.38,0,26.39,115.87,45.78,98.35,109.08,1.41
Visakhapatnam,13-11-2022,5,907.9,0,26.73,108.72,33.38,183.54,198.9,0.85
Visakhapatnam,14-11-2022,5,1001.36,0,31.87,88.69,33.86,178.19,194.98,2.75
Visakhapatnam,15-11-2022,5,2056.12,1.36,105.56,9.57,69.62,189.29,226.26,15.71
Visakhapatnam,16-11-2022,5,2456.67,1.51,137.09,12.7,120.16,229.35,270.38,23.81
Visakhapatnam,17-11-2022,5,2056.12,0.52,119.27,11.98,72.48,182.87,220.59,8.49
Visakhapatnam,18-11-2022,5,1201.63,0,57.58,65.8,52.45,152.45,177.01,5.26
Visakhapatnam,19-11-2022,5,707.63,0,23.99,134.47,49.11,114.45,129.42,4.24
Visakhapatnam,20-11-2022,5,867.84,0,32.56,80.82,51.98,128.99,140.68,5.38
Visakhapatnam,21-11-2022,5,554.08,0,16.45,117.3,39.58,83.6,89.19,2.22
Visakhapatnam,22-11-2022,5,801.09,0,21.42,137.33,51.5,143.51,151.65,0.21
Visakhapatnam,23-11-2022,5,527.38,0,12.85,77.96,14.78,64.61,70.58,1.36
Visakhapatnam,24-11-2022,5,854.49,0.05,35.99,31.11,25.03,89.7,106.53,3.93
Visakhapatnam,25-11-2022,5,1922.61,0.53,105.56,13.05,77.25,233.86,253.45,2.82
Visakhapatnam,26-11-2022,5,2937.32,32.63,105.56,0,83.92,346.45,392.81,13.55
Visakhapatnam,27-11-2022,5,2216.34,3.19,102.82,5.19,87.74,285.6,318.76,12.16
Visakhapatnam,28-11-2022,5,1815.8,0.01,69.23,43.63,63.9,222.46,252.63,18.24
Visakhapatnam,29-11-2022,5,2937.32,37.1,139.83,0,129.7,275.98,317.28,20.27
Visakhapatnam,30-11-2022,5,1976.01,0.05,102.82,19.67,61.99,270.37,302.7,5.64
Visakhapatnam,01-12-2022,5,1214.98,0,39.41,82.25,45.3,213.79,231.23,2.09
Visakhapatnam,02-12-2022,5,1161.58,0,44.55,62.94,59.13,191.34,200.41,0.25
Visakhapatnam,03-12-2022,5,1214.98,0,38.39,90.84,43.39,230.85,253.91,2.18
Visakhapatnam,04-12-2022,5,1041.41,0,28.1,101.57,37.19,212.21,231.1,1.95
Visakhapatnam,05-12-2022,5,1094.82,0,36.33,82.97,41.48,227.67,247.86,0.74
Visakhapatnam,06-12-2022,5,1255.04,0,46.61,79.39,52.45,268.79,289.4,0.07
Visakhapatnam,07-12-2022,5,1308.44,0,47.3,92.98,77.25,236.4,252.09,1.17
Visakhapatnam,08-12-2022,5,988.01,0,30.85,121.59,62.94,207.87,220.59,0.56
Visakhapatnam,09-12-2022,5,714.3,0,15.08,170.23,45.78,176.49,181.75,0.31
Visakhapatnam,11-12-2022,1,363.83,0.03,8.48,25.03,10.85,5.4,7.19,0.63
Visakhapatnam,12-12-2022,5,814.44,0,25.36,34.69,30.52,65.52,69.28,0.95
Visakhapatnam,13-12-2022,5,2136.23,8.49,93.22,0.37,57.22,268.7,285.78,2.69
Visakhapatnam,14-12-2022,5,1789.09,0.64,66.49,16.45,40.05,221.93,251.53,10.77
Visakhapatnam,15-12-2022,5,2590.18,33.97,69.92,0,52.93,315.28,355.81,18.75
Visakhapatnam,16-12-2022,5,1708.98,0.44,69.23,25.03,41.01,248.92,278.38,15.45
Visakhapatnam,17-12-2022,5,1054.76,0,24.68,94.41,23.84,199.92,221.99,1.11
Visakhapatnam,18-12-2022,5,774.38,0,25.02,108.72,43.87,136.65,151.67,0.05
Visakhapatnam,19-12-2022,5,1134.87,0,45.24,68.66,37.19,160.16,179.86,4.24
Visakhapatnam,20-12-2022,5,1375.2,0,55.52,54.36,41.96,210.42,234.76,3.61
Visakhapatnam,21-12-2022,5,1228.33,0,54.84,55.07,55.79,196.65,216.08,1.66
Visakhapatnam,22-12-2022,5,1174.93,0,44.55,69.38,47.21,215.79,237.97,0.32
Visakhapatnam,23-12-2022,5,1201.63,0,37.01,97.27,42.44,268.65,287.09,0
Visakhapatnam,24-12-2022,5,921.25,0,27.08,121.59,43.87,171.37,181.6,1.06
Visakhapatnam,25-12-2022,5,841.14,0,28.79,75.82,36.24,159.98,175.85,0.78
Visakhapatnam,26-12-2022,5,1081.47,1.93,53.47,4.2,62.94,98.26,116.27,3.01
Visakhapatnam,27-12-2022,5,2803.8,92.98,56.21,0,67.71,215.48,256.07,22.8
Visakhapatnam,28-12-2022,3,417.23,0,3.13,46.49,2.24,26.48,30.85,1.63
Visakhapatnam,29-12-2022,2,383.85,0,2.21,48.64,1.83,19.67,23.88,1.14
Visakhapatnam,30-12-2022,5,988.01,0.02,50.72,22.71,57.7,87.96,100.89,0.09
Visakhapatnam,31-12-2022,5,1735.69,5.42,68.55,4.56,37.19,218.23,246.22,7.92
Visakhapatnam,01-01-2023,5,534.06,0,5.74,87.98,5.25,105.43,115.88,2.34
Visakhapatnam,02-01-2023,5,1068.12,0,39.41,39.7,28.37,115.98,133.29,6.97
Visakhapatnam,03-01-2023,5,1401.9,2.63,68.55,4.29,37.19,127.84,157.63,8.61
Visakhapatnam,04-01-2023,5,680.92,0,20.22,82.97,23.6,81.31,92.68,1.88
Visakhapatnam,05-01-2023,5,867.84,0,20.22,127.32,35.76,131.25,141.05,0
Visakhapatnam,06-01-2023,5,1001.36,0,32.9,123.02,67.71,221.38,242.09,0
Visakhapatnam,07-01-2023,5,974.66,0,40.1,70.1,46.25,142.53,161.62,1.65
Visakhapatnam,08-01-2023,5,1094.82,0,55.52,41.13,43.87,103.67,121.44,4.31
Visakhapatnam,09-01-2023,5,1655.58,1.48,102.82,6.35,62.94,109.77,135.9,14.44
Visakhapatnam,10-01-2023,5,1695.63,2.51,82.94,5.14,43.87,149.91,176.39,6.59
Visakhapatnam,11-01-2023,5,2750.4,32.19,97.33,0,78.2,262.65,304.4,13.55
Visakhapatnam,12-01-2023,5,1522.06,0,48.67,47.92,36.24,211.03,243.23,16.47
Visakhapatnam,13-01-2023,5,834.47,0,12.17,55.79,10.37,139.16,164.35,8.87
Visakhapatnam,14-01-2023,5,620.84,0,9.42,42.92,6.14,78.52,95.5,3.86
Visakhapatnam,15-01-2023,3,367.16,0,4.07,62.23,2.95,41.16,50.63,2.53
Visakhapatnam,16-01-2023,3,337.12,0,3.43,65.8,2.68,38.68,46.37,1.82
Visakhapatnam,17-01-2023,4,440.6,0,5.74,60.8,4.17,59.01,70.59,2.72
Visakhapatnam,18-01-2023,4,417.23,0,4.67,72.24,3.64,67.65,78.02,1.71
Visakhapatnam,19-01-2023,5,447.27,0,5.36,76.53,4.29,75.37,86.81,2.37
Visakhapatnam,20-01-2023,5,2323.15,59.01,60.32,0,90.6,199.85,230.84,15.58
Visakhapatnam,21-01-2023,5,1308.44,0.02,56.21,31.11,38.15,110.53,129.12,8.23
Visakhapatnam,22-01-2023,5,1628.88,0,66.49,47.21,78.2,223.73,249.47,10.26
Visakhapatnam,23-01-2023,5,1134.87,0,32.22,90.84,28.13,243.27,262.67,0
Visakhapatnam,24-01-2023,5,1922.61,1.63,89.11,11.98,45.78,221.68,254.53,7.09
Visakhapatnam,25-01-2023,5,1348.5,0.04,62.38,31.11,30.99,152.65,173.17,4.69
Visakhapatnam,26-01-2023,5,2243.04,1.66,102.82,11.35,65.8,290.1,323.14,8.74
Visakhapatnam,27-01-2023,5,2777.1,34.87,102.82,0,120.16,319.8,354.79,16.09
Visakhapatnam,28-01-2023,5,2323.15,24.59,82.25,0,118.26,216.73,253.44,37.49
Visakhapatnam,29-01-2023,5,1174.93,0,29.82,94.41,26.94,286.19,308.6,0
Visakhapatnam,30-01-2023,5,654.22,0,16.45,123.02,31.95,120.19,136.52,0.08
Visakhapatnam,31-01-2023,5,894.55,0,33.24,84.4,37.67,123.02,142.42,1.99
Visakhapatnam,01-02-2023,4,1041.41,0.01,59.63,26.46,48.64,73.43,90.5,3.55
Visakhapatnam,02-02-2023,5,1468.66,0,78.14,37.19,77.25,218.06,240.41,0.27
Visakhapatnam,03-02-2023,5,1388.55,0,67.86,36.48,67.71,164.5,190.32,2.72
Visakhapatnam,04-02-2023,5,2910.61,4.64,150.8,5.72,175.48,300.2,340.82,22.8
Visakhapatnam,05-02-2023,5,1789.09,0,64.43,47.92,104.9,213.77,242.66,12.67
Visakhapatnam,06-02-2023,5,1508.71,0,52.78,50.07,55.79,238.37,270.69,11.4
Visakhapatnam,07-02-2023,5,594.14,0,8.57,97.27,8.7,110.63,129.76,5.51
Visakhapatnam,08-02-2023,4,397.21,0,4.37,67.95,3.07,65.17,83.15,2.12
Visakhapatnam,09-02-2023,5,554.08,0,7.63,55.79,5.78,84.31,102.75,5.19
Visakhapatnam,10-02-2023,5,741,0,12.85,34.33,9.3,100.51,125.38,9.88
Visakhapatnam,11-02-2023,5,774.38,0,15.59,28.61,11.56,86.18,111.82,13.17
Visakhapatnam,12-02-2023,4,313.76,0,2.08,63.66,1.53,56.47,71.36,0.18
Visakhapatnam,13-02-2023,5,801.09,0.01,13.88,23.25,10.61,83.09,112.01,10.89
Visakhapatnam,14-02-2023,5,1762.39,0,53.47,40.05,38.62,183.95,241.43,14.31
Visakhapatnam,15-02-2023,5,1281.74,0,27.08,59.37,25.75,181.03,233.52,24.07
Visakhapatnam,16-02-2023,5,567.44,0,8.48,62.94,7.51,90.36,118.57,5.26
Visakhapatnam,17-02-2023,4,397.21,0,5.23,74.39,4.29,73.38,94.51,3.1
Visakhapatnam,18-02-2023,4,410.56,0,5.57,90.84,4.89,65.01,84.43,3.32
Visakhapatnam,19-02-2023,4,390.53,0,5.74,68.66,3.93,52.78,68.08,3.96
Visakhapatnam,20-02-2023,3,363.83,0,5.1,50.07,3.81,38.19,52.95,3.64
Visakhapatnam,21-02-2023,3,333.79,0,3.47,64.37,2.98,43.96,60.99,1.77
Visakhapatnam,22-02-2023,3,347.14,0,3.04,72.24,2.53,48.59,63.35,1.28
Visakhapatnam,23-02-2023,4,323.77,0,1.93,81.54,2.26,51.07,63.56,0.04
Visakhapatnam,25-02-2023,3,480.65,0,8.05,30.4,6.2,28.08,42.27,4.5
Visakhapatnam,26-02-2023,3,567.44,0,11.82,22.53,6.68,32.84,48.68,6.9
Visakhapatnam,27-02-2023,4,961.3,0.02,26.05,22.35,19.79,69.33,92.87,21.03
Visakhapatnam,28-02-2023,5,1001.36,0,21.93,29.33,14.54,89.14,117.08,15.58
Visakhapatnam,01-03-2023,5,1161.58,0.02,28.79,17.17,19.79,94.42,122.65,22.8
Visakhapatnam,02-03-2023,5,1321.79,5.03,36.67,0.87,25.75,99.81,125.89,18.24
Visakhapatnam,03-03-2023,5,1081.47,0,21.76,21.1,16.21,104.11,129.94,14.82
Visakhapatnam,04-03-2023,5,1642.23,2.26,63.06,3.53,58.17,150.84,183.39,33.44
Visakhapatnam,05-03-2023,5,814.44,0,13.02,47.21,14.78,114.66,136.58,16.21
Visakhapatnam,06-03-2023,5,607.49,0,8.05,52.21,6.91,90.56,110.55,8.11
Visakhapatnam,07-03-2023,5,754.36,0,11.31,45.78,7.87,106.59,136.47,10.01
Visakhapatnam,08-03-2023,5,520.71,0,7.11,58.65,4.83,91.89,114.73,3.89
Visakhapatnam,09-03-2023,5,1214.98,0.05,38.73,23.25,25.99,147.9,182.92,20.27
Visakhapatnam,10-03-2023,5,2429.96,48.73,62.38,0,77.25,223.78,253.93,5.57
Visakhapatnam,11-03-2023,5,1068.12,0,49.35,45.78,47.21,145.65,163.54,2.09
Visakhapatnam,12-03-2023,5,1695.63,0.26,70.6,14.13,38.62,202.65,229.75,6.4
Visakhapatnam,13-03-2023,5,1508.71,0,44.55,33.62,38.15,209.58,235.18,22.29
Visakhapatnam,14-03-2023,5,1134.87,0,17.99,64.37,15.5,190.36,217.36,15.33
Visakhapatnam,15-03-2023,5,634.19,0,5.4,85.83,4.65,129.8,145.7,1.35
Visakhapatnam,16-03-2023,5,507.35,0,2.27,68.66,1.85,84.83,98.13,0.74
Visakhapatnam,17-03-2023,3,480.65,0,4.03,38.27,2.89,25.46,33.79,2.47
Visakhapatnam,18-03-2023,3,674.25,0,9.42,32.54,9.78,29.4,40.04,10.51
Visakhapatnam,19-03-2023,2,594.14,0,5.18,22.89,3.76,21.51,27.86,3.74
Visakhapatnam,20-03-2023,1,480.65,0,1.63,38.62,1.34,3.89,5.35,0.78
Visakhapatnam,21-03-2023,1,390.53,0,2.18,31.47,1.79,4.51,7.32,1.27
Visakhapatnam,22-03-2023,3,988.01,0.29,20.39,11.8,19.07,36.45,52.24,18.24
Visakhapatnam,23-03-2023,2,620.84,0.01,8.14,17.52,5.42,23.5,36.81,4.62
Visakhapatnam,24-03-2023,1,360.49,0,4.46,24.68,3.25,7.88,13.25,1.66
Visakhapatnam,25-03-2023,1,283.72,0,1.17,25.03,1.13,3.57,7.69,0.48
Visakhapatnam,26-03-2023,1,300.41,0.01,2.18,11.27,1.65,6.97,12.77,1.19
Visakhapatnam,27-03-2023,1,293.73,0,2.21,20.74,2,4.62,10.05,0.92
Visakhapatnam,28-03-2023,4,754.36,0,13.19,43.99,13.23,63.73,80.43,10.51
Visakhapatnam,29-03-2023,1,303.75,0,1.69,34.69,1.55,5.51,10.8,0.74
Visakhapatnam,30-03-2023,1,330.45,0,1.25,37.55,1.15,6.94,13.24,0.46
Visakhapatnam,31-03-2023,1,293.73,0,0.95,40.05,0.92,5.11,10.86,0.4
Visakhapatnam,01-04-2023,1,253.68,0,1.24,33.26,1.15,4.13,12.18,0.48
Visakhapatnam,02-04-2023,2,377.18,0,7.54,18.95,4.05,17.82,23.66,2.06
Visakhapatnam,03-04-2023,1,327.11,0.03,1.8,14.48,1.46,4.57,9.64,0.59
Visakhapatnam,04-04-2023,1,293.73,0.01,1.74,18.95,1.43,5.24,17.1,0.52
Visakhapatnam,05-04-2023,2,327.11,0,5.74,41.48,5.07,11.17,19.52,0.46
Visakhapatnam,06-04-2023,1,323.77,0,3.38,34.69,2.8,7.62,16.56,0.86
Visakhapatnam,07-04-2023,1,330.45,0,3.04,29.68,2.35,9.52,17.37,1.66
Visakhapatnam,08-04-2023,2,534.06,0.02,9.85,16.27,7.15,22.12,36.3,8.23
Visakhapatnam,09-04-2023,2,360.49,0,3.47,24.32,2.24,15.63,28.21,2.12
Visakhapatnam,10-04-2023,3,460.62,0.01,6.6,19.67,3.93,33.32,53.02,4.18
Visakhapatnam,11-04-2023,3,333.79,0,2.7,45.42,2,39.12,57.49,1.25
Visakhapatnam,12-04-2023,3,317.1,0,2.29,65.09,2.24,45.35,65.84,1.98
Visakhapatnam,13-04-2023,3,290.39,0,1.8,53.64,1.74,42.38,58.68,1.28
Visakhapatnam,14-04-2023,4,307.08,0,2.03,61.51,1.76,54.95,73.82,0.97
Visakhapatnam,15-04-2023,3,310.42,0,2.06,36.48,1.64,35.93,53.47,1.5
Visakhapatnam,16-04-2023,3,300.41,0,1.37,81.54,1.48,39.46,56.78,0.93
Visakhapatnam,17-04-2023,4,390.53,0,2.03,107.29,1.97,50.91,76.08,0.43
Visakhapatnam,18-04-2023,2,347.14,0,2.03,45.06,1.79,24.98,41.4,1.42
Visakhapatnam,19-04-2023,2,350.48,0,2.31,44.35,1.94,22.04,36.88,1.46
Visakhapatnam,20-04-2023,2,347.14,0,2.78,36.12,2.26,12.69,27.45,1.36
Visakhapatnam,21-04-2023,2,363.83,0,1.84,57.94,1.67,21.43,36.7,0.89
Visakhapatnam,22-04-2023,2,360.49,0,2.06,54.36,1.76,13.44,27.24,1.08
Visakhapatnam,23-04-2023,2,383.85,0,2.38,52.93,2,10.98,18.55,1.6
Visakhapatnam,24-04-2023,2,514.03,0,7.54,35.41,7.15,19,28.26,7.98
Visakhapatnam,25-04-2023,3,741,0.05,17.14,12.16,14.9,28.72,44.94,15.2
Visakhapatnam,26-04-2023,4,1054.76,6.93,30.16,0.18,28.85,66.27,87.63,5.83
Visakhapatnam,27-04-2023,3,447.27,0,5.65,38.98,4.05,28.52,39.36,3.48
Visakhapatnam,28-04-2023,3,400.54,0,2.57,47.92,2.06,25.15,32.97,1.3
Visakhapatnam,29-04-2023,3,467.3,0,4.33,28.61,2.8,29.24,37.58,2.41
Visakhapatnam,30-04-2023,3,460.62,0,3.56,24.32,2.38,32.68,39.25,2.22
Visakhapatnam,01-05-2023,2,423.91,0.02,3.6,18.95,2.77,17.52,23.12,2.28
Visakhapatnam,02-05-2023,5,1789.09,50.96,48.67,0,52.45,117,138.5,5.89
Visakhapatnam,03-05-2023,5,1762.39,51.86,35.64,0,83.92,84.18,101.08,16.09
Visakhapatnam,04-05-2023,3,734.33,1.79,20.39,1.33,18.6,25.59,35.23,8.49
Visakhapatnam,05-05-2023,4,1441.96,27.94,15.42,0,29.8,65.29,95.67,22.8
Visakhapatnam,06-05-2023,2,353.81,0.01,6.68,15.38,4.11,10.04,15.9,2.25
Visakhapatnam,07-05-2023,3,410.56,0,4.33,51.5,3.31,28.06,33.36,2.25
Visakhapatnam,08-05-2023,5,620.84,0,7.8,73.67,8.23,96.47,105.59,2.66
Visakhapatnam,09-05-2023,2,417.23,0,2.44,42.56,2.03,20.47,25.12,1.12
Visakhapatnam,10-05-2023,3,547.41,0.02,7.28,16.45,5.25,25.55,36.52,5.13
Visakhapatnam,11-05-2023,2,600.81,0.87,9.77,2.19,8.34,22.14,33.2,7.66
Visakhapatnam,12-05-2023,5,1482.01,40.68,35.99,0,43.39,78.81,99.51,3.58
Visakhapatnam,13-05-2023,4,1268.39,50.07,52.78,0,103.95,67.77,83.02,0
Visakhapatnam,14-05-2023,4,540.73,0,4.16,87.26,3.01,71.21,87.09,0
Visakhapatnam,15-05-2023,4,480.65,0,4.24,91.55,3.04,74.58,108.4,1.61
Visakhapatnam,16-05-2023,5,614.17,0,9.51,67.95,6.02,83.7,126.52,4.75
Visakhapatnam,17-05-2023,3,297.07,0,2.78,72.96,2.26,38.16,77.24,0.53
Visakhapatnam,18-05-2023,2,263.69,0,1.12,46.49,1.13,11,32.91,0.36
Visakhapatnam,19-05-2023,2,310.42,0,1.54,80.82,2.83,24.84,48.1,0
Visakhapatnam,20-05-2023,3,340.46,0,2.63,91.55,4.05,27.2,37.39,0.39
Visakhapatnam,21-05-2023,3,353.81,0,2.08,100.14,4.11,37.53,47.09,0.08
Visakhapatnam,22-05-2023,3,380.52,0,3.77,82.97,5.07,32.17,43.44,1.74
Visakhapatnam,23-05-2023,3,390.53,0,4.28,80.11,5.19,36.01,48.06,1.2
Visakhapatnam,24-05-2023,3,300.41,0,1.36,95.84,2.21,30.17,48.89,0
Visakhapatnam,25-05-2023,4,427.25,0,6,88.69,10.73,52.36,61.41,0.2
